model_group_id,ice_model_name,ice_brand,ice_identity_status,ice_body,ice_segment,ice_lifetime_units,ice_units_last12m,ice_units_last24m,ice_first_month,ice_last_month,ice_months_with_rows,ice_absent_in_coverage_months,lineage_roles,lineage_events,lineage_ops,lineage_quarantined,lineage_redirect_recorded,v1_group_outcome,v1_group_primary_code,v1_group_proposed_status,v1_group_link_type,v1_group_targets,v1_group_codes,v1_group_review_queue,v1_pool_size,v1_proposable_candidates,plausible_candidates,v1_bundle_pool_size,legacy_candidates_evaluated,legacy_candidates_proposed,legacy_chosen,legacy_stored_rows
ABARTH|500E,500e,ABARTH,unmapped_name,,ไม่ระบุ,1,0,1,2025-02,2025-02,1,68,,,,false,false,NO_CANDIDATE,BRND_NOT_IN_TDR,NONE,,,BRND_NOT_IN_TDR:primary;SUBJ_UNMAPPED_NAME:info,none,0,0,0,,0,0,,0
ABARTH|595 COMPETIZIONE,595 COMPETIZIONE,ABARTH,unmapped_name,,ไม่ระบุ,2,0,0,2024-04,2024-08,2,67,,,,false,false,NO_CANDIDATE,BRND_NOT_IN_TDR,NONE,,,BRND_NOT_IN_TDR:primary;SUBJ_UNMAPPED_NAME:info,none,0,0,0,,0,0,,0
AIWAYS|U5 LITE SAMPLE,U5 LITE SAMPLE,AIWAYS,unmapped_name,,ไม่ระบุ,1,0,0,2022-09,2022-09,1,68,,,,false,false,NO_CANDIDATE,BRND_NOT_IN_TDR,NONE,,,BRND_NOT_IN_TDR:primary;SUBJ_UNMAPPED_NAME:info,none,0,0,0,,0,0,,0
AIWAYS|U5 PRIME WITH,U5 PRIME WITH,AIWAYS,unmapped_name,,ไม่ระบุ,1,0,0,2022-09,2022-09,1,68,,,,false,false,NO_CANDIDATE,BRND_NOT_IN_TDR,NONE,,,BRND_NOT_IN_TDR:primary;SUBJ_UNMAPPED_NAME:info,none,0,0,0,,0,0,,0
AIWAYS|U6,U6,AIWAYS,unmapped_name,,ไม่ระบุ,1,0,0,2024-04,2024-04,1,68,,,,false,false,NO_CANDIDATE,BRND_NOT_IN_TDR,NONE,,,BRND_NOT_IN_TDR:primary;SUBJ_UNMAPPED_NAME:info,none,0,0,0,,0,0,,0
ALFA ROMEO|4C COUPE,4C COUPE,ALFA ROMEO,unmapped_name,,ไม่ระบุ,1,0,0,2022-03,2022-03,1,68,,,,false,false,NO_CANDIDATE,BRND_NOT_IN_TDR,NONE,,,BRND_NOT_IN_TDR:primary;SUBJ_UNMAPPED_NAME:info,none,0,0,0,,0,0,,0
ALFA ROMEO|4C SPIDER,4C SPIDER,ALFA ROMEO,unmapped_name,,ไม่ระบุ,1,0,0,2022-03,2022-03,1,68,,,,false,false,NO_CANDIDATE,BRND_NOT_IN_TDR,NONE,,,BRND_NOT_IN_TDR:primary;SUBJ_UNMAPPED_NAME:info,none,0,0,0,,0,0,,0
ALFA ROMEO|GIULIA QUADRIFOGLIO,GIULIA QUADRIFOGLIO,ALFA ROMEO,unmapped_name,,ไม่ระบุ,1,0,0,2021-02,2021-02,1,68,,,,false,false,NO_CANDIDATE,BRND_NOT_IN_TDR,NONE,,,BRND_NOT_IN_TDR:primary;SUBJ_UNMAPPED_NAME:info,none,0,0,0,,0,0,,0
ALFA ROMEO|GIULIA VELOCE,GIULIA VELOCE,ALFA ROMEO,unmapped_name,,ไม่ระบุ,1,0,1,2025-05,2025-05,1,68,,,,false,false,NO_CANDIDATE,BRND_NOT_IN_TDR,NONE,,,BRND_NOT_IN_TDR:primary;SUBJ_UNMAPPED_NAME:info,none,0,0,0,,0,0,,0
ALFA ROMEO|GIULIETTA 1 4,GIULIETTA 1.4,ALFA ROMEO,unmapped_name,,ไม่ระบุ,1,0,0,2021-04,2021-04,1,68,,,,false,false,NO_CANDIDATE,BRND_NOT_IN_TDR,NONE,,,BRND_NOT_IN_TDR:primary;SUBJ_UNMAPPED_NAME:info,none,0,0,0,,0,0,,0
ALFA ROMEO|ไม่ระบุ,ไม่ระบุ,ALFA ROMEO,unmapped_name,,ไม่ระบุ,1,0,0,2022-05,2022-05,1,68,,,,false,false,NO_CANDIDATE,BRND_NOT_IN_TDR,NONE,,,SUBJ_UNSPECIFIED_NAME:info;SUBJ_DUPLICATE_DISPLAY_NAME:info;BRND_NOT_IN_TDR:primary;SUBJ_UNMAPPED_NAME:info,none,0,0,0,,0,0,,0
ALPINE|A110 S,A110 S,ALPINE,unmapped_name,,ไม่ระบุ,3,1,2,2024-04,2025-09,3,66,,,,false,false,NO_CANDIDATE,BRND_NOT_IN_TDR,NONE,,,BRND_NOT_IN_TDR:primary;SUBJ_UNMAPPED_NAME:info,none,0,0,0,,0,0,,0
ARMSTRONG|SIDDELEY,SIDDELEY,ARMSTRONG,unmapped_name,,ไม่ระบุ,2,0,0,2021-12,2021-12,1,68,,,,false,false,NO_CANDIDATE,BRND_NOT_IN_TDR,NONE,,,BRND_NOT_IN_TDR:primary;SUBJ_UNMAPPED_NAME:info,none,0,0,0,,0,0,,0
ASTON MARTIN|DB9 COUPE,DB9 COUPE,ASTON MARTIN,unmapped_name,,ไม่ระบุ,1,0,0,2021-04,2021-04,1,68,,,,false,false,NO_CANDIDATE,BRND_NOT_IN_TDR,NONE,,,BRND_NOT_IN_TDR:primary;SUBJ_UNMAPPED_NAME:info,none,0,0,0,,0,0,,0
ASTON MARTIN|DBS 770 ULTIMATE VOLANTE,DBS 770 ULTIMATE  VOLANTE,ASTON MARTIN,unmapped_name,,ไม่ระบุ,1,0,0,2024-03,2024-03,1,68,,,,false,false,NO_CANDIDATE,BRND_NOT_IN_TDR,NONE,,,BRND_NOT_IN_TDR:primary;SUBJ_UNMAPPED_NAME:info,none,0,0,0,,0,0,,0
ASTON MARTIN|DBS SUPERLEGGERA,DBS SUPERLEGGERA,ASTON MARTIN,unmapped_name,,ไม่ระบุ,2,0,0,2022-02,2022-06,2,67,,,,false,false,NO_CANDIDATE,BRND_NOT_IN_TDR,NONE,,,BRND_NOT_IN_TDR:primary;SUBJ_UNMAPPED_NAME:info,none,0,0,0,,0,0,,0
ASTON MARTIN|DBS SUPERLEGGERA COUPE,DBS SUPERLEGGERA COUPE,ASTON MARTIN,unmapped_name,,ไม่ระบุ,1,0,1,2025-08,2025-08,1,68,,,,false,false,NO_CANDIDATE,BRND_NOT_IN_TDR,NONE,,,BRND_NOT_IN_TDR:primary;SUBJ_UNMAPPED_NAME:info,none,0,0,0,,0,0,,0
ASTON MARTIN|DBS SUPERLEGGERA VOLANTE,DBS SUPERLEGGERA VOLANTE,ASTON MARTIN,unmapped_name,,ไม่ระบุ,1,0,0,2023-06,2023-06,1,68,,,,false,false,NO_CANDIDATE,BRND_NOT_IN_TDR,NONE,,,BRND_NOT_IN_TDR:primary;SUBJ_UNMAPPED_NAME:info,none,0,0,0,,0,0,,0
ASTON MARTIN|RAPIDE S,RAPIDE S,ASTON MARTIN,unmapped_name,,ไม่ระบุ,1,1,1,2025-12,2025-12,1,68,,,,false,false,NO_CANDIDATE,BRND_NOT_IN_TDR,NONE,,,BRND_NOT_IN_TDR:primary;SUBJ_UNMAPPED_NAME:info,none,0,0,0,,0,0,,0
AUDI|R8 SPYDER V10,R8 SPYDER V10,AUDI,unmapped_name,,ไม่ระบุ,1,0,1,2025-04,2025-04,1,68,,,,false,false,NO_CANDIDATE,NO_CANDIDATE_ALL_EXCLUDED,NONE,,,NAME_CONTRADICTION:info;NO_CANDIDATE_ALL_EXCLUDED:primary;SUBJ_UNMAPPED_NAME:info,none,17,0,0,0,17,1,audi.q8_etron,1
BAOJUN|E300,E300,BAOJUN,unmapped_name,,ไม่ระบุ,1,0,0,2021-05,2021-05,1,68,,,,false,false,NO_CANDIDATE,BRND_NOT_IN_TDR,NONE,,,BRND_NOT_IN_TDR:primary;SUBJ_UNMAPPED_NAME:info,none,0,0,0,,0,0,,0
BECK|SPYDER,SPYDER,BECK,unmapped_name,,ไม่ระบุ,1,0,0,2024-03,2024-03,1,68,,,,false,false,NO_CANDIDATE,BRND_NOT_IN_TDR,NONE,,,BRND_NOT_IN_TDR:primary;SUBJ_UNMAPPED_NAME:info,none,0,0,0,,0,0,,0
BENTLEY|GT SPEED CONVERTIBLE,GT SPEED CONVERTIBLE,BENTLEY,unmapped_name,,ไม่ระบุ,1,1,1,2025-10,2025-10,1,68,,,,false,false,NO_CANDIDATE,NO_CANDIDATE_ALL_EXCLUDED,NONE,,,NAME_CONTRADICTION:info;NO_CANDIDATE_ALL_EXCLUDED:primary;SUBJ_UNMAPPED_NAME:info,none,2,0,0,0,2,0,,0
BENTLEY|MULSANNE EXTENDED WHEELBASE,MULSANNE EXTENDED WHEELBASE,BENTLEY,unmapped_name,,ไม่ระบุ,1,0,0,2021-05,2021-05,1,68,,,,false,false,NO_CANDIDATE,NO_CANDIDATE_ALL_EXCLUDED,NONE,,,NAME_CONTRADICTION:info;GEN_LIFECYCLE_DISJOINT:info;NO_CANDIDATE_ALL_EXCLUDED:primary;SUBJ_UNMAPPED_NAME:info,none,2,0,0,0,2,0,,0
BENTLEY|MULSANNE SPEED,MULSANNE SPEED,BENTLEY,unmapped_name,,ไม่ระบุ,1,0,0,2023-01,2023-01,1,68,,,,false,false,NO_CANDIDATE,NO_CANDIDATE_ALL_EXCLUDED,NONE,,,NAME_CONTRADICTION:info;NO_CANDIDATE_ALL_EXCLUDED:primary;SUBJ_UNMAPPED_NAME:info,none,2,0,0,0,2,1,bentley.flying_spur,1
BENTLEY|ROYAL GRAND LIMOUSINE,ROYAL GRAND LIMOUSINE,BENTLEY,unmapped_name,,ไม่ระบุ,1,0,0,2022-12,2022-12,1,68,,,,false,false,NO_CANDIDATE,NO_CANDIDATE_ALL_EXCLUDED,NONE,,,NAME_CONTRADICTION:info;NO_CANDIDATE_ALL_EXCLUDED:primary;SUBJ_UNMAPPED_NAME:info,none,2,0,0,0,2,0,,0
BENZ|300GD,300GD,BENZ,unmapped_name,,ไม่ระบุ,1,0,0,2021-11,2021-11,1,68,,,,false,false,NO_CANDIDATE,NO_CANDIDATE_ALL_EXCLUDED,NONE,,,NAME_CONTRADICTION:info;GEN_LIFECYCLE_DISJOINT:info;NO_CANDIDATE_ALL_EXCLUDED:primary;SUBJ_UNMAPPED_NAME:info,none,19,0,0,0,0,0,,0
BENZ|CL550,CL550,BENZ,unmapped_name,,ไม่ระบุ,1,0,0,2021-01,2021-01,1,68,,,,false,false,NO_CANDIDATE,NO_CANDIDATE_ALL_EXCLUDED,NONE,,,NAME_CONTRADICTION:info;GEN_LIFECYCLE_DISJOINT:info;NO_CANDIDATE_ALL_EXCLUDED:primary;SUBJ_UNMAPPED_NAME:info,none,19,0,0,0,0,0,,0
BENZ|ไม่ระบุ,ไม่ระบุ,BENZ,unmapped_name,,ไม่ระบุ,1,0,1,2024-09,2024-09,1,68,,,,false,false,INSUFFICIENT_DATA,INSUFFICIENT_DATA_NO_BASIS,NONE,,,SUBJ_UNSPECIFIED_NAME:info;SUBJ_DUPLICATE_DISPLAY_NAME:info;SER_MISSING_ROW_SEMANTICS_UNCONFIRMED:blocking;SER_OVERLAP_BELOW_PROPOSE_MIN:info;INSUFFICIENT_DATA_NO_BASIS:primary;SUBJ_UNMAPPED_NAME:info;SER_COVERAGE_ASYMMETRIC:info;SER_UNOBSERVED_NOT_ZERO:info,none,19,0,0,0,0,0,,0
BLAVAL|EQ,EQ,BLAVAL,unmapped_name,,ไม่ระบุ,4,0,0,2023-09,2023-09,1,68,,,,false,false,NO_CANDIDATE,BRND_NOT_IN_TDR,NONE,,,BRND_NOT_IN_TDR:primary;SUBJ_UNMAPPED_NAME:info,none,0,0,0,,0,0,,0
BLAVAL|FH V7,FH-V7,BLAVAL,unmapped_name,,ไม่ระบุ,4,0,0,2021-09,2021-10,2,67,,,,false,false,NO_CANDIDATE,BRND_NOT_IN_TDR,NONE,,,BRND_NOT_IN_TDR:primary;SUBJ_UNMAPPED_NAME:info,none,0,0,0,,0,0,,0
BLAVAL|FHV7 A,FHV7-A,BLAVAL,unmapped_name,,ไม่ระบุ,1,0,0,2023-06,2023-06,1,68,,,,false,false,NO_CANDIDATE,BRND_NOT_IN_TDR,NONE,,,BRND_NOT_IN_TDR:primary;SUBJ_UNMAPPED_NAME:info,none,0,0,0,,0,0,,0
BMW|118D M SPORT HATCH MANUAL,118D M SPORT HATCH MANUAL,BMW,unmapped_name,Hatchback,C-segment,1,0,0,2022-11,2022-11,1,68,,,,false,false,NO_CANDIDATE,NO_CANDIDATE_ALL_EXCLUDED,NONE,,,NAME_CONTRADICTION:info;GEN_LIFECYCLE_DISJOINT:info;NO_CANDIDATE_ALL_EXCLUDED:primary;SUBJ_UNMAPPED_NAME:info,none,22,0,0,0,22,0,,0
BMW|118I M SPORT,118i M Sport,BMW,unmapped_name,Hatchback,C-segment,17,1,2,2021-02,2025-09,14,55,,,,false,false,NO_CANDIDATE,NO_CANDIDATE_ALL_EXCLUDED,NONE,,,NAME_CONTRADICTION:info;GEN_LIFECYCLE_DISJOINT:info;NO_CANDIDATE_ALL_EXCLUDED:primary;SUBJ_UNMAPPED_NAME:info,none,22,0,0,0,22,0,,0
BMW|318D M SPORT SALOON MANUAL,318D M SPORT SALOON MANUAL,BMW,unmapped_name,Sedan,D-segment,1,0,0,2022-11,2022-11,1,68,,,,false,false,NO_CANDIDATE,NO_CANDIDATE_ALL_EXCLUDED,NONE,,,NAME_CONTRADICTION:info;GEN_LIFECYCLE_DISJOINT:info;NO_CANDIDATE_ALL_EXCLUDED:primary;SUBJ_UNMAPPED_NAME:info,none,22,0,0,0,22,1,bmw.2_series_gran_coupe,1
BMW|328I M SPORT,328I M SPORT,BMW,unmapped_name,Sedan,D-segment,1,1,1,2025-09,2025-09,1,68,,,,false,false,NO_CANDIDATE,NO_CANDIDATE_ALL_EXCLUDED,NONE,,,NAME_CONTRADICTION:info;NO_CANDIDATE_ALL_EXCLUDED:primary;SUBJ_UNMAPPED_NAME:info,none,22,0,0,0,22,1,bmw.bmw_3,1
BMW|525D,525d,BMW,unmapped_name,Sedan,D-segment,1,1,1,2026-05,2026-05,1,68,,,,false,false,NO_CANDIDATE,NO_CANDIDATE_ALL_EXCLUDED,NONE,,,NAME_CONTRADICTION:info;NO_CANDIDATE_ALL_EXCLUDED:primary;SUBJ_UNMAPPED_NAME:info,none,22,0,0,0,22,0,,0
BMW|525D CELEBRATION EDITION,525d Celebration Edition,BMW,unmapped_name,Sedan,D-segment,1,0,0,2024-03,2024-03,1,68,,,,false,false,NO_CANDIDATE,NO_CANDIDATE_ALL_EXCLUDED,NONE,,,NAME_CONTRADICTION:info;GEN_LIFECYCLE_DISJOINT:info;NO_CANDIDATE_ALL_EXCLUDED:primary;SUBJ_UNMAPPED_NAME:info,none,22,0,0,0,22,2,bmw.bmw_5,1
BMW|525D LUXURY,525d Luxury,BMW,unmapped_name,Sedan,D-segment,1,0,0,2021-08,2021-08,1,68,,,,false,false,NO_CANDIDATE,NO_CANDIDATE_ALL_EXCLUDED,NONE,,,NAME_CONTRADICTION:info;GEN_LIFECYCLE_DISJOINT:info;NO_CANDIDATE_ALL_EXCLUDED:primary;SUBJ_UNMAPPED_NAME:info,none,22,0,0,0,22,0,,0
BMW|525D M SPORT,525d M Sport,BMW,unmapped_name,Sedan,D-segment,1,0,0,2022-03,2022-03,1,68,,,,false,false,NO_CANDIDATE,NO_CANDIDATE_ALL_EXCLUDED,NONE,,,NAME_CONTRADICTION:info;GEN_LIFECYCLE_DISJOINT:info;NO_CANDIDATE_ALL_EXCLUDED:primary;SUBJ_UNMAPPED_NAME:info,none,22,0,0,0,22,1,bmw.bmw_5,1
BMW|528I LUXURY,528i Luxury,BMW,unmapped_name,Sedan,D-segment,3,0,0,2021-01,2022-12,3,66,,,,false,false,NO_CANDIDATE,NO_CANDIDATE_ALL_EXCLUDED,NONE,,,NAME_CONTRADICTION:info;GEN_LIFECYCLE_DISJOINT:info;NO_CANDIDATE_ALL_EXCLUDED:primary;SUBJ_UNMAPPED_NAME:info,none,22,0,0,0,22,0,,0
BMW|530I LIMOUSINE RHD,530i Limousine RHD,BMW,unmapped_name,Sedan,D-segment,6,0,0,2021-02,2023-01,6,63,,,,false,false,NO_CANDIDATE,NO_CANDIDATE_ALL_EXCLUDED,NONE,,,NAME_CONTRADICTION:info;GEN_LIFECYCLE_DISJOINT:info;NO_CANDIDATE_ALL_EXCLUDED:primary;SUBJ_UNMAPPED_NAME:info,none,22,0,0,0,22,2,bmw.bmw_3,1
BMW|630CI,630Ci,BMW,unmapped_name,Sedan,D-segment,1,0,0,2021-01,2021-01,1,68,,,,false,false,NO_CANDIDATE,NO_CANDIDATE_ALL_EXCLUDED,NONE,,,NAME_CONTRADICTION:info;GEN_LIFECYCLE_DISJOINT:info;NO_CANDIDATE_ALL_EXCLUDED:primary;SUBJ_UNMAPPED_NAME:info,none,22,0,0,0,22,0,,0
BMW|650I,650I,BMW,unmapped_name,Sedan,D-segment,1,0,0,2021-02,2021-02,1,68,,,,false,false,NO_CANDIDATE,NO_CANDIDATE_ALL_EXCLUDED,NONE,,,NAME_CONTRADICTION:info;GEN_LIFECYCLE_DISJOINT:info;NO_CANDIDATE_ALL_EXCLUDED:primary;SUBJ_UNMAPPED_NAME:info,none,22,0,0,0,22,0,,0
BMW|725LD,725Ld,BMW,unmapped_name,Sedan,E-segment,4,0,1,2021-02,2024-10,4,65,,,,false,false,NO_CANDIDATE,NO_CANDIDATE_ALL_EXCLUDED,NONE,,,NAME_CONTRADICTION:info;NO_CANDIDATE_ALL_EXCLUDED:primary;SUBJ_UNMAPPED_NAME:info,none,22,0,0,0,22,0,,0
BMW|740LI LIMOUSINE RHD,740Li Limousine RHD,BMW,unmapped_name,Sedan,E-segment,7,1,1,2021-01,2026-02,7,62,,,,false,false,NO_CANDIDATE,NO_CANDIDATE_ALL_EXCLUDED,NONE,,,NAME_CONTRADICTION:info;GEN_LIFECYCLE_DISJOINT:info;NO_CANDIDATE_ALL_EXCLUDED:primary;SUBJ_UNMAPPED_NAME:info,none,22,0,0,0,22,2,bmw.7_series,1
BMW|I3,I3,BMW,unmapped_name,Sedan,D-segment,2,0,0,2021-02,2024-01,2,67,,,,false,false,PROPOSE,PROPOSE_NAME_MATCH_SERIES_NOT_STRONG,PROPOSED,EQUIVALENT,bmw.i3,BRND_EXACT:supporting;NAME_EQUAL:supporting;PROPOSE_NAME_MATCH_SERIES_NOT_STRONG:primary;NAME_ONLY_NOT_AUTO:blocking;SER_MISSING_ROW_SEMANTICS_UNCONFIRMED:blocking;ATTR_BODY_MISMATCH:blocking;SUBJ_UNMAPPED_NAME:blocking;SER_OVERLAP_BELOW_PROPOSE_MIN:info;SER_COVERAGE_ASYMMETRIC:info;SER_UNOBSERVED_NOT_ZERO:info,crosswalk_review,22,1,2,1,22,10,bmw.bmw_x3,1
BMW|I3S 94AH RHD,i3s 94Ah RHD,BMW,unmapped_name,Sedan,D-segment,7,0,0,2021-02,2023-08,7,62,,,,false,false,NO_CANDIDATE,NO_CANDIDATE_ALL_EXCLUDED,NONE,,,NAME_CONTRADICTION:info;GEN_LIFECYCLE_DISJOINT:info;NO_CANDIDATE_ALL_EXCLUDED:primary;SUBJ_UNMAPPED_NAME:info,none,22,0,0,0,22,0,,0
BMW|I8,I8,BMW,unmapped_name,Sedan,E-segment,2,0,1,2023-01,2025-06,2,67,,,,false,false,PROPOSE,PROPOSE_NAME_MATCH_SERIES_NOT_STRONG,PROPOSED,EQUIVALENT,bmw.i8,BRND_EXACT:supporting;NAME_EQUAL:supporting;PROPOSE_NAME_MATCH_SERIES_NOT_STRONG:primary;NAME_ONLY_NOT_AUTO:blocking;SER_MISSING_ROW_SEMANTICS_UNCONFIRMED:blocking;ATTR_BODY_MISMATCH:blocking;SUBJ_UNMAPPED_NAME:blocking;SER_OVERLAP_BELOW_PROPOSE_MIN:info;SER_COVERAGE_ASYMMETRIC:info;SER_UNOBSERVED_NOT_ZERO:info,crosswalk_review,22,1,1,1,22,9,bmw.bmw_ix3,1
BMW|I8 HYBRID,I8 HYBRID,BMW,unmapped_name,Sedan,E-segment,1,0,0,2021-10,2021-10,1,68,,,,false,false,INSUFFICIENT_DATA,INSUFFICIENT_DATA_NO_BASIS,NONE,,,SER_MISSING_ROW_SEMANTICS_UNCONFIRMED:blocking;SER_OVERLAP_BELOW_PROPOSE_MIN:info;INSUFFICIENT_DATA_NO_BASIS:primary;SUBJ_UNMAPPED_NAME:info;SER_COVERAGE_ASYMMETRIC:info;SER_UNOBSERVED_NOT_ZERO:info,none,22,0,0,0,22,5,bmw.bmw_3,1
BMW|I8 RHD,I8 RHD,BMW,unmapped_name,Sedan,E-segment,4,0,0,2021-02,2024-02,4,65,,,,false,false,INSUFFICIENT_DATA,INSUFFICIENT_DATA_NO_BASIS,NONE,,,SER_MISSING_ROW_SEMANTICS_UNCONFIRMED:blocking;SER_OVERLAP_BELOW_PROPOSE_MIN:info;INSUFFICIENT_DATA_NO_BASIS:primary;SUBJ_UNMAPPED_NAME:info;SER_COVERAGE_ASYMMETRIC:info;SER_UNOBSERVED_NOT_ZERO:info,none,22,0,0,0,22,1,bmw.i8,1
BMW|I8 ROADSTER,I8 ROADSTER,BMW,unmapped_name,Sedan,E-segment,3,0,0,2021-02,2022-03,3,66,,,,false,false,INSUFFICIENT_DATA,INSUFFICIENT_DATA_NO_BASIS,NONE,,,SER_MISSING_ROW_SEMANTICS_UNCONFIRMED:blocking;SER_OVERLAP_BELOW_PROPOSE_MIN:info;INSUFFICIENT_DATA_NO_BASIS:primary;SUBJ_UNMAPPED_NAME:info;SER_COVERAGE_ASYMMETRIC:info;SER_UNOBSERVED_NOT_ZERO:info,none,22,0,0,0,22,4,bmw.bmw_3,1
BMW|I8 ROADSTER RHD,i8 Roadster RHD,BMW,unmapped_name,Sedan,E-segment,12,0,1,2021-01,2024-09,10,59,,,,false,false,INSUFFICIENT_DATA,INSUFFICIENT_DATA_NO_BASIS,NONE,,,SER_MISSING_ROW_SEMANTICS_UNCONFIRMED:blocking;SER_OVERLAP_BELOW_PROPOSE_MIN:info;INSUFFICIENT_DATA_NO_BASIS:primary;SUBJ_UNMAPPED_NAME:info;SER_COVERAGE_ASYMMETRIC:info;SER_UNOBSERVED_NOT_ZERO:info,none,22,0,0,0,22,1,bmw.2_series_gran_coupe,1
BMW|ไม่ระบุ,ไม่ระบุ,BMW,unmapped_name,,ไม่ระบุ,4,2,2,2021-05,2026-01,4,65,,,,false,false,INSUFFICIENT_DATA,INSUFFICIENT_DATA_NO_BASIS,NONE,,,SUBJ_UNSPECIFIED_NAME:info;SUBJ_DUPLICATE_DISPLAY_NAME:info;SER_MISSING_ROW_SEMANTICS_UNCONFIRMED:blocking;SER_OVERLAP_BELOW_PROPOSE_MIN:info;INSUFFICIENT_DATA_NO_BASIS:primary;SUBJ_UNMAPPED_NAME:info;SER_COVERAGE_ASYMMETRIC:info;SER_UNOBSERVED_NOT_ZERO:info,none,22,0,0,0,22,0,,0
BYD|M3,M3,BYD,unmapped_name,,ไม่ระบุ,18,0,0,2021-02,2022-08,7,62,,,,false,false,NO_CANDIDATE,NO_CANDIDATE_ALL_EXCLUDED,NONE,,,NAME_CONTRADICTION:info;GEN_LIFECYCLE_DISJOINT:info;NO_CANDIDATE_ALL_EXCLUDED:primary;SUBJ_UNMAPPED_NAME:info,none,13,0,0,0,13,2,byd.byd_m6,1
BYD|TANG EV,TANG EV,BYD,unmapped_name,,ไม่ระบุ,1,0,0,2023-06,2023-06,1,68,,,,false,false,NO_CANDIDATE,NO_CANDIDATE_ALL_EXCLUDED,NONE,,,NAME_CONTRADICTION:info;GEN_LIFECYCLE_DISJOINT:info;NO_CANDIDATE_ALL_EXCLUDED:primary;SUBJ_UNMAPPED_NAME:info,none,13,0,0,0,13,0,,0
BYD|ไม่ระบุ,ไม่ระบุ,BYD,unmapped_name,,ไม่ระบุ,1,0,0,2021-06,2021-06,1,68,,,,false,false,INSUFFICIENT_DATA,INSUFFICIENT_DATA_NO_BASIS,NONE,,,SUBJ_UNSPECIFIED_NAME:info;SUBJ_DUPLICATE_DISPLAY_NAME:info;SER_NO_COMMON_WINDOW:info;INSUFFICIENT_DATA_NO_BASIS:primary;SUBJ_UNMAPPED_NAME:info;BRND_PREFIX_STRIPPED:info,none,13,0,0,0,13,0,,0
CADILLAC|ESCALADE SPORT,ESCALADE SPORT,CADILLAC,unmapped_name,,ไม่ระบุ,1,0,0,2023-01,2023-01,1,68,,,,false,false,NO_CANDIDATE,BRND_NOT_IN_TDR,NONE,,,BRND_NOT_IN_TDR:primary;SUBJ_UNMAPPED_NAME:info,none,0,0,0,,0,0,,0
CATERHAM|SEVEN 420R,SEVEN 420R,CATERHAM,unmapped_name,,ไม่ระบุ,1,0,0,2024-03,2024-03,1,68,,,,false,false,NO_CANDIDATE,BRND_NOT_IN_TDR,NONE,,,BRND_NOT_IN_TDR:primary;SUBJ_UNMAPPED_NAME:info,none,0,0,0,,0,0,,0
CAVAN|VANTASTIC,VANTASTIC,CAVAN,unmapped_name,,ไม่ระบุ,6,1,1,2026-08,2026-09,2,67,,,,false,false,NO_CANDIDATE,BRND_NOT_IN_TDR,NONE,,,BRND_NOT_IN_TDR:primary;SUBJ_UNMAPPED_NAME:info,none,0,0,0,,0,0,,0
CHANGAN|STAR TRUCK 1 0 5MT,STAR TRUCK 1.0 5MT,CHANGAN,unmapped_name,,ไม่ระบุ,1,0,0,2021-12,2021-12,1,68,,,,false,false,NO_CANDIDATE,NO_CANDIDATE_ALL_EXCLUDED,NONE,,,NAME_CONTRADICTION:info;GEN_LIFECYCLE_DISJOINT:info;NO_CANDIDATE_ALL_EXCLUDED:primary;SUBJ_UNMAPPED_NAME:info,none,7,0,0,0,7,1,deepal.deepal_hunter_k50,1
CHANGAN|STAR TRUCK 1 3 5MT,STAR TRUCK 1.3 5MT,CHANGAN,unmapped_name,,ไม่ระบุ,1,0,0,2023-04,2023-04,1,68,,,,false,false,NO_CANDIDATE,NO_CANDIDATE_ALL_EXCLUDED,NONE,,,NAME_CONTRADICTION:info;GEN_LIFECYCLE_DISJOINT:info;NO_CANDIDATE_ALL_EXCLUDED:primary;SUBJ_UNMAPPED_NAME:info,none,7,0,0,0,7,1,deepal.deepal_hunter_k50,1
CHASE|ARFF 60 60 6 P250,ARFF 60/60-6+P250,CHASE,unmapped_name,,ไม่ระบุ,2,0,2,2025-01,2025-01,1,68,,,,false,false,NO_CANDIDATE,BRND_NOT_IN_TDR,NONE,,,BRND_NOT_IN_TDR:primary;SUBJ_UNMAPPED_NAME:info,none,0,0,0,,0,0,,0
CHENGLONG|LG5160GSSC,LG5160GSSC,CHENGLONG,unmapped_name,,ไม่ระบุ,1,0,0,2021-02,2021-02,1,68,,,,false,false,NO_CANDIDATE,BRND_NOT_IN_TDR,NONE,,,BRND_NOT_IN_TDR:primary;SUBJ_UNMAPPED_NAME:info,none,0,0,0,,0,0,,0
CHENGLONG|LZ3162M3AAT,LZ3162M3AAT,CHENGLONG,unmapped_name,,ไม่ระบุ,1,0,0,2021-12,2021-12,1,68,,,,false,false,NO_CANDIDATE,BRND_NOT_IN_TDR,NONE,,,BRND_NOT_IN_TDR:primary;SUBJ_UNMAPPED_NAME:info,none,0,0,0,,0,0,,0
CHENGLONG|LZ5180XXYM3AZBEV12T,LZ5180XXYM3AZBEV12T,CHENGLONG,unmapped_name,,ไม่ระบุ,3,0,3,2025-05,2025-05,1,68,,,,false,false,NO_CANDIDATE,BRND_NOT_IN_TDR,NONE,,,BRND_NOT_IN_TDR:primary;SUBJ_UNMAPPED_NAME:info,none,0,0,0,,0,0,,0
CHERY|EQ1,EQ1,CHERY,unmapped_name,,ไม่ระบุ,1,0,1,2025-07,2025-07,1,68,,,,false,false,NO_CANDIDATE,NO_CANDIDATE_ALL_EXCLUDED,NONE,,,NAME_CONTRADICTION:info;GEN_LIFECYCLE_DISJOINT:info;NO_CANDIDATE_ALL_EXCLUDED:primary;SUBJ_UNMAPPED_NAME:info,none,3,0,0,0,3,0,,0
CHERY|ไม่ระบุ,ไม่ระบุ,CHERY,unmapped_name,,ไม่ระบุ,4,0,0,2021-04,2021-05,2,67,,,,false,false,NO_CANDIDATE,NO_CANDIDATE_ALL_EXCLUDED,NONE,,,SUBJ_UNSPECIFIED_NAME:info;SUBJ_DUPLICATE_DISPLAY_NAME:info;GEN_LIFECYCLE_DISJOINT:info;NO_CANDIDATE_ALL_EXCLUDED:primary;SUBJ_UNMAPPED_NAME:info,none,3,0,0,0,3,0,,0
CHEVROLET|CAMARO CONVERTIBLE 2 0L,CAMARO CONVERTIBLE 2.0L,CHEVROLET,unmapped_name,,ไม่ระบุ,1,0,0,2023-04,2023-04,1,68,,,,false,false,NO_CANDIDATE,NO_CANDIDATE_ALL_EXCLUDED,NONE,,,NAME_CONTRADICTION:info;NO_CANDIDATE_ALL_EXCLUDED:primary;SUBJ_UNMAPPED_NAME:info,none,3,0,0,0,3,0,,0
CHEVROLET|CAMARO ZL1 6 2L V8,CAMARO ZL1 6.2L V8,CHEVROLET,unmapped_name,,ไม่ระบุ,1,0,0,2021-01,2021-01,1,68,,,,false,false,NO_CANDIDATE,NO_CANDIDATE_ALL_EXCLUDED,NONE,,,NAME_CONTRADICTION:info;NO_CANDIDATE_ALL_EXCLUDED:primary;SUBJ_UNMAPPED_NAME:info,none,3,0,0,0,3,0,,0
CHEVROLET|CRUZE,CRUZE,CHEVROLET,unmapped_name,,ไม่ระบุ,9,0,0,2021-03,2023-10,8,61,,,,false,false,NO_CANDIDATE,NO_CANDIDATE_ALL_EXCLUDED,NONE,,,NAME_CONTRADICTION:info;NO_CANDIDATE_ALL_EXCLUDED:primary;SUBJ_UNMAPPED_NAME:info,none,3,0,0,0,3,0,,0
CHEVROLET|OPTRA,OPTRA,CHEVROLET,unmapped_name,,ไม่ระบุ,1,0,0,2024-05,2024-05,1,68,,,,false,false,NO_CANDIDATE,NO_CANDIDATE_ALL_EXCLUDED,NONE,,,NAME_CONTRADICTION:info;NO_CANDIDATE_ALL_EXCLUDED:primary;SUBJ_UNMAPPED_NAME:info,none,3,0,0,0,3,1,chevrolet.captiva,1
CHEVROLET|SONIC,SONIC,CHEVROLET,unmapped_name,,ไม่ระบุ,1,0,0,2022-06,2022-06,1,68,,,,false,false,NO_CANDIDATE,NO_CANDIDATE_ALL_EXCLUDED,NONE,,,NAME_CONTRADICTION:info;NO_CANDIDATE_ALL_EXCLUDED:primary;SUBJ_UNMAPPED_NAME:info,none,3,0,0,0,3,0,,0
CHTC|HTK6600BEVK,HTK6600BEVK,CHTC,unmapped_name,,ไม่ระบุ,1,0,0,2023-06,2023-06,1,68,,,,false,false,NO_CANDIDATE,BRND_NOT_IN_TDR,NONE,,,BRND_NOT_IN_TDR:primary;SUBJ_UNMAPPED_NAME:info,none,0,0,0,,0,0,,0
CITROEN|C5 X 1 6PHEV,C5 X 1.6PHEV,CITROEN,unmapped_name,,ไม่ระบุ,1,0,0,2023-06,2023-06,1,68,,,,false,false,NO_CANDIDATE,BRND_NOT_IN_TDR,NONE,,,BRND_NOT_IN_TDR:primary;SUBJ_UNMAPPED_NAME:info,none,0,0,0,,0,0,,0
CITROEN|DS5 1 6,DS5 1.6,CITROEN,unmapped_name,,ไม่ระบุ,1,0,0,2023-03,2023-03,1,68,,,,false,false,NO_CANDIDATE,BRND_NOT_IN_TDR,NONE,,,BRND_NOT_IN_TDR:primary;SUBJ_UNMAPPED_NAME:info,none,0,0,0,,0,0,,0
DACIA|SPRING,SPRING,DACIA,unmapped_name,,ไม่ระบุ,2,0,0,2022-02,2022-02,1,68,,,,false,false,NO_CANDIDATE,BRND_NOT_IN_TDR,NONE,,,BRND_NOT_IN_TDR:primary;SUBJ_UNMAPPED_NAME:info,none,0,0,0,,0,0,,0
DAE|HYK1020BEYO2,HYK1020BEYO2,DAE,unmapped_name,,ไม่ระบุ,1,0,1,2024-12,2024-12,1,68,,,,false,false,NO_CANDIDATE,BRND_NOT_IN_TDR,NONE,,,BRND_NOT_IN_TDR:primary;SUBJ_UNMAPPED_NAME:info,none,0,0,0,,0,0,,0
DAIHATSU|ATRAI RS 2WD,ATRAI RS 2WD,DAIHATSU,unmapped_name,,ไม่ระบุ,1,1,1,2025-10,2025-10,1,68,,,,false,false,NO_CANDIDATE,NO_CANDIDATE_ALL_EXCLUDED,NONE,,,NAME_CONTRADICTION:info;NO_CANDIDATE_ALL_EXCLUDED:primary;SUBJ_UNMAPPED_NAME:info,none,1,0,0,0,1,0,,0
DAIHATSU|TAFT G TURBO,TAFT G TURBO,DAIHATSU,unmapped_name,,ไม่ระบุ,5,0,1,2021-12,2024-11,5,64,,,,false,false,NO_CANDIDATE,NO_CANDIDATE_ALL_EXCLUDED,NONE,,,NAME_CONTRADICTION:info;NO_CANDIDATE_ALL_EXCLUDED:primary;SUBJ_UNMAPPED_NAME:info,none,1,0,0,0,1,0,,0
DAVID BROWN|MINI REMASTERED,MINI REMASTERED,DAVID BROWN,unmapped_name,,ไม่ระบุ,3,0,0,2022-05,2022-09,2,67,,,,false,false,NO_CANDIDATE,BRND_NOT_IN_TDR,NONE,,,BRND_NOT_IN_TDR:primary;SUBJ_UNMAPPED_NAME:info,none,0,0,0,,0,0,,0
DAYUN|ไม่ระบุ,ไม่ระบุ,DAYUN,unmapped_name,,ไม่ระบุ,1,0,0,2021-07,2021-07,1,68,,,,false,false,NO_CANDIDATE,BRND_NOT_IN_TDR,NONE,,,SUBJ_UNSPECIFIED_NAME:info;SUBJ_DUPLICATE_DISPLAY_NAME:info;BRND_NOT_IN_TDR:primary;SUBJ_UNMAPPED_NAME:info,none,0,0,0,,0,0,,0
DEVA|HERCULES KMC1048D3,HERCULES KMC1048D3,DEVA,unmapped_name,,ไม่ระบุ,1,0,0,2023-06,2023-06,1,68,,,,false,false,NO_CANDIDATE,BRND_NOT_IN_TDR,NONE,,,BRND_NOT_IN_TDR:primary;SUBJ_UNMAPPED_NAME:info,none,0,0,0,,0,0,,0
DFM|EQ1020TF,EQ1020TF,DFM,unmapped_name,,ไม่ระบุ,1,0,0,2023-09,2023-09,1,68,,,,false,false,NO_CANDIDATE,BRND_NOT_IN_TDR,NONE,,,SUBJ_DUPLICATE_DISPLAY_NAME:info;BRND_NOT_IN_TDR:primary;SUBJ_UNMAPPED_NAME:info,none,0,0,0,,0,0,,0
DFM|GLORY580,GLORY580,DFM,unmapped_name,,ไม่ระบุ,5,0,0,2021-01,2023-07,5,64,,,,false,false,NO_CANDIDATE,BRND_NOT_IN_TDR,NONE,,,BRND_NOT_IN_TDR:primary;SUBJ_UNMAPPED_NAME:info,none,0,0,0,,0,0,,0
DFSK|DFSK EC31,DFSK EC31,DFSK,unmapped_name,,ไม่ระบุ,2,0,0,2023-12,2023-12,1,68,,,,false,false,NO_CANDIDATE,BRND_NOT_IN_TDR,NONE,,,BRND_NOT_IN_TDR:primary;SUBJ_UNMAPPED_NAME:info,none,0,0,0,,0,0,,0
DFSK|EC35,EC35,DFSK,unmapped_name,,ไม่ระบุ,2,0,0,2022-08,2022-12,2,67,,,,false,false,NO_CANDIDATE,BRND_NOT_IN_TDR,NONE,,,BRND_NOT_IN_TDR:primary;SUBJ_UNMAPPED_NAME:info;BRND_MISMATCH:info,none,0,0,0,,0,0,,0
DFSK|EC36,EC36,DFSK,unmapped_name,,ไม่ระบุ,8,0,0,2023-01,2023-02,2,67,,,,false,false,NO_CANDIDATE,BRND_NOT_IN_TDR,NONE,,,BRND_NOT_IN_TDR:primary;SUBJ_UNMAPPED_NAME:info,none,0,0,0,,0,0,,0
DFSK|EQ1020TF,EQ1020TF,DFSK,unmapped_name,,ไม่ระบุ,8,0,1,2021-02,2025-01,6,63,,,,false,false,NO_CANDIDATE,BRND_NOT_IN_TDR,NONE,,,SUBJ_DUPLICATE_DISPLAY_NAME:info;BRND_NOT_IN_TDR:primary;SUBJ_UNMAPPED_NAME:info,none,0,0,0,,0,0,,0
DFSK|EQ1021GF24Q7,EQ1021GF24Q7,DFSK,unmapped_name,,ไม่ระบุ,2,0,0,2022-06,2023-02,2,67,,,,false,false,NO_CANDIDATE,BRND_NOT_IN_TDR,NONE,,,BRND_NOT_IN_TDR:primary;SUBJ_UNMAPPED_NAME:info,none,0,0,0,,0,0,,0
DFSK|EQ1021TF22QN11,EQ1021TF22QN11,DFSK,unmapped_name,,ไม่ระบุ,2,0,1,2024-01,2025-06,2,67,,,,false,false,NO_CANDIDATE,BRND_NOT_IN_TDR,NONE,,,BRND_NOT_IN_TDR:primary;SUBJ_UNMAPPED_NAME:info,none,0,0,0,,0,0,,0
DFSK|EQ6390PF22Q,EQ6390PF22Q,DFSK,unmapped_name,,ไม่ระบุ,1,0,1,2024-11,2024-11,1,68,,,,false,false,NO_CANDIDATE,BRND_NOT_IN_TDR,NONE,,,BRND_NOT_IN_TDR:primary;SUBJ_UNMAPPED_NAME:info,none,0,0,0,,0,0,,0
DFSK|EVO P3,EVO-P3,DFSK,unmapped_name,,ไม่ระบุ,4,0,0,2023-04,2023-12,4,65,,,,false,false,NO_CANDIDATE,BRND_NOT_IN_TDR,NONE,,,BRND_NOT_IN_TDR:primary;SUBJ_UNMAPPED_NAME:info,none,0,0,0,,0,0,,0
DFSK|ไม่ระบุ,ไม่ระบุ,DFSK,unmapped_name,,ไม่ระบุ,2,0,0,2021-11,2023-01,2,67,,,,false,false,NO_CANDIDATE,BRND_NOT_IN_TDR,NONE,,,SUBJ_UNSPECIFIED_NAME:info;SUBJ_DUPLICATE_DISPLAY_NAME:info;BRND_NOT_IN_TDR:primary;SUBJ_UNMAPPED_NAME:info,none,0,0,0,,0,0,,0
DODGE|RAM 1500,RAM 1500,DODGE,unmapped_name,,ไม่ระบุ,1,0,0,2023-07,2023-07,1,68,,,,false,false,NO_CANDIDATE,BRND_NOT_IN_TDR,NONE,,,BRND_NOT_IN_TDR:primary;SUBJ_UNMAPPED_NAME:info,none,0,0,0,,0,0,,0
DODGE|ไม่ระบุ,ไม่ระบุ,DODGE,unmapped_name,,ไม่ระบุ,1,0,0,2021-01,2021-01,1,68,,,,false,false,NO_CANDIDATE,BRND_NOT_IN_TDR,NONE,,,SUBJ_UNSPECIFIED_NAME:info;SUBJ_DUPLICATE_DISPLAY_NAME:info;BRND_NOT_IN_TDR:primary;SUBJ_UNMAPPED_NAME:info,none,0,0,0,,0,0,,0
DONGFENG|NAMMI 06,NAMMI 06,DONGFENG,unmapped_name,,ไม่ระบุ,2,0,2,2025-08,2025-08,1,68,,,,false,false,NO_CANDIDATE,BRND_NOT_IN_TDR,NONE,,,BRND_NOT_IN_TDR:primary;SUBJ_UNMAPPED_NAME:info,none,0,0,0,,0,0,,0
DONGFENG|S73,S73,DONGFENG,unmapped_name,,ไม่ระบุ,2,0,2,2025-07,2025-07,1,68,,,,false,false,NO_CANDIDATE,BRND_NOT_IN_TDR,NONE,,,BRND_NOT_IN_TDR:primary;SUBJ_UNMAPPED_NAME:info,none,0,0,0,,0,0,,0
DOUZ|ไม่ระบุ,ไม่ระบุ,DOUZ,unmapped_name,,ไม่ระบุ,1,0,0,2021-08,2021-08,1,68,,,,false,false,NO_CANDIDATE,BRND_NOT_IN_TDR,NONE,,,SUBJ_UNSPECIFIED_NAME:info;SUBJ_DUPLICATE_DISPLAY_NAME:info;BRND_NOT_IN_TDR:primary;SUBJ_UNMAPPED_NAME:info,none,0,0,0,,0,0,,0
DSFK|DXK6450ECBEV,DXK6450ECBEV,DSFK,unmapped_name,,ไม่ระบุ,2,0,0,2021-10,2021-10,1,68,,,,false,false,NO_CANDIDATE,BRND_NOT_IN_TDR,NONE,,,BRND_NOT_IN_TDR:primary;SUBJ_UNMAPPED_NAME:info,none,0,0,0,,0,0,,0
EAGLE|EC01,EC01,EAGLE,unmapped_name,,ไม่ระบุ,1,0,0,2022-06,2022-06,1,68,,,,false,false,NO_CANDIDATE,BRND_NOT_IN_TDR,NONE,,,BRND_NOT_IN_TDR:primary;SUBJ_UNMAPPED_NAME:info,none,0,0,0,,0,0,,0
EULER|ORA R1,ORA-R1,EULER,unmapped_name,,ไม่ระบุ,1,0,0,2021-01,2021-01,1,68,,,,false,false,NO_CANDIDATE,BRND_NOT_IN_TDR,NONE,,,BRND_NOT_IN_TDR:primary;SUBJ_UNMAPPED_NAME:info,none,0,0,0,,0,0,,0
EVT|E VAN,E-VAN,EVT,unmapped_name,,ไม่ระบุ,1,0,1,2025-08,2025-08,1,68,,,,false,false,NO_CANDIDATE,BRND_NOT_IN_TDR,NONE,,,BRND_NOT_IN_TDR:primary;SUBJ_UNMAPPED_NAME:info,none,0,0,0,,0,0,,0
FAW|CA1040P40K50E5A84,CA1040P40K50E5A84,FAW,unmapped_name,,ไม่ระบุ,2,0,2,2025-05,2025-05,1,68,,,,false,false,NO_CANDIDATE,BRND_NOT_IN_TDR,NONE,,,BRND_NOT_IN_TDR:primary;SUBJ_UNMAPPED_NAME:info,none,0,0,0,,0,0,,0
FENGCHI|DYQ1030BEV1 H,DYQ1030BEV1-H,FENGCHI,unmapped_name,,ไม่ระบุ,6,0,2,2024-03,2025-05,3,66,,,,false,false,NO_CANDIDATE,BRND_NOT_IN_TDR,NONE,,,BRND_NOT_IN_TDR:primary;SUBJ_UNMAPPED_NAME:info,none,0,0,0,,0,0,,0
FERRARI|360CHALLEGE STRADALE,360CHALLEGE STRADALE,FERRARI,unmapped_name,,ไม่ระบุ,1,0,0,2021-10,2021-10,1,68,,,,false,false,NO_CANDIDATE,NO_CANDIDATE_ALL_EXCLUDED,NONE,,,NAME_CONTRADICTION:info;NO_CANDIDATE_ALL_EXCLUDED:primary;SUBJ_UNMAPPED_NAME:info,none,5,0,0,0,5,0,,0
FERRARI|812 COMPETIZIONE,812 COMPETIZIONE,FERRARI,unmapped_name,,ไม่ระบุ,3,0,0,2023-10,2024-07,2,67,,,,false,false,NO_CANDIDATE,NO_CANDIDATE_ALL_EXCLUDED,NONE,,,NAME_CONTRADICTION:info;NO_CANDIDATE_ALL_EXCLUDED:primary;SUBJ_UNMAPPED_NAME:info,none,5,0,0,0,5,1,ferrari.12cilindri,1
FERRARI|812 COMPETIZIONE A,812 COMPETIZIONE A,FERRARI,unmapped_name,,ไม่ระบุ,1,0,1,2025-05,2025-05,1,68,,,,false,false,NO_CANDIDATE,NO_CANDIDATE_ALL_EXCLUDED,NONE,,,NAME_CONTRADICTION:info;NO_CANDIDATE_ALL_EXCLUDED:primary;SUBJ_UNMAPPED_NAME:info,none,5,0,0,0,5,1,ferrari.12cilindri,1
FERRARI|812 GTS,812 GTS,FERRARI,unmapped_name,,ไม่ระบุ,8,0,0,2021-03,2023-08,8,61,,,,false,false,NO_CANDIDATE,NO_CANDIDATE_ALL_EXCLUDED,NONE,,,NAME_CONTRADICTION:info;NO_CANDIDATE_ALL_EXCLUDED:primary;SUBJ_UNMAPPED_NAME:info,none,5,0,0,0,5,0,,0
FERRARI|812 SUPERFAST,812 SUPERFAST,FERRARI,unmapped_name,,ไม่ระบุ,9,0,1,2021-02,2025-07,8,61,,,,false,false,NO_CANDIDATE,NO_CANDIDATE_ALL_EXCLUDED,NONE,,,NAME_CONTRADICTION:info;NO_CANDIDATE_ALL_EXCLUDED:primary;SUBJ_UNMAPPED_NAME:info,none,5,0,0,0,5,0,,0
FERRARI|CALIFORNIA T,CALIFORNIA T,FERRARI,unmapped_name,,ไม่ระบุ,2,0,0,2021-03,2021-10,2,67,,,,false,false,NO_CANDIDATE,NO_CANDIDATE_ALL_EXCLUDED,NONE,,,NAME_CONTRADICTION:info;NO_CANDIDATE_ALL_EXCLUDED:primary;SUBJ_UNMAPPED_NAME:info,none,5,0,0,0,5,1,ferrari.12cilindri,1
FERRARI|F12 TDF,F12 TDF,FERRARI,unmapped_name,,ไม่ระบุ,1,0,0,2021-03,2021-03,1,68,,,,false,false,NO_CANDIDATE,NO_CANDIDATE_ALL_EXCLUDED,NONE,,,NAME_CONTRADICTION:info;GEN_LIFECYCLE_DISJOINT:info;NO_CANDIDATE_ALL_EXCLUDED:primary;SUBJ_UNMAPPED_NAME:info,none,5,0,0,0,5,1,ferrari.12cilindri,1
FERRARI|F360,F360,FERRARI,unmapped_name,,ไม่ระบุ,1,0,0,2021-02,2021-02,1,68,,,,false,false,NO_CANDIDATE,NO_CANDIDATE_ALL_EXCLUDED,NONE,,,NAME_CONTRADICTION:info;GEN_LIFECYCLE_DISJOINT:info;NO_CANDIDATE_ALL_EXCLUDED:primary;SUBJ_UNMAPPED_NAME:info,none,5,0,0,0,5,1,ferrari.sf90,1
FERRARI|GTC 4 LUSSO,GTC 4 LUSSO,FERRARI,unmapped_name,,ไม่ระบุ,1,0,0,2021-05,2021-05,1,68,,,,false,false,NO_CANDIDATE,NO_CANDIDATE_ALL_EXCLUDED,NONE,,,NAME_CONTRADICTION:info;GEN_LIFECYCLE_DISJOINT:info;NO_CANDIDATE_ALL_EXCLUDED:primary;SUBJ_UNMAPPED_NAME:info,none,5,0,0,0,5,0,,0
FERRARI|GTC4LUSSO T,GTC4LUSSO T,FERRARI,unmapped_name,,ไม่ระบุ,1,0,0,2022-05,2022-05,1,68,,,,false,false,NO_CANDIDATE,NO_CANDIDATE_ALL_EXCLUDED,NONE,,,NAME_CONTRADICTION:info;NO_CANDIDATE_ALL_EXCLUDED:primary;SUBJ_UNMAPPED_NAME:info,none,5,0,0,0,5,0,,0
FIAT|500 ABARTH 595 TURISMO MTA,500 ABARTH 595 TURISMO MTA,FIAT,unmapped_name,,ไม่ระบุ,2,0,0,2021-03,2022-10,2,67,,,,false,false,NO_CANDIDATE,BRND_NOT_IN_TDR,NONE,,,BRND_NOT_IN_TDR:primary;SUBJ_UNMAPPED_NAME:info,none,0,0,0,,0,0,,0
FIAT|500 ABARTH ELECTRIC HATCHBACK,500 ABARTH ELECTRIC HATCHBACK,FIAT,unmapped_name,,ไม่ระบุ,2,0,0,2023-12,2024-05,2,67,,,,false,false,NO_CANDIDATE,BRND_NOT_IN_TDR,NONE,,,BRND_NOT_IN_TDR:primary;SUBJ_UNMAPPED_NAME:info,none,0,0,0,,0,0,,0
FIAT|500 HATCHBACK CONVERTIBLE,500 HATCHBACK CONVERTIBLE,FIAT,unmapped_name,,ไม่ระบุ,1,0,0,2021-08,2021-08,1,68,,,,false,false,NO_CANDIDATE,BRND_NOT_IN_TDR,NONE,,,BRND_NOT_IN_TDR:primary;SUBJ_UNMAPPED_NAME:info,none,0,0,0,,0,0,,0
FIAT|500 LA PRIMA,500 LA PRIMA,FIAT,unmapped_name,,ไม่ระบุ,1,0,0,2021-12,2021-12,1,68,,,,false,false,NO_CANDIDATE,BRND_NOT_IN_TDR,NONE,,,BRND_NOT_IN_TDR:primary;SUBJ_UNMAPPED_NAME:info,none,0,0,0,,0,0,,0
FIAT|500ELECTRIC HATCHBACK LA PRIMA,500ELECTRIC HATCHBACK LA PRIMA,FIAT,unmapped_name,,ไม่ระบุ,4,0,0,2022-08,2023-03,3,66,,,,false,false,NO_CANDIDATE,BRND_NOT_IN_TDR,NONE,,,BRND_NOT_IN_TDR:primary;SUBJ_UNMAPPED_NAME:info,none,0,0,0,,0,0,,0
FIAT|ABARTH 595 COMPETIZIONE,ABARTH 595 COMPETIZIONE,FIAT,unmapped_name,,ไม่ระบุ,1,0,0,2021-08,2021-08,1,68,,,,false,false,NO_CANDIDATE,BRND_NOT_IN_TDR,NONE,,,BRND_NOT_IN_TDR:primary;SUBJ_UNMAPPED_NAME:info,none,0,0,0,,0,0,,0
FIAT|ABARTH 595 PISTA,ABARTH 595 PISTA,FIAT,unmapped_name,,ไม่ระบุ,1,0,0,2021-03,2021-03,1,68,,,,false,false,NO_CANDIDATE,BRND_NOT_IN_TDR,NONE,,,BRND_NOT_IN_TDR:primary;SUBJ_UNMAPPED_NAME:info,none,0,0,0,,0,0,,0
FIAT|BENIMAR MILEO 243,BENIMAR MILEO 243,FIAT,unmapped_name,,ไม่ระบุ,1,0,0,2021-06,2021-06,1,68,,,,false,false,NO_CANDIDATE,BRND_NOT_IN_TDR,NONE,,,BRND_NOT_IN_TDR:primary;SUBJ_UNMAPPED_NAME:info,none,0,0,0,,0,0,,0
FIAT|BENIMAR MILEO 282,BENIMAR MILEO 282,FIAT,unmapped_name,,ไม่ระบุ,2,0,0,2021-10,2023-10,2,67,,,,false,false,NO_CANDIDATE,BRND_NOT_IN_TDR,NONE,,,BRND_NOT_IN_TDR:primary;SUBJ_UNMAPPED_NAME:info,none,0,0,0,,0,0,,0
FIAT|DUCATO,DUCATO,FIAT,unmapped_name,,ไม่ระบุ,1,0,0,2021-06,2021-06,1,68,,,,false,false,NO_CANDIDATE,BRND_NOT_IN_TDR,NONE,,,BRND_NOT_IN_TDR:primary;SUBJ_UNMAPPED_NAME:info,none,0,0,0,,0,0,,0
FIAT|DUCATO 335XL PANEL VAN,DUCATO 335XL PANEL VAN,FIAT,unmapped_name,,ไม่ระบุ,1,0,0,2022-03,2022-03,1,68,,,,false,false,NO_CANDIDATE,BRND_NOT_IN_TDR,NONE,,,BRND_NOT_IN_TDR:primary;SUBJ_UNMAPPED_NAME:info,none,0,0,0,,0,0,,0
FIAT|DUCATO SINGLE CAB,DUCATO SINGLE CAB,FIAT,unmapped_name,,ไม่ระบุ,2,0,0,2022-03,2023-07,2,67,,,,false,false,NO_CANDIDATE,BRND_NOT_IN_TDR,NONE,,,BRND_NOT_IN_TDR:primary;SUBJ_UNMAPPED_NAME:info,none,0,0,0,,0,0,,0
FORD|ECOSPORT,EcoSport,FORD,unmapped_name,,ไม่ระบุ,3,0,0,2021-11,2024-02,3,66,,,,false,false,NO_CANDIDATE,NO_CANDIDATE_ALL_EXCLUDED,NONE,,,NAME_CONTRADICTION:info;NO_CANDIDATE_ALL_EXCLUDED:primary;SUBJ_UNMAPPED_NAME:info,none,4,0,0,0,4,1,ford.everest,1
FORD|F 150 HARLEY DAVIDSON,F-150 HARLEY-DAVIDSON,FORD,unmapped_name,,ไม่ระบุ,1,0,0,2021-01,2021-01,1,68,,,,false,false,NO_CANDIDATE,NO_CANDIDATE_ALL_EXCLUDED,NONE,,,NAME_CONTRADICTION:info;GEN_LIFECYCLE_DISJOINT:info;NO_CANDIDATE_ALL_EXCLUDED:primary;SUBJ_UNMAPPED_NAME:info,none,4,0,0,0,4,0,,0
FORD|FIESTA,Fiesta,FORD,unmapped_name,,ไม่ระบุ,3,0,0,2022-02,2023-01,3,66,,,,false,false,NO_CANDIDATE,NO_CANDIDATE_ALL_EXCLUDED,NONE,,,NAME_CONTRADICTION:info;GEN_LIFECYCLE_DISJOINT:info;NO_CANDIDATE_ALL_EXCLUDED:primary;SUBJ_UNMAPPED_NAME:info,none,4,0,0,0,4,2,ford.everest,1
FORD|FORD ECOSPORT,Ford Ecosport,FORD,unmapped_name,,ไม่ระบุ,7,0,0,2021-03,2026-09,7,62,,,,false,false,NO_CANDIDATE,NO_CANDIDATE_ALL_EXCLUDED,NONE,,,NAME_CONTRADICTION:info;NO_CANDIDATE_ALL_EXCLUDED:primary;SUBJ_UNMAPPED_NAME:info,none,4,0,0,0,4,1,ford.everest,1
FORD|FORD FIESTA,FORD FIESTA,FORD,unmapped_name,,ไม่ระบุ,4,1,2,2021-03,2025-10,4,65,,,,false,false,NO_CANDIDATE,NO_CANDIDATE_ALL_EXCLUDED,NONE,,,NAME_CONTRADICTION:info;NO_CANDIDATE_ALL_EXCLUDED:primary;SUBJ_UNMAPPED_NAME:info,none,4,0,0,0,4,2,ford.everest,1
FORD|TERRITORY,Territory,FORD,unmapped_name,,ไม่ระบุ,2,0,0,2021-07,2022-04,2,67,,,,false,false,NO_CANDIDATE,NO_CANDIDATE_ALL_EXCLUDED,NONE,,,NAME_CONTRADICTION:info;GEN_LIFECYCLE_DISJOINT:info;NO_CANDIDATE_ALL_EXCLUDED:primary;SUBJ_UNMAPPED_NAME:info,none,4,0,0,0,4,1,ford.everest,1
FORD|ไม่ระบุ,ไม่ระบุ,FORD,unmapped_name,,ไม่ระบุ,117,0,0,2021-01,2023-05,14,55,,,,false,false,NO_CANDIDATE,NO_CANDIDATE_ALL_EXCLUDED,NONE,,,SUBJ_UNSPECIFIED_NAME:info;SUBJ_DUPLICATE_DISPLAY_NAME:info;GEN_LIFECYCLE_DISJOINT:info;SER_MISSING_ROW_SEMANTICS_UNCONFIRMED:blocking;SER_CORRELATION_BELOW_STRONG:blocking;SER_RATIO_OUT_OF_BAND:blocking;NO_CANDIDATE_ALL_EXCLUDED:primary;SUBJ_UNMAPPED_NAME:info,discovery,4,0,0,0,4,0,,0
FOTON|BJ6549B1PDA RA,BJ6549B1PDA-RA,FOTON,unmapped_name,,ไม่ระบุ,22,0,0,2021-01,2024-06,14,55,,,,false,false,NO_CANDIDATE,NO_CANDIDATE_ALL_EXCLUDED,NONE,,,NAME_CONTRADICTION:info;NO_CANDIDATE_ALL_EXCLUDED:primary;SUBJ_UNMAPPED_NAME:info,none,2,0,0,0,2,0,,0
FOTON|TUNLAND DC 4X4,TUNLAND DC 4X4,FOTON,unmapped_name,Pickup,กระบะ 4 ประตู,2,0,0,2021-06,2021-07,2,67,,,,false,false,NO_CANDIDATE,NO_CANDIDATE_ALL_EXCLUDED,NONE,,,NAME_CONTRADICTION:info;NO_CANDIDATE_ALL_EXCLUDED:primary;SUBJ_UNMAPPED_NAME:info,none,2,0,0,0,2,0,,0
FOTON|TUNLAND SC FLAT BED,TUNLAND SC FLAT BED,FOTON,unmapped_name,Pickup,กระบะ 4 ประตู,8,0,0,2021-01,2022-03,7,62,,,,false,false,NO_CANDIDATE,NO_CANDIDATE_ALL_EXCLUDED,NONE,,,NAME_CONTRADICTION:info;NO_CANDIDATE_ALL_EXCLUDED:primary;SUBJ_UNMAPPED_NAME:info,none,2,0,0,0,2,0,,0
FOTON|TUNLAND SC STANDARD,TUNLAND SC STANDARD,FOTON,unmapped_name,Pickup,กระบะ 4 ประตู,1,0,0,2022-02,2022-02,1,68,,,,false,false,NO_CANDIDATE,NO_CANDIDATE_ALL_EXCLUDED,NONE,,,NAME_CONTRADICTION:info;NO_CANDIDATE_ALL_EXCLUDED:primary;SUBJ_UNMAPPED_NAME:info,none,2,0,0,0,2,0,,0
FOTON|YZR5116GXFPM,YZR5116GXFPM,FOTON,unmapped_name,,ไม่ระบุ,1,0,0,2023-03,2023-03,1,68,,,,false,false,NO_CANDIDATE,NO_CANDIDATE_ALL_EXCLUDED,NONE,,,NAME_CONTRADICTION:info;NO_CANDIDATE_ALL_EXCLUDED:primary;SUBJ_UNMAPPED_NAME:info,none,2,0,0,0,2,0,,0
FOTON|ไม่ระบุ,ไม่ระบุ,FOTON,unmapped_name,,ไม่ระบุ,1,0,0,2022-09,2022-09,1,68,,,,false,false,INSUFFICIENT_DATA,INSUFFICIENT_DATA_NO_BASIS,NONE,,,SUBJ_UNSPECIFIED_NAME:info;SUBJ_DUPLICATE_DISPLAY_NAME:info;SER_MISSING_ROW_SEMANTICS_UNCONFIRMED:blocking;SER_OVERLAP_BELOW_PROPOSE_MIN:info;INSUFFICIENT_DATA_NO_BASIS:primary;SUBJ_UNMAPPED_NAME:info;BRND_PREFIX_STRIPPED:info;SER_COVERAGE_ASYMMETRIC:info;SER_UNOBSERVED_NOT_ZERO:info,none,2,0,0,0,2,0,,0
GAC|AION S,AION S,GAC,unmapped_name,,ไม่ระบุ,1,0,0,2021-05,2021-05,1,68,,,,false,false,NO_CANDIDATE,NO_CANDIDATE_ALL_EXCLUDED,NONE,,,NAME_CONTRADICTION:info;GEN_LIFECYCLE_DISJOINT:info;NO_CANDIDATE_ALL_EXCLUDED:primary;SUBJ_UNMAPPED_NAME:info,none,1,0,0,0,1,0,,0
GEELY|GALAXY E5,GALAXY E5,GEELY,unmapped_name,,ไม่ระบุ,1,0,1,2025-05,2025-05,1,68,,,,false,false,NO_CANDIDATE,NO_CANDIDATE_ALL_EXCLUDED,NONE,,,NAME_CONTRADICTION:info;GEN_LIFECYCLE_DISJOINT:info;NO_CANDIDATE_ALL_EXCLUDED:primary;SUBJ_UNMAPPED_NAME:info,none,2,0,0,0,2,0,,0
GMC|HUMMER EV EDITION 1,HUMMER EV EDITION 1,GMC,unmapped_name,,ไม่ระบุ,1,1,1,2025-12,2025-12,1,68,,,,false,false,NO_CANDIDATE,BRND_NOT_IN_TDR,NONE,,,BRND_NOT_IN_TDR:primary;SUBJ_UNMAPPED_NAME:info,none,0,0,0,,0,0,,0
GMC|HUMMER EV2X,HUMMER EV2X,GMC,unmapped_name,,ไม่ระบุ,1,1,1,2025-10,2025-10,1,68,,,,false,false,NO_CANDIDATE,BRND_NOT_IN_TDR,NONE,,,BRND_NOT_IN_TDR:primary;SUBJ_UNMAPPED_NAME:info,none,0,0,0,,0,0,,0
HIGER|H5C EV CARGO,H5C EV CARGO,HIGER,unmapped_name,,ไม่ระบุ,2,0,0,2022-12,2023-08,2,67,,,,false,false,NO_CANDIDATE,BRND_NOT_IN_TDR,NONE,,,BRND_NOT_IN_TDR:primary;SUBJ_UNMAPPED_NAME:info,none,0,0,0,,0,0,,0
HIGER|H5C EV VAN,H5C EV VAN,HIGER,unmapped_name,,ไม่ระบุ,1,0,0,2023-01,2023-01,1,68,,,,false,false,NO_CANDIDATE,BRND_NOT_IN_TDR,NONE,,,BRND_NOT_IN_TDR:primary;SUBJ_UNMAPPED_NAME:info,none,0,0,0,,0,0,,0
HIGER|H5F EV CARGO,H5F EV CARGO,HIGER,unmapped_name,,ไม่ระบุ,2,0,2,2025-02,2025-02,1,68,,,,false,false,NO_CANDIDATE,BRND_NOT_IN_TDR,NONE,,,BRND_NOT_IN_TDR:primary;SUBJ_UNMAPPED_NAME:info,none,0,0,0,,0,0,,0
HINO|FC9JE1A BBAHF,FC9JE1A-BBAHF,HINO,unmapped_name,,ไม่ระบุ,3,0,0,2021-03,2023-08,3,66,,,,false,false,NO_CANDIDATE,NO_CANDIDATE_ALL_EXCLUDED,NONE,,,NAME_CONTRADICTION:info;NO_CANDIDATE_ALL_EXCLUDED:primary;SUBJ_UNMAPPED_NAME:info,none,1,0,0,0,1,0,,0
HINO|FC9JJ1A CBAHF,FC9JJ1A-CBAHF,HINO,unmapped_name,,ไม่ระบุ,1,1,1,2025-12,2025-12,1,68,,,,false,false,NO_CANDIDATE,NO_CANDIDATE_ALL_EXCLUDED,NONE,,,NAME_CONTRADICTION:info;NO_CANDIDATE_ALL_EXCLUDED:primary;SUBJ_UNMAPPED_NAME:info,none,1,0,0,0,1,0,,0
HINO|FG1JGRD,FG1JGRD,HINO,unmapped_name,,ไม่ระบุ,1,0,0,2023-12,2023-12,1,68,,,,false,false,NO_CANDIDATE,NO_CANDIDATE_ALL_EXCLUDED,NONE,,,NAME_CONTRADICTION:info;NO_CANDIDATE_ALL_EXCLUDED:primary;SUBJ_UNMAPPED_NAME:info,none,1,0,0,0,1,0,,0
HINO|FG8JF1D JGT,FG8JF1D-JGT,HINO,unmapped_name,,ไม่ระบุ,9,0,3,2023-07,2025-07,7,62,,,,false,false,NO_CANDIDATE,NO_CANDIDATE_ALL_EXCLUDED,NONE,,,NAME_CONTRADICTION:info;NO_CANDIDATE_ALL_EXCLUDED:primary;SUBJ_UNMAPPED_NAME:info,none,1,0,0,0,1,0,,0
HINO|FG8JT1A JGT,FG8JT1A-JGT,HINO,unmapped_name,,ไม่ระบุ,1,0,0,2021-06,2021-06,1,68,,,,false,false,NO_CANDIDATE,NO_CANDIDATE_ALL_EXCLUDED,NONE,,,NAME_CONTRADICTION:info;NO_CANDIDATE_ALL_EXCLUDED:primary;SUBJ_UNMAPPED_NAME:info,none,1,0,0,0,1,0,,0
HINO|WU,WU,HINO,unmapped_name,,ไม่ระบุ,1,0,0,2022-02,2022-02,1,68,,,,false,false,NO_CANDIDATE,NO_CANDIDATE_ALL_EXCLUDED,NONE,,,NAME_CONTRADICTION:info;NO_CANDIDATE_ALL_EXCLUDED:primary;SUBJ_UNMAPPED_NAME:info,none,1,0,0,0,1,0,,0
HINO|XZB70R ZEMHY,XZB70R-ZEMHY,HINO,unmapped_name,,ไม่ระบุ,12,0,2,2022-03,2025-08,11,58,,,,false,false,NO_CANDIDATE,NO_CANDIDATE_ALL_EXCLUDED,NONE,,,NAME_CONTRADICTION:info;NO_CANDIDATE_ALL_EXCLUDED:primary;SUBJ_UNMAPPED_NAME:info,none,1,0,0,0,1,0,,0
HINO|XZU650R HKMRLT3,XZU650R-HKMRLT3,HINO,unmapped_name,,ไม่ระบุ,3,0,0,2024-03,2024-08,3,66,,,,false,false,NO_CANDIDATE,NO_CANDIDATE_ALL_EXCLUDED,NONE,,,NAME_CONTRADICTION:info;NO_CANDIDATE_ALL_EXCLUDED:primary;SUBJ_UNMAPPED_NAME:info,none,1,0,0,0,1,0,,0
HINO|XZU710R HKFTLT3,XZU710R-HKFTLT3,HINO,unmapped_name,,ไม่ระบุ,8,0,0,2021-04,2024-07,6,63,,,,false,false,NO_CANDIDATE,NO_CANDIDATE_ALL_EXCLUDED,NONE,,,NAME_CONTRADICTION:info;NO_CANDIDATE_ALL_EXCLUDED:primary;SUBJ_UNMAPPED_NAME:info,none,1,0,0,0,1,0,,0
HINO|ไม่ระบุ,ไม่ระบุ,HINO,unmapped_name,,ไม่ระบุ,2,0,0,2021-02,2022-06,2,67,,,,false,false,INSUFFICIENT_DATA,INSUFFICIENT_DATA_NO_BASIS,NONE,,,SUBJ_UNSPECIFIED_NAME:info;SUBJ_DUPLICATE_DISPLAY_NAME:info;SER_MISSING_ROW_SEMANTICS_UNCONFIRMED:blocking;SER_OVERLAP_BELOW_PROPOSE_MIN:info;INSUFFICIENT_DATA_NO_BASIS:primary;SUBJ_UNMAPPED_NAME:info;BRND_PREFIX_STRIPPED:info;SER_COVERAGE_ASYMMETRIC:info;SER_UNOBSERVED_NOT_ZERO:info,none,1,0,0,0,1,0,,0
HOMIDA|PICKMAN KAI,PICKMAN-KAI,HOMIDA,unmapped_name,,ไม่ระบุ,3,0,0,2023-03,2024-05,2,67,,,,false,false,NO_CANDIDATE,BRND_NOT_IN_TDR,NONE,,,BRND_NOT_IN_TDR:primary;SUBJ_UNMAPPED_NAME:info,none,0,0,0,,0,0,,0
HONDA|BENLY E,BENLY e,HONDA,unmapped_name,,ไม่ระบุ,1,0,0,2023-11,2023-11,1,68,,,,false,false,NO_CANDIDATE,NO_CANDIDATE_ALL_EXCLUDED,NONE,,,NAME_CONTRADICTION:info;GEN_LIFECYCLE_DISJOINT:info;NO_CANDIDATE_ALL_EXCLUDED:primary;SUBJ_UNMAPPED_NAME:info,none,13,0,0,0,13,3,honda.brv,1
HONDA|E ADVANCE,E ADVANCE,HONDA,unmapped_name,,ไม่ระบุ,16,2,2,2021-03,2026-06,14,55,,,,false,false,NO_CANDIDATE,NO_CANDIDATE_ALL_EXCLUDED,NONE,,,NAME_CONTRADICTION:info;GEN_LIFECYCLE_DISJOINT:info;NO_CANDIDATE_ALL_EXCLUDED:primary;SUBJ_UNMAPPED_NAME:info,none,13,0,0,0,13,3,honda.en2,1
HONDA|E AS,E AS,HONDA,unmapped_name,,ไม่ระบุ,1,0,0,2021-01,2021-01,1,68,,,,false,false,NO_CANDIDATE,NO_CANDIDATE_ALL_EXCLUDED,NONE,,,NAME_CONTRADICTION:info;GEN_LIFECYCLE_DISJOINT:info;NO_CANDIDATE_ALL_EXCLUDED:primary;SUBJ_UNMAPPED_NAME:info,none,13,0,0,0,13,2,honda.en1,1
HONDA|ELEVATE,ELEVATE,HONDA,unmapped_name,,ไม่ระบุ,1,0,0,2024-06,2024-06,1,68,,,,false,false,NO_CANDIDATE,NO_CANDIDATE_ALL_EXCLUDED,NONE,,,NAME_CONTRADICTION:info;GEN_LIFECYCLE_DISJOINT:info;NO_CANDIDATE_ALL_EXCLUDED:primary;SUBJ_UNMAPPED_NAME:info,none,13,0,0,0,13,0,,0
HONDA|N VAN,N VAN,HONDA,unmapped_name,,ไม่ระบุ,1,0,0,2022-03,2022-03,1,68,,,,false,false,NO_CANDIDATE,NO_CANDIDATE_ALL_EXCLUDED,NONE,,,NAME_CONTRADICTION:info;GEN_LIFECYCLE_DISJOINT:info;NO_CANDIDATE_ALL_EXCLUDED:primary;SUBJ_UNMAPPED_NAME:info,none,13,0,0,0,13,6,honda.hrv,1
HONDA|N VAN PLUS TURBO,N VAN PLUS TURBO,HONDA,unmapped_name,,ไม่ระบุ,1,0,0,2023-08,2023-08,1,68,,,,false,false,NO_CANDIDATE,NO_CANDIDATE_ALL_EXCLUDED,NONE,,,NAME_CONTRADICTION:info;GEN_LIFECYCLE_DISJOINT:info;NO_CANDIDATE_ALL_EXCLUDED:primary;SUBJ_UNMAPPED_NAME:info,none,13,0,0,0,13,0,,0
HONDA|N VAN TEN STYLE FUN,N VAN TEN STYLE FUN,HONDA,unmapped_name,,ไม่ระบุ,5,0,2,2023-11,2025-03,5,64,,,,false,false,NO_CANDIDATE,NO_CANDIDATE_ALL_EXCLUDED,NONE,,,NAME_CONTRADICTION:info;GEN_LIFECYCLE_DISJOINT:info;NO_CANDIDATE_ALL_EXCLUDED:primary;SUBJ_UNMAPPED_NAME:info,none,13,0,0,0,13,1,honda.step_wgn,1
HONDA|NSX,NSX,HONDA,unmapped_name,,ไม่ระบุ,1,0,0,2022-05,2022-05,1,68,,,,false,false,NO_CANDIDATE,NO_CANDIDATE_ALL_EXCLUDED,NONE,,,NAME_CONTRADICTION:info;GEN_LIFECYCLE_DISJOINT:info;NO_CANDIDATE_ALL_EXCLUDED:primary;SUBJ_UNMAPPED_NAME:info,none,13,0,0,0,13,0,,0
HONDA|NSX HYBRID,NSX HYBRID,HONDA,unmapped_name,,ไม่ระบุ,3,0,1,2022-04,2025-08,3,66,,,,false,false,NO_CANDIDATE,NO_CANDIDATE_ALL_EXCLUDED,NONE,,,NAME_CONTRADICTION:info;GEN_LIFECYCLE_DISJOINT:info;NO_CANDIDATE_ALL_EXCLUDED:primary;SUBJ_UNMAPPED_NAME:info,none,13,0,0,0,13,0,,0
HONDA|NSX R,NSX-R,HONDA,unmapped_name,,ไม่ระบุ,4,0,0,2021-08,2024-08,3,66,,,,false,false,NO_CANDIDATE,NO_CANDIDATE_ALL_EXCLUDED,NONE,,,NAME_CONTRADICTION:info;GEN_LIFECYCLE_DISJOINT:info;NO_CANDIDATE_ALL_EXCLUDED:primary;SUBJ_UNMAPPED_NAME:info,none,13,0,0,0,13,0,,0
HONDA|NSX T,NSX-T,HONDA,unmapped_name,,ไม่ระบุ,1,0,0,2022-05,2022-05,1,68,,,,false,false,NO_CANDIDATE,NO_CANDIDATE_ALL_EXCLUDED,NONE,,,NAME_CONTRADICTION:info;GEN_LIFECYCLE_DISJOINT:info;NO_CANDIDATE_ALL_EXCLUDED:primary;SUBJ_UNMAPPED_NAME:info,none,13,0,0,0,13,0,,0
HONDA|NSX TYPE S,NSX TYPE S,HONDA,unmapped_name,,ไม่ระบุ,2,0,1,2024-07,2025-01,2,67,,,,false,false,NO_CANDIDATE,NO_CANDIDATE_ALL_EXCLUDED,NONE,,,NAME_CONTRADICTION:info;GEN_LIFECYCLE_DISJOINT:info;NO_CANDIDATE_ALL_EXCLUDED:primary;SUBJ_UNMAPPED_NAME:info,none,13,0,0,0,13,1,honda.step_wgn,1
HONDA|WAVE110I,WAVE110i,HONDA,unmapped_name,,ไม่ระบุ,2,0,0,2023-03,2024-08,2,67,,,,false,false,NO_CANDIDATE,NO_CANDIDATE_ALL_EXCLUDED,NONE,,,NAME_CONTRADICTION:info;GEN_LIFECYCLE_DISJOINT:info;NO_CANDIDATE_ALL_EXCLUDED:primary;SUBJ_UNMAPPED_NAME:info,none,13,0,0,0,13,0,,0
HONDA|WAVE125,WAVE125,HONDA,unmapped_name,,ไม่ระบุ,1,1,1,2026-06,2026-06,1,68,,,,false,false,NO_CANDIDATE,NO_CANDIDATE_ALL_EXCLUDED,NONE,,,NAME_CONTRADICTION:info;NO_CANDIDATE_ALL_EXCLUDED:primary;SUBJ_UNMAPPED_NAME:info,none,13,0,0,0,13,3,honda.en1,1
HONDA|ไม่ระบุ,ไม่ระบุ,HONDA,unmapped_name,,ไม่ระบุ,4,1,2,2023-06,2026-01,4,65,,,,false,false,INSUFFICIENT_DATA,INSUFFICIENT_DATA_NO_BASIS,NONE,,,SUBJ_UNSPECIFIED_NAME:info;SUBJ_DUPLICATE_DISPLAY_NAME:info;SER_MISSING_ROW_SEMANTICS_UNCONFIRMED:blocking;SER_OVERLAP_BELOW_PROPOSE_MIN:info;INSUFFICIENT_DATA_NO_BASIS:primary;SUBJ_UNMAPPED_NAME:info;SER_COVERAGE_ASYMMETRIC:info;SER_UNOBSERVED_NOT_ZERO:info,none,13,0,0,0,13,0,,0
HONGQI|H9,H9,HONGQI,unmapped_name,,ไม่ระบุ,3,0,0,2022-05,2023-11,3,66,,,,false,false,NO_CANDIDATE,BRND_NOT_IN_TDR,NONE,,,BRND_NOT_IN_TDR:primary;SUBJ_UNMAPPED_NAME:info,none,0,0,0,,0,0,,0
HONGQI|H9 2 0L,H9 2.0L,HONGQI,unmapped_name,,ไม่ระบุ,1,0,0,2024-07,2024-07,1,68,,,,false,false,NO_CANDIDATE,BRND_NOT_IN_TDR,NONE,,,BRND_NOT_IN_TDR:primary;SUBJ_UNMAPPED_NAME:info,none,0,0,0,,0,0,,0
HYUNDAI|COUNTY,COUNTY,HYUNDAI,unmapped_name,,ไม่ระบุ,1,0,0,2022-12,2022-12,1,68,,,,false,false,NO_CANDIDATE,NO_CANDIDATE_ALL_EXCLUDED,NONE,,,NAME_CONTRADICTION:info;GEN_LIFECYCLE_DISJOINT:info;NO_CANDIDATE_ALL_EXCLUDED:primary;SUBJ_UNMAPPED_NAME:info,none,9,0,0,0,9,1,hyundai.creta,1
HYUNDAI|KMJWTQA,KMJWTQA,HYUNDAI,unmapped_name,,ไม่ระบุ,1,0,0,2022-05,2022-05,1,68,,,,false,false,NO_CANDIDATE,NO_CANDIDATE_ALL_EXCLUDED,NONE,,,NAME_CONTRADICTION:info;GEN_LIFECYCLE_DISJOINT:info;NO_CANDIDATE_ALL_EXCLUDED:primary;SUBJ_UNMAPPED_NAME:info,none,9,0,0,0,9,0,,0
HYUNDAI|SONATA2 4GLSEXECUTIV,SONATA2.4GLSEXECUTIV,HYUNDAI,unmapped_name,,ไม่ระบุ,1,0,0,2024-03,2024-03,1,68,,,,false,false,NO_CANDIDATE,NO_CANDIDATE_ALL_EXCLUDED,NONE,,,NAME_CONTRADICTION:info;GEN_LIFECYCLE_DISJOINT:info;NO_CANDIDATE_ALL_EXCLUDED:primary;SUBJ_UNMAPPED_NAME:info,none,9,0,0,0,9,1,hyundai.santa_fe,1
HYUNDAI|VELOSTER,VELOSTER,HYUNDAI,unmapped_name,,ไม่ระบุ,1,0,0,2021-01,2021-01,1,68,,,,false,false,NO_CANDIDATE,NO_CANDIDATE_ALL_EXCLUDED,NONE,,,NAME_CONTRADICTION:info;GEN_LIFECYCLE_DISJOINT:info;NO_CANDIDATE_ALL_EXCLUDED:primary;SUBJ_UNMAPPED_NAME:info,none,9,0,0,0,9,4,hyundai.stargazer,1
HYUNDAI|ไม่ระบุ,ไม่ระบุ,HYUNDAI,unmapped_name,,ไม่ระบุ,4,0,0,2022-02,2023-03,3,66,,,,false,false,INSUFFICIENT_DATA,INSUFFICIENT_DATA_NO_BASIS,NONE,,,SUBJ_UNSPECIFIED_NAME:info;SUBJ_DUPLICATE_DISPLAY_NAME:info;SER_MISSING_ROW_SEMANTICS_UNCONFIRMED:blocking;SER_OVERLAP_BELOW_PROPOSE_MIN:info;INSUFFICIENT_DATA_NO_BASIS:primary;SUBJ_UNMAPPED_NAME:info;SER_COVERAGE_ASYMMETRIC:info;SER_UNOBSERVED_NOT_ZERO:info,none,9,0,0,0,9,0,,0
ISUZU|RODEO S 3 0,RODEO S 3.0,ISUZU,unmapped_name,,ไม่ระบุ,5,1,1,2022-02,2025-09,5,64,,,,false,false,NO_CANDIDATE,NO_CANDIDATE_ALL_EXCLUDED,NONE,,,NAME_CONTRADICTION:info;NO_CANDIDATE_ALL_EXCLUDED:primary;SUBJ_UNMAPPED_NAME:info,none,5,0,0,0,5,0,,0
ISUZU|SX 2 5,SX 2.5,ISUZU,unmapped_name,,ไม่ระบุ,1,0,0,2022-05,2022-05,1,68,,,,false,false,NO_CANDIDATE,NO_CANDIDATE_ALL_EXCLUDED,NONE,,,NAME_CONTRADICTION:info;NO_CANDIDATE_ALL_EXCLUDED:primary;SUBJ_UNMAPPED_NAME:info,none,5,0,0,0,5,0,,0
ISUZU|ไม่ระบุ,ไม่ระบุ,ISUZU,unmapped_name,Pickup,กระบะ,12508,1667,3298,2021-01,2026-09,69,0,,,,false,false,INSUFFICIENT_DATA,INSUFFICIENT_DATA_NO_BASIS,NONE,,,SUBJ_UNSPECIFIED_NAME:info;SUBJ_DUPLICATE_DISPLAY_NAME:info;SER_MISSING_ROW_SEMANTICS_UNCONFIRMED:blocking;SER_CORRELATION_BELOW_STRONG:blocking;SER_RATIO_OUT_OF_BAND:blocking;INSUFFICIENT_DATA_NO_BASIS:primary;SUBJ_UNMAPPED_NAME:info;SER_COVERAGE_ASYMMETRIC:info;SER_UNOBSERVED_NOT_ZERO:info,discovery,5,0,0,0,5,0,,0
JAC|HFC1042P73K1B2D,HFC1042P73K1B2D,JAC,unmapped_name,,ไม่ระบุ,1,0,0,2024-02,2024-02,1,68,,,,false,false,NO_CANDIDATE,NO_CANDIDATE_ALL_EXCLUDED,NONE,,,NAME_CONTRADICTION:info;NO_CANDIDATE_ALL_EXCLUDED:primary;SUBJ_UNMAPPED_NAME:info,none,1,0,0,0,1,0,,0
JAC|T9EV,T9EV,JAC,unmapped_name,,ไม่ระบุ,1,1,1,2025-10,2025-10,1,68,,,,false,false,NO_CANDIDATE,NO_CANDIDATE_ALL_EXCLUDED,NONE,,,NAME_CONTRADICTION:info;NO_CANDIDATE_ALL_EXCLUDED:primary;SUBJ_UNMAPPED_NAME:info,none,1,0,0,0,1,0,,0
JAECOO|ไม่ระบุ,ไม่ระบุ,JAECOO,unmapped_name,,ไม่ระบุ,12,11,12,2025-03,2025-11,2,67,,,,false,false,INSUFFICIENT_DATA,INSUFFICIENT_DATA_NO_BASIS,NONE,,,SUBJ_UNSPECIFIED_NAME:info;SUBJ_DUPLICATE_DISPLAY_NAME:info;SER_MISSING_ROW_SEMANTICS_UNCONFIRMED:blocking;SER_OVERLAP_BELOW_PROPOSE_MIN:info;INSUFFICIENT_DATA_NO_BASIS:primary;SUBJ_UNMAPPED_NAME:info;BRND_PREFIX_STRIPPED:info;SER_COVERAGE_ASYMMETRIC:info;SER_UNOBSERVED_NOT_ZERO:info,none,5,0,0,0,5,0,,0
JAGUAR|F TYPE S 3 0L V6 S C RWD,F-TYPE S 3.0L V6 S/C RWD,JAGUAR,unmapped_name,,ไม่ระบุ,1,0,0,2021-11,2021-11,1,68,,,,false,false,NO_CANDIDATE,BRND_NOT_IN_TDR,NONE,,,BRND_NOT_IN_TDR:primary;SUBJ_UNMAPPED_NAME:info,none,0,0,0,,0,0,,0
JAGUAR|MARK IX,MARK IX,JAGUAR,unmapped_name,,ไม่ระบุ,1,0,0,2021-09,2021-09,1,68,,,,false,false,NO_CANDIDATE,BRND_NOT_IN_TDR,NONE,,,BRND_NOT_IN_TDR:primary;SUBJ_UNMAPPED_NAME:info,none,0,0,0,,0,0,,0
JAGUAR|XE 2 0L I4P PETROL RWD,XE 2.0L I4P PETROL RWD,JAGUAR,unmapped_name,,ไม่ระบุ,1,0,0,2023-09,2023-09,1,68,,,,false,false,NO_CANDIDATE,BRND_NOT_IN_TDR,NONE,,,BRND_NOT_IN_TDR:primary;SUBJ_UNMAPPED_NAME:info,none,0,0,0,,0,0,,0
JAGUAR|XF PRESTIGE 2 0 DIESEL,XF PRESTIGE 2.0 DIESEL,JAGUAR,unmapped_name,,ไม่ระบุ,1,0,0,2024-04,2024-04,1,68,,,,false,false,NO_CANDIDATE,BRND_NOT_IN_TDR,NONE,,,BRND_NOT_IN_TDR:primary;SUBJ_UNMAPPED_NAME:info,none,0,0,0,,0,0,,0
JAGUAR|XJ 6,XJ-6,JAGUAR,unmapped_name,,ไม่ระบุ,1,0,0,2021-04,2021-04,1,68,,,,false,false,NO_CANDIDATE,BRND_NOT_IN_TDR,NONE,,,BRND_NOT_IN_TDR:primary;SUBJ_UNMAPPED_NAME:info,none,0,0,0,,0,0,,0
JEEP|COMPASS 1 4L TURBO,COMPASS 1.4L TURBO,JEEP,unmapped_name,,ไม่ระบุ,1,0,0,2023-08,2023-08,1,68,,,,false,false,NO_CANDIDATE,NO_CANDIDATE_ALL_EXCLUDED,NONE,,,NAME_CONTRADICTION:info;NO_CANDIDATE_ALL_EXCLUDED:primary;SUBJ_UNMAPPED_NAME:info,none,1,0,0,0,1,0,,0
JEEP|COMPASS LIMITED,COMPASS LIMITED,JEEP,unmapped_name,,ไม่ระบุ,1,0,0,2024-08,2024-08,1,68,,,,false,false,NO_CANDIDATE,NO_CANDIDATE_ALL_EXCLUDED,NONE,,,NAME_CONTRADICTION:info;NO_CANDIDATE_ALL_EXCLUDED:primary;SUBJ_UNMAPPED_NAME:info,none,1,0,0,0,1,0,,0
JEEP|RENEGADE TRAILHAWK 1 3 PHEV,RENEGADE TRAILHAWK 1.3 PHEV,JEEP,unmapped_name,,ไม่ระบุ,3,0,0,2021-10,2024-08,3,66,,,,false,false,NO_CANDIDATE,NO_CANDIDATE_ALL_EXCLUDED,NONE,,,NAME_CONTRADICTION:info;NO_CANDIDATE_ALL_EXCLUDED:primary;SUBJ_UNMAPPED_NAME:info,none,1,0,0,0,1,0,,0
JEEP|RENEGADE TRAILHAWK 2 0,RENEGADE TRAILHAWK 2.0,JEEP,unmapped_name,,ไม่ระบุ,2,0,0,2022-10,2023-04,2,67,,,,false,false,NO_CANDIDATE,NO_CANDIDATE_ALL_EXCLUDED,NONE,,,NAME_CONTRADICTION:info;NO_CANDIDATE_ALL_EXCLUDED:primary;SUBJ_UNMAPPED_NAME:info,none,1,0,0,0,1,0,,0
JEEP|ไม่ระบุ,ไม่ระบุ,JEEP,unmapped_name,,ไม่ระบุ,1,0,0,2022-01,2022-01,1,68,,,,false,false,INSUFFICIENT_DATA,INSUFFICIENT_DATA_NO_BASIS,NONE,,,SUBJ_UNSPECIFIED_NAME:info;SUBJ_DUPLICATE_DISPLAY_NAME:info;SER_MISSING_ROW_SEMANTICS_UNCONFIRMED:blocking;SER_OVERLAP_BELOW_PROPOSE_MIN:info;INSUFFICIENT_DATA_NO_BASIS:primary;SUBJ_UNMAPPED_NAME:info;SER_COVERAGE_ASYMMETRIC:info;SER_UNOBSERVED_NOT_ZERO:info,none,1,0,0,0,1,0,,0
JETOUR|ไม่ระบุ,ไม่ระบุ,JETOUR,unmapped_name,,ไม่ระบุ,3,0,0,2023-11,2024-01,2,67,,,,false,false,NO_CANDIDATE,BRND_NOT_IN_TDR,NONE,,,SUBJ_UNSPECIFIED_NAME:info;SUBJ_DUPLICATE_DISPLAY_NAME:info;BRND_NOT_IN_TDR:primary;SUBJ_UNMAPPED_NAME:info,none,0,0,0,,0,0,,0
JMC|JX1032DBR,JX1032DBR,JMC,unmapped_name,,ไม่ระบุ,1,0,0,2021-12,2021-12,1,68,,,,false,false,NO_CANDIDATE,BRND_NOT_IN_TDR,NONE,,,BRND_NOT_IN_TDR:primary;SUBJ_UNMAPPED_NAME:info,none,0,0,0,,0,0,,0
JMC|JX5033XXYXAR,JX5033XXYXAR,JMC,unmapped_name,,ไม่ระบุ,2,0,0,2022-03,2022-05,2,67,,,,false,false,NO_CANDIDATE,BRND_NOT_IN_TDR,NONE,,,BRND_NOT_IN_TDR:primary;SUBJ_UNMAPPED_NAME:info,none,0,0,0,,0,0,,0
JONWAY|IONAXS,IONAXS,JONWAY,unmapped_name,,ไม่ระบุ,2,2,2,2025-10,2025-10,1,68,,,,false,false,NO_CANDIDATE,BRND_NOT_IN_TDR,NONE,,,BRND_NOT_IN_TDR:primary;SUBJ_UNMAPPED_NAME:info,none,0,0,0,,0,0,,0
JOYLONG|HKL6540RBEV,HKL6540RBEV,JOYLONG,unmapped_name,,ไม่ระบุ,1,0,0,2023-11,2023-11,1,68,,,,false,false,NO_CANDIDATE,BRND_NOT_IN_TDR,NONE,,,BRND_NOT_IN_TDR:primary;SUBJ_UNMAPPED_NAME:info,none,0,0,0,,0,0,,0
JOYLONG|ไม่ระบุ,ไม่ระบุ,JOYLONG,unmapped_name,,ไม่ระบุ,2,0,0,2023-08,2023-08,1,68,,,,false,false,NO_CANDIDATE,BRND_NOT_IN_TDR,NONE,,,SUBJ_UNSPECIFIED_NAME:info;SUBJ_DUPLICATE_DISPLAY_NAME:info;BRND_NOT_IN_TDR:primary;SUBJ_UNMAPPED_NAME:info,none,0,0,0,,0,0,,0
JUST|J2 P,J2-P,JUST,unmapped_name,,ไม่ระบุ,1,0,0,2023-06,2023-06,1,68,,,,false,false,NO_CANDIDATE,BRND_NOT_IN_TDR,NONE,,,BRND_NOT_IN_TDR:primary;SUBJ_UNMAPPED_NAME:info,none,0,0,0,,0,0,,0
KAMA|ESP7,ESP7,KAMA,unmapped_name,,ไม่ระบุ,1,0,1,2025-07,2025-07,1,68,,,,false,false,NO_CANDIDATE,BRND_NOT_IN_TDR,NONE,,,BRND_NOT_IN_TDR:primary;SUBJ_UNMAPPED_NAME:info,none,0,0,0,,0,0,,0
KEYTON|M70L EV,M70L EV,KEYTON,unmapped_name,,ไม่ระบุ,1,0,1,2024-09,2024-09,1,68,,,,false,false,NO_CANDIDATE,BRND_NOT_IN_TDR,NONE,,,BRND_NOT_IN_TDR:primary;SUBJ_UNMAPPED_NAME:info,none,0,0,0,,0,0,,0
KIA|CANIVAL,CANIVAL,KIA,unmapped_name,,ไม่ระบุ,7,0,0,2021-03,2021-07,5,64,,,,false,false,PROPOSE,PROPOSE_NAME_MATCH_SERIES_NOT_STRONG,PROPOSED,EQUIVALENT,kia.carnival,BRND_EXACT:supporting;PROPOSE_NAME_MATCH_SERIES_NOT_STRONG:primary;NAME_FUZZY_TOKEN:blocking;NAME_ONLY_NOT_AUTO:blocking;SER_MISSING_ROW_SEMANTICS_UNCONFIRMED:blocking;SUBJ_UNMAPPED_NAME:blocking;SER_OVERLAP_BELOW_PROPOSE_MIN:info;ATTR_BODY_UNKNOWN:info;SER_COVERAGE_ASYMMETRIC:info;SER_UNOBSERVED_NOT_ZERO:info;CARD_CLAIM_CONFLICTS_AUTO:info,crosswalk_review,6,1,1,0,6,1,kia.carnival,1
KIA|SOUL,SOUL,KIA,unmapped_name,,ไม่ระบุ,1,0,0,2022-01,2022-01,1,68,,,,false,false,NO_CANDIDATE,NO_CANDIDATE_ALL_EXCLUDED,NONE,,,NAME_CONTRADICTION:info;GEN_LIFECYCLE_DISJOINT:info;NO_CANDIDATE_ALL_EXCLUDED:primary;SUBJ_UNMAPPED_NAME:info,none,6,0,0,0,6,1,kia.sorento,1
KIA|SOUL EV,SOUL EV,KIA,unmapped_name,,ไม่ระบุ,4,0,1,2021-02,2024-11,4,65,,,,false,false,NO_CANDIDATE,NO_CANDIDATE_ALL_EXCLUDED,NONE,,,NAME_CONTRADICTION:info;GEN_LIFECYCLE_DISJOINT:info;NO_CANDIDATE_ALL_EXCLUDED:primary;SUBJ_UNMAPPED_NAME:info,none,6,0,0,0,6,4,kia.ev5,1
KIA|ไม่ระบุ,ไม่ระบุ,KIA,unmapped_name,,ไม่ระบุ,50,0,0,2021-04,2023-10,18,51,,,,false,false,INSUFFICIENT_DATA,INSUFFICIENT_DATA_NO_BASIS,NONE,,,SUBJ_UNSPECIFIED_NAME:info;SUBJ_DUPLICATE_DISPLAY_NAME:info;SER_MISSING_ROW_SEMANTICS_UNCONFIRMED:blocking;SER_VOLUME_BELOW_PROPOSE_MIN:info;INSUFFICIENT_DATA_NO_BASIS:primary;SUBJ_UNMAPPED_NAME:info;SER_COVERAGE_ASYMMETRIC:info;SER_UNOBSERVED_NOT_ZERO:info,discovery,6,0,0,0,6,0,,0
KINZAN|RHD620 EU COMFORT,RHD620 EU COMFORT,KINZAN,unmapped_name,,ไม่ระบุ,1,0,0,2024-02,2024-02,1,68,,,,false,false,NO_CANDIDATE,BRND_NOT_IN_TDR,NONE,,,BRND_NOT_IN_TDR:primary;SUBJ_UNMAPPED_NAME:info,none,0,0,0,,0,0,,0
KYC|V5EV,V5EV,KYC,unmapped_name,,ไม่ระบุ,4,0,3,2023-09,2024-09,2,67,,,,false,false,NO_CANDIDATE,BRND_NOT_IN_TDR,NONE,,,BRND_NOT_IN_TDR:primary;SUBJ_UNMAPPED_NAME:info,none,0,0,0,,0,0,,0
KYC|X5EV,X5EV,KYC,unmapped_name,,ไม่ระบุ,1,0,0,2024-03,2024-03,1,68,,,,false,false,NO_CANDIDATE,BRND_NOT_IN_TDR,NONE,,,BRND_NOT_IN_TDR:primary;SUBJ_UNMAPPED_NAME:info,none,0,0,0,,0,0,,0
LAMBORGHINI|AVENTADOR S,AVENTADOR S,LAMBORGHINI,unmapped_name,,ไม่ระบุ,5,0,0,2021-03,2023-10,4,65,,,,false,false,NO_CANDIDATE,NO_CANDIDATE_ALL_EXCLUDED,NONE,,,NAME_CONTRADICTION:info;NO_CANDIDATE_ALL_EXCLUDED:primary;SUBJ_UNMAPPED_NAME:info,none,3,0,0,0,3,0,,0
LAMBORGHINI|AVENTADOR S ROADSTER,AVENTADOR S ROADSTER,LAMBORGHINI,unmapped_name,,ไม่ระบุ,1,0,0,2021-09,2021-09,1,68,,,,false,false,NO_CANDIDATE,NO_CANDIDATE_ALL_EXCLUDED,NONE,,,NAME_CONTRADICTION:info;NO_CANDIDATE_ALL_EXCLUDED:primary;SUBJ_UNMAPPED_NAME:info,none,3,0,0,0,3,0,,0
LAMBORGHINI|AVENTADOR SVJ,AVENTADOR SVJ,LAMBORGHINI,unmapped_name,,ไม่ระบุ,4,0,1,2021-10,2024-11,4,65,,,,false,false,NO_CANDIDATE,NO_CANDIDATE_ALL_EXCLUDED,NONE,,,NAME_CONTRADICTION:info;NO_CANDIDATE_ALL_EXCLUDED:primary;SUBJ_UNMAPPED_NAME:info,none,3,0,0,0,3,0,,0
LAMBORGHINI|AVENTADOR SVJ 63 COUPE,AVENTADOR SVJ 63 COUPE,LAMBORGHINI,unmapped_name,,ไม่ระบุ,2,0,1,2024-03,2025-04,2,67,,,,false,false,NO_CANDIDATE,NO_CANDIDATE_ALL_EXCLUDED,NONE,,,NAME_CONTRADICTION:info;NO_CANDIDATE_ALL_EXCLUDED:primary;SUBJ_UNMAPPED_NAME:info,none,3,0,0,0,3,0,,0
LAMBORGHINI|AVENTADOR SVJ 63 ROADSTER,AVENTADOR SVJ 63 ROADSTER,LAMBORGHINI,unmapped_name,,ไม่ระบุ,1,0,0,2023-04,2023-04,1,68,,,,false,false,NO_CANDIDATE,NO_CANDIDATE_ALL_EXCLUDED,NONE,,,NAME_CONTRADICTION:info;NO_CANDIDATE_ALL_EXCLUDED:primary;SUBJ_UNMAPPED_NAME:info,none,3,0,0,0,3,0,,0
LAMBORGHINI|AVENTADOR SVJ ROADSTER,AVENTADOR SVJ ROADSTER,LAMBORGHINI,unmapped_name,,ไม่ระบุ,3,0,0,2021-06,2023-08,3,66,,,,false,false,NO_CANDIDATE,NO_CANDIDATE_ALL_EXCLUDED,NONE,,,NAME_CONTRADICTION:info;NO_CANDIDATE_ALL_EXCLUDED:primary;SUBJ_UNMAPPED_NAME:info,none,3,0,0,0,3,0,,0
LAMBORGHINI|AVENTADOR ULTIMAE,AVENTADOR ULTIMAE,LAMBORGHINI,unmapped_name,,ไม่ระบุ,6,1,2,2022-12,2025-11,5,64,,,,false,false,NO_CANDIDATE,NO_CANDIDATE_ALL_EXCLUDED,NONE,,,NAME_CONTRADICTION:info;NO_CANDIDATE_ALL_EXCLUDED:primary;SUBJ_UNMAPPED_NAME:info,none,3,0,0,0,3,0,,0
LAMBORGHINI|AVENTADOR ULTIMAE ROADSTER,AVENTADOR ULTIMAE ROADSTER,LAMBORGHINI,unmapped_name,,ไม่ระบุ,1,0,0,2022-12,2022-12,1,68,,,,false,false,NO_CANDIDATE,NO_CANDIDATE_ALL_EXCLUDED,NONE,,,NAME_CONTRADICTION:info;NO_CANDIDATE_ALL_EXCLUDED:primary;SUBJ_UNMAPPED_NAME:info,none,3,0,0,0,3,0,,0
LAMBORGHINI|GALLARDO LP 560 4,GALLARDO LP 560-4,LAMBORGHINI,unmapped_name,,ไม่ระบุ,1,0,0,2021-07,2021-07,1,68,,,,false,false,NO_CANDIDATE,NO_CANDIDATE_ALL_EXCLUDED,NONE,,,NAME_CONTRADICTION:info;NO_CANDIDATE_ALL_EXCLUDED:primary;SUBJ_UNMAPPED_NAME:info,none,3,0,0,0,3,0,,0
LAND ROVER|ไม่ระบุ,ไม่ระบุ,LAND ROVER,unmapped_name,,ไม่ระบุ,1,0,0,2021-12,2021-12,1,68,,,,false,false,INSUFFICIENT_DATA,INSUFFICIENT_DATA_NO_BASIS,NONE,,,SUBJ_UNSPECIFIED_NAME:info;SUBJ_DUPLICATE_DISPLAY_NAME:info;SER_MISSING_ROW_SEMANTICS_UNCONFIRMED:blocking;SER_OVERLAP_BELOW_PROPOSE_MIN:info;INSUFFICIENT_DATA_NO_BASIS:primary;SUBJ_UNMAPPED_NAME:info;SER_COVERAGE_ASYMMETRIC:info;SER_UNOBSERVED_NOT_ZERO:info,none,4,0,0,0,4,0,,0
LEAPMOTOR|T03 300,T03 300,LEAPMOTOR,unmapped_name,,ไม่ระบุ,1,0,1,2025-03,2025-03,1,68,,,,false,false,NO_CANDIDATE,NO_CANDIDATE_ALL_EXCLUDED,NONE,,,NAME_CONTRADICTION:info;GEN_LIFECYCLE_DISJOINT:info;NO_CANDIDATE_ALL_EXCLUDED:primary;SUBJ_UNMAPPED_NAME:info,none,2,0,0,0,2,0,,0
LEAPMOTOR|T03 400,T03 400,LEAPMOTOR,unmapped_name,,ไม่ระบุ,1,0,1,2025-03,2025-03,1,68,,,,false,false,NO_CANDIDATE,NO_CANDIDATE_ALL_EXCLUDED,NONE,,,NAME_CONTRADICTION:info;GEN_LIFECYCLE_DISJOINT:info;NO_CANDIDATE_ALL_EXCLUDED:primary;SUBJ_UNMAPPED_NAME:info,none,2,0,0,0,2,0,,0
LEVC|TX5,TX5,LEVC,unmapped_name,,ไม่ระบุ,2,0,2,2024-10,2025-05,2,67,,,,false,false,NO_CANDIDATE,BRND_NOT_IN_TDR,NONE,,,BRND_NOT_IN_TDR:primary;SUBJ_UNMAPPED_NAME:info,none,0,0,0,,0,0,,0
LEVDEO|LITTLE PRINCE,LITTLE PRINCE,LEVDEO,unmapped_name,,ไม่ระบุ,3,0,0,2021-09,2021-09,1,68,,,,false,false,NO_CANDIDATE,BRND_NOT_IN_TDR,NONE,,,BRND_NOT_IN_TDR:primary;SUBJ_UNMAPPED_NAME:info,none,0,0,0,,0,0,,0
LEXUS|CT200H,CT200h,LEXUS,unmapped_name,,ไม่ระบุ,1,0,0,2021-01,2021-01,1,68,,,,false,false,NO_CANDIDATE,NO_CANDIDATE_ALL_EXCLUDED,NONE,,,NAME_CONTRADICTION:info;GEN_LIFECYCLE_DISJOINT:info;NO_CANDIDATE_ALL_EXCLUDED:primary;SUBJ_UNMAPPED_NAME:info,none,11,0,0,0,11,0,,0
LEXUS|GS250,GS250,LEXUS,unmapped_name,,ไม่ระบุ,1,0,0,2022-01,2022-01,1,68,,,,false,false,NO_CANDIDATE,NO_CANDIDATE_ALL_EXCLUDED,NONE,,,NAME_CONTRADICTION:info;GEN_LIFECYCLE_DISJOINT:info;NO_CANDIDATE_ALL_EXCLUDED:primary;SUBJ_UNMAPPED_NAME:info,none,11,0,0,0,11,0,,0
LEXUS|GSE20R AETLHW E4,GSE20R-AETLHW  E4,LEXUS,unmapped_name,,ไม่ระบุ,1,0,0,2021-05,2021-05,1,68,,,,false,false,NO_CANDIDATE,NO_CANDIDATE_ALL_EXCLUDED,NONE,,,NAME_CONTRADICTION:info;GEN_LIFECYCLE_DISJOINT:info;NO_CANDIDATE_ALL_EXCLUDED:primary;SUBJ_UNMAPPED_NAME:info,none,11,0,0,0,11,0,,0
LEXUS|GX550,GX550,LEXUS,unmapped_name,,ไม่ระบุ,2,0,2,2025-02,2025-05,2,67,,,,false,false,NO_CANDIDATE,NO_CANDIDATE_ALL_EXCLUDED,NONE,,,NAME_CONTRADICTION:info;NO_CANDIDATE_ALL_EXCLUDED:primary;SUBJ_UNMAPPED_NAME:info,none,11,0,0,0,11,0,,0
LEXUS|ไม่ระบุ,ไม่ระบุ,LEXUS,unmapped_name,,ไม่ระบุ,19,4,4,2021-01,2026-09,13,56,,,,false,false,INSUFFICIENT_DATA,INSUFFICIENT_DATA_NO_BASIS,NONE,,,SUBJ_UNSPECIFIED_NAME:info;SUBJ_DUPLICATE_DISPLAY_NAME:info;SER_MISSING_ROW_SEMANTICS_UNCONFIRMED:blocking;SER_OVERLAP_BELOW_PROPOSE_MIN:info;INSUFFICIENT_DATA_NO_BASIS:primary;SUBJ_UNMAPPED_NAME:info;SER_COVERAGE_ASYMMETRIC:info;SER_UNOBSERVED_NOT_ZERO:info,none,11,0,0,0,11,0,,0
LINXYS|G100P R,G100P-R,LINXYS,unmapped_name,,ไม่ระบุ,4,2,2,2025-11,2026-09,2,67,,,,false,false,NO_CANDIDATE,BRND_NOT_IN_TDR,NONE,,,BRND_NOT_IN_TDR:primary;SUBJ_UNMAPPED_NAME:info,none,0,0,0,,0,0,,0
LONDON TAXI|TX4,TX4,LONDON TAXI,unmapped_name,,ไม่ระบุ,2,0,0,2023-10,2023-10,1,68,,,,false,false,NO_CANDIDATE,BRND_NOT_IN_TDR,NONE,,,BRND_NOT_IN_TDR:primary;SUBJ_UNMAPPED_NAME:info,none,0,0,0,,0,0,,0
LUMIN|CHANGAN LUMIN SWEET,CHANGAN LUMIN SWEET,LUMIN,unmapped_name,,ไม่ระบุ,2,0,0,2023-02,2023-03,2,67,,,,false,false,NO_CANDIDATE,BRND_NOT_IN_TDR,NONE,,,BRND_NOT_IN_TDR:primary;SUBJ_UNMAPPED_NAME:info,none,0,0,0,,0,0,,0
MANGIA|ไม่ระบุ,ไม่ระบุ,MANGIA,unmapped_name,,ไม่ระบุ,1,0,0,2023-12,2023-12,1,68,,,,false,false,NO_CANDIDATE,BRND_NOT_IN_TDR,NONE,,,SUBJ_UNSPECIFIED_NAME:info;SUBJ_DUPLICATE_DISPLAY_NAME:info;BRND_NOT_IN_TDR:primary;SUBJ_UNMAPPED_NAME:info,none,0,0,0,,0,0,,0
MAN|TGL 12 250 4X2 BB,TGL 12.250 4X2 BB,MAN,unmapped_name,,ไม่ระบุ,6,0,0,2021-05,2021-05,1,68,,,,false,false,NO_CANDIDATE,BRND_NOT_IN_TDR,NONE,,,BRND_NOT_IN_TDR:primary;SUBJ_UNMAPPED_NAME:info,none,0,0,0,,0,0,,0
MAN|TGL 12 250 4X2 BB CH,TGL 12.250 4X2 BB CH,MAN,unmapped_name,,ไม่ระบุ,7,0,0,2023-06,2023-07,2,67,,,,false,false,NO_CANDIDATE,BRND_NOT_IN_TDR,NONE,,,BRND_NOT_IN_TDR:primary;SUBJ_UNMAPPED_NAME:info,none,0,0,0,,0,0,,0
MAN|TGM 13 290 4X4 BB CH,TGM 13.290 4X4 BB CH,MAN,unmapped_name,,ไม่ระบุ,2,0,0,2024-02,2024-02,1,68,,,,false,false,NO_CANDIDATE,BRND_NOT_IN_TDR,NONE,,,BRND_NOT_IN_TDR:primary;SUBJ_UNMAPPED_NAME:info,none,0,0,0,,0,0,,0
MAN|TGS 33 360 6X4 BB CH,TGS 33.360 6X4 BB CH,MAN,unmapped_name,,ไม่ระบุ,2,0,0,2024-01,2026-09,2,67,,,,false,false,NO_CANDIDATE,BRND_NOT_IN_TDR,NONE,,,BRND_NOT_IN_TDR:primary;SUBJ_UNMAPPED_NAME:info,none,0,0,0,,0,0,,0
MAN|TGS 33 480 6X4 BB CH,TGS 33.480 6x4 BB CH,MAN,unmapped_name,,ไม่ระบุ,1,0,1,2025-01,2025-01,1,68,,,,false,false,NO_CANDIDATE,BRND_NOT_IN_TDR,NONE,,,BRND_NOT_IN_TDR:primary;SUBJ_UNMAPPED_NAME:info,none,0,0,0,,0,0,,0
MASERATI|GRANCABRIO SPORT,GRANCABRIO SPORT,MASERATI,unmapped_name,,ไม่ระบุ,1,0,0,2022-05,2022-05,1,68,,,,false,false,NO_CANDIDATE,NO_CANDIDATE_ALL_EXCLUDED,NONE,,,NAME_CONTRADICTION:info;NO_CANDIDATE_ALL_EXCLUDED:primary;SUBJ_UNMAPPED_NAME:info,none,3,0,0,0,3,1,maserati.granturismo,1
MAZDA|RX 7 TYPE RB,RX-7 TYPE RB,MAZDA,unmapped_name,,ไม่ระบุ,1,0,0,2021-12,2021-12,1,68,,,,false,false,NO_CANDIDATE,NO_CANDIDATE_ALL_EXCLUDED,NONE,,,NAME_CONTRADICTION:info;NO_CANDIDATE_ALL_EXCLUDED:primary;SUBJ_UNMAPPED_NAME:info,none,12,0,0,0,12,0,,0
MCLAREN|570GT COUPE,570GT COUPE,MCLAREN,unmapped_name,,ไม่ระบุ,3,0,0,2021-03,2021-11,2,67,,,,false,false,NO_CANDIDATE,NO_CANDIDATE_ALL_EXCLUDED,NONE,,,NAME_CONTRADICTION:info;NO_CANDIDATE_ALL_EXCLUDED:primary;SUBJ_UNMAPPED_NAME:info,none,1,0,0,0,1,0,,0
MCLAREN|600LT,600LT,MCLAREN,unmapped_name,,ไม่ระบุ,1,0,0,2021-01,2021-01,1,68,,,,false,false,NO_CANDIDATE,NO_CANDIDATE_ALL_EXCLUDED,NONE,,,NAME_CONTRADICTION:info;GEN_LIFECYCLE_DISJOINT:info;NO_CANDIDATE_ALL_EXCLUDED:primary;SUBJ_UNMAPPED_NAME:info,none,1,0,0,0,1,0,,0
MCLAREN|600LT SPIDER,600LT Spider,MCLAREN,unmapped_name,,ไม่ระบุ,1,0,0,2021-08,2021-08,1,68,,,,false,false,NO_CANDIDATE,NO_CANDIDATE_ALL_EXCLUDED,NONE,,,NAME_CONTRADICTION:info;NO_CANDIDATE_ALL_EXCLUDED:primary;SUBJ_UNMAPPED_NAME:info,none,1,0,0,0,1,0,,0
MCLAREN|620R COUPE,620R COUPE,MCLAREN,unmapped_name,,ไม่ระบุ,1,0,0,2021-09,2021-09,1,68,,,,false,false,NO_CANDIDATE,NO_CANDIDATE_ALL_EXCLUDED,NONE,,,NAME_CONTRADICTION:info;NO_CANDIDATE_ALL_EXCLUDED:primary;SUBJ_UNMAPPED_NAME:info,none,1,0,0,0,1,0,,0
MCLAREN|720S COUPE,720S COUPE,MCLAREN,unmapped_name,,ไม่ระบุ,26,0,0,2021-02,2024-05,22,47,,,,false,false,NO_CANDIDATE,NO_CANDIDATE_ALL_EXCLUDED,NONE,,,NAME_CONTRADICTION:info;NO_CANDIDATE_ALL_EXCLUDED:primary;SUBJ_UNMAPPED_NAME:info,none,1,0,0,0,1,0,,0
MCLAREN|720S COUPE PERFORMANCE,720S COUPE PERFORMANCE,MCLAREN,unmapped_name,,ไม่ระบุ,1,0,0,2021-05,2021-05,1,68,,,,false,false,NO_CANDIDATE,NO_CANDIDATE_ALL_EXCLUDED,NONE,,,NAME_CONTRADICTION:info;GEN_LIFECYCLE_DISJOINT:info;NO_CANDIDATE_ALL_EXCLUDED:primary;SUBJ_UNMAPPED_NAME:info,none,1,0,0,0,1,0,,0
MCLAREN|720S COUPE V8,720S COUPE V8,MCLAREN,unmapped_name,,ไม่ระบุ,1,0,0,2022-06,2022-06,1,68,,,,false,false,NO_CANDIDATE,NO_CANDIDATE_ALL_EXCLUDED,NONE,,,NAME_CONTRADICTION:info;NO_CANDIDATE_ALL_EXCLUDED:primary;SUBJ_UNMAPPED_NAME:info,none,1,0,0,0,1,0,,0
MCLAREN|720S LE MANS COUPE,720S LE MANS COUPE,MCLAREN,unmapped_name,,ไม่ระบุ,2,0,0,2022-03,2022-08,2,67,,,,false,false,NO_CANDIDATE,NO_CANDIDATE_ALL_EXCLUDED,NONE,,,NAME_CONTRADICTION:info;NO_CANDIDATE_ALL_EXCLUDED:primary;SUBJ_UNMAPPED_NAME:info,none,1,0,0,0,1,0,,0
MCLAREN|720S PERFORMANCE SPYDER,720S PERFORMANCE SPYDER,MCLAREN,unmapped_name,,ไม่ระบุ,1,0,0,2021-09,2021-09,1,68,,,,false,false,NO_CANDIDATE,NO_CANDIDATE_ALL_EXCLUDED,NONE,,,NAME_CONTRADICTION:info;NO_CANDIDATE_ALL_EXCLUDED:primary;SUBJ_UNMAPPED_NAME:info,none,1,0,0,0,1,0,,0
MCLAREN|720S SPIDER,720S SPIDER,MCLAREN,unmapped_name,,ไม่ระบุ,11,0,0,2021-01,2023-12,9,60,,,,false,false,NO_CANDIDATE,NO_CANDIDATE_ALL_EXCLUDED,NONE,,,NAME_CONTRADICTION:info;NO_CANDIDATE_ALL_EXCLUDED:primary;SUBJ_UNMAPPED_NAME:info,none,1,0,0,0,1,0,,0
MCLAREN|765L T COUPE,765L T COUPE,MCLAREN,unmapped_name,,ไม่ระบุ,11,0,0,2021-03,2022-10,8,61,,,,false,false,NO_CANDIDATE,NO_CANDIDATE_ALL_EXCLUDED,NONE,,,NAME_CONTRADICTION:info;NO_CANDIDATE_ALL_EXCLUDED:primary;SUBJ_UNMAPPED_NAME:info,none,1,0,0,0,1,0,,0
MCLAREN|765LT,765LT,MCLAREN,unmapped_name,,ไม่ระบุ,2,0,0,2022-03,2024-08,2,67,,,,false,false,NO_CANDIDATE,NO_CANDIDATE_ALL_EXCLUDED,NONE,,,NAME_CONTRADICTION:info;NO_CANDIDATE_ALL_EXCLUDED:primary;SUBJ_UNMAPPED_NAME:info,none,1,0,0,0,1,0,,0
MCLAREN|765LT COUPE,765LT COUPE,MCLAREN,unmapped_name,,ไม่ระบุ,7,0,0,2021-02,2021-10,6,63,,,,false,false,NO_CANDIDATE,NO_CANDIDATE_ALL_EXCLUDED,NONE,,,NAME_CONTRADICTION:info;NO_CANDIDATE_ALL_EXCLUDED:primary;SUBJ_UNMAPPED_NAME:info,none,1,0,0,0,1,0,,0
MCLAREN|765LT COUPLE,765LT COUPLE,MCLAREN,unmapped_name,,ไม่ระบุ,1,0,0,2021-02,2021-02,1,68,,,,false,false,NO_CANDIDATE,NO_CANDIDATE_ALL_EXCLUDED,NONE,,,NAME_CONTRADICTION:info;GEN_LIFECYCLE_DISJOINT:info;NO_CANDIDATE_ALL_EXCLUDED:primary;SUBJ_UNMAPPED_NAME:info,none,1,0,0,0,1,0,,0
MCLAREN|765LT SPIDER,765LT SPIDER,MCLAREN,unmapped_name,,ไม่ระบุ,2,0,0,2022-07,2022-11,2,67,,,,false,false,NO_CANDIDATE,NO_CANDIDATE_ALL_EXCLUDED,NONE,,,NAME_CONTRADICTION:info;NO_CANDIDATE_ALL_EXCLUDED:primary;SUBJ_UNMAPPED_NAME:info,none,1,0,0,0,1,0,,0
MCLAREN|765LT SPIDER V8 4 0L,765LT SPIDER V8 4.0L,MCLAREN,unmapped_name,,ไม่ระบุ,2,0,0,2023-04,2023-05,2,67,,,,false,false,NO_CANDIDATE,NO_CANDIDATE_ALL_EXCLUDED,NONE,,,NAME_CONTRADICTION:info;NO_CANDIDATE_ALL_EXCLUDED:primary;SUBJ_UNMAPPED_NAME:info,none,1,0,0,0,1,0,,0
MCLAREN|GT COUPE,GT COUPE,MCLAREN,unmapped_name,,ไม่ระบุ,1,0,0,2023-03,2023-03,1,68,,,,false,false,NO_CANDIDATE,NO_CANDIDATE_ALL_EXCLUDED,NONE,,,SUBJ_DUPLICATE_DISPLAY_NAME:info;NAME_CONTRADICTION:info;NO_CANDIDATE_ALL_EXCLUDED:primary;SUBJ_UNMAPPED_NAME:info,none,1,0,0,0,1,1,mclaren.gts,1
MERCEDES AMG|SL 43,SL 43,MERCEDES AMG,unmapped_name,Coupe/Convertible,รถสปอร์ต,2,0,0,2023-08,2026-09,2,67,,,,false,false,NO_CANDIDATE,NO_CANDIDATE_ALL_EXCLUDED,NONE,,,NAME_CONTRADICTION:info;NO_CANDIDATE_ALL_EXCLUDED:primary;SUBJ_UNMAPPED_NAME:info,none,19,0,0,0,0,0,,0
MERCEDES AMG|SL 55 4MATIC,SL 55 4MATIC+,MERCEDES AMG,unmapped_name,Coupe/Convertible,รถสปอร์ต,1,0,0,2023-11,2023-11,1,68,,,,false,false,NO_CANDIDATE,NO_CANDIDATE_ALL_EXCLUDED,NONE,,,NAME_CONTRADICTION:info;GEN_LIFECYCLE_DISJOINT:info;NO_CANDIDATE_ALL_EXCLUDED:primary;SUBJ_UNMAPPED_NAME:info,none,19,0,0,0,0,0,,0
MERCEDES BENZ|280GE,280GE,MERCEDES BENZ,unmapped_name,,ไม่ระบุ,1,0,0,2021-11,2021-11,1,68,,,,false,false,NO_CANDIDATE,NO_CANDIDATE_ALL_EXCLUDED,NONE,,,NAME_CONTRADICTION:info;GEN_LIFECYCLE_DISJOINT:info;NO_CANDIDATE_ALL_EXCLUDED:primary;SUBJ_UNMAPPED_NAME:info,none,19,0,0,0,0,0,,0
MERCEDES BENZ|380SL,380SL,MERCEDES BENZ,unmapped_name,,ไม่ระบุ,1,0,0,2021-08,2021-08,1,68,,,,false,false,NO_CANDIDATE,NO_CANDIDATE_ALL_EXCLUDED,NONE,,,NAME_CONTRADICTION:info;GEN_LIFECYCLE_DISJOINT:info;NO_CANDIDATE_ALL_EXCLUDED:primary;SUBJ_UNMAPPED_NAME:info,none,19,0,0,0,0,0,,0
MERCEDES BENZ|A 180,A 180,MERCEDES BENZ,unmapped_name,Hatchback,C-segment,2,0,0,2023-02,2023-12,2,67,,,,false,false,INSUFFICIENT_DATA,INSUFFICIENT_DATA_NO_BASIS,NONE,,,SER_MISSING_ROW_SEMANTICS_UNCONFIRMED:blocking;SER_OVERLAP_BELOW_PROPOSE_MIN:info;INSUFFICIENT_DATA_NO_BASIS:primary;SUBJ_UNMAPPED_NAME:info;SER_COVERAGE_ASYMMETRIC:info;SER_UNOBSERVED_NOT_ZERO:info,none,19,0,0,0,0,0,,0
MERCEDES BENZ|C 180,C 180,MERCEDES BENZ,unmapped_name,Sedan,D-segment,2,0,0,2021-03,2024-01,2,67,,,,false,false,INSUFFICIENT_DATA,INSUFFICIENT_DATA_NO_BASIS,NONE,,,SER_MISSING_ROW_SEMANTICS_UNCONFIRMED:blocking;SER_OVERLAP_BELOW_PROPOSE_MIN:info;INSUFFICIENT_DATA_NO_BASIS:primary;SUBJ_UNMAPPED_NAME:info;SER_COVERAGE_ASYMMETRIC:info;SER_UNOBSERVED_NOT_ZERO:info,none,19,0,0,0,0,0,,0
MERCEDES BENZ|C180 CGI SALOON,C180 CGI SALOON,MERCEDES BENZ,unmapped_name,Sedan,D-segment,1,0,0,2021-04,2021-04,1,68,,,,false,false,NO_CANDIDATE,NO_CANDIDATE_ALL_EXCLUDED,NONE,,,NAME_CONTRADICTION:info;GEN_LIFECYCLE_DISJOINT:info;NO_CANDIDATE_ALL_EXCLUDED:primary;SUBJ_UNMAPPED_NAME:info,none,19,0,0,0,0,0,,0
MERCEDES BENZ|CLA200D SHOOTING BRAKE,CLA200D SHOOTING BRAKE,MERCEDES BENZ,unmapped_name,Sedan,C-segment,1,0,0,2021-11,2021-11,1,68,,,,false,false,NO_CANDIDATE,NO_CANDIDATE_ALL_EXCLUDED,NONE,,,NAME_CONTRADICTION:info;GEN_LIFECYCLE_DISJOINT:info;NO_CANDIDATE_ALL_EXCLUDED:primary;SUBJ_UNMAPPED_NAME:info,none,19,0,0,0,0,0,,0
MERCEDES BENZ|E200 CGI SALOON,E200 CGI SALOON,MERCEDES BENZ,unmapped_name,Sedan,D-segment,3,0,0,2021-12,2022-03,3,66,,,,false,false,NO_CANDIDATE,NO_CANDIDATE_ALL_EXCLUDED,NONE,,,NAME_CONTRADICTION:info;GEN_LIFECYCLE_DISJOINT:info;NO_CANDIDATE_ALL_EXCLUDED:primary;SUBJ_UNMAPPED_NAME:info,none,19,0,0,0,0,0,,0
MERCEDES BENZ|E250 CDI,E250 CDI,MERCEDES BENZ,unmapped_name,Sedan,D-segment,1,0,0,2022-03,2022-03,1,68,,,,false,false,NO_CANDIDATE,NO_CANDIDATE_ALL_EXCLUDED,NONE,,,NAME_CONTRADICTION:info;GEN_LIFECYCLE_DISJOINT:info;NO_CANDIDATE_ALL_EXCLUDED:primary;SUBJ_UNMAPPED_NAME:info,none,19,0,0,0,0,0,,0
MERCEDES BENZ|E250 CGI SALOON,E250 CGI SALOON,MERCEDES BENZ,unmapped_name,Sedan,D-segment,1,0,0,2023-03,2023-03,1,68,,,,false,false,NO_CANDIDATE,NO_CANDIDATE_ALL_EXCLUDED,NONE,,,NAME_CONTRADICTION:info;GEN_LIFECYCLE_DISJOINT:info;NO_CANDIDATE_ALL_EXCLUDED:primary;SUBJ_UNMAPPED_NAME:info,none,19,0,0,0,0,0,,0
MERCEDES BENZ|G350 D HERITAGE EDITION,G350 D HERITAGE EDITION,MERCEDES BENZ,unmapped_name,SUV,E-segment,1,0,0,2022-11,2022-11,1,68,,,,false,false,NO_CANDIDATE,NO_CANDIDATE_ALL_EXCLUDED,NONE,,,NAME_CONTRADICTION:info;GEN_LIFECYCLE_DISJOINT:info;NO_CANDIDATE_ALL_EXCLUDED:primary;SUBJ_UNMAPPED_NAME:info,none,19,0,0,0,0,0,,0
MERCEDES BENZ|G500 4X4 SQUARED,G500 4X4 SQUARED,MERCEDES BENZ,unmapped_name,SUV,E-segment,2,0,2,2024-09,2024-11,2,67,,,,false,false,NO_CANDIDATE,NO_CANDIDATE_ALL_EXCLUDED,NONE,,,NAME_CONTRADICTION:info;GEN_LIFECYCLE_DISJOINT:info;NO_CANDIDATE_ALL_EXCLUDED:primary;SUBJ_UNMAPPED_NAME:info,none,19,0,0,0,0,0,,0
MERCEDES BENZ|OF917 4250 RHD,OF917 4250 RHD,MERCEDES BENZ,unmapped_name,,ไม่ระบุ,1,0,0,2022-05,2022-05,1,68,,,,false,false,NO_CANDIDATE,NO_CANDIDATE_ALL_EXCLUDED,NONE,,,NAME_CONTRADICTION:info;GEN_LIFECYCLE_DISJOINT:info;NO_CANDIDATE_ALL_EXCLUDED:primary;SUBJ_UNMAPPED_NAME:info,none,19,0,0,0,0,0,,0
MERCEDES BENZ|PONTON 190,PONTON 190,MERCEDES BENZ,unmapped_name,,ไม่ระบุ,2,0,0,2023-03,2023-03,1,68,,,,false,false,NO_CANDIDATE,NO_CANDIDATE_ALL_EXCLUDED,NONE,,,NAME_CONTRADICTION:info;GEN_LIFECYCLE_DISJOINT:info;NO_CANDIDATE_ALL_EXCLUDED:primary;SUBJ_UNMAPPED_NAME:info,none,19,0,0,0,0,0,,0
MERCEDES BENZ|PONTON 220S,PONTON 220S,MERCEDES BENZ,unmapped_name,,ไม่ระบุ,3,0,0,2023-03,2023-03,1,68,,,,false,false,NO_CANDIDATE,NO_CANDIDATE_ALL_EXCLUDED,NONE,,,NAME_CONTRADICTION:info;GEN_LIFECYCLE_DISJOINT:info;NO_CANDIDATE_ALL_EXCLUDED:primary;SUBJ_UNMAPPED_NAME:info,none,19,0,0,0,0,0,,0
MERCEDES BENZ|S 500L MILD HYBRID,S 500L MILD HYBRID,MERCEDES BENZ,unmapped_name,Sedan,E-segment,9,0,0,2021-05,2022-12,9,60,,,,false,false,INSUFFICIENT_DATA,INSUFFICIENT_DATA_NO_BASIS,NONE,,,SER_MISSING_ROW_SEMANTICS_UNCONFIRMED:blocking;SER_VOLUME_BELOW_PROPOSE_MIN:info;INSUFFICIENT_DATA_NO_BASIS:primary;SUBJ_UNMAPPED_NAME:info;SER_COVERAGE_ASYMMETRIC:info;SER_UNOBSERVED_NOT_ZERO:info,none,19,0,0,0,0,0,,0
MERCEDES BENZ|S300L,S300L,MERCEDES BENZ,unmapped_name,Sedan,E-segment,1,0,0,2021-01,2021-01,1,68,,,,false,false,NO_CANDIDATE,NO_CANDIDATE_ALL_EXCLUDED,NONE,,,NAME_CONTRADICTION:info;GEN_LIFECYCLE_DISJOINT:info;NO_CANDIDATE_ALL_EXCLUDED:primary;SUBJ_UNMAPPED_NAME:info,none,19,0,0,0,0,0,,0
MERCEDES BENZ|S500 HYBRID,S500 HYBRID,MERCEDES BENZ,unmapped_name,Sedan,E-segment,1,0,0,2021-11,2021-11,1,68,,,,false,false,NO_CANDIDATE,NO_CANDIDATE_ALL_EXCLUDED,NONE,,,NAME_CONTRADICTION:info;GEN_LIFECYCLE_DISJOINT:info;NO_CANDIDATE_ALL_EXCLUDED:primary;SUBJ_UNMAPPED_NAME:info,none,19,0,0,0,0,0,,0
MERCEDES BENZ|SL350 ROADSTER,SL350 ROADSTER,MERCEDES BENZ,unmapped_name,Coupe/Convertible,รถสปอร์ต,1,0,0,2021-05,2021-05,1,68,,,,false,false,NO_CANDIDATE,NO_CANDIDATE_ALL_EXCLUDED,NONE,,,NAME_CONTRADICTION:info;GEN_LIFECYCLE_DISJOINT:info;NO_CANDIDATE_ALL_EXCLUDED:primary;SUBJ_UNMAPPED_NAME:info,none,19,0,0,0,0,0,,0
MERCEDES BENZ|SLC300,SLC300,MERCEDES BENZ,unmapped_name,,ไม่ระบุ,15,0,1,2021-01,2024-09,10,59,,,,false,false,NO_CANDIDATE,NO_CANDIDATE_ALL_EXCLUDED,NONE,,,NAME_CONTRADICTION:info;GEN_LIFECYCLE_DISJOINT:info;NO_CANDIDATE_ALL_EXCLUDED:primary;SUBJ_UNMAPPED_NAME:info,none,19,0,0,0,0,0,,0
MERCEDES BENZ|SLK200,SLK200,MERCEDES BENZ,unmapped_name,,ไม่ระบุ,2,0,0,2021-05,2021-12,2,67,,,,false,false,NO_CANDIDATE,NO_CANDIDATE_ALL_EXCLUDED,NONE,,,NAME_CONTRADICTION:info;GEN_LIFECYCLE_DISJOINT:info;NO_CANDIDATE_ALL_EXCLUDED:primary;SUBJ_UNMAPPED_NAME:info,none,19,0,0,0,0,0,,0
MERCEDES BENZ|SLK280,SLK280,MERCEDES BENZ,unmapped_name,,ไม่ระบุ,1,0,0,2023-06,2023-06,1,68,,,,false,false,NO_CANDIDATE,NO_CANDIDATE_ALL_EXCLUDED,NONE,,,NAME_CONTRADICTION:info;GEN_LIFECYCLE_DISJOINT:info;NO_CANDIDATE_ALL_EXCLUDED:primary;SUBJ_UNMAPPED_NAME:info,none,19,0,0,0,0,0,,0
MERCEDES BENZ|UGE 232 UNIMOG U218,UGE-232 (UNIMOG U218),MERCEDES BENZ,unmapped_name,,ไม่ระบุ,1,0,0,2022-11,2022-11,1,68,,,,false,false,NO_CANDIDATE,NO_CANDIDATE_ALL_EXCLUDED,NONE,,,NAME_CONTRADICTION:info;GEN_LIFECYCLE_DISJOINT:info;NO_CANDIDATE_ALL_EXCLUDED:primary;SUBJ_UNMAPPED_NAME:info,none,19,0,0,0,0,0,,0
MERCEDES BENZ|ไม่ระบุ,ไม่ระบุ,MERCEDES BENZ,unmapped_name,,ไม่ระบุ,91,3,10,2021-09,2026-02,37,32,,,,false,false,INSUFFICIENT_DATA,INSUFFICIENT_DATA_NO_BASIS,NONE,,,SUBJ_UNSPECIFIED_NAME:info;SUBJ_DUPLICATE_DISPLAY_NAME:info;SER_MISSING_ROW_SEMANTICS_UNCONFIRMED:blocking;SER_VOLUME_BELOW_PROPOSE_MIN:info;INSUFFICIENT_DATA_NO_BASIS:primary;SUBJ_UNMAPPED_NAME:info;SER_COVERAGE_ASYMMETRIC:info;SER_UNOBSERVED_NOT_ZERO:info,discovery,19,0,0,0,0,0,,0
MERCEDESBENZ MAYBACH|S680 4 M,S680 4 M,MERCEDESBENZ MAYBACH,unmapped_name,,ไม่ระบุ,2,0,0,2022-12,2022-12,1,68,,,,false,false,NO_CANDIDATE,NO_CANDIDATE_ALL_EXCLUDED,NONE,,,NAME_CONTRADICTION:info;GEN_LIFECYCLE_DISJOINT:info;NO_CANDIDATE_ALL_EXCLUDED:primary;SUBJ_UNMAPPED_NAME:info,none,19,0,0,0,0,0,,0
MERCEDES|G63 AMG BRABUS 800,G63 AMG BRABUS 800,MERCEDES,unmapped_name,,ไม่ระบุ,1,0,0,2022-08,2022-08,1,68,,,,false,false,NO_CANDIDATE,NO_CANDIDATE_ALL_EXCLUDED,NONE,,,NAME_CONTRADICTION:info;GEN_LIFECYCLE_DISJOINT:info;NO_CANDIDATE_ALL_EXCLUDED:primary;SUBJ_UNMAPPED_NAME:info,none,19,0,0,0,0,0,,0
MG|MG GS,MG GS,MG,unmapped_name,,ไม่ระบุ,28,0,0,2021-01,2026-09,19,50,,,,false,false,NO_CANDIDATE,NO_CANDIDATE_ALL_EXCLUDED,NONE,,,NAME_CONTRADICTION:info;GEN_LIFECYCLE_DISJOINT:info;NO_CANDIDATE_ALL_EXCLUDED:primary;SUBJ_UNMAPPED_NAME:info,none,18,0,0,0,18,3,mg.mg_hs,1
MG|MG6,MG6,MG,unmapped_name,,ไม่ระบุ,9,0,2,2021-02,2025-02,8,61,,,,false,false,NO_CANDIDATE,NO_CANDIDATE_ALL_EXCLUDED,NONE,,,NAME_CONTRADICTION:info;GEN_LIFECYCLE_DISJOINT:info;NO_CANDIDATE_ALL_EXCLUDED:primary;SUBJ_UNMAPPED_NAME:info,none,18,0,0,0,18,1,mg.mg_im6,1
MG|ไม่ระบุ,ไม่ระบุ,MG,unmapped_name,,ไม่ระบุ,1,0,0,2021-10,2021-10,1,68,,,,false,false,INSUFFICIENT_DATA,INSUFFICIENT_DATA_NO_BASIS,NONE,,,SUBJ_UNSPECIFIED_NAME:info;SUBJ_DUPLICATE_DISPLAY_NAME:info;SER_MISSING_ROW_SEMANTICS_UNCONFIRMED:blocking;SER_OVERLAP_BELOW_PROPOSE_MIN:info;INSUFFICIENT_DATA_NO_BASIS:primary;SUBJ_UNMAPPED_NAME:info;SER_COVERAGE_ASYMMETRIC:info;SER_UNOBSERVED_NOT_ZERO:info;SER_NO_COMMON_WINDOW:info,none,18,0,0,0,18,0,,0
MINE MOBILITY|SPA1,SPA1,MINE MOBILITY,unmapped_name,,ไม่ระบุ,13,0,0,2021-06,2021-06,1,68,,,,false,false,NO_CANDIDATE,NO_CANDIDATE_ALL_EXCLUDED,NONE,,,NAME_CONTRADICTION:info;NO_CANDIDATE_ALL_EXCLUDED:primary;SUBJ_UNMAPPED_NAME:info,none,1,0,0,0,1,0,,0
MINI|ไม่ระบุ,ไม่ระบุ,MINI,unmapped_name,,ไม่ระบุ,6,0,0,2022-07,2024-01,6,63,,,,false,false,INSUFFICIENT_DATA,INSUFFICIENT_DATA_NO_BASIS,NONE,,,SUBJ_UNSPECIFIED_NAME:info;SUBJ_DUPLICATE_DISPLAY_NAME:info;SER_MISSING_ROW_SEMANTICS_UNCONFIRMED:blocking;SER_VOLUME_BELOW_PROPOSE_MIN:info;INSUFFICIENT_DATA_NO_BASIS:primary;SUBJ_UNMAPPED_NAME:info;SER_COVERAGE_ASYMMETRIC:info;SER_UNOBSERVED_NOT_ZERO:info;SER_NO_COMMON_WINDOW:info,none,4,0,0,0,4,0,,0
MITSUBISHI|A03AXTHHRU,A03AXTHHRU,MITSUBISHI,unmapped_name,,ไม่ระบุ,3,3,3,2025-10,2025-12,2,67,,,,false,false,NO_CANDIDATE,NO_CANDIDATE_ALL_EXCLUDED,NONE,,,NAME_CONTRADICTION:info;NO_CANDIDATE_ALL_EXCLUDED:primary;SUBJ_UNMAPPED_NAME:info,none,9,0,0,0,9,1,mitsubishi.attrage,1
MITSUBISHI|A03AXTMHRU,A03AXTMHRU,MITSUBISHI,unmapped_name,,ไม่ระบุ,1,0,1,2025-02,2025-02,1,68,,,,false,false,NO_CANDIDATE,NO_CANDIDATE_ALL_EXCLUDED,NONE,,,NAME_CONTRADICTION:info;NO_CANDIDATE_ALL_EXCLUDED:primary;SUBJ_UNMAPPED_NAME:info,none,9,0,0,0,9,1,mitsubishi.attrage,1
MITSUBISHI|A13ASTMHRU,A13ASTMHRU,MITSUBISHI,unmapped_name,,ไม่ระบุ,1,0,1,2025-08,2025-08,1,68,,,,false,false,NO_CANDIDATE,NO_CANDIDATE_ALL_EXCLUDED,NONE,,,NAME_CONTRADICTION:info;NO_CANDIDATE_ALL_EXCLUDED:primary;SUBJ_UNMAPPED_NAME:info,none,9,0,0,0,9,1,mitsubishi.attrage,1
MITSUBISHI|CY3ASTHHRU,CY3ASTHHRU,MITSUBISHI,unmapped_name,,ไม่ระบุ,2,0,0,2021-11,2023-06,2,67,,,,false,false,NO_CANDIDATE,NO_CANDIDATE_ALL_EXCLUDED,NONE,,,NAME_CONTRADICTION:info;GEN_LIFECYCLE_DISJOINT:info;NO_CANDIDATE_ALL_EXCLUDED:primary;SUBJ_UNMAPPED_NAME:info,none,9,0,0,0,9,1,mitsubishi.attrage,1
MITSUBISHI|K14TUNSRUX,K14TUNSRUX,MITSUBISHI,unmapped_name,,ไม่ระบุ,1,0,1,2024-12,2024-12,1,68,,,,false,false,NO_CANDIDATE,NO_CANDIDATE_ALL_EXCLUDED,NONE,,,NAME_CONTRADICTION:info;NO_CANDIDATE_ALL_EXCLUDED:primary;SUBJ_UNMAPPED_NAME:info,none,9,0,0,0,9,0,,0
MITSUBISHI|KA4TXJNHZPRU,KA4TXJNHZPRU,MITSUBISHI,unmapped_name,,ไม่ระบุ,2,0,0,2021-11,2022-04,2,67,,,,false,false,NO_CANDIDATE,NO_CANDIDATE_ALL_EXCLUDED,NONE,,,NAME_CONTRADICTION:info;GEN_LIFECYCLE_DISJOINT:info;NO_CANDIDATE_ALL_EXCLUDED:primary;SUBJ_UNMAPPED_NAME:info,none,9,0,0,0,9,0,,0
MITSUBISHI|KA5TNCNUERU,KA5TNCNUERU,MITSUBISHI,unmapped_name,,ไม่ระบุ,3,1,2,2021-05,2025-11,3,66,,,,false,false,NO_CANDIDATE,NO_CANDIDATE_ALL_EXCLUDED,NONE,,,NAME_CONTRADICTION:info;NO_CANDIDATE_ALL_EXCLUDED:primary;SUBJ_UNMAPPED_NAME:info,none,9,0,0,0,9,1,mitsubishi.xpander,1
MITSUBISHI|KA5TXJNHERU,KA5TXJNHERU,MITSUBISHI,unmapped_name,,ไม่ระบุ,1,0,0,2021-11,2021-11,1,68,,,,false,false,NO_CANDIDATE,NO_CANDIDATE_ALL_EXCLUDED,NONE,,,NAME_CONTRADICTION:info;GEN_LIFECYCLE_DISJOINT:info;NO_CANDIDATE_ALL_EXCLUDED:primary;SUBJ_UNMAPPED_NAME:info,none,9,0,0,0,9,1,mitsubishi.xpander,1
MITSUBISHI|KB4TGJNXZPRU,KB4TGJNXZPRU,MITSUBISHI,unmapped_name,,ไม่ระบุ,1,0,1,2025-03,2025-03,1,68,,,,false,false,NO_CANDIDATE,NO_CANDIDATE_ALL_EXCLUDED,NONE,,,NAME_CONTRADICTION:info;NO_CANDIDATE_ALL_EXCLUDED:primary;SUBJ_UNMAPPED_NAME:info,none,9,0,0,0,9,0,,0
MITSUBISHI|KB4TNENUZPRU,KB4TNENUZPRU,MITSUBISHI,unmapped_name,,ไม่ระบุ,2,0,0,2021-04,2021-08,2,67,,,,false,false,NO_CANDIDATE,NO_CANDIDATE_ALL_EXCLUDED,NONE,,,NAME_CONTRADICTION:info;GEN_LIFECYCLE_DISJOINT:info;NO_CANDIDATE_ALL_EXCLUDED:primary;SUBJ_UNMAPPED_NAME:info,none,9,0,0,0,9,0,,0
MITSUBISHI|KG4WGYPSRU,KG4WGYPSRU,MITSUBISHI,unmapped_name,,ไม่ระบุ,1,0,0,2022-05,2022-05,1,68,,,,false,false,NO_CANDIDATE,NO_CANDIDATE_ALL_EXCLUDED,NONE,,,NAME_CONTRADICTION:info;GEN_LIFECYCLE_DISJOINT:info;NO_CANDIDATE_ALL_EXCLUDED:primary;SUBJ_UNMAPPED_NAME:info,none,9,0,0,0,9,0,,0
MITSUBISHI|KG6WGYPYRU,KG6WGYPYRU,MITSUBISHI,unmapped_name,,ไม่ระบุ,1,0,0,2021-03,2021-03,1,68,,,,false,false,NO_CANDIDATE,NO_CANDIDATE_ALL_EXCLUDED,NONE,,,NAME_CONTRADICTION:info;GEN_LIFECYCLE_DISJOINT:info;NO_CANDIDATE_ALL_EXCLUDED:primary;SUBJ_UNMAPPED_NAME:info,none,9,0,0,0,9,0,,0
MITSUBISHI|KH4WGYPZRU,KH4WGYPZRU,MITSUBISHI,unmapped_name,,ไม่ระบุ,4,1,1,2022-11,2025-10,4,65,,,,false,false,NO_CANDIDATE,NO_CANDIDATE_ALL_EXCLUDED,NONE,,,NAME_CONTRADICTION:info;NO_CANDIDATE_ALL_EXCLUDED:primary;SUBJ_UNMAPPED_NAME:info,none,9,0,0,0,9,0,,0
MITSUBISHI|KP3TEYJFPRU,KP3TEYJFPRU,MITSUBISHI,unmapped_name,,ไม่ระบุ,4,0,0,2021-06,2024-08,4,65,,,,false,false,NO_CANDIDATE,NO_CANDIDATE_ALL_EXCLUDED,NONE,,,NAME_CONTRADICTION:info;NO_CANDIDATE_ALL_EXCLUDED:primary;SUBJ_UNMAPPED_NAME:info,none,9,0,0,0,9,0,,0
MITSUBISHI|KR1WGUMFPRU,KR1WGUMFPRU,MITSUBISHI,unmapped_name,,ไม่ระบุ,1,0,0,2022-10,2022-10,1,68,,,,false,false,NO_CANDIDATE,NO_CANDIDATE_ALL_EXCLUDED,NONE,,,NAME_CONTRADICTION:info;GEN_LIFECYCLE_DISJOINT:info;NO_CANDIDATE_ALL_EXCLUDED:primary;SUBJ_UNMAPPED_NAME:info,none,9,0,0,0,9,0,,0
MITSUBISHI|L049GWMNTJU,L049GWMNTJU,MITSUBISHI,unmapped_name,,ไม่ระบุ,1,0,1,2024-09,2024-09,1,68,,,,false,false,NO_CANDIDATE,NO_CANDIDATE_ALL_EXCLUDED,NONE,,,NAME_CONTRADICTION:info;NO_CANDIDATE_ALL_EXCLUDED:primary;SUBJ_UNMAPPED_NAME:info,none,9,0,0,0,9,0,,0
MITSUBISHI|L200 2 5 STD P S STRADA 2WD,L200 2.5 STD. P/S (STRADA 2WD),MITSUBISHI,unmapped_name,,ไม่ระบุ,1,0,0,2023-01,2023-01,1,68,,,,false,false,NO_CANDIDATE,NO_CANDIDATE_ALL_EXCLUDED,NONE,,,NAME_CONTRADICTION:info;GEN_LIFECYCLE_DISJOINT:info;NO_CANDIDATE_ALL_EXCLUDED:primary;SUBJ_UNMAPPED_NAME:info,none,9,0,0,0,9,0,,0
MITSUBISHI|L200 P 2 5 S CAB LOW,L200 P 2.5 S-CAB LOW,MITSUBISHI,unmapped_name,,ไม่ระบุ,24,0,1,2021-02,2024-09,20,49,,,,false,false,NO_CANDIDATE,NO_CANDIDATE_ALL_EXCLUDED,NONE,,,NAME_CONTRADICTION:info;NAME_SIBLING_VARIANT:info;NO_CANDIDATE_ALL_EXCLUDED:primary;SUBJ_UNMAPPED_NAME:info,none,9,0,0,0,9,0,,0
MITSUBISHI|LANCER EVOLUTION VI GSR TOMMI,LANCER EVOLUTION VI GSR TOMMI,MITSUBISHI,unmapped_name,,ไม่ระบุ,1,0,1,2025-01,2025-01,1,68,,,,false,false,NO_CANDIDATE,NO_CANDIDATE_ALL_EXCLUDED,NONE,,,NAME_CONTRADICTION:info;NO_CANDIDATE_ALL_EXCLUDED:primary;SUBJ_UNMAPPED_NAME:info,none,9,0,0,0,9,1,mitsubishi.outlander_phev,1
MITSUBISHI|LANCER EVOLUTION X FINAL,LANCER EVOLUTION X FINAL,MITSUBISHI,unmapped_name,,ไม่ระบุ,1,0,1,2025-03,2025-03,1,68,,,,false,false,NO_CANDIDATE,NO_CANDIDATE_ALL_EXCLUDED,NONE,,,NAME_CONTRADICTION:info;NO_CANDIDATE_ALL_EXCLUDED:primary;SUBJ_UNMAPPED_NAME:info,none,9,0,0,0,9,2,mitsubishi.triton_cab,1
MITSUBISHI|MINICAB MIEV,MINICAB MIEV,MITSUBISHI,unmapped_name,,ไม่ระบุ,6,0,0,2021-11,2022-06,2,67,,,,false,false,NO_CANDIDATE,NO_CANDIDATE_ALL_EXCLUDED,NONE,,,NAME_CONTRADICTION:info;GEN_LIFECYCLE_DISJOINT:info;NO_CANDIDATE_ALL_EXCLUDED:primary;SUBJ_UNMAPPED_NAME:info,none,9,0,0,0,9,2,mitsubishi.triton_cab,1
MITSUBISHI|ไม่ระบุ,ไม่ระบุ,MITSUBISHI,unmapped_name,,ไม่ระบุ,370,1,2,2021-02,2026-06,25,44,,,,false,false,INSUFFICIENT_DATA,INSUFFICIENT_DATA_NO_BASIS,NONE,,,SUBJ_UNSPECIFIED_NAME:info;SUBJ_DUPLICATE_DISPLAY_NAME:info;SER_MISSING_ROW_SEMANTICS_UNCONFIRMED:blocking;SER_OVERLAP_BELOW_PROPOSE_MIN:info;INSUFFICIENT_DATA_NO_BASIS:primary;SUBJ_UNMAPPED_NAME:info;SER_COVERAGE_ASYMMETRIC:info;SER_UNOBSERVED_NOT_ZERO:info,discovery,9,0,0,0,9,0,,0
MORGAN|PLUS SIX SUPERSPORT,PLUS SIX SUPERSPORT,MORGAN,unmapped_name,,ไม่ระบุ,1,1,1,2026-06,2026-06,1,68,,,,false,false,NO_CANDIDATE,BRND_NOT_IN_TDR,NONE,,,BRND_NOT_IN_TDR:primary;SUBJ_UNMAPPED_NAME:info,none,0,0,0,,0,0,,0
NAZA|FORZA,FORZA,NAZA,unmapped_name,,ไม่ระบุ,2,2,2,2025-09,2025-09,1,68,,,,false,false,NO_CANDIDATE,BRND_NOT_IN_TDR,NONE,,,BRND_NOT_IN_TDR:primary;SUBJ_UNMAPPED_NAME:info,none,0,0,0,,0,0,,0
NEX|DYQ1030BEV1R HE,DYQ1030BEV1R-HE,NEX,unmapped_name,,ไม่ระบุ,1,0,0,2023-11,2023-11,1,68,,,,false,false,NO_CANDIDATE,BRND_NOT_IN_TDR,NONE,,,BRND_NOT_IN_TDR:primary;SUBJ_UNMAPPED_NAME:info,none,0,0,0,,0,0,,0
NEX|DYQ1031BEV1R,DYQ1031BEV1R,NEX,unmapped_name,,ไม่ระบุ,1,0,0,2023-11,2023-11,1,68,,,,false,false,NO_CANDIDATE,BRND_NOT_IN_TDR,NONE,,,BRND_NOT_IN_TDR:primary;SUBJ_UNMAPPED_NAME:info,none,0,0,0,,0,0,,0
NEX|DYQ1033BEV1R,DYQ1033BEV1R,NEX,unmapped_name,,ไม่ระบุ,1,0,0,2024-03,2024-03,1,68,,,,false,false,NO_CANDIDATE,BRND_NOT_IN_TDR,NONE,,,BRND_NOT_IN_TDR:primary;SUBJ_UNMAPPED_NAME:info,none,0,0,0,,0,0,,0
NEX|DYX1040,DYX1040,NEX,unmapped_name,,ไม่ระบุ,7,0,2,2024-07,2024-10,3,66,,,,false,false,NO_CANDIDATE,BRND_NOT_IN_TDR,NONE,,,BRND_NOT_IN_TDR:primary;SUBJ_UNMAPPED_NAME:info,none,0,0,0,,0,0,,0
NEX|XML6593JEVJ0,XML6593JEVJ0,NEX,unmapped_name,,ไม่ระบุ,2,0,0,2023-11,2024-04,2,67,,,,false,false,NO_CANDIDATE,BRND_NOT_IN_TDR,NONE,,,BRND_NOT_IN_TDR:primary;SUBJ_UNMAPPED_NAME:info,none,0,0,0,,0,0,,0
NISSAN|ADB2RCYD23IHL C,ADB2RCYD23IHL---C-,NISSAN,unmapped_name,,ไม่ระบุ,1,0,0,2021-06,2021-06,1,68,,,,false,false,NO_CANDIDATE,NO_CANDIDATE_ALL_EXCLUDED,NONE,,,NAME_CONTRADICTION:info;GEN_LIFECYCLE_DISJOINT:info;NO_CANDIDATE_ALL_EXCLUDED:primary;SUBJ_UNMAPPED_NAME:info,none,10,0,0,0,10,1,nissan.navara_double_cab,1
NISSAN|AVPGRDFD22NXN,AVPGRDFD22NXN,NISSAN,unmapped_name,,ไม่ระบุ,1,0,0,2022-06,2022-06,1,68,,,,false,false,NO_CANDIDATE,NO_CANDIDATE_ALL_EXCLUDED,NONE,,,NAME_CONTRADICTION:info;GEN_LIFECYCLE_DISJOINT:info;NO_CANDIDATE_ALL_EXCLUDED:primary;SUBJ_UNMAPPED_NAME:info,none,10,0,0,0,10,0,,0
NISSAN|BDB2RHYD23IHN C,BDB2RHYD23IHN---C-,NISSAN,unmapped_name,,ไม่ระบุ,1,0,0,2021-05,2021-05,1,68,,,,false,false,NO_CANDIDATE,NO_CANDIDATE_ALL_EXCLUDED,NONE,,,NAME_CONTRADICTION:info;GEN_LIFECYCLE_DISJOINT:info;NO_CANDIDATE_ALL_EXCLUDED:primary;SUBJ_UNMAPPED_NAME:info,none,10,0,0,0,10,0,,0
NISSAN|BDBARGZL33MHA A,BDBARGZL33MHA---A-,NISSAN,unmapped_name,,ไม่ระบุ,4,0,1,2021-03,2024-12,4,65,,,,false,false,NO_CANDIDATE,NO_CANDIDATE_ALL_EXCLUDED,NONE,,,NAME_CONTRADICTION:info;NO_CANDIDATE_ALL_EXCLUDED:primary;SUBJ_UNMAPPED_NAME:info,none,10,0,0,0,10,2,nissan.almera,1
NISSAN|BDBGRTYD40EHG A,BDBGRTYD40EHG--A--,NISSAN,unmapped_name,,ไม่ระบุ,1,0,0,2021-10,2021-10,1,68,,,,false,false,NO_CANDIDATE,NO_CANDIDATE_ALL_EXCLUDED,NONE,,,NAME_CONTRADICTION:info;GEN_LIFECYCLE_DISJOINT:info;NO_CANDIDATE_ALL_EXCLUDED:primary;SUBJ_UNMAPPED_NAME:info,none,10,0,0,0,10,0,,0
NISSAN|BDRAREZL33MHA B,BDRAREZL33MHA---B-,NISSAN,unmapped_name,,ไม่ระบุ,5,0,1,2021-02,2024-12,5,64,,,,false,false,NO_CANDIDATE,NO_CANDIDATE_ALL_EXCLUDED,NONE,,,NAME_CONTRADICTION:info;NO_CANDIDATE_ALL_EXCLUDED:primary;SUBJ_UNMAPPED_NAME:info,none,10,0,0,0,10,1,nissan.navara_cab,1
NISSAN|BDSARGZB172HA A,BDSARGZB172HA---A-,NISSAN,unmapped_name,,ไม่ระบุ,2,0,0,2021-03,2022-07,2,67,,,,false,false,NO_CANDIDATE,NO_CANDIDATE_ALL_EXCLUDED,NONE,,,NAME_CONTRADICTION:info;NO_CANDIDATE_ALL_EXCLUDED:primary;SUBJ_UNMAPPED_NAME:info,none,10,0,0,0,10,1,nissan.navara_cab,1
NISSAN|BDTARCFB172HA,BDTARCFB172HA-----,NISSAN,unmapped_name,,ไม่ระบุ,1,0,0,2022-01,2022-01,1,68,,,,false,false,NO_CANDIDATE,NO_CANDIDATE_ALL_EXCLUDED,NONE,,,NAME_CONTRADICTION:info;GEN_LIFECYCLE_DISJOINT:info;NO_CANDIDATE_ALL_EXCLUDED:primary;SUBJ_UNMAPPED_NAME:info,none,10,0,0,0,10,0,,0
NISSAN|BDTARGAC11MHA 2,BDTARGAC11MHA----2,NISSAN,unmapped_name,,ไม่ระบุ,2,0,0,2021-12,2022-12,2,67,,,,false,false,NO_CANDIDATE,NO_CANDIDATE_ALL_EXCLUDED,NONE,,,NAME_CONTRADICTION:info;NO_CANDIDATE_ALL_EXCLUDED:primary;SUBJ_UNMAPPED_NAME:info,none,10,0,0,0,10,0,,0
NISSAN|BDTARGZB172HA,BDTARGZB172HA-----,NISSAN,unmapped_name,,ไม่ระบุ,2,0,0,2021-11,2023-09,2,67,,,,false,false,NO_CANDIDATE,NO_CANDIDATE_ALL_EXCLUDED,NONE,,,NAME_CONTRADICTION:info;NO_CANDIDATE_ALL_EXCLUDED:primary;SUBJ_UNMAPPED_NAME:info,none,10,0,0,0,10,0,,0
NISSAN|BDTARGZB172HA B,BDTARGZB172HA----B,NISSAN,unmapped_name,,ไม่ระบุ,1,0,0,2022-08,2022-08,1,68,,,,false,false,NO_CANDIDATE,NO_CANDIDATE_ALL_EXCLUDED,NONE,,,NAME_CONTRADICTION:info;NO_CANDIDATE_ALL_EXCLUDED:primary;SUBJ_UNMAPPED_NAME:info,none,10,0,0,0,10,1,nissan.navara_cab,1
NISSAN|BDWARBGN17XHB,BDWARBGN17XHB-----,NISSAN,unmapped_name,,ไม่ระบุ,1,0,1,2025-06,2025-06,1,68,,,,false,false,NO_CANDIDATE,NO_CANDIDATE_ALL_EXCLUDED,NONE,,,NAME_CONTRADICTION:info;NO_CANDIDATE_ALL_EXCLUDED:primary;SUBJ_UNMAPPED_NAME:info,none,10,0,0,0,10,0,,0
NISSAN|BDWARBZN17XHA,BDWARBZN17XHA-----,NISSAN,unmapped_name,,ไม่ระบุ,2,0,0,2021-02,2024-05,2,67,,,,false,false,NO_CANDIDATE,NO_CANDIDATE_ALL_EXCLUDED,NONE,,,NAME_CONTRADICTION:info;NO_CANDIDATE_ALL_EXCLUDED:primary;SUBJ_UNMAPPED_NAME:info,none,10,0,0,0,10,0,,0
NISSAN|BDWARBZN17XHA B,BDWARBZN17XHA----B,NISSAN,unmapped_name,,ไม่ระบุ,1,0,0,2021-05,2021-05,1,68,,,,false,false,NO_CANDIDATE,NO_CANDIDATE_ALL_EXCLUDED,NONE,,,NAME_CONTRADICTION:info;GEN_LIFECYCLE_DISJOINT:info;NO_CANDIDATE_ALL_EXCLUDED:primary;SUBJ_UNMAPPED_NAME:info,none,10,0,0,0,10,1,nissan.navara_cab,1
NISSAN|BDWARBZN17XHAF B,BDWARBZN17XHAF---B,NISSAN,unmapped_name,,ไม่ระบุ,1,1,1,2025-09,2025-09,1,68,,,,false,false,NO_CANDIDATE,NO_CANDIDATE_ALL_EXCLUDED,NONE,,,NAME_CONTRADICTION:info;NO_CANDIDATE_ALL_EXCLUDED:primary;SUBJ_UNMAPPED_NAME:info,none,10,0,0,0,10,1,nissan.navara_cab,1
NISSAN|BDWARBZN17XHAFA B,BDWARBZN17XHAFA--B,NISSAN,unmapped_name,,ไม่ระบุ,1,0,1,2024-10,2024-10,1,68,,,,false,false,NO_CANDIDATE,NO_CANDIDATE_ALL_EXCLUDED,NONE,,,NAME_CONTRADICTION:info;NO_CANDIDATE_ALL_EXCLUDED:primary;SUBJ_UNMAPPED_NAME:info,none,10,0,0,0,10,1,nissan.navara_cab,1
NISSAN|BDWARBZN17XHAY114Z,BDWARBZN17XHAY114Z,NISSAN,unmapped_name,,ไม่ระบุ,2,0,0,2023-02,2023-11,2,67,,,,false,false,NO_CANDIDATE,NO_CANDIDATE_ALL_EXCLUDED,NONE,,,NAME_CONTRADICTION:info;NO_CANDIDATE_ALL_EXCLUDED:primary;SUBJ_UNMAPPED_NAME:info,none,10,0,0,0,10,0,,0
NISSAN|BDWARBZN17XHAY211Z,BDWARBZN17XHAY211Z,NISSAN,unmapped_name,,ไม่ระบุ,3,0,0,2023-11,2026-09,3,66,,,,false,false,NO_CANDIDATE,NO_CANDIDATE_ALL_EXCLUDED,NONE,,,NAME_CONTRADICTION:info;NO_CANDIDATE_ALL_EXCLUDED:primary;SUBJ_UNMAPPED_NAME:info,none,10,0,0,0,10,0,,0
NISSAN|BDWARGZN17XHA,BDWARGZN17XHA-----,NISSAN,unmapped_name,,ไม่ระบุ,1,0,0,2022-03,2022-03,1,68,,,,false,false,NO_CANDIDATE,NO_CANDIDATE_ALL_EXCLUDED,NONE,,,NAME_CONTRADICTION:info;GEN_LIFECYCLE_DISJOINT:info;NO_CANDIDATE_ALL_EXCLUDED:primary;SUBJ_UNMAPPED_NAME:info,none,10,0,0,0,10,0,,0
NISSAN|BDWARGZN17XHAA,BDWARGZN17XHAA----,NISSAN,unmapped_name,,ไม่ระบุ,1,0,0,2021-11,2021-11,1,68,,,,false,false,NO_CANDIDATE,NO_CANDIDATE_ALL_EXCLUDED,NONE,,,NAME_CONTRADICTION:info;GEN_LIFECYCLE_DISJOINT:info;NO_CANDIDATE_ALL_EXCLUDED:primary;SUBJ_UNMAPPED_NAME:info,none,10,0,0,0,10,0,,0
NISSAN|BDWARGZN17XHAB,BDWARGZN17XHAB----,NISSAN,unmapped_name,,ไม่ระบุ,1,0,0,2024-08,2024-08,1,68,,,,false,false,NO_CANDIDATE,NO_CANDIDATE_ALL_EXCLUDED,NONE,,,NAME_CONTRADICTION:info;NO_CANDIDATE_ALL_EXCLUDED:primary;SUBJ_UNMAPPED_NAME:info,none,10,0,0,0,10,0,,0
NISSAN|BDWARGZN17XHAG,BDWARGZN17XHAG----,NISSAN,unmapped_name,,ไม่ระบุ,4,0,0,2021-10,2024-03,3,66,,,,false,false,NO_CANDIDATE,NO_CANDIDATE_ALL_EXCLUDED,NONE,,,NAME_CONTRADICTION:info;NO_CANDIDATE_ALL_EXCLUDED:primary;SUBJ_UNMAPPED_NAME:info,none,10,0,0,0,10,0,,0
NISSAN|BDWARGZN17XHAGB,BDWARGZN17XHAGB---,NISSAN,unmapped_name,,ไม่ระบุ,1,0,0,2021-08,2021-08,1,68,,,,false,false,NO_CANDIDATE,NO_CANDIDATE_ALL_EXCLUDED,NONE,,,NAME_CONTRADICTION:info;GEN_LIFECYCLE_DISJOINT:info;NO_CANDIDATE_ALL_EXCLUDED:primary;SUBJ_UNMAPPED_NAME:info,none,10,0,0,0,10,0,,0
NISSAN|BDWARGZN17XHAY124Z,BDWARGZN17XHAY124Z,NISSAN,unmapped_name,,ไม่ระบุ,1,0,0,2023-02,2023-02,1,68,,,,false,false,NO_CANDIDATE,NO_CANDIDATE_ALL_EXCLUDED,NONE,,,NAME_CONTRADICTION:info;NO_CANDIDATE_ALL_EXCLUDED:primary;SUBJ_UNMAPPED_NAME:info,none,10,0,0,0,10,0,,0
NISSAN|BDWARGZN17XHAY231Z,BDWARGZN17XHAY231Z,NISSAN,unmapped_name,,ไม่ระบุ,1,0,0,2021-10,2021-10,1,68,,,,false,false,NO_CANDIDATE,NO_CANDIDATE_ALL_EXCLUDED,NONE,,,NAME_CONTRADICTION:info;GEN_LIFECYCLE_DISJOINT:info;NO_CANDIDATE_ALL_EXCLUDED:primary;SUBJ_UNMAPPED_NAME:info,none,10,0,0,0,10,0,,0
NISSAN|BGD21SFUA,BGD21SFUA%,NISSAN,unmapped_name,,ไม่ระบุ,2,0,0,2021-06,2024-06,2,67,,,,false,false,NO_CANDIDATE,NO_CANDIDATE_ALL_EXCLUDED,NONE,,,NAME_CONTRADICTION:info;NO_CANDIDATE_ALL_EXCLUDED:primary;SUBJ_UNMAPPED_NAME:info,none,10,0,0,0,10,0,,0
NISSAN|BLGURGWJ32EHAA,BLGURGWJ32EHAA----,NISSAN,unmapped_name,,ไม่ระบุ,1,1,1,2026-08,2026-08,1,68,,,,false,false,NO_CANDIDATE,NO_CANDIDATE_ALL_EXCLUDED,NONE,,,NAME_CONTRADICTION:info;NO_CANDIDATE_ALL_EXCLUDED:primary;SUBJ_UNMAPPED_NAME:info,none,10,0,0,0,10,0,,0
NISSAN|BLGURGWJ32EHAA CA,BLGURGWJ32EHAA--CA,NISSAN,unmapped_name,,ไม่ระบุ,1,0,0,2021-10,2021-10,1,68,,,,false,false,NO_CANDIDATE,NO_CANDIDATE_ALL_EXCLUDED,NONE,,,NAME_CONTRADICTION:info;GEN_LIFECYCLE_DISJOINT:info;NO_CANDIDATE_ALL_EXCLUDED:primary;SUBJ_UNMAPPED_NAME:info,none,10,0,0,0,10,2,nissan.navara_cab,1
NISSAN|BVL2RDYD23FHN CA,BVL2RDYD23FHN---CA,NISSAN,unmapped_name,,ไม่ระบุ,5,0,0,2021-02,2024-04,5,64,,,,false,false,NO_CANDIDATE,NO_CANDIDATE_ALL_EXCLUDED,NONE,,,NAME_CONTRADICTION:info;NO_CANDIDATE_ALL_EXCLUDED:primary;SUBJ_UNMAPPED_NAME:info,none,10,0,0,0,10,0,,0
NISSAN|BVL2RHYD23FHN CA,BVL2RHYD23FHN---CA,NISSAN,unmapped_name,,ไม่ระบุ,1,0,0,2023-03,2023-03,1,68,,,,false,false,NO_CANDIDATE,NO_CANDIDATE_ALL_EXCLUDED,NONE,,,NAME_CONTRADICTION:info;NO_CANDIDATE_ALL_EXCLUDED:primary;SUBJ_UNMAPPED_NAME:info,none,10,0,0,0,10,0,,0
NISSAN|BVL2RSYD23FHP AA,BVL2RSYD23FHP--AA-,NISSAN,unmapped_name,,ไม่ระบุ,1,0,0,2021-01,2021-01,1,68,,,,false,false,NO_CANDIDATE,NO_CANDIDATE_ALL_EXCLUDED,NONE,,,NAME_CONTRADICTION:info;GEN_LIFECYCLE_DISJOINT:info;NO_CANDIDATE_ALL_EXCLUDED:primary;SUBJ_UNMAPPED_NAME:info,none,10,0,0,0,10,0,,0
NISSAN|BVL2RSYD23FHP AAA,BVL2RSYD23FHP--AAA,NISSAN,unmapped_name,,ไม่ระบุ,3,0,0,2021-03,2023-11,3,66,,,,false,false,NO_CANDIDATE,NO_CANDIDATE_ALL_EXCLUDED,NONE,,,NAME_CONTRADICTION:info;NO_CANDIDATE_ALL_EXCLUDED:primary;SUBJ_UNMAPPED_NAME:info,none,10,0,0,0,10,0,,0
NISSAN|BVL2RTYD23FHP A,BVL2RTYD23FHP--A--,NISSAN,unmapped_name,,ไม่ระบุ,3,0,0,2021-03,2023-11,2,67,,,,false,false,NO_CANDIDATE,NO_CANDIDATE_ALL_EXCLUDED,NONE,,,NAME_CONTRADICTION:info;NO_CANDIDATE_ALL_EXCLUDED:primary;SUBJ_UNMAPPED_NAME:info,none,10,0,1,0,10,1,nissan.teana,1
NISSAN|BVL2RTYD23FHP A G,BVL2RTYD23FHP--A-G,NISSAN,unmapped_name,,ไม่ระบุ,7,0,1,2021-01,2026-09,6,63,,,,false,false,NO_CANDIDATE,NO_CANDIDATE_ALL_EXCLUDED,NONE,,,NAME_CONTRADICTION:info;NO_CANDIDATE_ALL_EXCLUDED:primary;SUBJ_UNMAPPED_NAME:info,none,10,0,0,0,10,0,,0
NISSAN|BVL2RWLD23FHP,BVL2RWLD23FHP-----,NISSAN,unmapped_name,,ไม่ระบุ,2,0,1,2022-02,2024-12,2,67,,,,false,false,NO_CANDIDATE,NO_CANDIDATE_ALL_EXCLUDED,NONE,,,NAME_CONTRADICTION:info;NO_CANDIDATE_ALL_EXCLUDED:primary;SUBJ_UNMAPPED_NAME:info,none,10,0,0,0,10,0,,0
NISSAN|BVL2RWLD23FHP A,BVL2RWLD23FHP----A,NISSAN,unmapped_name,,ไม่ระบุ,2,0,0,2022-01,2022-02,2,67,,,,false,false,NO_CANDIDATE,NO_CANDIDATE_ALL_EXCLUDED,NONE,,,NAME_CONTRADICTION:info;GEN_LIFECYCLE_DISJOINT:info;NO_CANDIDATE_ALL_EXCLUDED:primary;SUBJ_UNMAPPED_NAME:info,none,10,0,0,0,10,0,,0
NISSAN|BVL2RWLD23FHP A G,BVL2RWLD23FHP-A--G,NISSAN,unmapped_name,,ไม่ระบุ,1,0,0,2023-08,2023-08,1,68,,,,false,false,NO_CANDIDATE,NO_CANDIDATE_ALL_EXCLUDED,NONE,,,NAME_CONTRADICTION:info;NO_CANDIDATE_ALL_EXCLUDED:primary;SUBJ_UNMAPPED_NAME:info,none,10,0,0,0,10,0,,0
NISSAN|BVL4RWYD23IHP A G,BVL4RWYD23IHP-A--G,NISSAN,unmapped_name,,ไม่ระบุ,1,0,0,2021-06,2021-06,1,68,,,,false,false,NO_CANDIDATE,NO_CANDIDATE_ALL_EXCLUDED,NONE,,,NAME_CONTRADICTION:info;GEN_LIFECYCLE_DISJOINT:info;NO_CANDIDATE_ALL_EXCLUDED:primary;SUBJ_UNMAPPED_NAME:info,none,10,0,0,0,10,0,,0
NISSAN|CGD21SFU1,CGD21SFU1%,NISSAN,unmapped_name,,ไม่ระบุ,3,0,0,2021-10,2024-08,3,66,,,,false,false,NO_CANDIDATE,NO_CANDIDATE_ALL_EXCLUDED,NONE,,,NAME_CONTRADICTION:info;NO_CANDIDATE_ALL_EXCLUDED:primary;SUBJ_UNMAPPED_NAME:info,none,10,0,0,0,10,0,,0
NISSAN|CVL2RSYD23FHP AA,CVL2RSYD23FHP--AA-,NISSAN,unmapped_name,,ไม่ระบุ,1,0,0,2023-06,2023-06,1,68,,,,false,false,NO_CANDIDATE,NO_CANDIDATE_ALL_EXCLUDED,NONE,,,NAME_CONTRADICTION:info;NO_CANDIDATE_ALL_EXCLUDED:primary;SUBJ_UNMAPPED_NAME:info,none,10,0,0,0,10,0,,0
NISSAN|CVL2RTLD23FHP A A,CVL2RTLD23FHP--A-A,NISSAN,unmapped_name,,ไม่ระบุ,1,0,0,2023-09,2023-09,1,68,,,,false,false,NO_CANDIDATE,NO_CANDIDATE_ALL_EXCLUDED,NONE,,,NAME_CONTRADICTION:info;NO_CANDIDATE_ALL_EXCLUDED:primary;SUBJ_UNMAPPED_NAME:info,none,10,0,0,0,10,1,nissan.navara_cab,1
NISSAN|CVL2RWLD23FHP,CVL2RWLD23FHP-----,NISSAN,unmapped_name,,ไม่ระบุ,1,0,0,2021-09,2021-09,1,68,,,,false,false,NO_CANDIDATE,NO_CANDIDATE_ALL_EXCLUDED,NONE,,,NAME_CONTRADICTION:info;GEN_LIFECYCLE_DISJOINT:info;NO_CANDIDATE_ALL_EXCLUDED:primary;SUBJ_UNMAPPED_NAME:info,none,10,0,0,0,10,0,,0
NISSAN|CVL2RZYD23IHP,CVL2RZYD23IHP-----,NISSAN,unmapped_name,,ไม่ระบุ,4,0,0,2021-01,2023-12,4,65,,,,false,false,NO_CANDIDATE,NO_CANDIDATE_ALL_EXCLUDED,NONE,,,NAME_CONTRADICTION:info;NO_CANDIDATE_ALL_EXCLUDED:primary;SUBJ_UNMAPPED_NAME:info,none,10,0,0,0,10,0,,0
NISSAN|CVL4RZLD23IHP,CVL4RZLD23IHP-----,NISSAN,unmapped_name,,ไม่ระบุ,2,0,0,2021-01,2021-11,2,67,,,,false,false,NO_CANDIDATE,NO_CANDIDATE_ALL_EXCLUDED,NONE,,,NAME_CONTRADICTION:info;GEN_LIFECYCLE_DISJOINT:info;NO_CANDIDATE_ALL_EXCLUDED:primary;SUBJ_UNMAPPED_NAME:info,none,10,0,0,0,10,0,,0
NISSAN|FDTARRZC12MHAA,FDTARRZC12MHAA----,NISSAN,unmapped_name,,ไม่ระบุ,2,0,0,2021-04,2022-07,2,67,,,,false,false,NO_CANDIDATE,NO_CANDIDATE_ALL_EXCLUDED,NONE,,,NAME_CONTRADICTION:info;NO_CANDIDATE_ALL_EXCLUDED:primary;SUBJ_UNMAPPED_NAME:info,none,10,0,0,0,10,1,nissan.terra,1
NISSAN|FDTARUZF15EHA2 1,FDTARUZF15EHA2---1,NISSAN,unmapped_name,,ไม่ระบุ,3,0,0,2021-05,2022-04,3,66,,,,false,false,NO_CANDIDATE,NO_CANDIDATE_ALL_EXCLUDED,NONE,,,NAME_CONTRADICTION:info;GEN_LIFECYCLE_DISJOINT:info;NO_CANDIDATE_ALL_EXCLUDED:primary;SUBJ_UNMAPPED_NAME:info,none,10,0,0,0,10,0,,0
NISSAN|FDTARUZF15EHA6 1,FDTARUZF15EHA6---1,NISSAN,unmapped_name,,ไม่ระบุ,1,0,1,2024-09,2024-09,1,68,,,,false,false,NO_CANDIDATE,NO_CANDIDATE_ALL_EXCLUDED,NONE,,,NAME_CONTRADICTION:info;NO_CANDIDATE_ALL_EXCLUDED:primary;SUBJ_UNMAPPED_NAME:info,none,10,0,0,0,10,0,,0
NISSAN|FDWURQFK13EH5 A,FDWURQFK13EH5--A--,NISSAN,unmapped_name,,ไม่ระบุ,2,0,0,2021-07,2021-09,2,67,,,,false,false,NO_CANDIDATE,NO_CANDIDATE_ALL_EXCLUDED,NONE,,,NAME_CONTRADICTION:info;GEN_LIFECYCLE_DISJOINT:info;NO_CANDIDATE_ALL_EXCLUDED:primary;SUBJ_UNMAPPED_NAME:info,none,10,0,0,0,10,0,,0
NISSAN|FDWURTFK13EH5 BA,FDWURTFK13EH5--BA-,NISSAN,unmapped_name,,ไม่ระบุ,1,0,0,2021-10,2021-10,1,68,,,,false,false,NO_CANDIDATE,NO_CANDIDATE_ALL_EXCLUDED,NONE,,,NAME_CONTRADICTION:info;GEN_LIFECYCLE_DISJOINT:info;NO_CANDIDATE_ALL_EXCLUDED:primary;SUBJ_UNMAPPED_NAME:info,none,10,0,0,0,10,0,,0
NISSAN|FDWURTZK13EH5,FDWURTZK13EH5-----,NISSAN,unmapped_name,,ไม่ระบุ,1,1,1,2026-08,2026-08,1,68,,,,false,false,NO_CANDIDATE,NO_CANDIDATE_ALL_EXCLUDED,NONE,,,NAME_CONTRADICTION:info;NO_CANDIDATE_ALL_EXCLUDED:primary;SUBJ_UNMAPPED_NAME:info,none,10,0,0,0,10,0,,0
NISSAN|FDWURTZK13EH5 BA,FDWURTZK13EH5--BA-,NISSAN,unmapped_name,,ไม่ระบุ,11,0,0,2021-02,2022-04,10,59,,,,false,false,NO_CANDIDATE,NO_CANDIDATE_ALL_EXCLUDED,NONE,,,NAME_CONTRADICTION:info;GEN_LIFECYCLE_DISJOINT:info;NO_CANDIDATE_ALL_EXCLUDED:primary;SUBJ_UNMAPPED_NAME:info,none,10,0,0,0,10,0,,0
NISSAN|FDWURTZK13EH5A,FDWURTZK13EH5A----,NISSAN,unmapped_name,,ไม่ระบุ,1,0,0,2022-04,2022-04,1,68,,,,false,false,NO_CANDIDATE,NO_CANDIDATE_ALL_EXCLUDED,NONE,,,NAME_CONTRADICTION:info;GEN_LIFECYCLE_DISJOINT:info;NO_CANDIDATE_ALL_EXCLUDED:primary;SUBJ_UNMAPPED_NAME:info,none,10,0,0,0,10,0,,0
NISSAN|FDWURVZK13EH5,FDWURVZK13EH5-----,NISSAN,unmapped_name,,ไม่ระบุ,6,0,1,2021-02,2025-07,6,63,,,,false,false,NO_CANDIDATE,NO_CANDIDATE_ALL_EXCLUDED,NONE,,,NAME_CONTRADICTION:info;NO_CANDIDATE_ALL_EXCLUDED:primary;SUBJ_UNMAPPED_NAME:info,none,10,0,0,0,10,0,,0
NISSAN|FDWURVZK13XH5YA23Y,FDWURVZK13XH5YA23Y,NISSAN,unmapped_name,,ไม่ระบุ,1,0,0,2024-02,2024-02,1,68,,,,false,false,NO_CANDIDATE,NO_CANDIDATE_ALL_EXCLUDED,NONE,,,NAME_CONTRADICTION:info;NO_CANDIDATE_ALL_EXCLUDED:primary;SUBJ_UNMAPPED_NAME:info,none,10,0,0,0,10,0,,0
NISSAN|FGD21SFX,FGD21SFX%,NISSAN,unmapped_name,,ไม่ระบุ,1,0,0,2021-07,2021-07,1,68,,,,false,false,NO_CANDIDATE,NO_CANDIDATE_ALL_EXCLUDED,NONE,,,NAME_CONTRADICTION:info;GEN_LIFECYCLE_DISJOINT:info;NO_CANDIDATE_ALL_EXCLUDED:primary;SUBJ_UNMAPPED_NAME:info,none,10,0,0,0,10,0,,0
NISSAN|KBGD21FX5,KBGD21FX5%,NISSAN,unmapped_name,,ไม่ระบุ,1,0,0,2021-12,2021-12,1,68,,,,false,false,NO_CANDIDATE,NO_CANDIDATE_ALL_EXCLUDED,NONE,,,NAME_CONTRADICTION:info;GEN_LIFECYCLE_DISJOINT:info;NO_CANDIDATE_ALL_EXCLUDED:primary;SUBJ_UNMAPPED_NAME:info,none,10,0,0,0,10,0,,0
NISSAN|KTGD21FX3,KTGD21FX3%,NISSAN,unmapped_name,,ไม่ระบุ,2,0,0,2021-12,2023-03,2,67,,,,false,false,NO_CANDIDATE,NO_CANDIDATE_ALL_EXCLUDED,NONE,,,NAME_CONTRADICTION:info;NO_CANDIDATE_ALL_EXCLUDED:primary;SUBJ_UNMAPPED_NAME:info,none,10,0,0,0,10,0,,0
NISSAN|ROOX X 2WD,ROOX X 2WD,NISSAN,unmapped_name,,ไม่ระบุ,1,0,0,2024-01,2024-01,1,68,,,,false,false,NO_CANDIDATE,NO_CANDIDATE_ALL_EXCLUDED,NONE,,,NAME_CONTRADICTION:info;NAME_SIBLING_VARIANT:info;NO_CANDIDATE_ALL_EXCLUDED:primary;SUBJ_UNMAPPED_NAME:info,none,10,0,0,0,10,0,,0
NISSAN|SAKURA G,SAKURA G,NISSAN,unmapped_name,,ไม่ระบุ,5,1,1,2023-09,2025-10,4,65,,,,false,false,NO_CANDIDATE,NO_CANDIDATE_ALL_EXCLUDED,NONE,,,NAME_CONTRADICTION:info;NO_CANDIDATE_ALL_EXCLUDED:primary;SUBJ_UNMAPPED_NAME:info,none,10,0,0,0,10,3,nissan.navara_cab,1
NISSAN|TDB4RTFE25EWAY27BY,TDB4RTFE25EWAY27BY,NISSAN,unmapped_name,,ไม่ระบุ,1,0,0,2023-04,2023-04,1,68,,,,false,false,NO_CANDIDATE,NO_CANDIDATE_ALL_EXCLUDED,NONE,,,NAME_CONTRADICTION:info;NO_CANDIDATE_ALL_EXCLUDED:primary;SUBJ_UNMAPPED_NAME:info,none,10,0,0,0,10,0,,0
NISSAN|TDTARGZL112HNN,TDTARGZL112HNN----,NISSAN,unmapped_name,,ไม่ระบุ,1,0,0,2021-10,2021-10,1,68,,,,false,false,NO_CANDIDATE,NO_CANDIDATE_ALL_EXCLUDED,NONE,,,NAME_CONTRADICTION:info;GEN_LIFECYCLE_DISJOINT:info;NO_CANDIDATE_ALL_EXCLUDED:primary;SUBJ_UNMAPPED_NAME:info,none,10,0,0,0,10,0,,0
NISSAN|TDWAREZE12EHA,TDWAREZE12EHA-----,NISSAN,unmapped_name,,ไม่ระบุ,9,0,0,2021-01,2024-03,9,60,,,,false,false,NO_CANDIDATE,NO_CANDIDATE_ALL_EXCLUDED,NONE,,,NAME_CONTRADICTION:info;NO_CANDIDATE_ALL_EXCLUDED:primary;SUBJ_UNMAPPED_NAME:info,none,10,0,0,0,10,0,,0
NISSAN|TDWARFZE12EHA,TDWARFZE12EHA-----,NISSAN,unmapped_name,,ไม่ระบุ,18,0,3,2021-01,2025-03,16,53,,,,false,false,NO_CANDIDATE,NO_CANDIDATE_ALL_EXCLUDED,NONE,,,NAME_CONTRADICTION:info;NO_CANDIDATE_ALL_EXCLUDED:primary;SUBJ_UNMAPPED_NAME:info,none,10,0,0,0,10,0,,0
NISSAN|TGD21SFU5,TGD21SFU5%,NISSAN,unmapped_name,,ไม่ระบุ,1,0,0,2021-01,2021-01,1,68,,,,false,false,NO_CANDIDATE,NO_CANDIDATE_ALL_EXCLUDED,NONE,,,NAME_CONTRADICTION:info;GEN_LIFECYCLE_DISJOINT:info;NO_CANDIDATE_ALL_EXCLUDED:primary;SUBJ_UNMAPPED_NAME:info,none,10,0,0,0,10,0,,0
NISSAN|TGD2S1U7,TGD2S1U7%,NISSAN,unmapped_name,,ไม่ระบุ,1,0,0,2021-01,2021-01,1,68,,,,false,false,NO_CANDIDATE,NO_CANDIDATE_ALL_EXCLUDED,NONE,,,NAME_CONTRADICTION:info;GEN_LIFECYCLE_DISJOINT:info;NO_CANDIDATE_ALL_EXCLUDED:primary;SUBJ_UNMAPPED_NAME:info,none,10,0,0,0,10,0,,0
NISSAN|VVLGRVYD40UHGLD HT,VVLGRVYD40UHGLD-HT,NISSAN,unmapped_name,,ไม่ระบุ,2,1,1,2022-05,2025-12,2,67,,,,false,false,NO_CANDIDATE,NO_CANDIDATE_ALL_EXCLUDED,NONE,,,NAME_CONTRADICTION:info;NO_CANDIDATE_ALL_EXCLUDED:primary;SUBJ_UNMAPPED_NAME:info,none,10,0,0,0,10,0,,0
NISSAN|VVLGRXND40UHG P 3,VVLGRXND40UHG-P--3,NISSAN,unmapped_name,,ไม่ระบุ,1,0,0,2024-03,2024-03,1,68,,,,false,false,NO_CANDIDATE,NO_CANDIDATE_ALL_EXCLUDED,NONE,,,NAME_CONTRADICTION:info;NO_CANDIDATE_ALL_EXCLUDED:primary;SUBJ_UNMAPPED_NAME:info,none,10,0,0,0,10,0,,0
NISSAN|VVLURVND40UHGDBGLC,VVLURVND40UHGDBGLC,NISSAN,unmapped_name,,ไม่ระบุ,1,0,0,2021-04,2021-04,1,68,,,,false,false,NO_CANDIDATE,NO_CANDIDATE_ALL_EXCLUDED,NONE,,,NAME_CONTRADICTION:info;GEN_LIFECYCLE_DISJOINT:info;NO_CANDIDATE_ALL_EXCLUDED:primary;SUBJ_UNMAPPED_NAME:info,none,10,0,0,0,10,0,,0
NISSAN|ไม่ระบุ,ไม่ระบุ,NISSAN,unmapped_name,,ไม่ระบุ,139,1,1,2021-01,2026-05,27,42,,,,false,false,INSUFFICIENT_DATA,INSUFFICIENT_DATA_NO_BASIS,NONE,,,SUBJ_UNSPECIFIED_NAME:info;SUBJ_DUPLICATE_DISPLAY_NAME:info;SER_MISSING_ROW_SEMANTICS_UNCONFIRMED:blocking;SER_OVERLAP_BELOW_PROPOSE_MIN:info;INSUFFICIENT_DATA_NO_BASIS:primary;SUBJ_UNMAPPED_NAME:info;SER_COVERAGE_ASYMMETRIC:info;SER_UNOBSERVED_NOT_ZERO:info,discovery,10,0,0,0,10,0,,0
PIERCE|ไม่ระบุ,ไม่ระบุ,PIERCE,unmapped_name,,ไม่ระบุ,1,0,0,2021-02,2021-02,1,68,,,,false,false,NO_CANDIDATE,BRND_NOT_IN_TDR,NONE,,,SUBJ_UNSPECIFIED_NAME:info;SUBJ_DUPLICATE_DISPLAY_NAME:info;BRND_NOT_IN_TDR:primary;SUBJ_UNMAPPED_NAME:info,none,0,0,0,,0,0,,0
PORSCHE|997 C4S,997 C4S,PORSCHE,unmapped_name,,ไม่ระบุ,1,0,0,2021-06,2021-06,1,68,,,,false,false,NO_CANDIDATE,NO_CANDIDATE_ALL_EXCLUDED,NONE,,,NAME_CONTRADICTION:info;GEN_LIFECYCLE_DISJOINT:info;NO_CANDIDATE_ALL_EXCLUDED:primary;SUBJ_UNMAPPED_NAME:info,none,6,0,0,0,6,0,,0
PORSCHE|ไม่ระบุ,ไม่ระบุ,PORSCHE,unmapped_name,,ไม่ระบุ,2,0,1,2021-01,2025-06,2,67,,,,false,false,INSUFFICIENT_DATA,INSUFFICIENT_DATA_NO_BASIS,NONE,,,SUBJ_UNSPECIFIED_NAME:info;SUBJ_DUPLICATE_DISPLAY_NAME:info;SER_MISSING_ROW_SEMANTICS_UNCONFIRMED:blocking;SER_OVERLAP_BELOW_PROPOSE_MIN:info;INSUFFICIENT_DATA_NO_BASIS:primary;SUBJ_UNMAPPED_NAME:info;SER_COVERAGE_ASYMMETRIC:info;SER_UNOBSERVED_NOT_ZERO:info,none,6,0,0,0,6,0,,0
PRODRIVE|P25,P25,PRODRIVE,unmapped_name,,ไม่ระบุ,1,0,0,2023-06,2023-06,1,68,,,,false,false,NO_CANDIDATE,BRND_NOT_IN_TDR,NONE,,,BRND_NOT_IN_TDR:primary;SUBJ_UNMAPPED_NAME:info,none,0,0,0,,0,0,,0
PROTON|EXORA,EXORA,PROTON,unmapped_name,,ไม่ระบุ,4,1,1,2021-03,2025-09,3,66,,,,false,false,NO_CANDIDATE,BRND_NOT_IN_TDR,NONE,,,BRND_NOT_IN_TDR:primary;SUBJ_UNMAPPED_NAME:info,none,0,0,0,,0,0,,0
RANGE ROVER|AUTOBIOGRAPHY P400E LWB,AUTOBIOGRAPHY P400E LWB,RANGE ROVER,unmapped_name,,ไม่ระบุ,2,0,0,2021-03,2021-04,2,67,,,,false,false,NO_CANDIDATE,NO_CANDIDATE_ALL_EXCLUDED,NONE,,,NAME_CONTRADICTION:info;GEN_LIFECYCLE_DISJOINT:info;NO_CANDIDATE_ALL_EXCLUDED:primary;SUBJ_UNMAPPED_NAME:info,none,4,0,0,0,0,0,,0
RANGE ROVER|EVOQUE 2 2 SD4 DYNAMIC,EVOQUE 2.2 SD4 DYNAMIC,RANGE ROVER,unmapped_name,,ไม่ระบุ,1,0,0,2023-06,2023-06,1,68,,,,false,false,NO_CANDIDATE,NO_CANDIDATE_ALL_EXCLUDED,NONE,,,NAME_CONTRADICTION:info;NO_CANDIDATE_ALL_EXCLUDED:primary;SUBJ_UNMAPPED_NAME:info,none,4,0,0,0,0,0,,0
RANGE ROVER|EVOQUE 2 2L SD4,EVOQUE 2.2L SD4,RANGE ROVER,unmapped_name,,ไม่ระบุ,1,0,0,2023-03,2023-03,1,68,,,,false,false,NO_CANDIDATE,NO_CANDIDATE_ALL_EXCLUDED,NONE,,,NAME_CONTRADICTION:info;NO_CANDIDATE_ALL_EXCLUDED:primary;SUBJ_UNMAPPED_NAME:info,none,4,0,0,0,0,0,,0
RELY|Q22 1 2L,Q22 1.2L,RELY,unmapped_name,,ไม่ระบุ,2,0,0,2021-01,2021-01,1,68,,,,false,false,NO_CANDIDATE,BRND_NOT_IN_TDR,NONE,,,BRND_NOT_IN_TDR:primary;SUBJ_UNMAPPED_NAME:info,none,0,0,0,,0,0,,0
RELY|Q22B 1 1L,Q22B 1.1L,RELY,unmapped_name,,ไม่ระบุ,3,0,2,2024-08,2025-07,3,66,,,,false,false,NO_CANDIDATE,BRND_NOT_IN_TDR,NONE,,,BRND_NOT_IN_TDR:primary;SUBJ_UNMAPPED_NAME:info,none,0,0,0,,0,0,,0
RENAULT|MEGANE RS 300 TROPHY EDC,MEGANE RS 300 TROPHY EDC,RENAULT,unmapped_name,,ไม่ระบุ,1,0,0,2024-02,2024-02,1,68,,,,false,false,NO_CANDIDATE,BRND_NOT_IN_TDR,NONE,,,BRND_NOT_IN_TDR:primary;SUBJ_UNMAPPED_NAME:info,none,0,0,0,,0,0,,0
ROLLS ROYCE|DAWN,DAWN,ROLLS ROYCE,unmapped_name,,ไม่ระบุ,2,0,0,2022-06,2023-04,2,67,,,,false,false,NO_CANDIDATE,NO_CANDIDATE_ALL_EXCLUDED,NONE,,,NAME_CONTRADICTION:info;NO_CANDIDATE_ALL_EXCLUDED:primary;SUBJ_UNMAPPED_NAME:info,none,1,0,0,0,0,0,,0
ROLLS ROYCE|SILVER CLOUD,SILVER CLOUD,ROLLS ROYCE,unmapped_name,,ไม่ระบุ,2,0,1,2022-06,2025-06,2,67,,,,false,false,NO_CANDIDATE,NO_CANDIDATE_ALL_EXCLUDED,NONE,,,NAME_CONTRADICTION:info;NO_CANDIDATE_ALL_EXCLUDED:primary;SUBJ_UNMAPPED_NAME:info,none,1,0,0,0,0,0,,0
ROLLS ROYCE|WRAITH,WRAITH,ROLLS ROYCE,unmapped_name,,ไม่ระบุ,7,0,0,2021-06,2023-02,7,62,,,,false,false,NO_CANDIDATE,NO_CANDIDATE_ALL_EXCLUDED,NONE,,,NAME_CONTRADICTION:info;NO_CANDIDATE_ALL_EXCLUDED:primary;SUBJ_UNMAPPED_NAME:info,none,1,0,0,0,0,0,,0
ROLLS ROYCE|ไม่ระบุ,ไม่ระบุ,ROLLS ROYCE,unmapped_name,,ไม่ระบุ,1,0,0,2021-05,2021-05,1,68,,,,false,false,NO_CANDIDATE,NO_CANDIDATE_ALL_EXCLUDED,NONE,,,SUBJ_UNSPECIFIED_NAME:info;SUBJ_DUPLICATE_DISPLAY_NAME:info;GEN_LIFECYCLE_DISJOINT:info;NO_CANDIDATE_ALL_EXCLUDED:primary;SUBJ_UNMAPPED_NAME:info,none,1,0,0,0,0,0,,0
ROSENBAUER|AERIAL LADDER L64P,AERIAL LADDER L64P,ROSENBAUER,unmapped_name,,ไม่ระบุ,1,1,1,2025-09,2025-09,1,68,,,,false,false,NO_CANDIDATE,BRND_NOT_IN_TDR,NONE,,,BRND_NOT_IN_TDR:primary;SUBJ_UNMAPPED_NAME:info,none,0,0,0,,0,0,,0
ROSENBAUER|TURNTABLE LADDER L42A XS,TURNTABLE LADDER L42A-XS,ROSENBAUER,unmapped_name,,ไม่ระบุ,1,1,1,2025-10,2025-10,1,68,,,,false,false,NO_CANDIDATE,BRND_NOT_IN_TDR,NONE,,,BRND_NOT_IN_TDR:primary;SUBJ_UNMAPPED_NAME:info,none,0,0,0,,0,0,,0
ROSENBAUER|TURNTABLE LADDER L64,TURNTABLE LADDER L64,ROSENBAUER,unmapped_name,,ไม่ระบุ,1,1,1,2025-10,2025-10,1,68,,,,false,false,NO_CANDIDATE,BRND_NOT_IN_TDR,NONE,,,BRND_NOT_IN_TDR:primary;SUBJ_UNMAPPED_NAME:info,none,0,0,0,,0,0,,0
ROVER|MINI,MINI,ROVER,unmapped_name,,ไม่ระบุ,1,1,1,2025-09,2025-09,1,68,,,,false,false,NO_CANDIDATE,BRND_NOT_IN_TDR,NONE,,,BRND_NOT_IN_TDR:primary;SUBJ_UNMAPPED_NAME:info,none,0,0,0,,0,0,,0
RUF|GT COUPE,GT COUPE,RUF,unmapped_name,,ไม่ระบุ,1,1,1,2025-11,2025-11,1,68,,,,false,false,NO_CANDIDATE,BRND_NOT_IN_TDR,NONE,,,SUBJ_DUPLICATE_DISPLAY_NAME:info;BRND_NOT_IN_TDR:primary;SUBJ_UNMAPPED_NAME:info,none,0,0,0,,0,0,,0
SCANIA|8X4,8X4,SCANIA,unmapped_name,,ไม่ระบุ,1,0,1,2025-06,2025-06,1,68,,,,false,false,NO_CANDIDATE,BRND_NOT_IN_TDR,NONE,,,BRND_NOT_IN_TDR:primary;SUBJ_UNMAPPED_NAME:info,none,0,0,0,,0,0,,0
SCANIA|P 420 B6X4NZ,P 420 B6x4NZ,SCANIA,unmapped_name,,ไม่ระบุ,3,2,3,2025-07,2026-06,2,67,,,,false,false,NO_CANDIDATE,BRND_NOT_IN_TDR,NONE,,,BRND_NOT_IN_TDR:primary;SUBJ_UNMAPPED_NAME:info,none,0,0,0,,0,0,,0
SCANIA|P 460 B10X4 6NA,P 460 B10x4*6NA,SCANIA,unmapped_name,,ไม่ระบุ,1,0,0,2022-04,2022-04,1,68,,,,false,false,NO_CANDIDATE,BRND_NOT_IN_TDR,NONE,,,BRND_NOT_IN_TDR:primary;SUBJ_UNMAPPED_NAME:info,none,0,0,0,,0,0,,0
SCANIA|R560 B8X4NZ,R560 B8x4NZ,SCANIA,unmapped_name,,ไม่ระบุ,4,0,0,2021-05,2022-04,2,67,,,,false,false,NO_CANDIDATE,BRND_NOT_IN_TDR,NONE,,,BRND_NOT_IN_TDR:primary;SUBJ_UNMAPPED_NAME:info,none,0,0,0,,0,0,,0
SHANGCH|ZQK5027XXYEV1R,ZQK5027XXYEV1R,SHANGCH,unmapped_name,,ไม่ระบุ,1,0,0,2023-06,2023-06,1,68,,,,false,false,NO_CANDIDATE,BRND_NOT_IN_TDR,NONE,,,BRND_NOT_IN_TDR:primary;SUBJ_UNMAPPED_NAME:info,none,0,0,0,,0,0,,0
SHINERAY|T22,T22,SHINERAY,unmapped_name,,ไม่ระบุ,1,0,0,2022-03,2022-03,1,68,,,,false,false,NO_CANDIDATE,BRND_NOT_IN_TDR,NONE,,,BRND_NOT_IN_TDR:primary;SUBJ_UNMAPPED_NAME:info,none,0,0,0,,0,0,,0
SINOTRUK HOWO|ไม่ระบุ,ไม่ระบุ,SINOTRUK HOWO,unmapped_name,,ไม่ระบุ,2,0,0,2022-08,2022-08,1,68,,,,false,false,NO_CANDIDATE,BRND_NOT_IN_TDR,NONE,,,SUBJ_UNSPECIFIED_NAME:info;SUBJ_DUPLICATE_DISPLAY_NAME:info;BRND_NOT_IN_TDR:primary;SUBJ_UNMAPPED_NAME:info,none,0,0,0,,0,0,,0
SKODA|SUPERB ELEGANCE,SUPERB ELEGANCE,SKODA,unmapped_name,,ไม่ระบุ,1,0,0,2021-02,2021-02,1,68,,,,false,false,NO_CANDIDATE,BRND_NOT_IN_TDR,NONE,,,BRND_NOT_IN_TDR:primary;SUBJ_UNMAPPED_NAME:info,none,0,0,0,,0,0,,0
SKYWELL|BVCH1041,BVCH1041,SKYWELL,unmapped_name,,ไม่ระบุ,1,0,0,2024-05,2024-05,1,68,,,,false,false,NO_CANDIDATE,BRND_NOT_IN_TDR,NONE,,,BRND_NOT_IN_TDR:primary;SUBJ_UNMAPPED_NAME:info,none,0,0,0,,0,0,,0
SKYWELL|SHODAI HIGH ROOF,SHODAI-HIGH ROOF,SKYWELL,unmapped_name,,ไม่ระบุ,1,0,0,2021-02,2021-02,1,68,,,,false,false,NO_CANDIDATE,BRND_NOT_IN_TDR,NONE,,,BRND_NOT_IN_TDR:primary;SUBJ_UNMAPPED_NAME:info,none,0,0,0,,0,0,,0
SKYWELL|T05,T05,SKYWELL,unmapped_name,,ไม่ระบุ,15,0,0,2023-10,2024-07,3,66,,,,false,false,NO_CANDIDATE,BRND_NOT_IN_TDR,NONE,,,BRND_NOT_IN_TDR:primary;SUBJ_UNMAPPED_NAME:info,none,0,0,0,,0,0,,0
SMART|FORTWO COUPE,FORTWO COUPE,SMART,unmapped_name,,ไม่ระบุ,1,0,0,2024-04,2024-04,1,68,,,,false,false,NO_CANDIDATE,BRND_NOT_IN_TDR,NONE,,,BRND_NOT_IN_TDR:primary;SUBJ_UNMAPPED_NAME:info,none,0,0,0,,0,0,,0
SMART|FORTWO EQ BLUEDAWN COUPE,FORTWO EQ BLUEDAWN COUPE,SMART,unmapped_name,,ไม่ระบุ,1,0,0,2022-03,2022-03,1,68,,,,false,false,NO_CANDIDATE,BRND_NOT_IN_TDR,NONE,,,BRND_NOT_IN_TDR:primary;SUBJ_UNMAPPED_NAME:info,none,0,0,0,,0,0,,0
SMART|FORTWO EQ COUPE,FORTWO EQ COUPE,SMART,unmapped_name,,ไม่ระบุ,4,0,0,2021-06,2022-06,3,66,,,,false,false,NO_CANDIDATE,BRND_NOT_IN_TDR,NONE,,,BRND_NOT_IN_TDR:primary;SUBJ_UNMAPPED_NAME:info,none,0,0,0,,0,0,,0
SMART|FORTWO EQ EXCLUSIVE CABRIO,FORTWO EQ EXCLUSIVE CABRIO,SMART,unmapped_name,,ไม่ระบุ,2,0,0,2022-05,2023-09,2,67,,,,false,false,NO_CANDIDATE,BRND_NOT_IN_TDR,NONE,,,BRND_NOT_IN_TDR:primary;SUBJ_UNMAPPED_NAME:info,none,0,0,0,,0,0,,0
SOKON|EC31,EC31,SOKON,unmapped_name,,ไม่ระบุ,1,0,1,2025-01,2025-01,1,68,,,,false,false,NO_CANDIDATE,NO_CANDIDATE_ALL_EXCLUDED,NONE,,,NAME_CONTRADICTION:info;NO_CANDIDATE_ALL_EXCLUDED:primary;SUBJ_UNMAPPED_NAME:info,none,1,0,0,0,1,1,sokon.sokon_ec35,1
SSANGYONG|ACTYON SPORTS,ACTYON SPORTS,SSANGYONG,unmapped_name,,ไม่ระบุ,1,0,1,2025-01,2025-01,1,68,,,,false,false,NO_CANDIDATE,BRND_NOT_IN_TDR,NONE,,,BRND_NOT_IN_TDR:primary;SUBJ_UNMAPPED_NAME:info,none,0,0,0,,0,0,,0
SSANGYONG|REXTON,REXTON,SSANGYONG,unmapped_name,,ไม่ระบุ,1,0,0,2023-07,2023-07,1,68,,,,false,false,NO_CANDIDATE,BRND_NOT_IN_TDR,NONE,,,BRND_NOT_IN_TDR:primary;SUBJ_UNMAPPED_NAME:info,none,0,0,0,,0,0,,0
SSANGYONG|RODIUS,RODIUS,SSANGYONG,unmapped_name,,ไม่ระบุ,7,0,1,2021-03,2024-09,6,63,,,,false,false,NO_CANDIDATE,BRND_NOT_IN_TDR,NONE,,,BRND_NOT_IN_TDR:primary;SUBJ_UNMAPPED_NAME:info,none,0,0,0,,0,0,,0
SSANGYONG|STAVIC SV200,STAVIC SV200,SSANGYONG,unmapped_name,,ไม่ระบุ,1,0,0,2023-02,2023-02,1,68,,,,false,false,NO_CANDIDATE,BRND_NOT_IN_TDR,NONE,,,BRND_NOT_IN_TDR:primary;SUBJ_UNMAPPED_NAME:info,none,0,0,0,,0,0,,0
STELATO|S9,S9,STELATO,unmapped_name,,ไม่ระบุ,1,0,1,2025-06,2025-06,1,68,,,,false,false,NO_CANDIDATE,BRND_NOT_IN_TDR,NONE,,,BRND_NOT_IN_TDR:primary;SUBJ_UNMAPPED_NAME:info,none,0,0,0,,0,0,,0
SUBARU|LEVORG 1 6GT S AWD CVT,LEVORG 1.6GT-S AWD CVT,SUBARU,unmapped_name,,ไม่ระบุ,2,0,1,2022-04,2024-09,2,67,,,,false,false,NO_CANDIDATE,NO_CANDIDATE_ALL_EXCLUDED,NONE,,,NAME_CONTRADICTION:info;NO_CANDIDATE_ALL_EXCLUDED:primary;SUBJ_UNMAPPED_NAME:info,none,4,0,0,0,4,0,,0
SUBARU|ไม่ระบุ,ไม่ระบุ,SUBARU,unmapped_name,,ไม่ระบุ,1,1,1,2026-01,2026-01,1,68,,,,false,false,INSUFFICIENT_DATA,INSUFFICIENT_DATA_NO_BASIS,NONE,,,SUBJ_UNSPECIFIED_NAME:info;SUBJ_DUPLICATE_DISPLAY_NAME:info;SER_MISSING_ROW_SEMANTICS_UNCONFIRMED:blocking;SER_OVERLAP_BELOW_PROPOSE_MIN:info;INSUFFICIENT_DATA_NO_BASIS:primary;SUBJ_UNMAPPED_NAME:info;SER_COVERAGE_ASYMMETRIC:info;SER_UNOBSERVED_NOT_ZERO:info,none,4,0,0,0,4,0,,0
SUZUKI|AF416PUM14060,AF416PUM14060,SUZUKI,unmapped_name,,ไม่ระบุ,18,1,2,2021-02,2026-09,15,54,,,,false,false,NO_CANDIDATE,NO_CANDIDATE_ALL_EXCLUDED,NONE,,,NAME_CONTRADICTION:info;GEN_LIFECYCLE_DISJOINT:info;NO_CANDIDATE_ALL_EXCLUDED:primary;SUBJ_UNMAPPED_NAME:info,none,8,0,0,0,8,0,,0
SUZUKI|AQ416PUM14058,AQ416PUM14058,SUZUKI,unmapped_name,,ไม่ระบุ,9,0,0,2021-02,2023-11,7,62,,,,false,false,NO_CANDIDATE,NO_CANDIDATE_ALL_EXCLUDED,NONE,,,NAME_CONTRADICTION:info;GEN_LIFECYCLE_DISJOINT:info;NO_CANDIDATE_ALL_EXCLUDED:primary;SUBJ_UNMAPPED_NAME:info,none,8,0,0,0,8,0,,0
SUZUKI|HUSTLER HYBRID G,HUSTLER HYBRID G,SUZUKI,unmapped_name,,ไม่ระบุ,2,2,2,2025-12,2025-12,1,68,,,,false,false,NO_CANDIDATE,NO_CANDIDATE_ALL_EXCLUDED,NONE,,,NAME_CONTRADICTION:info;NO_CANDIDATE_ALL_EXCLUDED:primary;SUBJ_UNMAPPED_NAME:info,none,8,0,0,0,8,1,suzuki.ertiga,1
SUZUKI|HUSTLER HYBRID J STYLE II,HUSTLER HYBRID J STYLE II,SUZUKI,unmapped_name,,ไม่ระบุ,2,0,0,2024-05,2024-07,2,67,,,,false,false,NO_CANDIDATE,NO_CANDIDATE_ALL_EXCLUDED,NONE,,,NAME_CONTRADICTION:info;GEN_LIFECYCLE_DISJOINT:info;NO_CANDIDATE_ALL_EXCLUDED:primary;SUBJ_UNMAPPED_NAME:info,none,8,0,0,0,8,0,,0
SUZUKI|HUSTLER HYBRID X TURBO,HUSTLER HYBRID X TURBO,SUZUKI,unmapped_name,,ไม่ระบุ,10,0,0,2021-03,2022-11,8,61,,,,false,false,NO_CANDIDATE,NO_CANDIDATE_ALL_EXCLUDED,NONE,,,NAME_CONTRADICTION:info;GEN_LIFECYCLE_DISJOINT:info;NO_CANDIDATE_ALL_EXCLUDED:primary;SUBJ_UNMAPPED_NAME:info,none,8,0,0,0,8,0,,0
SUZUKI|HUSTLER J STYLE II TURBO,HUSTLER J STYLE II TURBO,SUZUKI,unmapped_name,,ไม่ระบุ,3,0,0,2023-03,2023-09,3,66,,,,false,false,NO_CANDIDATE,NO_CANDIDATE_ALL_EXCLUDED,NONE,,,NAME_CONTRADICTION:info;GEN_LIFECYCLE_DISJOINT:info;NO_CANDIDATE_ALL_EXCLUDED:primary;SUBJ_UNMAPPED_NAME:info,none,8,0,0,0,8,0,,0
SUZUKI|HUSTLER TOUGH WILD TURBO,HUSTLER TOUGH WILD TURBO,SUZUKI,unmapped_name,,ไม่ระบุ,2,1,2,2024-11,2026-08,2,67,,,,false,false,NO_CANDIDATE,NO_CANDIDATE_ALL_EXCLUDED,NONE,,,NAME_CONTRADICTION:info;NO_CANDIDATE_ALL_EXCLUDED:primary;SUBJ_UNMAPPED_NAME:info,none,8,0,0,0,8,0,,0
SUZUKI|WAGON R SMILE HYBRID X,WAGON R SMILE HYBRID X,SUZUKI,unmapped_name,,ไม่ระบุ,1,0,1,2025-06,2025-06,1,68,,,,false,false,NO_CANDIDATE,NO_CANDIDATE_ALL_EXCLUDED,NONE,,,NAME_CONTRADICTION:info;NO_CANDIDATE_ALL_EXCLUDED:primary;SUBJ_UNMAPPED_NAME:info,none,8,0,0,0,8,0,,0
SUZUKI|ไม่ระบุ,ไม่ระบุ,SUZUKI,unmapped_name,,ไม่ระบุ,19,1,1,2021-09,2025-11,7,62,,,,false,false,INSUFFICIENT_DATA,INSUFFICIENT_DATA_NO_BASIS,NONE,,,SUBJ_UNSPECIFIED_NAME:info;SUBJ_DUPLICATE_DISPLAY_NAME:info;SER_MISSING_ROW_SEMANTICS_UNCONFIRMED:blocking;SER_OVERLAP_BELOW_PROPOSE_MIN:info;INSUFFICIENT_DATA_NO_BASIS:primary;SUBJ_UNMAPPED_NAME:info;SER_COVERAGE_ASYMMETRIC:info;SER_UNOBSERVED_NOT_ZERO:info,none,8,0,0,0,8,0,,0
TAKANO|TTE 500,TTE-500,TAKANO,unmapped_name,,ไม่ระบุ,21,0,0,2021-02,2024-03,12,57,,,,false,false,NO_CANDIDATE,BRND_NOT_IN_TDR,NONE,,,BRND_NOT_IN_TDR:primary;SUBJ_UNMAPPED_NAME:info,none,0,0,0,,0,0,,0
TAKANO|TTE 500L,TTE-500L,TAKANO,unmapped_name,,ไม่ระบุ,5,0,0,2021-10,2023-07,4,65,,,,false,false,NO_CANDIDATE,BRND_NOT_IN_TDR,NONE,,,BRND_NOT_IN_TDR:primary;SUBJ_UNMAPPED_NAME:info,none,0,0,0,,0,0,,0
TATA|WINGER FL 3200 FR 125 AC,WINGER FL 3200 FR 125 AC,TATA,unmapped_name,,ไม่ระบุ,1,0,1,2025-03,2025-03,1,68,,,,false,false,NO_CANDIDATE,NO_CANDIDATE_ALL_EXCLUDED,NONE,,,NAME_CONTRADICTION:info;NO_CANDIDATE_ALL_EXCLUDED:primary;SUBJ_UNMAPPED_NAME:info,none,1,0,0,0,1,0,,0
THOMAS|ARFF 4X4,ARFF 4x4,THOMAS,unmapped_name,,ไม่ระบุ,4,0,2,2024-08,2024-09,2,67,,,,false,false,NO_CANDIDATE,BRND_NOT_IN_TDR,NONE,,,BRND_NOT_IN_TDR:primary;SUBJ_UNMAPPED_NAME:info,none,0,0,0,,0,0,,0
THOMAS|VP 22 54 4X4,VP 22.54-4x4,THOMAS,unmapped_name,,ไม่ระบุ,2,0,0,2021-09,2021-09,1,68,,,,false,false,NO_CANDIDATE,BRND_NOT_IN_TDR,NONE,,,BRND_NOT_IN_TDR:primary;SUBJ_UNMAPPED_NAME:info,none,0,0,0,,0,0,,0
TOYOTA|1 8E,1.8E,TOYOTA,unmapped_name,,ไม่ระบุ,2,0,0,2021-06,2022-12,2,67,,,,false,false,NO_CANDIDATE,NO_CANDIDATE_ALL_EXCLUDED,NONE,,,NAME_CONTRADICTION:info;GEN_LIFECYCLE_DISJOINT:info;NO_CANDIDATE_ALL_EXCLUDED:primary;SUBJ_UNMAPPED_NAME:info,none,30,0,0,0,30,0,,0
TOYOTA|1 8ESPORT,1.8ESPORT,TOYOTA,unmapped_name,,ไม่ระบุ,1,0,0,2021-01,2021-01,1,68,,,,false,false,NO_CANDIDATE,NO_CANDIDATE_ALL_EXCLUDED,NONE,,,NAME_CONTRADICTION:info;GEN_LIFECYCLE_DISJOINT:info;NO_CANDIDATE_ALL_EXCLUDED:primary;SUBJ_UNMAPPED_NAME:info,none,30,0,0,0,30,2,toyota.fortuner,1
TOYOTA|1 8V NAVI,1.8V Navi,TOYOTA,unmapped_name,,ไม่ระบุ,2,0,0,2022-06,2022-12,2,67,,,,false,false,NO_CANDIDATE,NO_CANDIDATE_ALL_EXCLUDED,NONE,,,NAME_CONTRADICTION:info;GEN_LIFECYCLE_DISJOINT:info;NO_CANDIDATE_ALL_EXCLUDED:primary;SUBJ_UNMAPPED_NAME:info,none,30,0,0,0,30,0,,0
TOYOTA|2 0G EXTREMO,2.0G Extremo,TOYOTA,unmapped_name,,ไม่ระบุ,4,0,0,2021-09,2024-08,4,65,,,,false,false,NO_CANDIDATE,NO_CANDIDATE_ALL_EXCLUDED,NONE,,,NAME_CONTRADICTION:info;GEN_LIFECYCLE_DISJOINT:info;NO_CANDIDATE_ALL_EXCLUDED:primary;SUBJ_UNMAPPED_NAME:info,none,30,0,0,0,30,0,,0
TOYOTA|2 5 HV AVN,2.5 HV AVN,TOYOTA,unmapped_name,,ไม่ระบุ,1,1,1,2026-08,2026-08,1,68,,,,false,false,NO_CANDIDATE,NO_CANDIDATE_ALL_EXCLUDED,NONE,,,NAME_CONTRADICTION:info;NO_CANDIDATE_ALL_EXCLUDED:primary;SUBJ_UNMAPPED_NAME:info,none,30,0,0,0,30,1,toyota.avanza,1
TOYOTA|2 5 HV CD,2.5 HV CD,TOYOTA,unmapped_name,,ไม่ระบุ,3,0,0,2021-01,2022-12,3,66,,,,false,false,NO_CANDIDATE,NO_CANDIDATE_ALL_EXCLUDED,NONE,,,NAME_CONTRADICTION:info;GEN_LIFECYCLE_DISJOINT:info;NO_CANDIDATE_ALL_EXCLUDED:primary;SUBJ_UNMAPPED_NAME:info,none,30,0,0,0,30,0,,0
TOYOTA|2 5 HV PREMIUM,2.5 HV Premium,TOYOTA,unmapped_name,,ไม่ระบุ,1,0,0,2023-05,2023-05,1,68,,,,false,false,NO_CANDIDATE,NO_CANDIDATE_ALL_EXCLUDED,NONE,,,NAME_CONTRADICTION:info;GEN_LIFECYCLE_DISJOINT:info;NO_CANDIDATE_ALL_EXCLUDED:primary;SUBJ_UNMAPPED_NAME:info,none,30,0,0,0,30,1,toyota.prius,1
TOYOTA|2 5HV,2.5HV,TOYOTA,unmapped_name,,ไม่ระบุ,1,0,0,2022-07,2022-07,1,68,,,,false,false,NO_CANDIDATE,NO_CANDIDATE_ALL_EXCLUDED,NONE,,,NAME_CONTRADICTION:info;GEN_LIFECYCLE_DISJOINT:info;NO_CANDIDATE_ALL_EXCLUDED:primary;SUBJ_UNMAPPED_NAME:info,none,30,0,0,0,30,1,toyota.c_hr,1
TOYOTA|2 7V A T,2.7V A/T,TOYOTA,unmapped_name,,ไม่ระบุ,2,0,0,2021-05,2021-07,2,67,,,,false,false,NO_CANDIDATE,NO_CANDIDATE_ALL_EXCLUDED,NONE,,,NAME_CONTRADICTION:info;GEN_LIFECYCLE_DISJOINT:info;NO_CANDIDATE_ALL_EXCLUDED:primary;SUBJ_UNMAPPED_NAME:info,none,30,0,0,0,30,1,toyota.hilux_revo_cab,1
TOYOTA|2 7V NAVI,2.7V Navi,TOYOTA,unmapped_name,,ไม่ระบุ,1,0,0,2024-06,2024-06,1,68,,,,false,false,NO_CANDIDATE,NO_CANDIDATE_ALL_EXCLUDED,NONE,,,NAME_CONTRADICTION:info;GEN_LIFECYCLE_DISJOINT:info;NO_CANDIDATE_ALL_EXCLUDED:primary;SUBJ_UNMAPPED_NAME:info,none,30,0,0,0,30,0,,0
TOYOTA|3 0V 4WD TRD,3.0V 4WD TRD,TOYOTA,unmapped_name,,ไม่ระบุ,2,0,0,2021-05,2023-05,2,67,,,,false,false,NO_CANDIDATE,NO_CANDIDATE_ALL_EXCLUDED,NONE,,,NAME_CONTRADICTION:info;GEN_LIFECYCLE_DISJOINT:info;NO_CANDIDATE_ALL_EXCLUDED:primary;SUBJ_UNMAPPED_NAME:info,none,30,0,0,0,30,0,,0
TOYOTA|A CAB 2X4 2 5E VNT BLACK,A-Cab 2X4 2.5E VNT(Black),TOYOTA,unmapped_name,,ไม่ระบุ,1,0,0,2021-10,2021-10,1,68,,,,false,false,NO_CANDIDATE,NO_CANDIDATE_ALL_EXCLUDED,NONE,,,NAME_CONTRADICTION:info;GEN_LIFECYCLE_DISJOINT:info;NAME_SIBLING_VARIANT:info;NO_CANDIDATE_ALL_EXCLUDED:primary;SUBJ_UNMAPPED_NAME:info,none,30,0,0,0,30,0,,0
TOYOTA|ACV40R JEAGKT A1,ACV40R-JEAGKT  A1,TOYOTA,unmapped_name,,ไม่ระบุ,1,0,0,2022-02,2022-02,1,68,,,,false,false,NO_CANDIDATE,NO_CANDIDATE_ALL_EXCLUDED,NONE,,,NAME_CONTRADICTION:info;GEN_LIFECYCLE_DISJOINT:info;NO_CANDIDATE_ALL_EXCLUDED:primary;SUBJ_UNMAPPED_NAME:info,none,30,0,0,0,30,2,toyota.hiace_majesty,1
TOYOTA|ACV41R JEPNKT AB,ACV41R-JEPNKT  AB,TOYOTA,unmapped_name,,ไม่ระบุ,1,0,0,2022-05,2022-05,1,68,,,,false,false,NO_CANDIDATE,NO_CANDIDATE_ALL_EXCLUDED,NONE,,,NAME_CONTRADICTION:info;GEN_LIFECYCLE_DISJOINT:info;NO_CANDIDATE_ALL_EXCLUDED:primary;SUBJ_UNMAPPED_NAME:info,none,30,0,0,0,30,1,toyota.hiace_majesty,1
TOYOTA|ACV51R JEPEKT AA,ACV51R-JEPEKT  AA,TOYOTA,unmapped_name,,ไม่ระบุ,1,0,0,2021-02,2021-02,1,68,,,,false,false,NO_CANDIDATE,NO_CANDIDATE_ALL_EXCLUDED,NONE,,,NAME_CONTRADICTION:info;GEN_LIFECYCLE_DISJOINT:info;NO_CANDIDATE_ALL_EXCLUDED:primary;SUBJ_UNMAPPED_NAME:info,none,30,0,0,0,30,2,toyota.hiace_majesty,1
TOYOTA|ACV51R JEPEKT AB,ACV51R-JEPEKT  AB,TOYOTA,unmapped_name,,ไม่ระบุ,2,0,0,2021-06,2021-10,2,67,,,,false,false,NO_CANDIDATE,NO_CANDIDATE_ALL_EXCLUDED,NONE,,,NAME_CONTRADICTION:info;GEN_LIFECYCLE_DISJOINT:info;NO_CANDIDATE_ALL_EXCLUDED:primary;SUBJ_UNMAPPED_NAME:info,none,30,0,0,0,30,1,toyota.hiace_majesty,1
TOYOTA|ACV51R JEPEKT AC,ACV51R-JEPEKT  AC,TOYOTA,unmapped_name,,ไม่ระบุ,1,0,1,2025-01,2025-01,1,68,,,,false,false,NO_CANDIDATE,NO_CANDIDATE_ALL_EXCLUDED,NONE,,,NAME_CONTRADICTION:info;NO_CANDIDATE_ALL_EXCLUDED:primary;SUBJ_UNMAPPED_NAME:info,none,30,0,0,0,30,1,toyota.hiace_majesty,1
TOYOTA|AHV40R JEXGBT A1,AHV40R-JEXGBT  A1,TOYOTA,unmapped_name,,ไม่ระบุ,1,0,0,2023-03,2023-03,1,68,,,,false,false,NO_CANDIDATE,NO_CANDIDATE_ALL_EXCLUDED,NONE,,,NAME_CONTRADICTION:info;GEN_LIFECYCLE_DISJOINT:info;NO_CANDIDATE_ALL_EXCLUDED:primary;SUBJ_UNMAPPED_NAME:info,none,30,0,0,0,30,0,,0
TOYOTA|AHV40R JEXGBT BL,AHV40R-JEXGBT  BL,TOYOTA,unmapped_name,,ไม่ระบุ,1,1,1,2025-09,2025-09,1,68,,,,false,false,NO_CANDIDATE,NO_CANDIDATE_ALL_EXCLUDED,NONE,,,NAME_CONTRADICTION:info;NO_CANDIDATE_ALL_EXCLUDED:primary;SUBJ_UNMAPPED_NAME:info,none,30,0,0,0,30,0,,0
TOYOTA|ANH20R PFXGK C4,ANH20R-PFXGK   C4,TOYOTA,unmapped_name,,ไม่ระบุ,1,0,0,2023-01,2023-01,1,68,,,,false,false,NO_CANDIDATE,NO_CANDIDATE_ALL_EXCLUDED,NONE,,,NAME_CONTRADICTION:info;GEN_LIFECYCLE_DISJOINT:info;NO_CANDIDATE_ALL_EXCLUDED:primary;SUBJ_UNMAPPED_NAME:info,none,30,0,0,0,30,0,,0
TOYOTA|ASV50R JETEKT A1,ASV50R-JETEKT  A1,TOYOTA,unmapped_name,,ไม่ระบุ,5,0,0,2022-01,2023-06,3,66,,,,false,false,NO_CANDIDATE,NO_CANDIDATE_ALL_EXCLUDED,NONE,,,NAME_CONTRADICTION:info;GEN_LIFECYCLE_DISJOINT:info;NO_CANDIDATE_ALL_EXCLUDED:primary;SUBJ_UNMAPPED_NAME:info,none,30,0,0,0,30,0,,0
TOYOTA|AVV50R JEXGBT A1,AVV50R-JEXGBT  A1,TOYOTA,unmapped_name,,ไม่ระบุ,1,0,0,2021-04,2021-04,1,68,,,,false,false,NO_CANDIDATE,NO_CANDIDATE_ALL_EXCLUDED,NONE,,,NAME_CONTRADICTION:info;GEN_LIFECYCLE_DISJOINT:info;NO_CANDIDATE_ALL_EXCLUDED:primary;SUBJ_UNMAPPED_NAME:info,none,30,0,0,0,30,0,,0
TOYOTA|AVV50R JEXVBT A1,AVV50R-JEXVBT  A1,TOYOTA,unmapped_name,,ไม่ระบุ,1,0,0,2021-09,2021-09,1,68,,,,false,false,NO_CANDIDATE,NO_CANDIDATE_ALL_EXCLUDED,NONE,,,NAME_CONTRADICTION:info;GEN_LIFECYCLE_DISJOINT:info;NO_CANDIDATE_ALL_EXCLUDED:primary;SUBJ_UNMAPPED_NAME:info,none,30,0,0,0,30,0,,0
TOYOTA|AYGO 1 0 X CLUSIV,AYGO 1.0 X-CLUSIV,TOYOTA,unmapped_name,,ไม่ระบุ,1,0,0,2023-06,2023-06,1,68,,,,false,false,NO_CANDIDATE,NO_CANDIDATE_ALL_EXCLUDED,NONE,,,NAME_CONTRADICTION:info;GEN_LIFECYCLE_DISJOINT:info;NO_CANDIDATE_ALL_EXCLUDED:primary;SUBJ_UNMAPPED_NAME:info,none,30,0,0,0,30,0,,0
TOYOTA|C CAB 2X4 2 4E A T,C-Cab 2x4 2.4E A/T,TOYOTA,unmapped_name,,ไม่ระบุ,3,0,0,2021-05,2022-07,3,66,,,,false,false,NO_CANDIDATE,NO_CANDIDATE_ALL_EXCLUDED,NONE,,,NAME_CONTRADICTION:info;GEN_LIFECYCLE_DISJOINT:info;NAME_SIBLING_VARIANT:info;NO_CANDIDATE_ALL_EXCLUDED:primary;SUBJ_UNMAPPED_NAME:info,none,30,0,0,0,30,0,,0
TOYOTA|C POD,C+POD,TOYOTA,unmapped_name,,ไม่ระบุ,11,0,0,2021-07,2021-09,2,67,,,,false,false,NO_CANDIDATE,NO_CANDIDATE_ALL_EXCLUDED,NONE,,,NAME_CONTRADICTION:info;GEN_LIFECYCLE_DISJOINT:info;NAME_SIBLING_VARIANT:info;NO_CANDIDATE_ALL_EXCLUDED:primary;SUBJ_UNMAPPED_NAME:info,none,30,0,0,0,30,2,toyota.c_hr,1
TOYOTA|CENTURY,CENTURY,TOYOTA,unmapped_name,,ไม่ระบุ,1,0,0,2024-06,2024-06,1,68,,,,false,false,NO_CANDIDATE,NO_CANDIDATE_ALL_EXCLUDED,NONE,,,NAME_CONTRADICTION:info;GEN_LIFECYCLE_DISJOINT:info;NO_CANDIDATE_ALL_EXCLUDED:primary;SUBJ_UNMAPPED_NAME:info,none,30,0,0,0,30,5,toyota.fortuner,1
TOYOTA|CENTURY 5 0L,CENTURY 5.0L,TOYOTA,unmapped_name,,ไม่ระบุ,1,0,1,2025-05,2025-05,1,68,,,,false,false,NO_CANDIDATE,NO_CANDIDATE_ALL_EXCLUDED,NONE,,,NAME_CONTRADICTION:info;NO_CANDIDATE_ALL_EXCLUDED:primary;SUBJ_UNMAPPED_NAME:info,none,30,0,0,0,30,1,toyota.camry,1
TOYOTA|CENTURY HYBRID,CENTURY HYBRID,TOYOTA,unmapped_name,,ไม่ระบุ,2,0,0,2023-03,2023-06,2,67,,,,false,false,NO_CANDIDATE,NO_CANDIDATE_ALL_EXCLUDED,NONE,,,NAME_CONTRADICTION:info;GEN_LIFECYCLE_DISJOINT:info;NO_CANDIDATE_ALL_EXCLUDED:primary;SUBJ_UNMAPPED_NAME:info,none,30,0,0,0,30,1,toyota.c_hr,1
TOYOTA|COASTER,COASTER,TOYOTA,unmapped_name,,ไม่ระบุ,7,0,5,2022-05,2024-12,3,66,,,,false,false,NO_CANDIDATE,NO_CANDIDATE_ALL_EXCLUDED,NONE,,,NAME_CONTRADICTION:info;GEN_LIFECYCLE_DISJOINT:info;NO_CANDIDATE_ALL_EXCLUDED:primary;SUBJ_UNMAPPED_NAME:info,none,30,0,0,0,30,6,toyota.noah,1
TOYOTA|COMUTER,COMUTER,TOYOTA,unmapped_name,,ไม่ระบุ,1,0,1,2025-01,2025-01,1,68,,,,false,false,PROPOSE,PROPOSE_NAME_MATCH_SERIES_NOT_STRONG,PROPOSED,EQUIVALENT,toyota.commuter,BRND_EXACT:supporting;PROPOSE_NAME_MATCH_SERIES_NOT_STRONG:primary;NAME_FUZZY_TOKEN:blocking;NAME_ONLY_NOT_AUTO:blocking;SER_MISSING_ROW_SEMANTICS_UNCONFIRMED:blocking;SUBJ_UNMAPPED_NAME:blocking;SER_OVERLAP_BELOW_PROPOSE_MIN:info;ATTR_BODY_UNKNOWN:info;SER_COVERAGE_ASYMMETRIC:info;SER_UNOBSERVED_NOT_ZERO:info,crosswalk_review,30,1,1,0,30,4,toyota.fortuner,1
TOYOTA|ESTIMA AERAS PREMIUM,ESTIMA AERAS PREMIUM,TOYOTA,unmapped_name,,ไม่ระบุ,1,0,0,2022-03,2022-03,1,68,,,,false,false,NO_CANDIDATE,NO_CANDIDATE_ALL_EXCLUDED,NONE,,,NAME_CONTRADICTION:info;GEN_LIFECYCLE_DISJOINT:info;NO_CANDIDATE_ALL_EXCLUDED:primary;SUBJ_UNMAPPED_NAME:info,none,30,0,0,0,30,0,,0
TOYOTA|ESTIMA HYBRID AERAS,ESTIMA HYBRID AERAS,TOYOTA,unmapped_name,,ไม่ระบุ,1,0,0,2021-03,2021-03,1,68,,,,false,false,NO_CANDIDATE,NO_CANDIDATE_ALL_EXCLUDED,NONE,,,NAME_CONTRADICTION:info;GEN_LIFECYCLE_DISJOINT:info;NO_CANDIDATE_ALL_EXCLUDED:primary;SUBJ_UNMAPPED_NAME:info,none,30,0,0,0,30,1,toyota.harrier,1
TOYOTA|GT86 BLACK LIMTED,GT86 BLACK LIMTED,TOYOTA,unmapped_name,,ไม่ระบุ,1,0,1,2024-11,2024-11,1,68,,,,false,false,NO_CANDIDATE,NO_CANDIDATE_ALL_EXCLUDED,NONE,,,NAME_CONTRADICTION:info;GEN_LIFECYCLE_DISJOINT:info;NO_CANDIDATE_ALL_EXCLUDED:primary;SUBJ_UNMAPPED_NAME:info,none,30,0,0,0,30,0,,0
TOYOTA|GT86 RACING,GT86 RACING,TOYOTA,unmapped_name,,ไม่ระบุ,1,0,0,2023-12,2023-12,1,68,,,,false,false,NO_CANDIDATE,NO_CANDIDATE_ALL_EXCLUDED,NONE,,,NAME_CONTRADICTION:info;GEN_LIFECYCLE_DISJOINT:info;NO_CANDIDATE_ALL_EXCLUDED:primary;SUBJ_UNMAPPED_NAME:info,none,30,0,0,0,30,2,toyota.gr86,1
TOYOTA|GUN120R CTTSXT,GUN120R-CTTSXT,TOYOTA,unmapped_name,,ไม่ระบุ,1,0,1,2024-10,2024-10,1,68,,,,false,false,NO_CANDIDATE,NO_CANDIDATE_ALL_EXCLUDED,NONE,,,NAME_CONTRADICTION:info;GEN_LIFECYCLE_DISJOINT:info;NO_CANDIDATE_ALL_EXCLUDED:primary;SUBJ_UNMAPPED_NAME:info,none,30,0,0,0,30,1,toyota.gr_supra,1
TOYOTA|GUN135R CTFHXT,GUN135R-CTFHXT,TOYOTA,unmapped_name,,ไม่ระบุ,1,1,1,2025-09,2025-09,1,68,,,,false,false,NO_CANDIDATE,NO_CANDIDATE_ALL_EXCLUDED,NONE,,,NAME_CONTRADICTION:info;NO_CANDIDATE_ALL_EXCLUDED:primary;SUBJ_UNMAPPED_NAME:info,none,30,0,0,0,30,0,,0
TOYOTA|HILUK,HILUK,TOYOTA,unmapped_name,,ไม่ระบุ,1,0,0,2021-11,2021-11,1,68,,,,false,false,NO_CANDIDATE,NO_CANDIDATE_ALL_EXCLUDED,NONE,,,NAME_CONTRADICTION:info;GEN_LIFECYCLE_DISJOINT:info;NO_CANDIDATE_ALL_EXCLUDED:primary;SUBJ_UNMAPPED_NAME:info,none,30,0,0,0,30,5,toyota.hilux_revo_cab,1
TOYOTA|KDH202R RDMDYE A1,KDH202R-RDMDYE A1,TOYOTA,unmapped_name,,ไม่ระบุ,2,0,1,2024-07,2024-11,2,67,,,,false,false,NO_CANDIDATE,NO_CANDIDATE_ALL_EXCLUDED,NONE,,,NAME_CONTRADICTION:info;GEN_LIFECYCLE_DISJOINT:info;NO_CANDIDATE_ALL_EXCLUDED:primary;SUBJ_UNMAPPED_NAME:info,none,30,0,0,0,30,3,toyota.hilux_revo_cab,1
TOYOTA|KDH202R RDMNY A1,KDH202R-RDMNY  A1,TOYOTA,unmapped_name,,ไม่ระบุ,1,0,0,2023-08,2023-08,1,68,,,,false,false,NO_CANDIDATE,NO_CANDIDATE_ALL_EXCLUDED,NONE,,,NAME_CONTRADICTION:info;GEN_LIFECYCLE_DISJOINT:info;NO_CANDIDATE_ALL_EXCLUDED:primary;SUBJ_UNMAPPED_NAME:info,none,30,0,0,0,30,0,,0
TOYOTA|KDH202R RDMNYT B3,KDH202R-RDMNYT B3,TOYOTA,unmapped_name,,ไม่ระบุ,1,0,1,2024-09,2024-09,1,68,,,,false,false,NO_CANDIDATE,NO_CANDIDATE_ALL_EXCLUDED,NONE,,,NAME_CONTRADICTION:info;GEN_LIFECYCLE_DISJOINT:info;NO_CANDIDATE_ALL_EXCLUDED:primary;SUBJ_UNMAPPED_NAME:info,none,30,0,0,0,30,0,,0
TOYOTA|KDH213R KDPNYT D1,KDH213R-KDPNYT D1,TOYOTA,unmapped_name,,ไม่ระบุ,1,0,0,2022-08,2022-08,1,68,,,,false,false,NO_CANDIDATE,NO_CANDIDATE_ALL_EXCLUDED,NONE,,,NAME_CONTRADICTION:info;GEN_LIFECYCLE_DISJOINT:info;NO_CANDIDATE_ALL_EXCLUDED:primary;SUBJ_UNMAPPED_NAME:info,none,30,0,0,0,30,0,,0
TOYOTA|KUN15R CRMSHT A3,KUN15R-CRMSHT  A3,TOYOTA,unmapped_name,,ไม่ระบุ,1,0,0,2022-03,2022-03,1,68,,,,false,false,NO_CANDIDATE,NO_CANDIDATE_ALL_EXCLUDED,NONE,,,NAME_CONTRADICTION:info;GEN_LIFECYCLE_DISJOINT:info;NO_CANDIDATE_ALL_EXCLUDED:primary;SUBJ_UNMAPPED_NAME:info,none,30,0,0,0,30,3,toyota.land_cruiser_300,1
TOYOTA|KUN15R PRMDYT A3,KUN15R-PRMDYT  A3,TOYOTA,unmapped_name,,ไม่ระบุ,2,0,0,2022-11,2023-01,2,67,,,,false,false,NO_CANDIDATE,NO_CANDIDATE_ALL_EXCLUDED,NONE,,,NAME_CONTRADICTION:info;GEN_LIFECYCLE_DISJOINT:info;NO_CANDIDATE_ALL_EXCLUDED:primary;SUBJ_UNMAPPED_NAME:info,none,30,0,0,0,30,1,toyota.gr_supra,1
TOYOTA|KUN15R TRMDHT B8,KUN15R-TRMDHT  B8,TOYOTA,unmapped_name,,ไม่ระบุ,3,0,0,2021-09,2024-07,3,66,,,,false,false,NO_CANDIDATE,NO_CANDIDATE_ALL_EXCLUDED,NONE,,,NAME_CONTRADICTION:info;GEN_LIFECYCLE_DISJOINT:info;NO_CANDIDATE_ALL_EXCLUDED:primary;SUBJ_UNMAPPED_NAME:info,none,30,0,0,0,30,1,toyota.hilux_travo_cab,1
TOYOTA|KUN15R TRMDYT B6,KUN15R-TRMDYT  B6,TOYOTA,unmapped_name,,ไม่ระบุ,1,0,0,2021-12,2021-12,1,68,,,,false,false,NO_CANDIDATE,NO_CANDIDATE_ALL_EXCLUDED,NONE,,,NAME_CONTRADICTION:info;GEN_LIFECYCLE_DISJOINT:info;NO_CANDIDATE_ALL_EXCLUDED:primary;SUBJ_UNMAPPED_NAME:info,none,30,0,0,0,30,1,toyota.hilux_travo_cab,1
TOYOTA|KUN15R TRMDYT3 A3,KUN15R-TRMDYT3 A3,TOYOTA,unmapped_name,,ไม่ระบุ,1,0,0,2022-02,2022-02,1,68,,,,false,false,NO_CANDIDATE,NO_CANDIDATE_ALL_EXCLUDED,NONE,,,NAME_CONTRADICTION:info;GEN_LIFECYCLE_DISJOINT:info;NO_CANDIDATE_ALL_EXCLUDED:primary;SUBJ_UNMAPPED_NAME:info,none,30,0,0,0,30,0,,0
TOYOTA|KUN25R PRMSHT A4,KUN25R-PRMSHT  A4,TOYOTA,unmapped_name,,ไม่ระบุ,1,0,0,2023-11,2023-11,1,68,,,,false,false,NO_CANDIDATE,NO_CANDIDATE_ALL_EXCLUDED,NONE,,,NAME_CONTRADICTION:info;GEN_LIFECYCLE_DISJOINT:info;NO_CANDIDATE_ALL_EXCLUDED:primary;SUBJ_UNMAPPED_NAME:info,none,30,0,0,0,30,1,toyota.gr_supra,1
TOYOTA|KUN25R URMSHT A4,KUN25R-URMSHT  A4,TOYOTA,unmapped_name,,ไม่ระบุ,3,0,0,2021-03,2023-03,3,66,,,,false,false,NO_CANDIDATE,NO_CANDIDATE_ALL_EXCLUDED,NONE,,,NAME_CONTRADICTION:info;GEN_LIFECYCLE_DISJOINT:info;NO_CANDIDATE_ALL_EXCLUDED:primary;SUBJ_UNMAPPED_NAME:info,none,30,0,0,0,30,0,,0
TOYOTA|KUN26R PRASYT A8,KUN26R-PRASYT  A8,TOYOTA,unmapped_name,,ไม่ระบุ,2,0,0,2021-09,2024-06,2,67,,,,false,false,NO_CANDIDATE,NO_CANDIDATE_ALL_EXCLUDED,NONE,,,NAME_CONTRADICTION:info;GEN_LIFECYCLE_DISJOINT:info;NO_CANDIDATE_ALL_EXCLUDED:primary;SUBJ_UNMAPPED_NAME:info,none,30,0,0,0,30,2,toyota.gr_supra,1
TOYOTA|KUN26R PRMSYT B3,KUN26R-PRMSYT  B3,TOYOTA,unmapped_name,,ไม่ระบุ,1,0,1,2024-11,2024-11,1,68,,,,false,false,NO_CANDIDATE,NO_CANDIDATE_ALL_EXCLUDED,NONE,,,NAME_CONTRADICTION:info;GEN_LIFECYCLE_DISJOINT:info;NO_CANDIDATE_ALL_EXCLUDED:primary;SUBJ_UNMAPPED_NAME:info,none,30,0,0,0,30,0,,0
TOYOTA|KUN26R PRPSYT A7,KUN26R-PRPSYT  A7,TOYOTA,unmapped_name,,ไม่ระบุ,1,0,0,2022-05,2022-05,1,68,,,,false,false,NO_CANDIDATE,NO_CANDIDATE_ALL_EXCLUDED,NONE,,,NAME_CONTRADICTION:info;GEN_LIFECYCLE_DISJOINT:info;NO_CANDIDATE_ALL_EXCLUDED:primary;SUBJ_UNMAPPED_NAME:info,none,30,0,0,0,30,1,toyota.gr_supra,1
TOYOTA|KUN35R PRMDHT A6,KUN35R-PRMDHT  A6,TOYOTA,unmapped_name,,ไม่ระบุ,1,0,0,2021-12,2021-12,1,68,,,,false,false,NO_CANDIDATE,NO_CANDIDATE_ALL_EXCLUDED,NONE,,,NAME_CONTRADICTION:info;GEN_LIFECYCLE_DISJOINT:info;NO_CANDIDATE_ALL_EXCLUDED:primary;SUBJ_UNMAPPED_NAME:info,none,30,0,0,0,30,1,toyota.gr_supra,1
TOYOTA|KUN35R PRMDHT A8,KUN35R-PRMDHT  A8,TOYOTA,unmapped_name,,ไม่ระบุ,1,0,0,2021-02,2021-02,1,68,,,,false,false,NO_CANDIDATE,NO_CANDIDATE_ALL_EXCLUDED,NONE,,,NAME_CONTRADICTION:info;GEN_LIFECYCLE_DISJOINT:info;NO_CANDIDATE_ALL_EXCLUDED:primary;SUBJ_UNMAPPED_NAME:info,none,30,0,0,0,30,1,toyota.gr_supra,1
TOYOTA|KUN35R PRMSHT A5,KUN35R-PRMSHT  A5,TOYOTA,unmapped_name,,ไม่ระบุ,1,0,0,2022-08,2022-08,1,68,,,,false,false,NO_CANDIDATE,NO_CANDIDATE_ALL_EXCLUDED,NONE,,,NAME_CONTRADICTION:info;GEN_LIFECYCLE_DISJOINT:info;NO_CANDIDATE_ALL_EXCLUDED:primary;SUBJ_UNMAPPED_NAME:info,none,30,0,0,0,30,1,toyota.gr_supra,1
TOYOTA|KUN35R PRMSHT A6,KUN35R-PRMSHT  A6,TOYOTA,unmapped_name,,ไม่ระบุ,1,0,0,2021-08,2021-08,1,68,,,,false,false,NO_CANDIDATE,NO_CANDIDATE_ALL_EXCLUDED,NONE,,,NAME_CONTRADICTION:info;GEN_LIFECYCLE_DISJOINT:info;NO_CANDIDATE_ALL_EXCLUDED:primary;SUBJ_UNMAPPED_NAME:info,none,30,0,0,0,30,1,toyota.gr_supra,1
TOYOTA|KUN35R PRMSHT A8,KUN35R-PRMSHT  A8,TOYOTA,unmapped_name,,ไม่ระบุ,1,0,0,2022-01,2022-01,1,68,,,,false,false,NO_CANDIDATE,NO_CANDIDATE_ALL_EXCLUDED,NONE,,,NAME_CONTRADICTION:info;GEN_LIFECYCLE_DISJOINT:info;NO_CANDIDATE_ALL_EXCLUDED:primary;SUBJ_UNMAPPED_NAME:info,none,30,0,0,0,30,1,toyota.gr_supra,1
TOYOTA|KUN35R URASHT AJ,KUN35R-URASHT  AJ,TOYOTA,unmapped_name,,ไม่ระบุ,1,0,0,2021-08,2021-08,1,68,,,,false,false,NO_CANDIDATE,NO_CANDIDATE_ALL_EXCLUDED,NONE,,,NAME_CONTRADICTION:info;GEN_LIFECYCLE_DISJOINT:info;NO_CANDIDATE_ALL_EXCLUDED:primary;SUBJ_UNMAPPED_NAME:info,none,30,0,0,0,30,2,toyota.gr_supra,1
TOYOTA|KUN36R PRMSYT B5,KUN36R-PRMSYT  B5,TOYOTA,unmapped_name,,ไม่ระบุ,1,0,0,2023-01,2023-01,1,68,,,,false,false,NO_CANDIDATE,NO_CANDIDATE_ALL_EXCLUDED,NONE,,,NAME_CONTRADICTION:info;GEN_LIFECYCLE_DISJOINT:info;NO_CANDIDATE_ALL_EXCLUDED:primary;SUBJ_UNMAPPED_NAME:info,none,30,0,0,0,30,0,,0
TOYOTA|KUN61R NKASYT A8,KUN61R-NKASYT  A8,TOYOTA,unmapped_name,,ไม่ระบุ,1,0,0,2021-08,2021-08,1,68,,,,false,false,NO_CANDIDATE,NO_CANDIDATE_ALL_EXCLUDED,NONE,,,NAME_CONTRADICTION:info;GEN_LIFECYCLE_DISJOINT:info;NO_CANDIDATE_ALL_EXCLUDED:primary;SUBJ_UNMAPPED_NAME:info,none,30,0,0,0,30,0,,0
TOYOTA|KUN61R NKASYT B0,KUN61R-NKASYT  B0,TOYOTA,unmapped_name,,ไม่ระบุ,1,0,0,2024-07,2024-07,1,68,,,,false,false,NO_CANDIDATE,NO_CANDIDATE_ALL_EXCLUDED,NONE,,,NAME_CONTRADICTION:info;GEN_LIFECYCLE_DISJOINT:info;NO_CANDIDATE_ALL_EXCLUDED:primary;SUBJ_UNMAPPED_NAME:info,none,30,0,0,0,30,0,,0
TOYOTA|LN106R TRMRS,LN106R-TRMRS,TOYOTA,unmapped_name,,ไม่ระบุ,2,0,1,2021-12,2024-09,2,67,,,,false,false,NO_CANDIDATE,NO_CANDIDATE_ALL_EXCLUDED,NONE,,,NAME_CONTRADICTION:info;GEN_LIFECYCLE_DISJOINT:info;NO_CANDIDATE_ALL_EXCLUDED:primary;SUBJ_UNMAPPED_NAME:info,none,30,0,0,0,30,0,,0
TOYOTA|LN152R CRMSSTA,LN152R-CRMSSTA,TOYOTA,unmapped_name,,ไม่ระบุ,2,0,0,2021-10,2023-03,2,67,,,,false,false,NO_CANDIDATE,NO_CANDIDATE_ALL_EXCLUDED,NONE,,,NAME_CONTRADICTION:info;GEN_LIFECYCLE_DISJOINT:info;NO_CANDIDATE_ALL_EXCLUDED:primary;SUBJ_UNMAPPED_NAME:info,none,30,0,0,0,30,5,toyota.hilux_revo_cab,1
TOYOTA|LN155R TRMDST,LN155R-TRMDST,TOYOTA,unmapped_name,,ไม่ระบุ,1,0,0,2023-03,2023-03,1,68,,,,false,false,NO_CANDIDATE,NO_CANDIDATE_ALL_EXCLUDED,NONE,,,NAME_CONTRADICTION:info;GEN_LIFECYCLE_DISJOINT:info;NO_CANDIDATE_ALL_EXCLUDED:primary;SUBJ_UNMAPPED_NAME:info,none,30,0,0,0,30,0,,0
TOYOTA|MIRAI,MIRAI,TOYOTA,unmapped_name,,ไม่ระบุ,2,0,0,2023-02,2023-02,1,68,,,,false,false,NO_CANDIDATE,NO_CANDIDATE_ALL_EXCLUDED,NONE,,,NAME_CONTRADICTION:info;GEN_LIFECYCLE_DISJOINT:info;NO_CANDIDATE_ALL_EXCLUDED:primary;SUBJ_UNMAPPED_NAME:info,none,30,0,0,0,30,4,toyota.yaris,1
TOYOTA|NCP150R BEPDKT AA,NCP150R-BEPDKT AA,TOYOTA,unmapped_name,,ไม่ระบุ,1,0,0,2021-10,2021-10,1,68,,,,false,false,NO_CANDIDATE,NO_CANDIDATE_ALL_EXCLUDED,NONE,,,NAME_CONTRADICTION:info;GEN_LIFECYCLE_DISJOINT:info;NO_CANDIDATE_ALL_EXCLUDED:primary;SUBJ_UNMAPPED_NAME:info,none,30,0,0,0,30,0,,0
TOYOTA|NCP150R BEPRKT C1,NCP150R-BEPRKT C1,TOYOTA,unmapped_name,,ไม่ระบุ,1,0,0,2021-03,2021-03,1,68,,,,false,false,NO_CANDIDATE,NO_CANDIDATE_ALL_EXCLUDED,NONE,,,NAME_CONTRADICTION:info;GEN_LIFECYCLE_DISJOINT:info;NO_CANDIDATE_ALL_EXCLUDED:primary;SUBJ_UNMAPPED_NAME:info,none,30,0,0,0,30,0,,0
TOYOTA|NCP93R BEPRKT A4,NCP93R-BEPRKT  A4,TOYOTA,unmapped_name,,ไม่ระบุ,1,0,0,2023-05,2023-05,1,68,,,,false,false,NO_CANDIDATE,NO_CANDIDATE_ALL_EXCLUDED,NONE,,,NAME_CONTRADICTION:info;GEN_LIFECYCLE_DISJOINT:info;NO_CANDIDATE_ALL_EXCLUDED:primary;SUBJ_UNMAPPED_NAME:info,none,30,0,0,0,30,1,toyota.gr_supra,1
TOYOTA|NSP152R AHXRKT CA,NSP152R-AHXRKT CA,TOYOTA,unmapped_name,,ไม่ระบุ,1,0,0,2023-02,2023-02,1,68,,,,false,false,NO_CANDIDATE,NO_CANDIDATE_ALL_EXCLUDED,NONE,,,NAME_CONTRADICTION:info;GEN_LIFECYCLE_DISJOINT:info;NO_CANDIDATE_ALL_EXCLUDED:primary;SUBJ_UNMAPPED_NAME:info,none,30,0,0,0,30,3,toyota.hilux_revo_cab,1
TOYOTA|TGN16R PRMSKT A7,TGN16R-PRMSKT  A7,TOYOTA,unmapped_name,,ไม่ระบุ,2,0,0,2022-12,2023-12,2,67,,,,false,false,NO_CANDIDATE,NO_CANDIDATE_ALL_EXCLUDED,NONE,,,NAME_CONTRADICTION:info;GEN_LIFECYCLE_DISJOINT:info;NO_CANDIDATE_ALL_EXCLUDED:primary;SUBJ_UNMAPPED_NAME:info,none,30,0,0,0,30,1,toyota.gr_supra,1
TOYOTA|TGN16R PRMSKT A8,TGN16R-PRMSKT  A8,TOYOTA,unmapped_name,,ไม่ระบุ,3,0,0,2021-04,2023-01,3,66,,,,false,false,NO_CANDIDATE,NO_CANDIDATE_ALL_EXCLUDED,NONE,,,NAME_CONTRADICTION:info;GEN_LIFECYCLE_DISJOINT:info;NO_CANDIDATE_ALL_EXCLUDED:primary;SUBJ_UNMAPPED_NAME:info,none,30,0,0,0,30,1,toyota.gr_supra,1
TOYOTA|TGN16R TRMDKT A7,TGN16R-TRMDKT  A7,TOYOTA,unmapped_name,,ไม่ระบุ,1,0,0,2022-04,2022-04,1,68,,,,false,false,NO_CANDIDATE,NO_CANDIDATE_ALL_EXCLUDED,NONE,,,NAME_CONTRADICTION:info;GEN_LIFECYCLE_DISJOINT:info;NO_CANDIDATE_ALL_EXCLUDED:primary;SUBJ_UNMAPPED_NAME:info,none,30,0,0,0,30,1,toyota.gr_supra,1
TOYOTA|TGN16R URMDMT A7,TGN16R-URMDMT  A7,TOYOTA,unmapped_name,,ไม่ระบุ,3,0,0,2021-09,2023-12,2,67,,,,false,false,NO_CANDIDATE,NO_CANDIDATE_ALL_EXCLUDED,NONE,,,NAME_CONTRADICTION:info;GEN_LIFECYCLE_DISJOINT:info;NO_CANDIDATE_ALL_EXCLUDED:primary;SUBJ_UNMAPPED_NAME:info,none,30,0,0,0,30,1,toyota.gr_supra,1
TOYOTA|TGN16R URMDMT A8,TGN16R-URMDMT  A8,TOYOTA,unmapped_name,,ไม่ระบุ,5,0,0,2021-11,2023-12,3,66,,,,false,false,NO_CANDIDATE,NO_CANDIDATE_ALL_EXCLUDED,NONE,,,NAME_CONTRADICTION:info;GEN_LIFECYCLE_DISJOINT:info;NO_CANDIDATE_ALL_EXCLUDED:primary;SUBJ_UNMAPPED_NAME:info,none,30,0,0,0,30,1,toyota.gr_supra,1
TOYOTA|TGN40R GKPDKT AE,TGN40R-GKPDKT  AE,TOYOTA,unmapped_name,,ไม่ระบุ,1,0,0,2021-06,2021-06,1,68,,,,false,false,NO_CANDIDATE,NO_CANDIDATE_ALL_EXCLUDED,NONE,,,NAME_CONTRADICTION:info;GEN_LIFECYCLE_DISJOINT:info;NO_CANDIDATE_ALL_EXCLUDED:primary;SUBJ_UNMAPPED_NAME:info,none,30,0,0,0,30,1,toyota.gr_supra,1
TOYOTA|TGN61R NKPSKT A3,TGN61R-NKPSKT  A3,TOYOTA,unmapped_name,,ไม่ระบุ,1,0,0,2021-09,2021-09,1,68,,,,false,false,NO_CANDIDATE,NO_CANDIDATE_ALL_EXCLUDED,NONE,,,NAME_CONTRADICTION:info;GEN_LIFECYCLE_DISJOINT:info;NO_CANDIDATE_ALL_EXCLUDED:primary;SUBJ_UNMAPPED_NAME:info,none,30,0,0,0,30,1,toyota.gr_supra,1
TOYOTA|TGN61R NKPSKT A5,TGN61R-NKPSKT  A5,TOYOTA,unmapped_name,,ไม่ระบุ,1,0,0,2024-04,2024-04,1,68,,,,false,false,NO_CANDIDATE,NO_CANDIDATE_ALL_EXCLUDED,NONE,,,NAME_CONTRADICTION:info;GEN_LIFECYCLE_DISJOINT:info;NO_CANDIDATE_ALL_EXCLUDED:primary;SUBJ_UNMAPPED_NAME:info,none,30,0,0,0,30,1,toyota.gr_supra,1
TOYOTA|TGN61R NKPSKT A8,TGN61R-NKPSKT  A8,TOYOTA,unmapped_name,,ไม่ระบุ,1,0,0,2021-03,2021-03,1,68,,,,false,false,NO_CANDIDATE,NO_CANDIDATE_ALL_EXCLUDED,NONE,,,NAME_CONTRADICTION:info;GEN_LIFECYCLE_DISJOINT:info;NO_CANDIDATE_ALL_EXCLUDED:primary;SUBJ_UNMAPPED_NAME:info,none,30,0,0,0,30,1,toyota.gr_supra,1
TOYOTA|TUNDRA 3 5L,TUNDRA 3.5L,TOYOTA,unmapped_name,,ไม่ระบุ,1,0,0,2024-07,2024-07,1,68,,,,false,false,NO_CANDIDATE,NO_CANDIDATE_ALL_EXCLUDED,NONE,,,NAME_CONTRADICTION:info;GEN_LIFECYCLE_DISJOINT:info;NO_CANDIDATE_ALL_EXCLUDED:primary;SUBJ_UNMAPPED_NAME:info,none,30,0,0,0,30,2,toyota.fortuner,1
TOYOTA|YN85R TRMRST,YN85R-TRMRST,TOYOTA,unmapped_name,,ไม่ระบุ,1,0,0,2023-01,2023-01,1,68,,,,false,false,NO_CANDIDATE,NO_CANDIDATE_ALL_EXCLUDED,NONE,,,NAME_CONTRADICTION:info;GEN_LIFECYCLE_DISJOINT:info;NO_CANDIDATE_ALL_EXCLUDED:primary;SUBJ_UNMAPPED_NAME:info,none,30,0,0,0,30,2,toyota.yaris_ativ,1
TOYOTA|ZRE141R GEPEKT A1,ZRE141R-GEPEKT A1,TOYOTA,unmapped_name,,ไม่ระบุ,1,0,0,2022-02,2022-02,1,68,,,,false,false,NO_CANDIDATE,NO_CANDIDATE_ALL_EXCLUDED,NONE,,,NAME_CONTRADICTION:info;GEN_LIFECYCLE_DISJOINT:info;NO_CANDIDATE_ALL_EXCLUDED:primary;SUBJ_UNMAPPED_NAME:info,none,30,0,0,0,30,0,,0
TOYOTA|ZRE142R GEXNGT A2,ZRE142R-GEXNGT A2,TOYOTA,unmapped_name,,ไม่ระบุ,1,0,0,2023-07,2023-07,1,68,,,,false,false,NO_CANDIDATE,NO_CANDIDATE_ALL_EXCLUDED,NONE,,,NAME_CONTRADICTION:info;GEN_LIFECYCLE_DISJOINT:info;NO_CANDIDATE_ALL_EXCLUDED:primary;SUBJ_UNMAPPED_NAME:info,none,30,0,0,0,30,0,,0
TOYOTA|ZRE171R GEFDKT A1,ZRE171R-GEFDKT A1,TOYOTA,unmapped_name,,ไม่ระบุ,1,0,0,2022-11,2022-11,1,68,,,,false,false,NO_CANDIDATE,NO_CANDIDATE_ALL_EXCLUDED,NONE,,,NAME_CONTRADICTION:info;GEN_LIFECYCLE_DISJOINT:info;NO_CANDIDATE_ALL_EXCLUDED:primary;SUBJ_UNMAPPED_NAME:info,none,30,0,0,0,30,0,,0
TOYOTA|ZRE171R GEXEMT A1,ZRE171R-GEXEMT A1,TOYOTA,unmapped_name,,ไม่ระบุ,2,0,0,2022-03,2026-09,2,67,,,,false,false,NO_CANDIDATE,NO_CANDIDATE_ALL_EXCLUDED,NONE,,,NAME_CONTRADICTION:info;NO_CANDIDATE_ALL_EXCLUDED:primary;SUBJ_UNMAPPED_NAME:info,none,30,0,0,0,30,0,,0
TOYOTA|ZRE172R GEXEGT A1,ZRE172R-GEXEGT A1,TOYOTA,unmapped_name,,ไม่ระบุ,1,0,0,2021-05,2021-05,1,68,,,,false,false,NO_CANDIDATE,NO_CANDIDATE_ALL_EXCLUDED,NONE,,,NAME_CONTRADICTION:info;GEN_LIFECYCLE_DISJOINT:info;NO_CANDIDATE_ALL_EXCLUDED:primary;SUBJ_UNMAPPED_NAME:info,none,30,0,0,0,30,0,,0
TOYOTA|ZRE172R GEXEGT B1,ZRE172R-GEXEGT B1,TOYOTA,unmapped_name,,ไม่ระบุ,3,0,0,2021-03,2022-02,3,66,,,,false,false,NO_CANDIDATE,NO_CANDIDATE_ALL_EXCLUDED,NONE,,,NAME_CONTRADICTION:info;GEN_LIFECYCLE_DISJOINT:info;NO_CANDIDATE_ALL_EXCLUDED:primary;SUBJ_UNMAPPED_NAME:info,none,30,0,0,0,30,0,,0
TOYOTA|ZRE172R GEXEGT BB,ZRE172R-GEXEGT BB,TOYOTA,unmapped_name,,ไม่ระบุ,1,0,0,2022-07,2022-07,1,68,,,,false,false,NO_CANDIDATE,NO_CANDIDATE_ALL_EXCLUDED,NONE,,,NAME_CONTRADICTION:info;GEN_LIFECYCLE_DISJOINT:info;NO_CANDIDATE_ALL_EXCLUDED:primary;SUBJ_UNMAPPED_NAME:info,none,30,0,0,0,30,0,,0
TOYOTA|ZRE172R GEXGGT A1,ZRE172R-GEXGGT A1,TOYOTA,unmapped_name,,ไม่ระบุ,2,0,0,2021-11,2022-02,2,67,,,,false,false,NO_CANDIDATE,NO_CANDIDATE_ALL_EXCLUDED,NONE,,,NAME_CONTRADICTION:info;GEN_LIFECYCLE_DISJOINT:info;NO_CANDIDATE_ALL_EXCLUDED:primary;SUBJ_UNMAPPED_NAME:info,none,30,0,0,0,30,0,,0
TOYOTA|ZVW30R AHXEBT CB,ZVW30R-AHXEBT  CB,TOYOTA,unmapped_name,,ไม่ระบุ,2,0,0,2022-05,2024-06,2,67,,,,false,false,NO_CANDIDATE,NO_CANDIDATE_ALL_EXCLUDED,NONE,,,NAME_CONTRADICTION:info;GEN_LIFECYCLE_DISJOINT:info;NO_CANDIDATE_ALL_EXCLUDED:primary;SUBJ_UNMAPPED_NAME:info,none,30,0,0,0,30,3,toyota.hilux_revo_cab,1
TOYOTA|ZZE141R GEMDKT A1,ZZE141R-GEMDKT A1,TOYOTA,unmapped_name,,ไม่ระบุ,1,0,0,2023-03,2023-03,1,68,,,,false,false,NO_CANDIDATE,NO_CANDIDATE_ALL_EXCLUDED,NONE,,,NAME_CONTRADICTION:info;GEN_LIFECYCLE_DISJOINT:info;NO_CANDIDATE_ALL_EXCLUDED:primary;SUBJ_UNMAPPED_NAME:info,none,30,0,0,0,30,0,,0
TOYOTA|ZZE141R GEPEKT C1,ZZE141R-GEPEKT C1,TOYOTA,unmapped_name,,ไม่ระบุ,1,0,0,2022-03,2022-03,1,68,,,,false,false,NO_CANDIDATE,NO_CANDIDATE_ALL_EXCLUDED,NONE,,,NAME_CONTRADICTION:info;GEN_LIFECYCLE_DISJOINT:info;NO_CANDIDATE_ALL_EXCLUDED:primary;SUBJ_UNMAPPED_NAME:info,none,30,0,0,0,30,0,,0
TOYOTA|ZZE141R GEPEKT D1,ZZE141R-GEPEKT D1,TOYOTA,unmapped_name,,ไม่ระบุ,1,0,0,2022-02,2022-02,1,68,,,,false,false,NO_CANDIDATE,NO_CANDIDATE_ALL_EXCLUDED,NONE,,,NAME_CONTRADICTION:info;GEN_LIFECYCLE_DISJOINT:info;NO_CANDIDATE_ALL_EXCLUDED:primary;SUBJ_UNMAPPED_NAME:info,none,30,0,0,0,30,0,,0
TOYOTA|ไม่ระบุ,ไม่ระบุ,TOYOTA,unmapped_name,,ไม่ระบุ,122,7,17,2021-02,2026-03,35,34,,,,false,false,INSUFFICIENT_DATA,INSUFFICIENT_DATA_NO_BASIS,NONE,,,SUBJ_UNSPECIFIED_NAME:info;SUBJ_DUPLICATE_DISPLAY_NAME:info;SER_MISSING_ROW_SEMANTICS_UNCONFIRMED:blocking;SER_OVERLAP_BELOW_PROPOSE_MIN:info;INSUFFICIENT_DATA_NO_BASIS:primary;SUBJ_UNMAPPED_NAME:info;SER_COVERAGE_ASYMMETRIC:info;SER_UNOBSERVED_NOT_ZERO:info;SER_VOLUME_BELOW_PROPOSE_MIN:info,discovery,30,0,0,0,30,0,,0
UD TRUCKS|CWE08N43R350SS9,CWE08N43R350SS9,UD TRUCKS,unmapped_name,,ไม่ระบุ,2,0,2,2024-10,2024-10,1,68,,,,false,false,NO_CANDIDATE,NO_CANDIDATE_ALL_EXCLUDED,NONE,,,NAME_CONTRADICTION:info;NO_CANDIDATE_ALL_EXCLUDED:primary;SUBJ_UNMAPPED_NAME:info,none,1,0,0,0,1,0,,0
UD TRUCKS|CWE11N43R370CSS9,CWE11N43R370CSS9,UD TRUCKS,unmapped_name,,ไม่ระบุ,4,3,4,2025-05,2026-08,3,66,,,,false,false,NO_CANDIDATE,NO_CANDIDATE_ALL_EXCLUDED,NONE,,,NAME_CONTRADICTION:info;NO_CANDIDATE_ALL_EXCLUDED:primary;SUBJ_UNMAPPED_NAME:info,none,1,0,0,0,1,0,,0
UD TRUCKS|CWE11N43R390SSI,CWE11N43R390SSI,UD TRUCKS,unmapped_name,,ไม่ระบุ,2,0,0,2023-07,2024-03,2,67,,,,false,false,NO_CANDIDATE,NO_CANDIDATE_ALL_EXCLUDED,NONE,,,NAME_CONTRADICTION:info;NO_CANDIDATE_ALL_EXCLUDED:primary;SUBJ_UNMAPPED_NAME:info,none,1,0,0,0,1,0,,0
UD TRUCKS|PKE250ELRM,PKE250ELRM,UD TRUCKS,unmapped_name,,ไม่ระบุ,5,0,0,2021-06,2024-08,5,64,,,,false,false,NO_CANDIDATE,NO_CANDIDATE_ALL_EXCLUDED,NONE,,,NAME_CONTRADICTION:info;NO_CANDIDATE_ALL_EXCLUDED:primary;SUBJ_UNMAPPED_NAME:info,none,1,0,0,0,1,0,,0
UD TRUCKS|PKE250HLRM,PKE250HLRM,UD TRUCKS,unmapped_name,,ไม่ระบุ,11,0,5,2023-10,2025-03,6,63,,,,false,false,NO_CANDIDATE,NO_CANDIDATE_ALL_EXCLUDED,NONE,,,NAME_CONTRADICTION:info;NO_CANDIDATE_ALL_EXCLUDED:primary;SUBJ_UNMAPPED_NAME:info,none,1,0,0,0,1,0,,0
VOLKAN|M32K,M32K,VOLKAN,unmapped_name,,ไม่ระบุ,1,0,0,2022-08,2022-08,1,68,,,,false,false,NO_CANDIDATE,BRND_NOT_IN_TDR,NONE,,,BRND_NOT_IN_TDR:primary;SUBJ_UNMAPPED_NAME:info,none,0,0,0,,0,0,,0
VOLKAN|VOLKAN 6X6 ARFF,VOLKAN 6X6 ARFF,VOLKAN,unmapped_name,,ไม่ระบุ,3,3,3,2026-08,2026-08,1,68,,,,false,false,NO_CANDIDATE,BRND_NOT_IN_TDR,NONE,,,BRND_NOT_IN_TDR:primary;SUBJ_UNMAPPED_NAME:info,none,0,0,0,,0,0,,0
VOLKSWAGEN|ID 3 PRO S,ID 3 PRO S,VOLKSWAGEN,unmapped_name,,ไม่ระบุ,1,0,0,2022-05,2022-05,1,68,,,,false,false,NO_CANDIDATE,NO_CANDIDATE_ALL_EXCLUDED,NONE,,,NAME_CONTRADICTION:info;NO_CANDIDATE_ALL_EXCLUDED:primary;SUBJ_UNMAPPED_NAME:info,none,1,0,0,0,1,0,,0
VOLKSWAGEN|ID 3 TOURER PRO S,ID.3 TOURER PRO S,VOLKSWAGEN,unmapped_name,,ไม่ระบุ,1,0,0,2022-06,2022-06,1,68,,,,false,false,NO_CANDIDATE,NO_CANDIDATE_ALL_EXCLUDED,NONE,,,NAME_CONTRADICTION:info;NO_CANDIDATE_ALL_EXCLUDED:primary;SUBJ_UNMAPPED_NAME:info,none,1,0,0,0,1,0,,0
VOLKSWAGEN|ID4 CROZZ PURE PLUS,ID4 CROZZ PURE PLUS,VOLKSWAGEN,unmapped_name,,ไม่ระบุ,1,0,0,2023-06,2023-06,1,68,,,,false,false,NO_CANDIDATE,NO_CANDIDATE_ALL_EXCLUDED,NONE,,,NAME_CONTRADICTION:info;NO_CANDIDATE_ALL_EXCLUDED:primary;SUBJ_UNMAPPED_NAME:info,none,1,0,0,0,1,0,,0
VOLKSWAGEN|KARMANNGHIA,KARMANNGHIA,VOLKSWAGEN,unmapped_name,,ไม่ระบุ,1,0,0,2021-06,2021-06,1,68,,,,false,false,NO_CANDIDATE,NO_CANDIDATE_ALL_EXCLUDED,NONE,,,NAME_CONTRADICTION:info;NO_CANDIDATE_ALL_EXCLUDED:primary;SUBJ_UNMAPPED_NAME:info,none,1,0,0,0,1,0,,0
VOLKSWAGEN|PASSAT ESTATE 2 0 TDI,PASSAT ESTATE 2.0 TDI,VOLKSWAGEN,unmapped_name,,ไม่ระบุ,1,0,0,2024-05,2024-05,1,68,,,,false,false,NO_CANDIDATE,NO_CANDIDATE_ALL_EXCLUDED,NONE,,,NAME_CONTRADICTION:info;NO_CANDIDATE_ALL_EXCLUDED:primary;SUBJ_UNMAPPED_NAME:info,none,1,0,0,0,1,0,,0
VOLKSWAGEN|SCIROCCO 2 0 TSI,SCIROCCO 2.0 TSI,VOLKSWAGEN,unmapped_name,,ไม่ระบุ,1,0,0,2023-12,2023-12,1,68,,,,false,false,NO_CANDIDATE,NO_CANDIDATE_ALL_EXCLUDED,NONE,,,NAME_CONTRADICTION:info;NO_CANDIDATE_ALL_EXCLUDED:primary;SUBJ_UNMAPPED_NAME:info,none,1,0,0,0,1,0,,0
VOLKSWAGEN|T6,T6,VOLKSWAGEN,unmapped_name,,ไม่ระบุ,13,0,0,2021-01,2024-06,9,60,,,,false,false,NO_CANDIDATE,NO_CANDIDATE_ALL_EXCLUDED,NONE,,,NAME_CONTRADICTION:info;NO_CANDIDATE_ALL_EXCLUDED:primary;SUBJ_UNMAPPED_NAME:info,none,1,0,0,0,1,0,,0
VOLKSWAGEN|TOURAN MATCH ESTATE 1 5 TSI,TOURAN MATCH ESTATE 1.5 TSI,VOLKSWAGEN,unmapped_name,,ไม่ระบุ,1,0,1,2025-07,2025-07,1,68,,,,false,false,NO_CANDIDATE,NO_CANDIDATE_ALL_EXCLUDED,NONE,,,NAME_CONTRADICTION:info;NO_CANDIDATE_ALL_EXCLUDED:primary;SUBJ_UNMAPPED_NAME:info,none,1,0,0,0,1,0,,0
VOLKSWAGEN|TRANSPORTER,TRANSPORTER,VOLKSWAGEN,unmapped_name,,ไม่ระบุ,12,0,2,2023-07,2025-03,8,61,,,,false,false,NO_CANDIDATE,NO_CANDIDATE_ALL_EXCLUDED,NONE,,,NAME_CONTRADICTION:info;NO_CANDIDATE_ALL_EXCLUDED:primary;SUBJ_UNMAPPED_NAME:info,none,1,0,0,0,1,0,,0
VOLKSWAGEN|TRANSPORTER 6 1 PANEL VAN,TRANSPORTER 6.1 PANEL VAN,VOLKSWAGEN,unmapped_name,,ไม่ระบุ,1,0,0,2022-04,2022-04,1,68,,,,false,false,NO_CANDIDATE,NO_CANDIDATE_ALL_EXCLUDED,NONE,,,NAME_CONTRADICTION:info;NO_CANDIDATE_ALL_EXCLUDED:primary;SUBJ_UNMAPPED_NAME:info,none,1,0,0,0,1,0,,0
VOLKSWAGEN|VW E LAVIDA,VW E LAVIDA,VOLKSWAGEN,unmapped_name,,ไม่ระบุ,1,0,0,2021-09,2021-09,1,68,,,,false,false,NO_CANDIDATE,NO_CANDIDATE_ALL_EXCLUDED,NONE,,,NAME_CONTRADICTION:info;NO_CANDIDATE_ALL_EXCLUDED:primary;SUBJ_UNMAPPED_NAME:info,none,1,0,0,0,1,0,,0
VOLKSWAGEN|คาราเวล,คาราเวล,VOLKSWAGEN,unmapped_name,,ไม่ระบุ,1,0,1,2024-10,2024-10,1,68,,,,false,false,NO_CANDIDATE,NO_CANDIDATE_ALL_EXCLUDED,NONE,,,NAME_CONTRADICTION:info;NO_CANDIDATE_ALL_EXCLUDED:primary;SUBJ_UNMAPPED_NAME:info,none,1,0,0,0,1,0,,0
VOLKSWAGEN|ไม่ระบุ,ไม่ระบุ,VOLKSWAGEN,unmapped_name,,ไม่ระบุ,1,0,0,2021-05,2021-05,1,68,,,,false,false,INSUFFICIENT_DATA,INSUFFICIENT_DATA_NO_BASIS,NONE,,,SUBJ_UNSPECIFIED_NAME:info;SUBJ_DUPLICATE_DISPLAY_NAME:info;SER_MISSING_ROW_SEMANTICS_UNCONFIRMED:blocking;SER_OVERLAP_BELOW_PROPOSE_MIN:info;INSUFFICIENT_DATA_NO_BASIS:primary;SUBJ_UNMAPPED_NAME:info;SER_COVERAGE_ASYMMETRIC:info;SER_UNOBSERVED_NOT_ZERO:info,none,1,0,0,0,1,0,,0
VOLVO|FM1164R49370AASI TH,FM1164R49370AASI-TH,VOLVO,unmapped_name,,ไม่ระบุ,1,0,0,2023-10,2023-10,1,68,,,,false,false,NO_CANDIDATE,NO_CANDIDATE_ALL_EXCLUDED,NONE,,,NAME_CONTRADICTION:info;GEN_LIFECYCLE_DISJOINT:info;NO_CANDIDATE_ALL_EXCLUDED:primary;SUBJ_UNMAPPED_NAME:info,none,10,0,0,0,10,0,,0
VOLVO|FM1342R49400ALSI TH,FM1342R49400ALSI-TH,VOLVO,unmapped_name,,ไม่ระบุ,4,0,0,2024-08,2024-08,1,68,,,,false,false,NO_CANDIDATE,NO_CANDIDATE_ALL_EXCLUDED,NONE,,,NAME_CONTRADICTION:info;NO_CANDIDATE_ALL_EXCLUDED:primary;SUBJ_UNMAPPED_NAME:info,none,10,0,0,0,10,0,,0
VOLVO|FM1342R49420CLSI,FM1342R49420CLSI,VOLVO,unmapped_name,,ไม่ระบุ,4,0,4,2024-09,2024-09,1,68,,,,false,false,NO_CANDIDATE,NO_CANDIDATE_ALL_EXCLUDED,NONE,,,NAME_CONTRADICTION:info;NO_CANDIDATE_ALL_EXCLUDED:primary;SUBJ_UNMAPPED_NAME:info,none,10,0,0,0,10,0,,0
VOLVO|FM1342R52420CLSI EURO 5 CBU,FM1342R52420CLSI (EURO 5) CBU,VOLVO,unmapped_name,,ไม่ระบุ,1,0,1,2025-03,2025-03,1,68,,,,false,false,NO_CANDIDATE,NO_CANDIDATE_ALL_EXCLUDED,NONE,,,NAME_CONTRADICTION:info;NO_CANDIDATE_ALL_EXCLUDED:primary;SUBJ_UNMAPPED_NAME:info,none,10,0,0,0,10,0,,0
VOLVO|FM1364R49420CLSI TH,FM1364R49420CLSI-TH,VOLVO,unmapped_name,,ไม่ระบุ,1,0,1,2025-03,2025-03,1,68,,,,false,false,NO_CANDIDATE,NO_CANDIDATE_ALL_EXCLUDED,NONE,,,NAME_CONTRADICTION:info;NO_CANDIDATE_ALL_EXCLUDED:primary;SUBJ_UNMAPPED_NAME:info,none,10,0,0,0,10,0,,0
VOLVO|FMX1364R56420CLHI,FMX1364R56420CLHI,VOLVO,unmapped_name,,ไม่ระบุ,1,0,1,2025-02,2025-02,1,68,,,,false,false,NO_CANDIDATE,NO_CANDIDATE_ALL_EXCLUDED,NONE,,,NAME_CONTRADICTION:info;NO_CANDIDATE_ALL_EXCLUDED:primary;SUBJ_UNMAPPED_NAME:info,none,10,0,0,0,10,0,,0
VOLVO|FMX1364R56480ALHI TH,FMX1364R56480ALHI-TH,VOLVO,unmapped_name,,ไม่ระบุ,1,0,0,2024-03,2024-03,1,68,,,,false,false,NO_CANDIDATE,NO_CANDIDATE_ALL_EXCLUDED,NONE,,,NAME_CONTRADICTION:info;NO_CANDIDATE_ALL_EXCLUDED:primary;SUBJ_UNMAPPED_NAME:info,none,10,0,0,0,10,0,,0
VOLVO|PANTHER 8X8,PANTHER 8X8,VOLVO,unmapped_name,,ไม่ระบุ,3,0,0,2023-05,2023-05,1,68,,,,false,false,NO_CANDIDATE,NO_CANDIDATE_ALL_EXCLUDED,NONE,,,NAME_CONTRADICTION:info;GEN_LIFECYCLE_DISJOINT:info;NO_CANDIDATE_ALL_EXCLUDED:primary;SUBJ_UNMAPPED_NAME:info,none,10,0,0,0,10,0,,0
VOLVO|V40,V40,VOLVO,unmapped_name,,ไม่ระบุ,1,0,0,2022-03,2022-03,1,68,,,,false,false,NO_CANDIDATE,NO_CANDIDATE_ALL_EXCLUDED,NONE,,,NAME_CONTRADICTION:info;GEN_LIFECYCLE_DISJOINT:info;NO_CANDIDATE_ALL_EXCLUDED:primary;SUBJ_UNMAPPED_NAME:info,none,10,0,0,0,10,4,volvo.xc40,1
VOLVO|V50 2 0,V50 2.0,VOLVO,unmapped_name,,ไม่ระบุ,1,0,0,2021-06,2021-06,1,68,,,,false,false,NO_CANDIDATE,NO_CANDIDATE_ALL_EXCLUDED,NONE,,,NAME_CONTRADICTION:info;GEN_LIFECYCLE_DISJOINT:info;NO_CANDIDATE_ALL_EXCLUDED:primary;SUBJ_UNMAPPED_NAME:info,none,10,0,0,0,10,1,volvo.v60,1
VOLVO|V90,V90,VOLVO,unmapped_name,,ไม่ระบุ,2,0,0,2021-08,2022-11,2,67,,,,false,false,NO_CANDIDATE,NO_CANDIDATE_ALL_EXCLUDED,NONE,,,NAME_CONTRADICTION:info;GEN_LIFECYCLE_DISJOINT:info;NO_CANDIDATE_ALL_EXCLUDED:primary;SUBJ_UNMAPPED_NAME:info,none,10,0,0,0,10,4,volvo.v60,1
VOLVO|VOLKAN M24,VOLKAN M24,VOLVO,unmapped_name,,ไม่ระบุ,1,0,0,2023-09,2023-09,1,68,,,,false,false,NO_CANDIDATE,NO_CANDIDATE_ALL_EXCLUDED,NONE,,,NAME_CONTRADICTION:info;GEN_LIFECYCLE_DISJOINT:info;NO_CANDIDATE_ALL_EXCLUDED:primary;SUBJ_UNMAPPED_NAME:info,none,10,0,0,0,10,0,,0
VOLVO|ไม่ระบุ,ไม่ระบุ,VOLVO,unmapped_name,,ไม่ระบุ,29,0,1,2021-02,2024-11,15,54,,,,false,false,INSUFFICIENT_DATA,INSUFFICIENT_DATA_NO_BASIS,NONE,,,SUBJ_UNSPECIFIED_NAME:info;SUBJ_DUPLICATE_DISPLAY_NAME:info;SER_MISSING_ROW_SEMANTICS_UNCONFIRMED:blocking;SER_OVERLAP_BELOW_PROPOSE_MIN:info;INSUFFICIENT_DATA_NO_BASIS:primary;SUBJ_UNMAPPED_NAME:info;SER_COVERAGE_ASYMMETRIC:info;SER_UNOBSERVED_NOT_ZERO:info,none,10,0,0,0,10,0,,0
WEIAO BOMA|STANDARD,STANDARD,WEIAO BOMA,unmapped_name,,ไม่ระบุ,3,0,0,2024-05,2024-05,1,68,,,,false,false,NO_CANDIDATE,BRND_NOT_IN_TDR,NONE,,,BRND_NOT_IN_TDR:primary;SUBJ_UNMAPPED_NAME:info,none,0,0,0,,0,0,,0
WEIAO BOMA|ไม่ระบุ,ไม่ระบุ,WEIAO BOMA,unmapped_name,,ไม่ระบุ,1,0,0,2023-10,2023-10,1,68,,,,false,false,NO_CANDIDATE,BRND_NOT_IN_TDR,NONE,,,SUBJ_UNSPECIFIED_NAME:info;SUBJ_DUPLICATE_DISPLAY_NAME:info;BRND_NOT_IN_TDR:primary;SUBJ_UNMAPPED_NAME:info,none,0,0,0,,0,0,,0
WELTMEISTER|EX5Z FUN,EX5Z FUN,WELTMEISTER,unmapped_name,,ไม่ระบุ,1,0,0,2021-08,2021-08,1,68,,,,false,false,NO_CANDIDATE,BRND_NOT_IN_TDR,NONE,,,BRND_NOT_IN_TDR:primary;SUBJ_UNMAPPED_NAME:info,none,0,0,0,,0,0,,0
WELTMEISTER|EX5Z PRO,EX5Z PRO,WELTMEISTER,unmapped_name,,ไม่ระบุ,1,0,0,2021-08,2021-08,1,68,,,,false,false,NO_CANDIDATE,BRND_NOT_IN_TDR,NONE,,,BRND_NOT_IN_TDR:primary;SUBJ_UNMAPPED_NAME:info,none,0,0,0,,0,0,,0
WELTMEISTER|EX6 NEXT,EX6 NEXT,WELTMEISTER,unmapped_name,,ไม่ระบุ,1,0,0,2021-08,2021-08,1,68,,,,false,false,NO_CANDIDATE,BRND_NOT_IN_TDR,NONE,,,BRND_NOT_IN_TDR:primary;SUBJ_UNMAPPED_NAME:info,none,0,0,0,,0,0,,0
WULING|BINGOU SRD,Bingou SRD,WULING,unmapped_name,Hatchback,A-segment,5,0,0,2024-08,2024-08,1,68,,,,false,false,NO_CANDIDATE,NO_CANDIDATE_ALL_EXCLUDED,NONE,,,NAME_CONTRADICTION:info;GEN_LIFECYCLE_DISJOINT:info;NO_CANDIDATE_ALL_EXCLUDED:primary;SUBJ_UNMAPPED_NAME:info,none,4,0,0,0,4,1,wuling.wuling_bingo,1
WULING|GXA5032XXYEV,GXA5032XXYEV,WULING,unmapped_name,,ไม่ระบุ,1,0,0,2022-01,2022-01,1,68,,,,false,false,NO_CANDIDATE,NO_CANDIDATE_ALL_EXCLUDED,NONE,,,NAME_CONTRADICTION:info;GEN_LIFECYCLE_DISJOINT:info;NO_CANDIDATE_ALL_EXCLUDED:primary;SUBJ_UNMAPPED_NAME:info,none,4,0,0,0,4,0,,0
WULING|HONGGUANG,HONGGUANG,WULING,unmapped_name,,ไม่ระบุ,1,0,0,2021-05,2021-05,1,68,,,,false,false,NO_CANDIDATE,NO_CANDIDATE_ALL_EXCLUDED,NONE,,,NAME_CONTRADICTION:info;GEN_LIFECYCLE_DISJOINT:info;NO_CANDIDATE_ALL_EXCLUDED:primary;SUBJ_UNMAPPED_NAME:info,none,4,0,0,0,4,0,,0
WULING|MULIN MINI,MULIN MINI,WULING,unmapped_name,,ไม่ระบุ,24,0,0,2021-05,2022-06,6,63,,,,false,false,NO_CANDIDATE,NO_CANDIDATE_ALL_EXCLUDED,NONE,,,NAME_CONTRADICTION:info;GEN_LIFECYCLE_DISJOINT:info;NO_CANDIDATE_ALL_EXCLUDED:primary;SUBJ_UNMAPPED_NAME:info,none,4,0,0,0,4,0,,0
WULING|WULING MINI,WULING MINI,WULING,unmapped_name,,ไม่ระบุ,1,0,0,2022-10,2022-10,1,68,,,,false,false,NO_CANDIDATE,NO_CANDIDATE_ALL_EXCLUDED,NONE,,,NAME_CONTRADICTION:info;GEN_LIFECYCLE_DISJOINT:info;NO_CANDIDATE_ALL_EXCLUDED:primary;SUBJ_UNMAPPED_NAME:info,none,4,0,0,0,4,1,wuling.wuling_bingo,1
XIAOMI|SU7 MAX,SU7 MAX,XIAOMI,unmapped_name,,ไม่ระบุ,2,0,2,2025-04,2025-04,1,68,,,,false,false,NO_CANDIDATE,BRND_NOT_IN_TDR,NONE,,,BRND_NOT_IN_TDR:primary;SUBJ_UNMAPPED_NAME:info,none,0,0,0,,0,0,,0
YAMAHA|NMAX,NMAX,YAMAHA,unmapped_name,,ไม่ระบุ,1,0,0,2024-01,2024-01,1,68,,,,false,false,NO_CANDIDATE,BRND_NOT_IN_TDR,NONE,,,BRND_NOT_IN_TDR:primary;SUBJ_UNMAPPED_NAME:info,none,0,0,0,,0,0,,0
YUCHAI|LZ1041L2ACT,LZ1041L2ACT,YUCHAI,unmapped_name,,ไม่ระบุ,1,0,1,2025-06,2025-06,1,68,,,,false,false,NO_CANDIDATE,BRND_NOT_IN_TDR,NONE,,,BRND_NOT_IN_TDR:primary;SUBJ_UNMAPPED_NAME:info,none,0,0,0,,0,0,,0
YUCHAI|NZ5161ZYSH,NZ5161ZYSH,YUCHAI,unmapped_name,,ไม่ระบุ,2,1,1,2025-12,2026-09,2,67,,,,false,false,NO_CANDIDATE,BRND_NOT_IN_TDR,NONE,,,BRND_NOT_IN_TDR:primary;SUBJ_UNMAPPED_NAME:info,none,0,0,0,,0,0,,0
YUCHAI|NZ5161ZYSR,NZ5161ZYSR,YUCHAI,unmapped_name,,ไม่ระบุ,3,1,3,2025-06,2025-12,2,67,,,,false,false,NO_CANDIDATE,BRND_NOT_IN_TDR,NONE,,,BRND_NOT_IN_TDR:primary;SUBJ_UNMAPPED_NAME:info,none,0,0,0,,0,0,,0
YUCHAI|NZ5250GSS,NZ5250GSS,YUCHAI,unmapped_name,,ไม่ระบุ,1,1,1,2026-08,2026-08,1,68,,,,false,false,NO_CANDIDATE,BRND_NOT_IN_TDR,NONE,,,BRND_NOT_IN_TDR:primary;SUBJ_UNMAPPED_NAME:info,none,0,0,0,,0,0,,0
ZIEGLER|Z6 FLF 80 125 15 250P,Z6-FLF 80/125-15+250P,ZIEGLER,unmapped_name,,ไม่ระบุ,7,7,7,2025-11,2025-11,1,68,,,,false,false,NO_CANDIDATE,BRND_NOT_IN_TDR,NONE,,,BRND_NOT_IN_TDR:primary;SUBJ_UNMAPPED_NAME:info,none,0,0,0,,0,0,,0
ZX AUTO|FP3A,FP3A,ZX AUTO,unmapped_name,,ไม่ระบุ,1,0,1,2025-08,2025-08,1,68,,,,false,false,NO_CANDIDATE,BRND_NOT_IN_TDR,NONE,,,BRND_NOT_IN_TDR:primary;SUBJ_UNMAPPED_NAME:info,none,0,0,0,,0,0,,0
ZX AUTO|FP3B,FP3B,ZX AUTO,unmapped_name,,ไม่ระบุ,1,0,1,2025-08,2025-08,1,68,,,,false,false,NO_CANDIDATE,BRND_NOT_IN_TDR,NONE,,,BRND_NOT_IN_TDR:primary;SUBJ_UNMAPPED_NAME:info,none,0,0,0,,0,0,,0
aion-aion-es,Aion ES,AION,settled,Sedan,C-segment,2437,1034,1479,2024-01,2026-09,29,40,,,,false,false,PROPOSE,PROPOSE_NAME_MATCH_SERIES_NOT_STRONG,PROPOSED,EQUIVALENT,aion.aion_es,BRND_EXACT:supporting;NAME_EQUAL:supporting;PROPOSE_NAME_MATCH_SERIES_NOT_STRONG:primary;NAME_ONLY_NOT_AUTO:blocking;SER_MISSING_ROW_SEMANTICS_UNCONFIRMED:blocking;SER_CORRELATION_BELOW_STRONG:blocking;SER_RATIO_OUT_OF_BAND:blocking;BRND_MISMATCH:info;BRND_PREFIX_STRIPPED:info;SER_COVERAGE_ASYMMETRIC:info;SER_UNOBSERVED_NOT_ZERO:info,crosswalk_review,5,1,1,1,5,1,aion.aion_es,1
aion-aion-ut,Aion UT,AION,settled,Hatchback,C-segment,10296,9286,9827,2025-07,2026-09,15,54,,,,false,false,PROPOSE,PROPOSE_SERIES_STRONG_CAPPED,PROPOSED,EQUIVALENT,aion.aion_ut,BRND_EXACT:supporting;NAME_EQUAL:supporting;SER_STRONG:supporting;PROPOSE_SERIES_STRONG_CAPPED:primary;SER_MISSING_ROW_SEMANTICS_UNCONFIRMED:blocking;BRND_PREFIX_STRIPPED:info;SER_COVERAGE_ASYMMETRIC:info;SER_UNOBSERVED_NOT_ZERO:info,crosswalk_review,5,1,1,,5,1,aion.aion_ut,1
aion-aion-v,Aion V,AION,settled,SUV,C-segment,9264,5606,8786,2025-01,2026-09,21,48,NEW_RENAME,RENAME:AION|AION V 505 PREMIUM>aion-aion-v 100%,NOOP:LIN_ALREADY_APPLIED,false,true,PROPOSE,PROPOSE_SERIES_STRONG_CAPPED,PROPOSED,EQUIVALENT,aion.aion_v,BRND_EXACT:supporting;NAME_EQUAL:supporting;SER_STRONG:supporting;PROPOSE_SERIES_STRONG_CAPPED:primary;SER_MISSING_ROW_SEMANTICS_UNCONFIRMED:blocking;BRND_MISMATCH:info;BRND_PREFIX_STRIPPED:info;SER_COVERAGE_ASYMMETRIC:info;SER_UNOBSERVED_NOT_ZERO:info,crosswalk_review,5,1,1,,5,1,aion.aion_v,1
aion-aion-y-plus,Aion Y Plus,AION,settled,SUV,C-segment,9720,3123,6539,2023-09,2026-09,37,32,,,,false,false,PROPOSE,PROPOSE_NAME_MATCH_SERIES_NOT_STRONG,PROPOSED,EQUIVALENT,aion.aion_y_plus,BRND_EXACT:supporting;NAME_EQUAL:supporting;PROPOSE_NAME_MATCH_SERIES_NOT_STRONG:primary;NAME_ONLY_NOT_AUTO:blocking;SER_CORRELATION_BELOW_STRONG:blocking;SER_RATIO_OUT_OF_BAND:blocking;BRND_PREFIX_STRIPPED:info;SER_COVERAGE_ASYMMETRIC:info;SER_UNOBSERVED_NOT_ZERO:info,crosswalk_review,5,1,1,1,5,1,aion.aion_y_plus,1
aion-hyptec-ht,Hyptec HT,AION,settled,SUV,D-segment,4207,2163,4066,2024-10,2026-09,24,45,,,,false,false,PROPOSE,PROPOSE_SERIES_STRONG_CAPPED,PROPOSED,EQUIVALENT,aion.hyptec_ht,BRND_EXACT:supporting;NAME_EQUAL:supporting;SER_STRONG:supporting;PROPOSE_SERIES_STRONG_CAPPED:primary;SER_MISSING_ROW_SEMANTICS_UNCONFIRMED:blocking;SER_COVERAGE_ASYMMETRIC:info;SER_UNOBSERVED_NOT_ZERO:info,crosswalk_review,5,1,1,,5,1,aion.hyptec_ht,1
asia-cab-as4,Asia Cab AS4,ASIA CAB,settled,MPV,MPV,248,0,0,2021-01,2022-05,4,65,NEW_RENAME,RENAME:ASIA CAB|ASIACAB AS4L>asia-cab-as4 100%,NOOP:LIN_ALREADY_APPLIED,false,true,NO_CANDIDATE,BRND_NOT_IN_TDR,NONE,,,BRND_NOT_IN_TDR:primary,none,0,0,0,,0,0,,0
aston-martin-aston-martin-db11,Aston Martin DB11,ASTON MARTIN,settled,Coupe/Convertible,D-segment,14,1,1,2021-02,2026-06,13,56,,,,false,false,NO_CANDIDATE,BRND_NOT_IN_TDR,NONE,,,BRND_NOT_IN_TDR:primary,none,0,0,0,,0,0,,0
aston-martin-aston-martin-db12,Aston Martin DB12,ASTON MARTIN,settled,Coupe/Convertible,D-segment,8,3,7,2024-07,2026-07,7,62,,,,false,false,NO_CANDIDATE,BRND_NOT_IN_TDR,NONE,,,BRND_NOT_IN_TDR:primary,none,0,0,0,,0,0,,0
aston-martin-aston-martin-dbx,Aston Martin DBX,ASTON MARTIN,settled,SUV,E-segment,9,3,5,2022-05,2026-06,7,62,,,,false,false,NO_CANDIDATE,BRND_NOT_IN_TDR,NONE,,,BRND_NOT_IN_TDR:primary,none,0,0,0,,0,0,,0
aston-martin-aston-martin-vanquish,Aston Martin Vanquish,ASTON MARTIN,settled,Coupe/Convertible,D-segment,3,1,1,2021-01,2026-06,3,66,,,,false,false,NO_CANDIDATE,BRND_NOT_IN_TDR,NONE,,,BRND_NOT_IN_TDR:primary,none,0,0,0,,0,0,,0
aston-martin-aston-martin-vantage,Aston Martin Vantage,ASTON MARTIN,settled,Coupe/Convertible,รถสปอร์ต,32,9,14,2021-01,2026-06,26,43,,,,false,false,NO_CANDIDATE,BRND_NOT_IN_TDR,NONE,,,BRND_NOT_IN_TDR:primary,none,0,0,0,,0,0,,0
audi-a3-20tdi-s-line-saloon-manual__provisional,A3 2.0TDI S LINE SALOON MANUAL,AUDI,provisional,,ไม่ระบุ,1,0,0,2023-04,2023-04,1,68,,,,false,false,NO_CANDIDATE,NO_CANDIDATE_ALL_EXCLUDED,NONE,,,NAME_CONTRADICTION:info;NO_CANDIDATE_ALL_EXCLUDED:primary;SUBJ_PROVISIONAL:info,none,17,0,0,0,17,0,,0
audi-a3-saloon-35-tfsi__provisional,A3 SALOON 35 TFSI,AUDI,provisional,,ไม่ระบุ,1,0,0,2023-07,2023-07,1,68,,,,false,false,NO_CANDIDATE,NO_CANDIDATE_ALL_EXCLUDED,NONE,,,NAME_CONTRADICTION:info;NO_CANDIDATE_ALL_EXCLUDED:primary;SUBJ_PROVISIONAL:info,none,17,0,0,0,17,1,audi.etron_gt,1
audi-a3-sb-35-tfsi-s-line__provisional,A3 SB 35 TFSI S line,AUDI,provisional,,ไม่ระบุ,27,0,2,2022-07,2025-01,19,50,,,,false,false,NO_CANDIDATE,NO_CANDIDATE_ALL_EXCLUDED,NONE,,,NAME_CONTRADICTION:info;NO_CANDIDATE_ALL_EXCLUDED:primary;SUBJ_PROVISIONAL:info,none,17,0,0,0,17,0,,0
audi-audi-a1,AUDI A1,AUDI,settled,Hatchback,B-segment,31,1,1,2021-01,2026-01,13,56,,,,false,false,NO_CANDIDATE,NO_CANDIDATE_ALL_EXCLUDED,NONE,,,GEN_LIFECYCLE_DISJOINT:info;NAME_CONTRADICTION:info;SER_MISSING_ROW_SEMANTICS_UNCONFIRMED:blocking;SER_CORRELATION_BELOW_STRONG:blocking;SER_RATIO_OUT_OF_BAND:blocking;NO_CANDIDATE_ALL_EXCLUDED:primary,none,17,0,1,1,17,6,audi.a1,1
audi-audi-a4,Audi A4,AUDI,settled,Sedan,D-segment,153,9,34,2021-01,2026-07,55,14,,,,false,false,PROPOSE,PROPOSE_SERIES_STRONG_CAPPED,PROPOSED,EQUIVALENT,audi.a4,BRND_EXACT:supporting;NAME_EQUAL:supporting;SER_STRONG:supporting;PROPOSE_SERIES_STRONG_CAPPED:primary;SER_VOLUME_BELOW_AUTO_MIN:blocking;SER_MISSING_ROW_SEMANTICS_UNCONFIRMED:blocking;GEN_LIFECYCLE_PARTIAL:blocking;BRND_PREFIX_STRIPPED:info;SER_COVERAGE_ASYMMETRIC:info;SER_UNOBSERVED_NOT_ZERO:info,crosswalk_review,17,1,1,,17,6,audi.a4,1
audi-audi-a5,Audi A5,AUDI,settled,Sedan,D-segment,2020,189,376,2021-01,2026-09,69,0,,,,false,false,PROPOSE,PROPOSE_SERIES_STRONG_CAPPED,PROPOSED,EQUIVALENT,audi.a5,BRND_EXACT:supporting;NAME_EQUAL:supporting;SER_STRONG:supporting;PROPOSE_SERIES_STRONG_CAPPED:primary;ATTR_BODY_MISMATCH:blocking;GEN_LIFECYCLE_PARTIAL:blocking;BRND_PREFIX_STRIPPED:info;SER_COVERAGE_ASYMMETRIC:info,crosswalk_review,17,1,1,,17,7,audi.a5,1
audi-audi-a6,Audi A6,AUDI,settled,Sedan,D-segment,104,4,7,2021-01,2026-08,43,26,,,,false,false,PROPOSE,PROPOSE_NAME_MATCH_SERIES_NOT_STRONG,PROPOSED,EQUIVALENT,audi.a6,BRND_EXACT:supporting;NAME_EQUAL:supporting;PROPOSE_NAME_MATCH_SERIES_NOT_STRONG:primary;NAME_ONLY_NOT_AUTO:blocking;SER_MISSING_ROW_SEMANTICS_UNCONFIRMED:blocking;SER_VOLUME_BELOW_PROPOSE_MIN:info;BRND_PREFIX_STRIPPED:info;SER_COVERAGE_ASYMMETRIC:info;SER_UNOBSERVED_NOT_ZERO:info,crosswalk_review,17,1,1,2,17,7,audi.a6,1
audi-audi-a7,AUDI A7,AUDI,settled,Sedan,D-segment,114,12,18,2021-01,2026-09,52,17,,,,false,false,PROPOSE,PROPOSE_NAME_MATCH_SERIES_NOT_STRONG,PROPOSED,EQUIVALENT,audi.a7,BRND_EXACT:supporting;NAME_EQUAL:supporting;PROPOSE_NAME_MATCH_SERIES_NOT_STRONG:primary;NAME_ONLY_NOT_AUTO:blocking;SER_MISSING_ROW_SEMANTICS_UNCONFIRMED:blocking;GEN_LIFECYCLE_PARTIAL:blocking;SER_VOLUME_BELOW_PROPOSE_MIN:info;BRND_PREFIX_STRIPPED:info;SER_COVERAGE_ASYMMETRIC:info;SER_UNOBSERVED_NOT_ZERO:info,crosswalk_review,17,1,1,1,17,7,audi.a7,1
audi-audi-a8l,Audi A8L,AUDI,settled,Sedan,E-segment,22,4,7,2021-03,2026-06,19,50,,,,false,false,NO_CANDIDATE,NO_CANDIDATE_ALL_EXCLUDED,NONE,,,NAME_CONTRADICTION:info;NO_CANDIDATE_ALL_EXCLUDED:primary,none,17,0,1,0,17,7,audi.a8,1
audi-audi-e-tron,AUDI E-TRON,AUDI,settled,Sedan,D-segment,183,8,23,2021-01,2026-09,60,9,,,,false,false,PROPOSE,PROPOSE_NAME_MATCH_SERIES_NOT_STRONG,PROPOSED,EQUIVALENT,audi.etron,BRND_EXACT:supporting;NAME_EQUAL:supporting;PROPOSE_NAME_MATCH_SERIES_NOT_STRONG:primary;NAME_ONLY_NOT_AUTO:blocking;SER_MISSING_ROW_SEMANTICS_UNCONFIRMED:blocking;ATTR_BODY_MISMATCH:blocking;SER_VOLUME_BELOW_PROPOSE_MIN:info;BRND_PREFIX_STRIPPED:info;SER_COVERAGE_ASYMMETRIC:info;SER_UNOBSERVED_NOT_ZERO:info,crosswalk_review,17,1,5,5,17,5,audi.q8_etron,1
audi-audi-q3,Audi Q3,AUDI,settled,SUV,B-segment,759,25,131,2021-01,2026-09,66,3,,,,false,false,PROPOSE,PROPOSE_SERIES_STRONG_CAPPED,PROPOSED,EQUIVALENT,audi.audi_q3,BRND_EXACT:supporting;NAME_EQUAL:supporting;SER_STRONG:supporting;PROPOSE_SERIES_STRONG_CAPPED:primary;SER_MISSING_ROW_SEMANTICS_UNCONFIRMED:blocking;BRND_PREFIX_STRIPPED:info;SER_COVERAGE_ASYMMETRIC:info;SER_UNOBSERVED_NOT_ZERO:info,crosswalk_review,17,1,1,,17,4,audi.audi_q3,1
audi-audi-q5,Audi Q5,AUDI,settled,SUV,C-segment,299,43,128,2021-01,2026-07,62,7,,,,false,false,PROPOSE,PROPOSE_SERIES_STRONG_CAPPED,PROPOSED,EQUIVALENT,audi.audi_q5,BRND_EXACT:supporting;NAME_EQUAL:supporting;SER_STRONG:supporting;PROPOSE_SERIES_STRONG_CAPPED:primary;SER_MISSING_ROW_SEMANTICS_UNCONFIRMED:blocking;BRND_PREFIX_STRIPPED:info;SER_COVERAGE_ASYMMETRIC:info;SER_UNOBSERVED_NOT_ZERO:info,crosswalk_review,17,1,1,,17,5,audi.audi_q5,1
audi-audi-q6,AUDI Q6,AUDI,settled,SUV,D-segment,7,6,6,2026-02,2026-09,6,63,,,,false,false,INSUFFICIENT_DATA,INSUFFICIENT_DATA_NO_BASIS,NONE,,,SER_MISSING_ROW_SEMANTICS_UNCONFIRMED:blocking;SER_OVERLAP_BELOW_PROPOSE_MIN:info;INSUFFICIENT_DATA_NO_BASIS:primary;BRND_PREFIX_STRIPPED:info;SER_COVERAGE_ASYMMETRIC:info;SER_UNOBSERVED_NOT_ZERO:info;SER_NO_COMMON_WINDOW:info,none,17,0,0,1,17,6,audi.audi_q5,1
audi-audi-q7,Audi Q7,AUDI,settled,SUV,D-segment,164,21,43,2021-01,2026-06,56,13,,,,false,false,PROPOSE,PROPOSE_SERIES_STRONG_CAPPED,PROPOSED,EQUIVALENT,audi.q7,BRND_EXACT:supporting;NAME_EQUAL:supporting;SER_STRONG:supporting;PROPOSE_SERIES_STRONG_CAPPED:primary;SER_VOLUME_BELOW_AUTO_MIN:blocking;SER_MISSING_ROW_SEMANTICS_UNCONFIRMED:blocking;BRND_PREFIX_STRIPPED:info;SER_COVERAGE_ASYMMETRIC:info;SER_UNOBSERVED_NOT_ZERO:info,crosswalk_review,17,1,1,,17,5,audi.q7,1
audi-audi-q8,Audi Q8,AUDI,settled,SUV,D-segment,327,69,170,2021-01,2026-09,61,8,,,,false,false,PROPOSE,PROPOSE_COMPOSED_OF,PROPOSED,COMPOSED_OF,audi.q8+audi.q8_etron,BRND_EXACT:supporting;SER_BUNDLE_STRONG:supporting;GRAN_PROVIDER_COARSER:supporting;PROPOSE_COMPOSED_OF:primary;NAME_CONTAINMENT_SUBJECT_COARSER:blocking;SER_MISSING_ROW_SEMANTICS_UNCONFIRMED:blocking;BRND_PREFIX_STRIPPED:info;SER_COVERAGE_ASYMMETRIC:info;SER_UNOBSERVED_NOT_ZERO:info,crosswalk_review,17,2,2,2,17,6,audi.q8_etron,1
audi-audi-rs-3,AUDI RS 3,AUDI,settled,Hatchback,B-segment,22,5,9,2022-11,2026-02,17,52,,,,false,false,INSUFFICIENT_DATA,INSUFFICIENT_DATA_NO_BASIS,NONE,,,SER_MISSING_ROW_SEMANTICS_UNCONFIRMED:blocking;SER_VOLUME_BELOW_PROPOSE_MIN:info;INSUFFICIENT_DATA_NO_BASIS:primary;BRND_PREFIX_STRIPPED:info;SER_COVERAGE_ASYMMETRIC:info;SER_UNOBSERVED_NOT_ZERO:info;SER_OVERLAP_BELOW_PROPOSE_MIN:info,none,17,0,0,0,17,1,audi.rs,1
audi-audi-rs-4,AUDI RS 4,AUDI,settled,Wagon,D-segment,103,9,20,2021-02,2026-08,50,19,,,,false,false,INSUFFICIENT_DATA,INSUFFICIENT_DATA_NO_BASIS,NONE,,,SER_MISSING_ROW_SEMANTICS_UNCONFIRMED:blocking;SER_VOLUME_BELOW_PROPOSE_MIN:info;INSUFFICIENT_DATA_NO_BASIS:primary;BRND_PREFIX_STRIPPED:info;SER_COVERAGE_ASYMMETRIC:info;SER_UNOBSERVED_NOT_ZERO:info;SER_OVERLAP_BELOW_PROPOSE_MIN:info,none,17,0,0,0,17,1,audi.rs,1
audi-audi-rs-5,AUDI RS 5,AUDI,settled,Coupe/Convertible,รถสปอร์ต,94,7,22,2021-08,2026-05,49,20,,,,false,false,INSUFFICIENT_DATA,INSUFFICIENT_DATA_NO_BASIS,NONE,,,SER_MISSING_ROW_SEMANTICS_UNCONFIRMED:blocking;SER_VOLUME_BELOW_PROPOSE_MIN:info;INSUFFICIENT_DATA_NO_BASIS:primary;BRND_PREFIX_STRIPPED:info;SER_COVERAGE_ASYMMETRIC:info;SER_UNOBSERVED_NOT_ZERO:info;SER_OVERLAP_BELOW_PROPOSE_MIN:info,none,17,0,0,0,17,1,audi.rs,1
audi-audi-rs-6,AUDI RS 6,AUDI,settled,Wagon,D-segment,44,2,8,2021-01,2026-03,30,39,,,,false,false,INSUFFICIENT_DATA,INSUFFICIENT_DATA_NO_BASIS,NONE,,,SER_MISSING_ROW_SEMANTICS_UNCONFIRMED:blocking;SER_VOLUME_BELOW_PROPOSE_MIN:info;INSUFFICIENT_DATA_NO_BASIS:primary;BRND_PREFIX_STRIPPED:info;SER_COVERAGE_ASYMMETRIC:info;SER_UNOBSERVED_NOT_ZERO:info,none,17,0,0,0,17,1,audi.rs,1
audi-audi-rs-7,AUDI RS 7,AUDI,settled,Sedan,D-segment,16,2,3,2021-08,2026-01,14,55,,,,false,false,INSUFFICIENT_DATA,INSUFFICIENT_DATA_NO_BASIS,NONE,,,SER_MISSING_ROW_SEMANTICS_UNCONFIRMED:blocking;SER_OVERLAP_BELOW_PROPOSE_MIN:info;INSUFFICIENT_DATA_NO_BASIS:primary;BRND_PREFIX_STRIPPED:info;SER_COVERAGE_ASYMMETRIC:info;SER_UNOBSERVED_NOT_ZERO:info,none,17,0,0,0,17,1,audi.rs,1
audi-audi-rs-q3,AUDI RS Q3,AUDI,settled,SUV,B-segment,81,11,17,2021-08,2026-07,43,26,,,,false,false,INSUFFICIENT_DATA,INSUFFICIENT_DATA_NO_BASIS,NONE,,,SER_MISSING_ROW_SEMANTICS_UNCONFIRMED:blocking;SER_VOLUME_BELOW_PROPOSE_MIN:info;INSUFFICIENT_DATA_NO_BASIS:primary;BRND_PREFIX_STRIPPED:info;SER_COVERAGE_ASYMMETRIC:info;SER_UNOBSERVED_NOT_ZERO:info;SER_OVERLAP_BELOW_PROPOSE_MIN:info,none,17,0,0,0,17,2,audi.rs,1
audi-audi-rs-q8,AUDI RS Q8,AUDI,settled,SUV,D-segment,34,7,10,2021-04,2026-03,24,45,,,,false,false,INSUFFICIENT_DATA,INSUFFICIENT_DATA_NO_BASIS,NONE,,,SER_MISSING_ROW_SEMANTICS_UNCONFIRMED:blocking;SER_VOLUME_BELOW_PROPOSE_MIN:info;INSUFFICIENT_DATA_NO_BASIS:primary;BRND_PREFIX_STRIPPED:info;SER_COVERAGE_ASYMMETRIC:info;SER_UNOBSERVED_NOT_ZERO:info;SER_OVERLAP_BELOW_PROPOSE_MIN:info,none,17,0,0,0,17,2,audi.q8,1
audi-audi-s3,AUDI S3,AUDI,settled,Hatchback,B-segment,20,6,10,2022-10,2026-07,17,52,,,,false,false,NO_CANDIDATE,NO_CANDIDATE_ALL_EXCLUDED,NONE,,,NAME_CONTRADICTION:info;NO_CANDIDATE_ALL_EXCLUDED:primary,none,17,0,0,0,17,2,audi.audi_q3,1
audi-audi-tt,Audi TT,AUDI,settled,Coupe/Convertible,รถสปอร์ต,1131,104,254,2021-01,2026-09,69,0,,,,false,false,PROPOSE,PROPOSE_SERIES_STRONG_CAPPED,PROPOSED,EQUIVALENT,audi.tt,BRND_EXACT:supporting;NAME_EQUAL:supporting;SER_STRONG:supporting;PROPOSE_SERIES_STRONG_CAPPED:primary;GEN_LIFECYCLE_PARTIAL:blocking;BRND_PREFIX_STRIPPED:info;SER_COVERAGE_ASYMMETRIC:info,crosswalk_review,17,1,1,,17,2,audi.tt,1
audi-q2-35-tfsi__provisional,Q2 35 TFSI,AUDI,provisional,,ไม่ระบุ,19,0,0,2021-01,2023-04,14,55,,,,false,false,NO_CANDIDATE,NO_CANDIDATE_ALL_EXCLUDED,NONE,,,NAME_CONTRADICTION:info;NO_CANDIDATE_ALL_EXCLUDED:primary;SUBJ_PROVISIONAL:info,none,17,0,0,0,17,2,audi.q6_etron,1
audi-r8-coupe-v10-performance__provisional,R8 COUPE V10 PERFORMANCE,AUDI,provisional,,ไม่ระบุ,6,0,1,2021-04,2024-10,6,63,,,,false,false,NO_CANDIDATE,NO_CANDIDATE_ALL_EXCLUDED,NONE,,,NAME_CONTRADICTION:info;NO_CANDIDATE_ALL_EXCLUDED:primary;SUBJ_PROVISIONAL:info,none,17,0,0,0,17,3,audi.q8_etron,1
audi-r8-coupe-v10__provisional,R8 COUPE V10,AUDI,provisional,,ไม่ระบุ,1,0,0,2024-03,2024-03,1,68,,,,false,false,NO_CANDIDATE,NO_CANDIDATE_ALL_EXCLUDED,NONE,,,NAME_CONTRADICTION:info;NO_CANDIDATE_ALL_EXCLUDED:primary;SUBJ_PROVISIONAL:info,none,17,0,0,0,17,1,audi.q8_etron,1
audi-r8-cp-v10-performance-q__provisional,R8 CP V10 Performance q,AUDI,provisional,,ไม่ระบุ,1,0,0,2022-03,2022-03,1,68,,,,false,false,NO_CANDIDATE,NO_CANDIDATE_ALL_EXCLUDED,NONE,,,NAME_CONTRADICTION:info;GEN_LIFECYCLE_DISJOINT:info;NO_CANDIDATE_ALL_EXCLUDED:primary;SUBJ_PROVISIONAL:info,none,17,0,0,0,17,0,,0
audi-r8-spyder-v10-performance__provisional,R8 SPYDER V10 PERFORMANCE,AUDI,provisional,,ไม่ระบุ,1,0,0,2022-05,2022-05,1,68,,,,false,false,NO_CANDIDATE,NO_CANDIDATE_ALL_EXCLUDED,NONE,,,NAME_CONTRADICTION:info;GEN_LIFECYCLE_DISJOINT:info;NO_CANDIDATE_ALL_EXCLUDED:primary;SUBJ_PROVISIONAL:info,none,17,0,0,0,17,2,audi.q8_etron,1
audi-r8-v10-coupe__provisional,R8 V10 COUPE,AUDI,provisional,,ไม่ระบุ,6,0,1,2021-01,2025-06,6,63,,,,false,false,NO_CANDIDATE,NO_CANDIDATE_ALL_EXCLUDED,NONE,,,NAME_CONTRADICTION:info;NO_CANDIDATE_ALL_EXCLUDED:primary;SUBJ_PROVISIONAL:info,none,17,0,0,0,17,0,,0
audi-s8-tfsi-quattro__provisional,S8 TFSI QUATTRO,AUDI,provisional,,ไม่ระบุ,1,0,0,2022-01,2022-01,1,68,,,,false,false,NO_CANDIDATE,NO_CANDIDATE_ALL_EXCLUDED,NONE,,,NAME_CONTRADICTION:info;GEN_LIFECYCLE_DISJOINT:info;NO_CANDIDATE_ALL_EXCLUDED:primary;SUBJ_PROVISIONAL:info,none,17,0,0,0,17,2,audi.etron,1
audi-sq8-vorsprung-tdi-quattro__provisional,SQ8 VORSPRUNG TDI QUATTRO,AUDI,provisional,,ไม่ระบุ,1,0,0,2021-03,2021-03,1,68,,,,false,false,NO_CANDIDATE,NO_CANDIDATE_ALL_EXCLUDED,NONE,,,NAME_CONTRADICTION:info;GEN_LIFECYCLE_DISJOINT:info;NO_CANDIDATE_ALL_EXCLUDED:primary;SUBJ_PROVISIONAL:info,none,17,0,0,0,17,2,audi.q8_etron,1
avatr-avatr-07,Avatr 07,AVATR,settled,SUV,D-segment,564,485,485,2026-04,2026-09,6,63,,,,false,false,PROPOSE,PROPOSE_NAME_MATCH_SERIES_NOT_STRONG,PROPOSED,EQUIVALENT,avatr.avatr_07,BRND_EXACT:supporting;NAME_EQUAL:supporting;PROPOSE_NAME_MATCH_SERIES_NOT_STRONG:primary;NAME_ONLY_NOT_AUTO:blocking;SER_MISSING_ROW_SEMANTICS_UNCONFIRMED:blocking;SER_OVERLAP_BELOW_PROPOSE_MIN:info;BRND_PREFIX_STRIPPED:info;SER_COVERAGE_ASYMMETRIC:info;SER_UNOBSERVED_NOT_ZERO:info,crosswalk_review,2,1,1,1,2,1,avatr.avatr_07,1
avatr-avatr-11,Avatr 11,AVATR,settled,SUV,D-segment,1256,633,1200,2024-12,2026-09,22,47,,,,false,false,PROPOSE,PROPOSE_SERIES_STRONG_CAPPED,PROPOSED,EQUIVALENT,avatr.avatr_11,BRND_EXACT:supporting;NAME_EQUAL:supporting;SER_STRONG:supporting;PROPOSE_SERIES_STRONG_CAPPED:primary;SER_MISSING_ROW_SEMANTICS_UNCONFIRMED:blocking;BRND_PREFIX_STRIPPED:info;SER_COVERAGE_ASYMMETRIC:info;SER_UNOBSERVED_NOT_ZERO:info,crosswalk_review,2,1,1,,2,1,avatr.avatr_11,1
axion-axion-t5,Axion T5,AXION,settled,Pickup,กระบะ Cab/Space Cab 2 ประตู,3,3,3,2025-10,2026-02,2,67,,,,false,false,NO_CANDIDATE,BRND_NOT_IN_TDR,NONE,,,BRND_NOT_IN_TDR:primary,none,0,0,0,,0,0,,0
baw-m8,BAW M8,BAW,settled,MPV,Full Size MPV,2,0,0,2026-09,2026-09,1,68,,,,false,false,NO_CANDIDATE,BRND_NOT_IN_TDR,NONE,,,BRND_NOT_IN_TDR:primary;BRND_MISMATCH:info,none,0,0,0,,0,0,,0
bentley-bentley-bentayga,Bentley Bentayga,BENTLEY,settled,SUV,D-segment,294,17,42,2021-01,2026-08,60,9,,,,false,false,PROPOSE,PROPOSE_SERIES_STRONG_CAPPED,PROPOSED,EQUIVALENT,bentley.bentayga,BRND_EXACT:supporting;NAME_EQUAL:supporting;SER_STRONG:supporting;PROPOSE_SERIES_STRONG_CAPPED:primary;SER_VOLUME_BELOW_AUTO_MIN:blocking;SER_MISSING_ROW_SEMANTICS_UNCONFIRMED:blocking;ATTR_BODY_MISMATCH:blocking;BRND_PREFIX_STRIPPED:info;SER_COVERAGE_ASYMMETRIC:info;SER_UNOBSERVED_NOT_ZERO:info,crosswalk_review,2,1,1,,2,1,bentley.bentayga,1
bentley-bentley-continental,Bentley Continental,BENTLEY,settled,Coupe/Convertible,D-segment,117,8,17,2021-01,2026-09,51,18,,,,false,false,NO_CANDIDATE,NO_CANDIDATE_ALL_EXCLUDED,NONE,,,NAME_CONTRADICTION:info;NO_CANDIDATE_ALL_EXCLUDED:primary,none,2,0,0,0,2,1,bentley.bentayga,1
bentley-bentley-flying,Bentley Flying,BENTLEY,settled,Sedan,E-segment,182,12,50,2021-02,2026-09,54,15,,,,false,false,PROPOSE,PROPOSE_SERIES_STRONG_CAPPED,PROPOSED,EQUIVALENT,bentley.flying_spur,BRND_EXACT:supporting;SER_STRONG:supporting;PROPOSE_SERIES_STRONG_CAPPED:primary;NAME_CONTAINMENT_SUBJECT_COARSER:blocking;SER_VOLUME_BELOW_AUTO_MIN:blocking;SER_MISSING_ROW_SEMANTICS_UNCONFIRMED:blocking;BRND_PREFIX_STRIPPED:info;SER_COVERAGE_ASYMMETRIC:info;SER_UNOBSERVED_NOT_ZERO:info,crosswalk_review,2,1,1,,2,1,bentley.flying_spur,1
bmw-420d-coupe-rhd__provisional,420D COUPE RHD,BMW,provisional,Sedan,D-segment,4,1,1,2021-03,2025-11,4,65,,,,false,false,NO_CANDIDATE,NO_CANDIDATE_ALL_EXCLUDED,NONE,,,NAME_SIBLING_VARIANT:info;NAME_CONTRADICTION:info;NO_CANDIDATE_ALL_EXCLUDED:primary;SUBJ_PROVISIONAL:info,none,22,0,0,0,22,2,bmw.2_series_gran_coupe,1
bmw-420d-gran-coupe-rhd__provisional,420D GRAN COUPE RHD,BMW,provisional,Sedan,D-segment,1,0,0,2021-04,2021-04,1,68,,,,false,false,NO_CANDIDATE,NO_CANDIDATE_ALL_EXCLUDED,NONE,,,NAME_SIBLING_VARIANT:info;GEN_LIFECYCLE_DISJOINT:info;NAME_CONTRADICTION:info;NO_CANDIDATE_ALL_EXCLUDED:primary;SUBJ_PROVISIONAL:info,none,22,0,0,0,22,1,bmw.2_series_gran_coupe,1
bmw-430d-convertible-mild-hybrid__provisional,430D CONVERTIBLE Mild-hybrid,BMW,provisional,Sedan,D-segment,2,0,2,2024-11,2025-02,2,67,,,,false,false,NO_CANDIDATE,NO_CANDIDATE_ALL_EXCLUDED,NONE,,,NAME_CONTRADICTION:info;NO_CANDIDATE_ALL_EXCLUDED:primary;SUBJ_PROVISIONAL:info,none,22,0,0,0,22,0,,0
bmw-840d-xdrive-coupe__provisional,840D XDRIVE COUPE,BMW,provisional,Sedan,E-segment,2,0,0,2021-09,2023-05,2,67,,,,false,false,NO_CANDIDATE,NO_CANDIDATE_ALL_EXCLUDED,NONE,,,NAME_SIBLING_VARIANT:info;NAME_CONTRADICTION:info;GEN_LIFECYCLE_DISJOINT:info;NO_CANDIDATE_ALL_EXCLUDED:primary;SUBJ_PROVISIONAL:info,none,22,0,0,0,22,2,bmw.2_series_gran_coupe,1
bmw-840d-xdrive-m-coupe__provisional,840D XDRIVE M COUPE,BMW,provisional,Sedan,E-segment,1,0,0,2022-08,2022-08,1,68,,,,false,false,NO_CANDIDATE,NO_CANDIDATE_ALL_EXCLUDED,NONE,,,NAME_SIBLING_VARIANT:info;NAME_CONTRADICTION:info;GEN_LIFECYCLE_DISJOINT:info;NO_CANDIDATE_ALL_EXCLUDED:primary;SUBJ_PROVISIONAL:info,none,22,0,0,0,22,2,bmw.2_series_gran_coupe,1
bmw-840d-xdrive__provisional,840D XDRIVE,BMW,provisional,Sedan,E-segment,2,0,0,2021-10,2022-01,2,67,,,,false,false,NO_CANDIDATE,NO_CANDIDATE_ALL_EXCLUDED,NONE,,,NAME_CONTRADICTION:info;GEN_LIFECYCLE_DISJOINT:info;NO_CANDIDATE_ALL_EXCLUDED:primary;SUBJ_PROVISIONAL:info,none,22,0,0,0,22,4,bmw.bmw_3,1
bmw-840i-convertible__provisional,840I CONVERTIBLE,BMW,provisional,Sedan,E-segment,2,0,0,2021-01,2023-04,2,67,,,,false,false,NO_CANDIDATE,NO_CANDIDATE_ALL_EXCLUDED,NONE,,,NAME_CONTRADICTION:info;GEN_LIFECYCLE_DISJOINT:info;NO_CANDIDATE_ALL_EXCLUDED:primary;SUBJ_PROVISIONAL:info,none,22,0,0,0,22,4,bmw.bmw_3,1
bmw-840i-m-sport-coupe__provisional,840I M SPORT COUPE,BMW,provisional,Sedan,E-segment,1,1,1,2025-09,2025-09,1,68,,,,false,false,NO_CANDIDATE,NO_CANDIDATE_ALL_EXCLUDED,NONE,,,NAME_SIBLING_VARIANT:info;NAME_CONTRADICTION:info;NO_CANDIDATE_ALL_EXCLUDED:primary;SUBJ_PROVISIONAL:info,none,22,0,0,0,22,1,bmw.2_series_gran_coupe,1
bmw-840i-m-sport-gran-coupe__provisional,840i M SPORT GRAN COUPE,BMW,provisional,Sedan,E-segment,1,0,0,2023-01,2023-01,1,68,,,,false,false,NO_CANDIDATE,NO_CANDIDATE_ALL_EXCLUDED,NONE,,,NAME_SIBLING_VARIANT:info;NAME_CONTRADICTION:info;GEN_LIFECYCLE_DISJOINT:info;NO_CANDIDATE_ALL_EXCLUDED:primary;SUBJ_PROVISIONAL:info,none,22,0,0,0,22,1,bmw.2_series_gran_coupe,1
bmw-alpina-b3-s-bi-turbo-touring__provisional,ALPINA B3 S BI-TURBO TOURING,BMW,provisional,,ไม่ระบุ,1,0,1,2024-11,2024-11,1,68,,,,false,false,NO_CANDIDATE,NO_CANDIDATE_ALL_EXCLUDED,NONE,,,NAME_CONTRADICTION:info;NO_CANDIDATE_ALL_EXCLUDED:primary;SUBJ_PROVISIONAL:info,none,22,0,0,0,22,0,,0
bmw-alpina-b5-touring__provisional,ALPINA B5 TOURING,BMW,provisional,,ไม่ระบุ,1,0,1,2024-09,2024-09,1,68,,,,false,false,NO_CANDIDATE,NO_CANDIDATE_ALL_EXCLUDED,NONE,,,NAME_CONTRADICTION:info;NO_CANDIDATE_ALL_EXCLUDED:primary;SUBJ_PROVISIONAL:info,none,22,0,0,0,22,0,,0
bmw-alpina-d3-s-touring-mild__provisional,ALPINA D3 S TOURING MILD,BMW,provisional,,ไม่ระบุ,2,0,0,2022-07,2023-03,2,67,,,,false,false,NO_CANDIDATE,NO_CANDIDATE_ALL_EXCLUDED,NONE,,,NAME_CONTRADICTION:info;GEN_LIFECYCLE_DISJOINT:info;NO_CANDIDATE_ALL_EXCLUDED:primary;SUBJ_PROVISIONAL:info,none,22,0,0,0,22,0,,0
bmw-alpina-d3-s-touring__provisional,ALPINA D3 S TOURING,BMW,provisional,,ไม่ระบุ,2,0,0,2022-04,2022-04,1,68,,,,false,false,NO_CANDIDATE,NO_CANDIDATE_ALL_EXCLUDED,NONE,,,NAME_CONTRADICTION:info;GEN_LIFECYCLE_DISJOINT:info;NO_CANDIDATE_ALL_EXCLUDED:primary;SUBJ_PROVISIONAL:info,none,22,0,0,0,22,1,bmw.bmw_3,1
bmw-bmw-2-series,BMW 2 Series,BMW,settled,Sedan,C-segment,5192,639,1360,2021-01,2026-09,69,0,,,,false,false,PROPOSE,PROPOSE_SERIES_STRONG_CAPPED,PROPOSED,EQUIVALENT,bmw.2_series_gran_coupe,BRND_EXACT:supporting;SER_STRONG:supporting;PROPOSE_SERIES_STRONG_CAPPED:primary;NAME_CONTAINMENT_SUBJECT_COARSER:blocking;GEN_LIFECYCLE_PARTIAL:blocking;BRND_PREFIX_STRIPPED:info;SER_COVERAGE_ASYMMETRIC:info,crosswalk_review,22,1,5,,22,5,bmw.2_series_gran_coupe,1
bmw-bmw-218i,BMW 218i,BMW,settled,Sedan,C-segment,47,0,0,2021-01,2023-04,20,49,,,,false,false,NO_CANDIDATE,NO_CANDIDATE_ALL_EXCLUDED,NONE,,,NAME_CONTRADICTION:info;GEN_LIFECYCLE_DISJOINT:info;NO_CANDIDATE_ALL_EXCLUDED:primary,none,22,0,0,0,22,0,,0
bmw-bmw-3-series,BMW 3 Series,BMW,settled,Sedan,D-segment,16645,1994,4884,2021-01,2026-09,69,0,,,,false,false,AUTO,AUTO_ALL_GATES_PASSED,AUTO,EQUIVALENT,bmw.bmw_3,BRND_EXACT:supporting;NAME_EQUAL:supporting;SER_STRONG:supporting;AUTO_ALL_GATES_PASSED:primary;BRND_MISMATCH:info;BRND_PREFIX_STRIPPED:info;SER_COVERAGE_ASYMMETRIC:info,none,22,1,4,,22,5,bmw.bmw_3,1
bmw-bmw-320i,BMW 320i,BMW,settled,Sedan,D-segment,3,0,0,2021-08,2023-06,3,66,,,,false,false,NO_CANDIDATE,NO_CANDIDATE_ALL_EXCLUDED,NONE,,,NAME_CONTRADICTION:info;GEN_LIFECYCLE_DISJOINT:info;NO_CANDIDATE_ALL_EXCLUDED:primary,none,22,0,0,0,22,0,,0
bmw-bmw-330i,BMW 330i,BMW,settled,Sedan,D-segment,39,0,2,2021-01,2025-01,23,46,,,,false,false,NO_CANDIDATE,NO_CANDIDATE_ALL_EXCLUDED,NONE,,,NAME_CONTRADICTION:info;GEN_LIFECYCLE_DISJOINT:info;NO_CANDIDATE_ALL_EXCLUDED:primary,none,22,0,0,0,22,0,,0
bmw-bmw-420i,BMW 420I,BMW,settled,Sedan,D-segment,95,25,78,2021-02,2026-08,31,38,,,,false,false,NO_CANDIDATE,NO_CANDIDATE_ALL_EXCLUDED,NONE,,,NAME_CONTRADICTION:info;SER_MISSING_ROW_SEMANTICS_UNCONFIRMED:blocking;SER_CORRELATION_BELOW_STRONG:blocking;SER_RATIO_OUT_OF_BAND:blocking;NO_CANDIDATE_ALL_EXCLUDED:primary,none,22,0,0,0,22,0,,0
bmw-bmw-430i,BMW 430i,BMW,settled,Sedan,D-segment,1044,118,292,2021-02,2026-09,68,1,,,,false,false,NO_CANDIDATE,NO_CANDIDATE_ALL_EXCLUDED,NONE,,,NAME_CONTRADICTION:info;SER_CORRELATION_BELOW_STRONG:blocking;SER_RATIO_OUT_OF_BAND:blocking;SER_MISSING_ROW_SEMANTICS_UNCONFIRMED:blocking;NO_CANDIDATE_ALL_EXCLUDED:primary;DISCOVERY_CATALOG_GAP:info,discovery,22,0,0,0,22,0,,0
bmw-bmw-5-series,BMW 5 Series,BMW,settled,Sedan,D-segment,5091,604,1408,2021-01,2026-09,69,0,,,,false,false,PROPOSE,PROPOSE_NAME_MATCH_SERIES_NOT_STRONG,PROPOSED,EQUIVALENT,bmw.bmw_5,BRND_EXACT:supporting;NAME_EQUAL:supporting;PROPOSE_NAME_MATCH_SERIES_NOT_STRONG:primary;NAME_ONLY_NOT_AUTO:blocking;GEN_LIFECYCLE_PARTIAL:blocking;SER_CORRELATION_BELOW_STRONG:blocking;SER_RATIO_OUT_OF_BAND:blocking;BRND_PREFIX_STRIPPED:info;SER_COVERAGE_ASYMMETRIC:info,crosswalk_review,22,1,4,1,22,5,bmw.bmw_5,1
bmw-bmw-520i,BMW 520i,BMW,settled,Sedan,D-segment,2,0,0,2022-02,2023-04,2,67,,,,false,false,NO_CANDIDATE,NO_CANDIDATE_ALL_EXCLUDED,NONE,,,NAME_CONTRADICTION:info;GEN_LIFECYCLE_DISJOINT:info;NO_CANDIDATE_ALL_EXCLUDED:primary,none,22,0,0,0,22,0,,0
bmw-bmw-530e,BMW 530e,BMW,settled,Sedan,D-segment,5524,674,1512,2021-01,2026-09,69,0,,,,false,false,NO_CANDIDATE,NO_CANDIDATE_ALL_EXCLUDED,NONE,,,NAME_CONTRADICTION:info;SER_CORRELATION_BELOW_STRONG:blocking;SER_RATIO_OUT_OF_BAND:blocking;SER_MISSING_ROW_SEMANTICS_UNCONFIRMED:blocking;NO_CANDIDATE_ALL_EXCLUDED:primary;DISCOVERY_CATALOG_GAP:info,discovery,22,0,0,0,22,0,,0
bmw-bmw-630i,BMW 630I,BMW,settled,Sedan,D-segment,802,12,150,2021-01,2026-09,66,3,NEW_RENAME,RENAME:bmw-630d-gran-turismo-rhd__provisional>bmw-bmw-630i 100%,NOOP:LIN_ALREADY_APPLIED,false,true,NO_CANDIDATE,NO_CANDIDATE_ALL_EXCLUDED,NONE,,,NAME_CONTRADICTION:info;SER_MISSING_ROW_SEMANTICS_UNCONFIRMED:blocking;SER_CORRELATION_BELOW_STRONG:blocking;SER_RATIO_OUT_OF_BAND:blocking;NO_CANDIDATE_ALL_EXCLUDED:primary;DISCOVERY_CATALOG_GAP:info,discovery,22,0,0,0,22,0,,0
bmw-bmw-7-series,BMW 7 Series,BMW,settled,Sedan,E-segment,1005,85,264,2021-01,2026-09,69,0,,,,false,false,PROPOSE,PROPOSE_NAME_MATCH_SERIES_NOT_STRONG,PROPOSED,EQUIVALENT,bmw.7_series,BRND_EXACT:supporting;NAME_EQUAL:supporting;PROPOSE_NAME_MATCH_SERIES_NOT_STRONG:primary;NAME_ONLY_NOT_AUTO:blocking;GEN_LIFECYCLE_PARTIAL:blocking;SER_CORRELATION_BELOW_STRONG:blocking;BRND_MISMATCH:info;BRND_PREFIX_STRIPPED:info;SER_COVERAGE_ASYMMETRIC:info,crosswalk_review,22,1,4,1,22,5,bmw.7_series,1
bmw-bmw-i4,BMW i4,BMW,settled,Sedan,D-segment,421,65,181,2022-06,2026-08,51,18,,,,false,false,AUTO,AUTO_ALL_GATES_PASSED,AUTO,EQUIVALENT,bmw.bmw_i4,BRND_EXACT:supporting;NAME_EQUAL:supporting;SER_STRONG:supporting;AUTO_ALL_GATES_PASSED:primary;BRND_PREFIX_STRIPPED:info;SER_COVERAGE_ASYMMETRIC:info;SER_UNOBSERVED_NOT_ZERO:info,none,22,1,1,,22,11,bmw.bmw_i4,1
bmw-bmw-i5,BMW i5,BMW,settled,Sedan,D-segment,645,330,522,2023-12,2026-09,34,35,,,,false,false,AUTO,AUTO_ALL_GATES_PASSED,AUTO,EQUIVALENT,bmw.i5,BRND_EXACT:supporting;NAME_EQUAL:supporting;SER_STRONG:supporting;AUTO_ALL_GATES_PASSED:primary;BRND_PREFIX_STRIPPED:info;SER_COVERAGE_ASYMMETRIC:info;SER_UNOBSERVED_NOT_ZERO:info,none,22,1,1,,22,10,bmw.i5,1
bmw-bmw-i7,BMW i7,BMW,settled,Sedan,E-segment,385,143,217,2023-02,2026-09,44,25,,,,false,false,AUTO,AUTO_ALL_GATES_PASSED,AUTO,EQUIVALENT,bmw.i7,BRND_EXACT:supporting;NAME_EQUAL:supporting;SER_STRONG:supporting;AUTO_ALL_GATES_PASSED:primary;BRND_PREFIX_STRIPPED:info;SER_COVERAGE_ASYMMETRIC:info;SER_UNOBSERVED_NOT_ZERO:info,none,22,1,1,,22,10,bmw.i7,1
bmw-bmw-ix,BMW iX,BMW,settled,SUV,D-segment,3399,344,1068,2022-01,2026-09,57,12,,,,false,false,PROPOSE,PROPOSE_NAME_MATCH_SERIES_NOT_STRONG,PROPOSED,EQUIVALENT,bmw.ix,BRND_EXACT:supporting;NAME_EQUAL:supporting;PROPOSE_NAME_MATCH_SERIES_NOT_STRONG:primary;NAME_ONLY_NOT_AUTO:blocking;SER_MISSING_ROW_SEMANTICS_UNCONFIRMED:blocking;SER_CORRELATION_BELOW_STRONG:blocking;SER_RATIO_OUT_OF_BAND:blocking;BRND_PREFIX_STRIPPED:info;SER_COVERAGE_ASYMMETRIC:info;SER_UNOBSERVED_NOT_ZERO:info,crosswalk_review,22,1,4,1,22,16,bmw.bmw_ix3,1
bmw-bmw-ix1,BMW iX1,BMW,settled,SUV,C-segment,675,596,596,2025-09,2026-09,13,56,,,,false,false,PROPOSE,PROPOSE_SERIES_STRONG_CAPPED,PROPOSED,EQUIVALENT,bmw.ix1,BRND_EXACT:supporting;NAME_EQUAL:supporting;SER_STRONG:supporting;PROPOSE_SERIES_STRONG_CAPPED:primary;SER_MISSING_ROW_SEMANTICS_UNCONFIRMED:blocking;BRND_PREFIX_STRIPPED:info;SER_COVERAGE_ASYMMETRIC:info;SER_UNOBSERVED_NOT_ZERO:info,crosswalk_review,22,1,3,,22,16,bmw.ix1,1
bmw-bmw-ix2,BMW iX2,BMW,settled,SUV,C-segment,106,19,80,2024-05,2026-08,25,44,,,,false,false,PROPOSE,PROPOSE_SERIES_STRONG_CAPPED,PROPOSED,EQUIVALENT,bmw.ix2,BRND_EXACT:supporting;NAME_EQUAL:supporting;SER_STRONG:supporting;PROPOSE_SERIES_STRONG_CAPPED:primary;SER_VOLUME_BELOW_AUTO_MIN:blocking;SER_MISSING_ROW_SEMANTICS_UNCONFIRMED:blocking;BRND_PREFIX_STRIPPED:info;SER_COVERAGE_ASYMMETRIC:info;SER_UNOBSERVED_NOT_ZERO:info,crosswalk_review,22,1,2,,22,16,bmw.ix2,1
bmw-bmw-m2,BMW M2,BMW,settled,Sedan,C-segment,300,72,155,2021-01,2026-09,58,11,,,,false,false,NO_CANDIDATE,NO_CANDIDATE_ALL_EXCLUDED,NONE,,,NAME_CONTRADICTION:info;SER_CORRELATION_BELOW_STRONG:blocking;SER_RATIO_OUT_OF_BAND:blocking;SER_MISSING_ROW_SEMANTICS_UNCONFIRMED:blocking;NO_CANDIDATE_ALL_EXCLUDED:primary,none,22,0,0,0,22,2,bmw.ix2,1
bmw-bmw-m3,BMW M3,BMW,settled,Sedan,D-segment,639,108,224,2021-05,2026-09,65,4,,,,false,false,NO_CANDIDATE,NO_CANDIDATE_ALL_EXCLUDED,NONE,,,NAME_CONTRADICTION:info;SER_CORRELATION_BELOW_STRONG:blocking;SER_RATIO_OUT_OF_BAND:blocking;SER_MISSING_ROW_SEMANTICS_UNCONFIRMED:blocking;NO_CANDIDATE_ALL_EXCLUDED:primary;DISCOVERY_CATALOG_GAP:info,discovery,22,0,0,0,22,4,bmw.xm,1
bmw-bmw-m4,BMW M4,BMW,settled,Sedan,D-segment,147,31,52,2021-01,2026-09,63,6,,,,false,false,NO_CANDIDATE,NO_CANDIDATE_ALL_EXCLUDED,NONE,,,NAME_CONTRADICTION:info;SER_MISSING_ROW_SEMANTICS_UNCONFIRMED:blocking;SER_CORRELATION_BELOW_STRONG:blocking;SER_RATIO_OUT_OF_BAND:blocking;NO_CANDIDATE_ALL_EXCLUDED:primary,none,22,0,0,0,22,4,bmw.z4,1
bmw-bmw-m5,BMW M5,BMW,settled,Sedan,D-segment,18,0,0,2021-01,2026-09,11,58,,,,false,false,NO_CANDIDATE,NO_CANDIDATE_ALL_EXCLUDED,NONE,,,NAME_CONTRADICTION:info;GEN_LIFECYCLE_DISJOINT:info;NO_CANDIDATE_ALL_EXCLUDED:primary,none,22,0,0,0,22,3,bmw.x5,1
bmw-bmw-m760e,BMW M760E,BMW,settled,Sedan,E-segment,102,21,55,2023-10,2026-09,31,38,,,,false,false,NO_CANDIDATE,NO_CANDIDATE_ALL_EXCLUDED,NONE,,,NAME_CONTRADICTION:info;SER_MISSING_ROW_SEMANTICS_UNCONFIRMED:blocking;SER_CORRELATION_BELOW_STRONG:blocking;SER_RATIO_OUT_OF_BAND:blocking;NO_CANDIDATE_ALL_EXCLUDED:primary,none,22,0,0,0,22,0,,0
bmw-bmw-x1,BMW X1,BMW,settled,SUV,C-segment,11743,1509,3426,2021-01,2026-09,69,0,,,,false,false,PROPOSE,PROPOSE_SERIES_STRONG_CAPPED,PROPOSED,EQUIVALENT,bmw.bmw_x1,BRND_EXACT:supporting;NAME_EQUAL:supporting;SER_STRONG:supporting;PROPOSE_SERIES_STRONG_CAPPED:primary;GEN_LIFECYCLE_PARTIAL:blocking;BRND_PREFIX_STRIPPED:info;SER_COVERAGE_ASYMMETRIC:info,crosswalk_review,22,1,2,,22,11,bmw.bmw_x1,1
bmw-bmw-x3,BMW X3,BMW,settled,SUV,D-segment,5079,1017,1634,2021-01,2026-09,69,0,,,,false,false,PROPOSE,PROPOSE_SERIES_STRONG_CAPPED,PROPOSED,EQUIVALENT,bmw.bmw_x3,BRND_EXACT:supporting;NAME_EQUAL:supporting;SER_STRONG:supporting;PROPOSE_SERIES_STRONG_CAPPED:primary;GEN_LIFECYCLE_PARTIAL:blocking;BRND_PREFIX_STRIPPED:info;SER_COVERAGE_ASYMMETRIC:info,crosswalk_review,22,1,2,,22,12,bmw.bmw_x3,1
bmw-bmw-x4,BMW X4,BMW,settled,SUV,D-segment,2003,185,590,2021-01,2026-09,69,0,,,,false,false,PROPOSE,PROPOSE_SERIES_STRONG_CAPPED,PROPOSED,EQUIVALENT,bmw.x4,BRND_EXACT:supporting;NAME_EQUAL:supporting;SER_STRONG:supporting;PROPOSE_SERIES_STRONG_CAPPED:primary;GEN_LIFECYCLE_PARTIAL:blocking;BRND_PREFIX_STRIPPED:info;SER_COVERAGE_ASYMMETRIC:info,crosswalk_review,22,1,1,,22,13,bmw.x4,1
bmw-bmw-x5,BMW X5,BMW,settled,SUV,D-segment,3628,393,904,2021-01,2026-09,69,0,,,,false,false,PROPOSE,PROPOSE_SERIES_STRONG_CAPPED,PROPOSED,EQUIVALENT,bmw.x5,BRND_EXACT:supporting;NAME_EQUAL:supporting;SER_STRONG:supporting;PROPOSE_SERIES_STRONG_CAPPED:primary;GEN_LIFECYCLE_PARTIAL:blocking;BRND_PREFIX_STRIPPED:info;SER_COVERAGE_ASYMMETRIC:info,crosswalk_review,22,1,1,,22,12,bmw.x5,1
bmw-bmw-x6,BMW X6,BMW,settled,SUV,D-segment,893,131,305,2021-01,2026-09,63,6,,,,false,false,AUTO,AUTO_ALL_GATES_PASSED,AUTO,EQUIVALENT,bmw.x6,BRND_EXACT:supporting;NAME_EQUAL:supporting;SER_STRONG:supporting;AUTO_ALL_GATES_PASSED:primary;BRND_PREFIX_STRIPPED:info;SER_COVERAGE_ASYMMETRIC:info;SER_UNOBSERVED_NOT_ZERO:info,none,22,1,1,,22,11,bmw.x6,1
bmw-bmw-x7,BMW X7,BMW,settled,SUV,E-segment,1191,113,290,2021-01,2026-09,69,0,,,,false,false,AUTO,AUTO_ALL_GATES_PASSED,AUTO,EQUIVALENT,bmw.x7,BRND_EXACT:supporting;NAME_EQUAL:supporting;SER_STRONG:supporting;AUTO_ALL_GATES_PASSED:primary;BRND_PREFIX_STRIPPED:info;SER_COVERAGE_ASYMMETRIC:info,none,22,1,1,,22,12,bmw.x7,1
bmw-bmw-xm,BMW XM,BMW,settled,SUV,E-segment,214,56,145,2024-01,2026-09,33,36,,,,false,false,AUTO,AUTO_ALL_GATES_PASSED,AUTO,EQUIVALENT,bmw.xm,BRND_EXACT:supporting;NAME_EQUAL:supporting;SER_STRONG:supporting;AUTO_ALL_GATES_PASSED:primary;BRND_PREFIX_STRIPPED:info;SER_COVERAGE_ASYMMETRIC:info;SER_UNOBSERVED_NOT_ZERO:info,none,22,1,1,,22,11,bmw.xm,1
bmw-bmw-z4,BMW Z4,BMW,settled,Coupe/Convertible,รถสปอร์ต,562,48,121,2021-01,2026-09,69,0,,,,false,false,PROPOSE,PROPOSE_SERIES_STRONG_CAPPED,PROPOSED,EQUIVALENT,bmw.z4,BRND_EXACT:supporting;NAME_EQUAL:supporting;SER_STRONG:supporting;PROPOSE_SERIES_STRONG_CAPPED:primary;GEN_LIFECYCLE_PARTIAL:blocking;BRND_PREFIX_STRIPPED:info;SER_COVERAGE_ASYMMETRIC:info,crosswalk_review,22,1,1,,22,3,bmw.z4,1
bmw-m8-competition-coupe__provisional,M8 COMPETITION COUPE,BMW,provisional,Sedan,E-segment,1,0,0,2023-06,2023-06,1,68,,,,false,false,NO_CANDIDATE,NO_CANDIDATE_ALL_EXCLUDED,NONE,,,NAME_SIBLING_VARIANT:info;NAME_CONTRADICTION:info;GEN_LIFECYCLE_DISJOINT:info;NO_CANDIDATE_ALL_EXCLUDED:primary;SUBJ_PROVISIONAL:info,none,22,0,0,0,22,1,bmw.2_series_gran_coupe,1
bmw-m8-coupe-rhd__provisional,M8 Coupe RHD,BMW,provisional,Sedan,E-segment,1,0,0,2022-01,2022-01,1,68,,,,false,false,NO_CANDIDATE,NO_CANDIDATE_ALL_EXCLUDED,NONE,,,NAME_SIBLING_VARIANT:info;GEN_LIFECYCLE_DISJOINT:info;NAME_CONTRADICTION:info;NO_CANDIDATE_ALL_EXCLUDED:primary;SUBJ_PROVISIONAL:info,none,22,0,0,0,22,1,bmw.2_series_gran_coupe,1
bmw-m8-gran-coupe-rhd__provisional,M8 Gran Coupe RHD,BMW,provisional,Sedan,E-segment,1,0,0,2023-12,2023-12,1,68,,,,false,false,NO_CANDIDATE,NO_CANDIDATE_ALL_EXCLUDED,NONE,,,NAME_SIBLING_VARIANT:info;NAME_CONTRADICTION:info;GEN_LIFECYCLE_DISJOINT:info;NO_CANDIDATE_ALL_EXCLUDED:primary;SUBJ_PROVISIONAL:info,none,22,0,0,0,22,1,bmw.2_series_gran_coupe,1
bmw-m850i-xdrive-cabrio-rhd__provisional,M850i xDrive Cabrio RHD,BMW,provisional,Sedan,E-segment,2,1,1,2021-09,2025-12,2,67,,,,false,false,NO_CANDIDATE,NO_CANDIDATE_ALL_EXCLUDED,NONE,,,NAME_CONTRADICTION:info;NO_CANDIDATE_ALL_EXCLUDED:primary;SUBJ_PROVISIONAL:info,none,22,0,0,0,22,0,,0
bmw-m850i-xdrive-coupe-rhd__provisional,M850i xDrive Coupe RHD,BMW,provisional,Sedan,E-segment,12,0,0,2021-04,2023-06,9,60,,,,false,false,NO_CANDIDATE,NO_CANDIDATE_ALL_EXCLUDED,NONE,,,NAME_SIBLING_VARIANT:info;NAME_CONTRADICTION:info;GEN_LIFECYCLE_DISJOINT:info;NO_CANDIDATE_ALL_EXCLUDED:primary;SUBJ_PROVISIONAL:info,none,22,0,0,0,22,1,bmw.2_series_gran_coupe,1
bmw-m850i-xdrive-rhd__provisional,M850i xDrive RHD,BMW,provisional,Sedan,E-segment,2,1,1,2024-04,2025-10,2,67,,,,false,false,NO_CANDIDATE,NO_CANDIDATE_ALL_EXCLUDED,NONE,,,NAME_CONTRADICTION:info;NO_CANDIDATE_ALL_EXCLUDED:primary;SUBJ_PROVISIONAL:info,none,22,0,0,0,22,1,bmw.bmw_5,1
bmw-x2,BMW X2,BMW,settled,SUV,C-segment,64,0,1,2021-01,2024-09,23,46,NEW_RENAME,RENAME:bmw-x2-sdrive20i-rhd__provisional>bmw-x2 100%,NOOP:LIN_ALREADY_APPLIED,false,true,NO_CANDIDATE,NO_CANDIDATE_ALL_EXCLUDED,NONE,,,NAME_CONTRADICTION:info;GEN_LIFECYCLE_DISJOINT:info;NO_CANDIDATE_ALL_EXCLUDED:primary,none,22,0,1,0,22,11,bmw.bmw_x3,1
byd-atto-1,Atto 1,BYD,settled,Hatchback,A-segment,978,871,871,2026-05,2026-09,5,64,,,,false,false,PROPOSE,PROPOSE_NAME_MATCH_SERIES_NOT_STRONG,PROPOSED,EQUIVALENT,byd.atto1,BRND_EXACT:supporting;NAME_EQUAL:supporting;PROPOSE_NAME_MATCH_SERIES_NOT_STRONG:primary;NAME_ONLY_NOT_AUTO:blocking;SER_NO_COMMON_WINDOW:info;BRND_PREFIX_STRIPPED:info,crosswalk_review,13,1,3,1,13,4,byd.atto2,1
byd-atto-2,Atto 2,BYD,settled,SUV,B-segment,1308,1213,1213,2026-04,2026-09,6,63,,,,false,false,PROPOSE,PROPOSE_NAME_MATCH_SERIES_NOT_STRONG,PROPOSED,EQUIVALENT,byd.atto2,BRND_EXACT:supporting;NAME_EQUAL:supporting;PROPOSE_NAME_MATCH_SERIES_NOT_STRONG:primary;NAME_ONLY_NOT_AUTO:blocking;SER_MISSING_ROW_SEMANTICS_UNCONFIRMED:blocking;SER_OVERLAP_BELOW_PROPOSE_MIN:info;SER_COVERAGE_ASYMMETRIC:info;SER_UNOBSERVED_NOT_ZERO:info,crosswalk_review,13,1,3,1,13,4,byd.atto2,1
byd-atto-3,Atto 3,BYD,settled,SUV,C-segment,44588,11622,18558,2022-11,2026-09,47,22,,,,false,false,AUTO,AUTO_ALL_GATES_PASSED,AUTO,EQUIVALENT,byd.atto3,BRND_EXACT:supporting;NAME_EQUAL:supporting;SER_STRONG:supporting;AUTO_ALL_GATES_PASSED:primary;SER_COVERAGE_ASYMMETRIC:info;SER_UNOBSERVED_NOT_ZERO:info,none,13,1,3,,13,5,byd.atto3,1
byd-byd-shark-6-limited__provisional,BYD SHARK 6 LIMITED,BYD,provisional,,ไม่ระบุ,1,1,1,2026-07,2026-07,1,68,,,,false,false,INSUFFICIENT_DATA,INSUFFICIENT_DATA_NO_BASIS,NONE,,,SER_MISSING_ROW_SEMANTICS_UNCONFIRMED:blocking;SER_OVERLAP_BELOW_PROPOSE_MIN:info;INSUFFICIENT_DATA_NO_BASIS:primary;SUBJ_PROVISIONAL:info;BRND_PREFIX_STRIPPED:info;SER_NO_COMMON_WINDOW:info,none,13,0,0,0,13,2,byd.sealion6,1
byd-byd-t3,BYD T3,BYD,settled,Van,รถตู้เชิงพาณิชย์,712,268,521,2021-01,2026-07,50,19,,,,false,false,PROPOSE,PROPOSE_SERIES_STRONG_CAPPED,PROPOSED,EQUIVALENT,byd.byd_t3,BRND_EXACT:supporting;NAME_EQUAL:supporting;SER_STRONG:supporting;PROPOSE_SERIES_STRONG_CAPPED:primary;SER_MISSING_ROW_SEMANTICS_UNCONFIRMED:blocking;BRND_PREFIX_STRIPPED:info;SER_COVERAGE_ASYMMETRIC:info;SER_UNOBSERVED_NOT_ZERO:info,crosswalk_review,13,1,1,,13,2,byd.byd_t3,1
byd-dolphin,Dolphin,BYD,settled,Hatchback,C-segment,45283,12791,25216,2023-02,2026-09,39,30,,,,false,false,AUTO,AUTO_ALL_GATES_PASSED,AUTO,EQUIVALENT,byd.dolphin,BRND_EXACT:supporting;NAME_EQUAL:supporting;SER_STRONG:supporting;AUTO_ALL_GATES_PASSED:primary;SER_COVERAGE_ASYMMETRIC:info;SER_UNOBSERVED_NOT_ZERO:info,none,13,1,1,,13,3,byd.dolphin,1
byd-e6,e6,BYD,settled,MPV,MPV,420,94,112,2021-10,2026-07,44,25,,,,false,false,NO_CANDIDATE,NO_CANDIDATE_ALL_EXCLUDED,NONE,,,NAME_CONTRADICTION:info;SER_MISSING_ROW_SEMANTICS_UNCONFIRMED:blocking;SER_CORRELATION_BELOW_STRONG:blocking;SER_RATIO_OUT_OF_BAND:blocking;NO_CANDIDATE_ALL_EXCLUDED:primary,none,13,0,0,0,13,1,byd.byd_m6,1
byd-m6,M6,BYD,settled,MPV,MPV,3856,1385,3792,2024-10,2026-09,24,45,,,,false,false,PROPOSE,PROPOSE_SERIES_STRONG_CAPPED,PROPOSED,EQUIVALENT,byd.byd_m6,BRND_EXACT:supporting;NAME_EQUAL:supporting;SER_STRONG:supporting;PROPOSE_SERIES_STRONG_CAPPED:primary;SER_MISSING_ROW_SEMANTICS_UNCONFIRMED:blocking;BRND_PREFIX_STRIPPED:info;SER_COVERAGE_ASYMMETRIC:info;SER_UNOBSERVED_NOT_ZERO:info,crosswalk_review,13,1,1,,13,1,byd.byd_m6,1
byd-seal,Seal,BYD,settled,Sedan,D-segment,11798,3606,5293,2023-11,2026-09,35,34,,,,false,false,PROPOSE,PROPOSE_COMPOSED_OF,PROPOSED,COMPOSED_OF,byd.seal+byd.seal_5_dmi,BRND_EXACT:supporting;SER_BUNDLE_STRONG:supporting;GRAN_PROVIDER_COARSER:supporting;PROPOSE_COMPOSED_OF:primary;NAME_CONTAINMENT_SUBJECT_COARSER:blocking;SER_MISSING_ROW_SEMANTICS_UNCONFIRMED:blocking;SER_COVERAGE_ASYMMETRIC:info;SER_UNOBSERVED_NOT_ZERO:info,crosswalk_review,13,2,2,2,13,6,byd.seal,1
byd-sealion-5,Sealion 5,BYD,settled,SUV,B-segment,946,709,709,2026-06,2026-09,4,65,,,,false,false,INSUFFICIENT_DATA,INSUFFICIENT_DATA_NO_BASIS,NONE,,,SER_MISSING_ROW_SEMANTICS_UNCONFIRMED:blocking;SER_OVERLAP_BELOW_PROPOSE_MIN:info;INSUFFICIENT_DATA_NO_BASIS:primary;BRND_PREFIX_STRIPPED:info;SER_NO_COMMON_WINDOW:info,none,13,0,1,1,13,9,byd.shark6,1
byd-sealion-6,Sealion 6,BYD,settled,SUV,C-segment,12545,5256,12210,2025-02,2026-09,20,49,,,,false,false,PROPOSE,PROPOSE_SERIES_STRONG_CAPPED,PROPOSED,EQUIVALENT,byd.sealion6,BRND_EXACT:supporting;SER_STRONG:supporting;PROPOSE_SERIES_STRONG_CAPPED:primary;NAME_CONTAINMENT_SUBJECT_COARSER:blocking;SER_MISSING_ROW_SEMANTICS_UNCONFIRMED:blocking;SER_COVERAGE_ASYMMETRIC:info;SER_UNOBSERVED_NOT_ZERO:info,crosswalk_review,13,1,2,,13,9,byd.sealion6,1
byd-sealion-7,Sealion 7,BYD,settled,SUV,D-segment,11136,3926,11017,2025-01,2026-09,21,48,,,,false,false,PROPOSE,PROPOSE_SERIES_STRONG_CAPPED,PROPOSED,EQUIVALENT,byd.sealion7,BRND_EXACT:supporting;NAME_EQUAL:supporting;SER_STRONG:supporting;PROPOSE_SERIES_STRONG_CAPPED:primary;SER_MISSING_ROW_SEMANTICS_UNCONFIRMED:blocking;SER_COVERAGE_ASYMMETRIC:info;SER_UNOBSERVED_NOT_ZERO:info,crosswalk_review,13,1,1,,13,9,byd.sealion7,1
changan-changan-nevo-q05,Changan Nevo Q05,CHANGAN,settled,SUV,C-segment,2153,1185,1185,2026-07,2026-09,3,66,,,,false,false,PROPOSE,PROPOSE_NAME_MATCH_SERIES_NOT_STRONG,PROPOSED,EQUIVALENT,changan.nevo_q05,BRND_EXACT:supporting;NAME_EQUAL:supporting;PROPOSE_NAME_MATCH_SERIES_NOT_STRONG:primary;NAME_ONLY_NOT_AUTO:blocking;SER_MISSING_ROW_SEMANTICS_UNCONFIRMED:blocking;SER_OVERLAP_BELOW_PROPOSE_MIN:info;BRND_PREFIX_STRIPPED:info;SER_COVERAGE_ASYMMETRIC:info;SER_UNOBSERVED_NOT_ZERO:info,crosswalk_review,7,1,1,1,7,4,changan.nevo_q05,1
changan-deepal-e07,Deepal E07,CHANGAN,settled,SUV,E-segment,289,106,288,2025-02,2026-09,20,49,,,,false,false,PROPOSE,PROPOSE_SERIES_STRONG_CAPPED,PROPOSED,EQUIVALENT,deepal.deepal_e07,BRND_ALIAS_RELABEL:supporting;NAME_EQUAL:supporting;SER_STRONG:supporting;PROPOSE_SERIES_STRONG_CAPPED:primary;SER_MISSING_ROW_SEMANTICS_UNCONFIRMED:blocking;BRND_PREFIX_STRIPPED:info;SER_COVERAGE_ASYMMETRIC:info;SER_UNOBSERVED_NOT_ZERO:info,crosswalk_review,7,1,1,,7,2,deepal.deepal_e07,1
changan-deepal-hunter,Deepal Hunter,CHANGAN,settled,Pickup,กระบะ 4 ประตู,33,26,31,2025-07,2026-09,12,57,,,,false,false,PROPOSE,PROPOSE_SERIES_STRONG_CAPPED,PROPOSED,EQUIVALENT,deepal.deepal_hunter_k50,BRND_ALIAS_RELABEL:supporting;SER_STRONG:supporting;PROPOSE_SERIES_STRONG_CAPPED:primary;NAME_CONTAINMENT_SUBJECT_COARSER:blocking;SER_OVERLAP_BELOW_AUTO_MIN:blocking;SER_VOLUME_BELOW_AUTO_MIN:blocking;SER_MISSING_ROW_SEMANTICS_UNCONFIRMED:blocking;BRND_PREFIX_STRIPPED:info;SER_COVERAGE_ASYMMETRIC:info;SER_UNOBSERVED_NOT_ZERO:info,crosswalk_review,7,1,1,,7,1,deepal.deepal_hunter_k50,1
changan-deepal-l07,Deepal L07,CHANGAN,settled,Sedan,D-segment,1512,344,974,2024-01,2026-07,31,38,,,,false,false,PROPOSE,PROPOSE_NAME_MATCH_SERIES_NOT_STRONG,PROPOSED,EQUIVALENT,deepal.deepal_l07,BRND_ALIAS_RELABEL:supporting;NAME_EQUAL:supporting;PROPOSE_NAME_MATCH_SERIES_NOT_STRONG:primary;NAME_ONLY_NOT_AUTO:blocking;SER_MISSING_ROW_SEMANTICS_UNCONFIRMED:blocking;SER_CORRELATION_BELOW_STRONG:blocking;BRND_PREFIX_STRIPPED:info;SER_COVERAGE_ASYMMETRIC:info;SER_UNOBSERVED_NOT_ZERO:info,crosswalk_review,7,1,1,1,7,2,deepal.deepal_l07,1
changan-deepal-s05,Deepal S05,CHANGAN,settled,SUV,D-segment,11983,10810,11168,2025-07,2026-09,15,54,,,,false,false,PROPOSE,PROPOSE_SERIES_STRONG_CAPPED,PROPOSED,EQUIVALENT,deepal.deepal_s05,BRND_ALIAS_RELABEL:supporting;NAME_EQUAL:supporting;SER_STRONG:supporting;PROPOSE_SERIES_STRONG_CAPPED:primary;SER_MISSING_ROW_SEMANTICS_UNCONFIRMED:blocking;BRND_PREFIX_STRIPPED:info;SER_COVERAGE_ASYMMETRIC:info;SER_UNOBSERVED_NOT_ZERO:info,crosswalk_review,7,1,1,,7,2,deepal.deepal_s05,1
changan-deepal-s07,Deepal S07,CHANGAN,settled,SUV,D-segment,11650,3201,7945,2024-01,2026-09,33,36,,,,false,false,AUTO,AUTO_ALL_GATES_PASSED,AUTO,EQUIVALENT,deepal.deepal_s07,BRND_ALIAS_RELABEL:supporting;NAME_EQUAL:supporting;SER_STRONG:supporting;AUTO_ALL_GATES_PASSED:primary;BRND_PREFIX_STRIPPED:info;SER_COVERAGE_ASYMMETRIC:info;SER_UNOBSERVED_NOT_ZERO:info,none,7,1,1,,7,3,deepal.deepal_s07,1
changan-lumin,Lumin,CHANGAN,settled,Hatchback,A-segment,6272,3605,6043,2024-05,2026-09,29,40,,,,false,false,AUTO,AUTO_ALL_GATES_PASSED,AUTO,EQUIVALENT,changan.changan_lumin,BRND_EXACT:supporting;NAME_EQUAL:supporting;SER_STRONG:supporting;AUTO_ALL_GATES_PASSED:primary;BRND_PREFIX_STRIPPED:info;SER_COVERAGE_ASYMMETRIC:info;SER_UNOBSERVED_NOT_ZERO:info,none,7,1,1,,7,1,changan.changan_lumin,1
chenglong-chenglong-lz3240m3cc2,Chenglong LZ3240M3CC2,CHENGLONG,settled,Truck,รถบรรทุกกลาง-หนัก,1,1,1,2026-02,2026-02,1,68,,,,false,false,NO_CANDIDATE,BRND_NOT_IN_TDR,NONE,,,BRND_NOT_IN_TDR:primary,none,0,0,0,,0,0,,0
chery-chery-c5-ev-omoda-e5,Chery C5 EV (Omoda E5),CHERY,settled,SUV,B-segment,4459,2767,4114,2024-11,2026-09,23,46,,,,false,false,INSUFFICIENT_DATA,INSUFFICIENT_DATA_NO_BASIS,NONE,,,SER_NO_COMMON_WINDOW:info;INSUFFICIENT_DATA_NO_BASIS:primary;BRND_PREFIX_STRIPPED:info;SER_COVERAGE_ASYMMETRIC:info;SER_UNOBSERVED_NOT_ZERO:info;SER_MISSING_ROW_SEMANTICS_UNCONFIRMED:blocking;SER_CORRELATION_BELOW_STRONG:blocking;SER_RATIO_OUT_OF_BAND:blocking;SER_OVERLAP_BELOW_AUTO_MIN:blocking,none,3,0,0,0,3,1,chery.omoda_c5,1
chery-chery-q,Chery Q,CHERY,settled,Hatchback,C-segment,332,6,6,2026-08,2026-09,2,67,,,,false,false,NO_CANDIDATE,NO_CANDIDATE_ALL_EXCLUDED,NONE,,,NAME_CONTRADICTION:info;NO_CANDIDATE_ALL_EXCLUDED:primary,none,3,0,0,0,3,0,,0
chery-chery-v23,Chery V23,CHERY,settled,SUV,C-segment,7711,7058,7058,2025-11,2026-09,11,58,,,,false,false,PROPOSE,PROPOSE_SERIES_STRONG_CAPPED,PROPOSED,EQUIVALENT,chery.chery_v23,BRND_EXACT:supporting;NAME_EQUAL:supporting;SER_STRONG:supporting;PROPOSE_SERIES_STRONG_CAPPED:primary;SER_OVERLAP_BELOW_AUTO_MIN:blocking;SER_MISSING_ROW_SEMANTICS_UNCONFIRMED:blocking;BRND_PREFIX_STRIPPED:info;SER_COVERAGE_ASYMMETRIC:info;SER_UNOBSERVED_NOT_ZERO:info,crosswalk_review,3,1,1,,3,1,chery.chery_v23,1
chery-tiggo-8,Tiggo 8,CHERY,settled,SUV,C-segment,139,133,133,2026-04,2026-09,6,63,,,,false,false,PROPOSE,PROPOSE_NAME_MATCH_SERIES_NOT_STRONG,PROPOSED,EQUIVALENT,chery.tiggo8,BRND_EXACT:supporting;NAME_EQUAL:supporting;PROPOSE_NAME_MATCH_SERIES_NOT_STRONG:primary;NAME_ONLY_NOT_AUTO:blocking;SER_MISSING_ROW_SEMANTICS_UNCONFIRMED:blocking;SER_OVERLAP_BELOW_PROPOSE_MIN:info;BRND_PREFIX_STRIPPED:info;SER_COVERAGE_ASYMMETRIC:info;SER_UNOBSERVED_NOT_ZERO:info,crosswalk_review,3,1,1,1,3,1,chery.tiggo8,1
chery-tiggo-cross,Tiggo Cross,CHERY,settled,SUV,B-segment,1,0,0,2021-04,2021-04,1,68,,,,false,false,NO_CANDIDATE,NO_CANDIDATE_ALL_EXCLUDED,NONE,,,NAME_CONTRADICTION:info;GEN_LIFECYCLE_DISJOINT:info;NAME_SIBLING_VARIANT:info;NO_CANDIDATE_ALL_EXCLUDED:primary,none,3,0,0,0,3,1,chery.tiggo8,1
chevrolet-camaro-2ss-coupe-62l-v8__provisional,CAMARO 2SS COUPE 6.2L V8,CHEVROLET,provisional,,ไม่ระบุ,1,0,0,2021-02,2021-02,1,68,,,,false,false,NO_CANDIDATE,NO_CANDIDATE_ALL_EXCLUDED,NONE,,,NAME_CONTRADICTION:info;NO_CANDIDATE_ALL_EXCLUDED:primary;SUBJ_PROVISIONAL:info,none,3,0,0,0,3,0,,0
chevrolet-camaro-coupe__provisional,CAMARO COUPE,CHEVROLET,provisional,,ไม่ระบุ,1,0,1,2025-07,2025-07,1,68,,,,false,false,NO_CANDIDATE,NO_CANDIDATE_ALL_EXCLUDED,NONE,,,NAME_CONTRADICTION:info;NO_CANDIDATE_ALL_EXCLUDED:primary;SUBJ_PROVISIONAL:info,none,3,0,0,0,3,1,chevrolet.colorado_c_cab,1
chevrolet-chevrolet-captiva,Chevrolet Captiva,CHEVROLET,settled,SUV,C-segment,215,3,10,2021-01,2026-06,46,23,,,,false,false,PROPOSE,PROPOSE_NAME_MATCH_SERIES_NOT_STRONG,PROPOSED,EQUIVALENT,chevrolet.captiva,BRND_EXACT:supporting;NAME_EQUAL:supporting;PROPOSE_NAME_MATCH_SERIES_NOT_STRONG:primary;NAME_ONLY_NOT_AUTO:blocking;SER_MISSING_ROW_SEMANTICS_UNCONFIRMED:blocking;SER_VOLUME_BELOW_PROPOSE_MIN:info;BRND_PREFIX_STRIPPED:info;SER_COVERAGE_ASYMMETRIC:info;SER_UNOBSERVED_NOT_ZERO:info,crosswalk_review,3,1,1,1,3,1,chevrolet.captiva,1
chevrolet-chevrolet-colorado,Chevrolet Colorado,CHEVROLET,settled,Pickup,กระบะ 4 ประตู,499,7,12,2021-01,2026-02,48,21,,,,false,false,PROPOSE,PROPOSE_COMPOSED_OF,PROPOSED,COMPOSED_OF,chevrolet.colorado_c_cab+chevrolet.colorado_x_cab,BRND_EXACT:supporting;SER_BUNDLE_STRONG:supporting;GRAN_PROVIDER_COARSER:supporting;PROPOSE_COMPOSED_OF:primary;NAME_CONTAINMENT_SUBJECT_COARSER:blocking;SER_VOLUME_BELOW_AUTO_MIN:blocking;SER_MISSING_ROW_SEMANTICS_UNCONFIRMED:blocking;BRND_PREFIX_STRIPPED:info;SER_COVERAGE_ASYMMETRIC:info;SER_UNOBSERVED_NOT_ZERO:info,crosswalk_review,3,1,1,2,3,2,chevrolet.colorado_c_cab,1
chevrolet-chevrolet-corvette,Chevrolet Corvette,CHEVROLET,settled,Coupe/Convertible,รถสปอร์ต,82,11,23,2021-03,2026-08,43,26,,,,false,false,NO_CANDIDATE,NO_CANDIDATE_ALL_EXCLUDED,NONE,,,NAME_CONTRADICTION:info;NO_CANDIDATE_ALL_EXCLUDED:primary,none,3,0,0,0,3,0,,0
chevrolet-trailblazer,Chevrolet Trailblazer,CHEVROLET,settled,PPV,PPV (SUV โครงบันได),88,1,1,2021-01,2025-10,25,44,NEW_RENAME,RENAME:CHEVROLET|TRAILBLAZER>chevrolet-trailblazer 100%,NOOP:LIN_ALREADY_APPLIED,false,true,NO_CANDIDATE,NO_CANDIDATE_ALL_EXCLUDED,NONE,,,NAME_CONTRADICTION:info;NO_CANDIDATE_ALL_EXCLUDED:primary,none,3,0,0,0,3,0,,0
citroen-citroen-ds3,Citroen DS3,CITROEN,settled,Hatchback,A-segment,2,1,1,2021-02,2026-02,2,67,,,,false,false,NO_CANDIDATE,BRND_NOT_IN_TDR,NONE,,,BRND_NOT_IN_TDR:primary,none,0,0,0,,0,0,,0
daihatsu-daihatsu-copen,Daihatsu Copen,DAIHATSU,settled,Coupe/Convertible,รถสปอร์ต,22,4,11,2022-12,2026-08,19,50,,,,false,false,NO_CANDIDATE,NO_CANDIDATE_ALL_EXCLUDED,NONE,,,NAME_CONTRADICTION:info;NO_CANDIDATE_ALL_EXCLUDED:primary,none,1,0,0,0,1,0,,0
daihatsu-daihatsu-hijet,Daihatsu Hijet,DAIHATSU,settled,Van,รถตู้เชิงพาณิชย์,369,62,136,2021-01,2026-09,64,5,,,,false,false,AUTO,AUTO_ALL_GATES_PASSED,AUTO,EQUIVALENT,daihatsu.hijet,BRND_EXACT:supporting;NAME_EQUAL:supporting;SER_STRONG:supporting;AUTO_ALL_GATES_PASSED:primary;BRND_PREFIX_STRIPPED:info;SER_COVERAGE_ASYMMETRIC:info;SER_UNOBSERVED_NOT_ZERO:info,none,1,1,1,,1,1,daihatsu.hijet,1
daihatsu-daihatsu-move,Daihatsu Move,DAIHATSU,settled,MPV,Mini MPV,41,6,16,2021-08,2026-08,29,40,,,,false,false,NO_CANDIDATE,NO_CANDIDATE_ALL_EXCLUDED,NONE,,,NAME_CONTRADICTION:info;NO_CANDIDATE_ALL_EXCLUDED:primary,none,1,0,0,0,1,0,,0
dayun-dayun-dyq1033bev1r-h,Dayun DYQ1033BEV1R-H,DAYUN,settled,Pickup,กระบะ Cab/Space Cab 2 ประตู,2,2,2,2026-06,2026-06,1,68,,,,false,false,NO_CANDIDATE,BRND_NOT_IN_TDR,NONE,,,BRND_NOT_IN_TDR:primary,none,0,0,0,,0,0,,0
denza-denza-d9,Denza D9,DENZA,settled,MPV,Full Size MPV,4072,1309,4010,2025-01,2026-09,21,48,,,,false,false,PROPOSE,PROPOSE_SERIES_STRONG_CAPPED,PROPOSED,EQUIVALENT,denza.denza_d9,BRND_EXACT:supporting;NAME_EQUAL:supporting;SER_STRONG:supporting;PROPOSE_SERIES_STRONG_CAPPED:primary;SER_MISSING_ROW_SEMANTICS_UNCONFIRMED:blocking;BRND_PREFIX_STRIPPED:info;SER_COVERAGE_ASYMMETRIC:info;SER_UNOBSERVED_NOT_ZERO:info,crosswalk_review,1,1,1,,1,1,denza.denza_d9,1
dfsk-dfsk-glory,DFSK Glory,DFSK,settled,SUV,C-segment,70,4,13,2021-11,2026-02,31,38,,,,false,false,NO_CANDIDATE,BRND_NOT_IN_TDR,NONE,,,BRND_NOT_IN_TDR:primary,none,0,0,0,,0,0,,0
dongfeng-dongfeng-e-star,Dongfeng E-STAR,DONGFENG,settled,Van,รถตู้เชิงพาณิชย์,2,2,2,2026-06,2026-06,1,68,,,,false,false,NO_CANDIDATE,BRND_NOT_IN_TDR,NONE,,,BRND_NOT_IN_TDR:primary,none,0,0,0,,0,0,,0
eveasy-eveasy-gse,Eveasy GSE,EVEASY,settled,Sedan,C-segment,14,14,14,2026-04,2026-04,1,68,,,,false,false,NO_CANDIDATE,BRND_NOT_IN_TDR,NONE,,,BRND_NOT_IN_TDR:primary,none,0,0,0,,0,0,,0
farizon-farizon-mpv-sv6,Farizon MPV SV6,FARIZON,settled,MPV,Full Size MPV,1,0,0,2026-09,2026-09,1,68,,,,false,false,NO_CANDIDATE,NO_CANDIDATE_ALL_EXCLUDED,NONE,,,NAME_CONTRADICTION:info;NO_CANDIDATE_ALL_EXCLUDED:primary,none,1,0,0,0,1,1,farizon.farizon_sv,1
farizon-farizon-sv,Farizon SV,FARIZON,settled,Van,รถตู้เชิงพาณิชย์,64,58,58,2025-09,2026-09,9,60,NEW_MERGE,MERGE:FARIZON|FARIZON SUPERVAN SV6>farizon-farizon-sv 100% | MERGE:FARIZON|SUPERVAN SV>farizon-farizon-sv 100% | MERGE:FARIZON|SUPERVAN SV9>farizon-farizon-sv 100%,NOOP:LIN_ALREADY_APPLIED,false,true,PROPOSE,PROPOSE_NAME_MATCH_SERIES_NOT_STRONG,PROPOSED,EQUIVALENT,farizon.farizon_sv,BRND_EXACT:supporting;NAME_EQUAL:supporting;PROPOSE_NAME_MATCH_SERIES_NOT_STRONG:primary;NAME_ONLY_NOT_AUTO:blocking;SER_MISSING_ROW_SEMANTICS_UNCONFIRMED:blocking;SER_CORRELATION_BELOW_STRONG:blocking;SER_RATIO_OUT_OF_BAND:blocking;BRND_PREFIX_STRIPPED:info;SER_COVERAGE_ASYMMETRIC:info;SER_UNOBSERVED_NOT_ZERO:info;SER_OVERLAP_BELOW_AUTO_MIN:blocking;SER_VOLUME_BELOW_AUTO_MIN:blocking,crosswalk_review,1,1,1,1,1,1,farizon.farizon_sv,1
faw-faw-ca1040p40k58le5yza84,FAW CA1040P40K58LE5YZA84,FAW,settled,Truck,รถบรรทุกเบา,2,2,2,2026-02,2026-02,1,68,,,,false,false,NO_CANDIDATE,BRND_NOT_IN_TDR,NONE,,,BRND_NOT_IN_TDR:primary,none,0,0,0,,0,0,,0
ferrari-348-spider__provisional,348 SPIDER,FERRARI,provisional,,ไม่ระบุ,1,0,0,2022-08,2022-08,1,68,,,,false,false,NO_CANDIDATE,NO_CANDIDATE_ALL_EXCLUDED,NONE,,,NAME_CONTRADICTION:info;NO_CANDIDATE_ALL_EXCLUDED:primary;SUBJ_PROVISIONAL:info,none,5,0,0,0,5,0,,0
ferrari-ferrari-12cilindri,Ferrari 12CILINDRI,FERRARI,settled,Coupe/Convertible,C-segment,6,5,5,2025-11,2026-09,4,65,,,,false,false,PROPOSE,PROPOSE_NAME_MATCH_SERIES_NOT_STRONG,PROPOSED,EQUIVALENT,ferrari.12cilindri,BRND_EXACT:supporting;NAME_EQUAL:supporting;PROPOSE_NAME_MATCH_SERIES_NOT_STRONG:primary;NAME_ONLY_NOT_AUTO:blocking;SER_MISSING_ROW_SEMANTICS_UNCONFIRMED:blocking;SER_OVERLAP_BELOW_PROPOSE_MIN:info;BRND_PREFIX_STRIPPED:info;SER_COVERAGE_ASYMMETRIC:info;SER_UNOBSERVED_NOT_ZERO:info,crosswalk_review,5,1,1,1,5,1,ferrari.12cilindri,1
ferrari-ferrari-296,Ferrari 296,FERRARI,settled,Coupe/Convertible,รถสปอร์ต,95,20,49,2023-05,2026-09,35,34,,,,false,false,PROPOSE,PROPOSE_SERIES_STRONG_CAPPED,PROPOSED,EQUIVALENT,ferrari.296,BRND_EXACT:supporting;NAME_EQUAL:supporting;SER_STRONG:supporting;PROPOSE_SERIES_STRONG_CAPPED:primary;SER_VOLUME_BELOW_AUTO_MIN:blocking;SER_MISSING_ROW_SEMANTICS_UNCONFIRMED:blocking;BRND_PREFIX_STRIPPED:info;SER_COVERAGE_ASYMMETRIC:info;SER_UNOBSERVED_NOT_ZERO:info,crosswalk_review,5,1,1,,5,1,ferrari.296,1
ferrari-ferrari-488,Ferrari 488,FERRARI,settled,Coupe/Convertible,รถสปอร์ต,35,1,3,2021-01,2026-03,24,45,,,,false,false,NO_CANDIDATE,NO_CANDIDATE_ALL_EXCLUDED,NONE,,,NAME_CONTRADICTION:info;NO_CANDIDATE_ALL_EXCLUDED:primary,none,5,0,0,0,5,1,ferrari.f8,1
ferrari-ferrari-f8,Ferrari F8,FERRARI,settled,Coupe/Convertible,รถสปอร์ต,90,2,7,2021-02,2026-06,38,31,,,,false,false,PROPOSE,PROPOSE_NAME_MATCH_SERIES_NOT_STRONG,PROPOSED,EQUIVALENT,ferrari.f8,BRND_EXACT:supporting;NAME_EQUAL:supporting;PROPOSE_NAME_MATCH_SERIES_NOT_STRONG:primary;NAME_ONLY_NOT_AUTO:blocking;SER_MISSING_ROW_SEMANTICS_UNCONFIRMED:blocking;SER_VOLUME_BELOW_PROPOSE_MIN:info;BRND_PREFIX_STRIPPED:info;SER_COVERAGE_ASYMMETRIC:info;SER_UNOBSERVED_NOT_ZERO:info,crosswalk_review,5,1,1,1,5,1,ferrari.f8,1
ferrari-ferrari-portofino,Ferrari Portofino,FERRARI,settled,Coupe/Convertible,C-segment,21,2,3,2021-03,2026-06,17,52,,,,false,false,NO_CANDIDATE,NO_CANDIDATE_ALL_EXCLUDED,NONE,,,NAME_CONTRADICTION:info;NO_CANDIDATE_ALL_EXCLUDED:primary,none,5,0,0,0,5,0,,0
ferrari-ferrari-purosangue,Ferrari Purosangue,FERRARI,settled,SUV,E-segment,23,3,15,2024-03,2026-09,15,54,,,,false,false,NO_CANDIDATE,NO_CANDIDATE_ALL_EXCLUDED,NONE,,,NAME_CONTRADICTION:info;NO_CANDIDATE_ALL_EXCLUDED:primary,none,5,0,0,0,5,1,ferrari.roma,1
ferrari-ferrari-roma,Ferrari Roma,FERRARI,settled,Coupe/Convertible,C-segment,34,3,5,2021-08,2026-03,26,43,,,,false,false,PROPOSE,PROPOSE_NAME_MATCH_SERIES_NOT_STRONG,PROPOSED,EQUIVALENT,ferrari.roma,BRND_EXACT:supporting;NAME_EQUAL:supporting;PROPOSE_NAME_MATCH_SERIES_NOT_STRONG:primary;NAME_ONLY_NOT_AUTO:blocking;SER_MISSING_ROW_SEMANTICS_UNCONFIRMED:blocking;SER_VOLUME_BELOW_PROPOSE_MIN:info;BRND_PREFIX_STRIPPED:info;SER_COVERAGE_ASYMMETRIC:info;SER_UNOBSERVED_NOT_ZERO:info,crosswalk_review,5,1,1,1,5,1,ferrari.roma,1
ferrari-ferrari-sf90,Ferrari SF90,FERRARI,settled,Coupe/Convertible,รถสปอร์ต,30,5,5,2021-12,2026-08,21,48,,,,false,false,PROPOSE,PROPOSE_NAME_MATCH_SERIES_NOT_STRONG,PROPOSED,EQUIVALENT,ferrari.sf90,BRND_EXACT:supporting;NAME_EQUAL:supporting;PROPOSE_NAME_MATCH_SERIES_NOT_STRONG:primary;NAME_ONLY_NOT_AUTO:blocking;SER_MISSING_ROW_SEMANTICS_UNCONFIRMED:blocking;SER_OVERLAP_BELOW_PROPOSE_MIN:info;BRND_PREFIX_STRIPPED:info;SER_COVERAGE_ASYMMETRIC:info;SER_UNOBSERVED_NOT_ZERO:info,crosswalk_review,5,1,1,1,5,1,ferrari.sf90,1
fomm-fomm-one,FOMM One,FOMM,settled,Hatchback,A-segment,186,3,6,2021-01,2026-03,39,30,NEW_RENAME,RENAME:FOMM|FOMM ONE>fomm-fomm-one 100%,NOOP:LIN_ALREADY_APPLIED,false,true,PROPOSE,PROPOSE_NAME_MATCH_SERIES_NOT_STRONG,PROPOSED,EQUIVALENT,fomm.fomm_one,BRND_EXACT:supporting;NAME_EQUAL:supporting;PROPOSE_NAME_MATCH_SERIES_NOT_STRONG:primary;NAME_ONLY_NOT_AUTO:blocking;SER_MISSING_ROW_SEMANTICS_UNCONFIRMED:blocking;SER_VOLUME_BELOW_PROPOSE_MIN:info;BRND_PREFIX_STRIPPED:info;SER_COVERAGE_ASYMMETRIC:info;SER_UNOBSERVED_NOT_ZERO:info,crosswalk_review,1,1,1,1,1,1,fomm.fomm_one,1
ford-ford-everest,Ford Everest,FORD,settled,PPV,PPV (SUV โครงบันได),47508,7026,15075,2021-01,2026-09,69,0,,,,false,false,AUTO,AUTO_ALL_GATES_PASSED,AUTO,EQUIVALENT,ford.everest,BRND_EXACT:supporting;NAME_EQUAL:supporting;SER_STRONG:supporting;AUTO_ALL_GATES_PASSED:primary;BRND_PREFIX_STRIPPED:info;SER_COVERAGE_ASYMMETRIC:info,none,4,1,1,,4,1,ford.everest,1
ford-ford-focus,FORD Focus,FORD,settled,Hatchback,C-segment,29,1,7,2021-01,2026-03,20,49,,,,false,false,NO_CANDIDATE,NO_CANDIDATE_ALL_EXCLUDED,NONE,,,NAME_CONTRADICTION:info;NO_CANDIDATE_ALL_EXCLUDED:primary,none,4,0,0,0,4,0,,0
ford-ford-mustang,Ford Mustang,FORD,settled,Coupe/Convertible,รถสปอร์ต,508,26,66,2021-01,2026-09,66,3,,,,false,false,PROPOSE,PROPOSE_SERIES_STRONG_CAPPED,PROPOSED,EQUIVALENT,ford.mustang,BRND_EXACT:supporting;NAME_EQUAL:supporting;SER_STRONG:supporting;PROPOSE_SERIES_STRONG_CAPPED:primary;SER_VOLUME_BELOW_AUTO_MIN:blocking;SER_MISSING_ROW_SEMANTICS_UNCONFIRMED:blocking;GEN_LIFECYCLE_PARTIAL:blocking;BRND_PREFIX_STRIPPED:info;SER_COVERAGE_ASYMMETRIC:info;SER_UNOBSERVED_NOT_ZERO:info,crosswalk_review,4,1,1,,4,2,ford.mustang,1
ford-ford-ranger,Ford Ranger,FORD,settled,Pickup,กระบะ 4 ประตู,109610,8401,19619,2021-01,2026-09,69,0,,,,false,false,INSUFFICIENT_DATA,INSUFFICIENT_DATA_NO_BASIS,NONE,,,SER_CORRELATION_BELOW_STRONG:blocking;INSUFFICIENT_DATA_NO_BASIS:primary;BRND_PREFIX_STRIPPED:info;SER_COVERAGE_ASYMMETRIC:info;SER_RATIO_OUT_OF_BAND:blocking,none,4,0,0,2,4,3,ford.ranger_double_cab,1
ford-ford-ranger-raptor,Ford Ranger Raptor,FORD,settled,Pickup,กระบะ 4 ประตู,12839,1672,3670,2021-01,2026-09,69,0,,,,false,false,NO_CANDIDATE,NO_CANDIDATE_ALL_EXCLUDED,NONE,,,NAME_CONTRADICTION:info;SER_CORRELATION_BELOW_STRONG:blocking;SER_RATIO_OUT_OF_BAND:blocking;SER_MISSING_ROW_SEMANTICS_UNCONFIRMED:blocking;NAME_SIBLING_VARIANT:info;NO_CANDIDATE_ALL_EXCLUDED:primary;DISCOVERY_CATALOG_GAP:info,discovery,4,0,0,0,4,2,ford.ranger_cab,1
foton-bj1041,Foton BJ1041,FOTON,settled,Truck,รถบรรทุกเบา,81,0,1,2021-01,2024-11,28,41,NEW_RENAME,RENAME:FOTON|BJ1041V8JD3 RF>foton-bj1041 100%,NOOP:LIN_ALREADY_APPLIED,false,true,NO_CANDIDATE,NO_CANDIDATE_ALL_EXCLUDED,NONE,,,NAME_CONTRADICTION:info;NO_CANDIDATE_ALL_EXCLUDED:primary,none,2,0,0,0,2,0,,0
foton-bj6536b1dwa-r-view__provisional,BJ6536B1DWA - R VIEW,FOTON,provisional,,ไม่ระบุ,1,0,0,2022-05,2022-05,1,68,,,,false,false,NO_CANDIDATE,NO_CANDIDATE_ALL_EXCLUDED,NONE,,,NAME_CONTRADICTION:info;NO_CANDIDATE_ALL_EXCLUDED:primary;SUBJ_PROVISIONAL:info,none,2,0,0,0,2,0,,0
foton-e-view-cs2-cargo__provisional,E-VIEW CS2 CARGO,FOTON,provisional,,ไม่ระบุ,1,0,1,2025-04,2025-04,1,68,,,,false,false,NO_CANDIDATE,NO_CANDIDATE_ALL_EXCLUDED,NONE,,,NAME_CONTRADICTION:info;NO_CANDIDATE_ALL_EXCLUDED:primary;SUBJ_PROVISIONAL:info,none,2,0,0,0,2,0,,0
foton-e-view-cs2-passenger__provisional,E-VIEW CS2 PASSENGER,FOTON,provisional,,ไม่ระบุ,1,0,1,2025-04,2025-04,1,68,,,,false,false,NO_CANDIDATE,NO_CANDIDATE_ALL_EXCLUDED,NONE,,,NAME_CONTRADICTION:info;NO_CANDIDATE_ALL_EXCLUDED:primary;SUBJ_PROVISIONAL:info,none,2,0,0,0,2,0,,0
foton-eview,Foton eView,FOTON,settled,Van,รถตู้เชิงพาณิชย์,144,31,31,2026-08,2026-09,2,67,NEW_RENAME,RENAME:foton-eviewconnect__provisional>foton-eview 100%,NOOP:LIN_ALREADY_APPLIED,false,true,NO_CANDIDATE,NO_CANDIDATE_ALL_EXCLUDED,NONE,,,NAME_CONTRADICTION:info;NO_CANDIDATE_ALL_EXCLUDED:primary,none,2,0,0,0,2,0,,0
foton-foton-bj1031evja3,Foton BJ1031EVJA3,FOTON,settled,Truck,รถบรรทุกเบา,487,33,80,2023-07,2026-08,33,36,,,,false,false,NO_CANDIDATE,NO_CANDIDATE_ALL_EXCLUDED,NONE,,,NAME_CONTRADICTION:info;SER_MISSING_ROW_SEMANTICS_UNCONFIRMED:blocking;SER_CORRELATION_BELOW_STRONG:blocking;SER_RATIO_OUT_OF_BAND:blocking;NO_CANDIDATE_ALL_EXCLUDED:primary,none,2,0,0,0,2,0,,0
foton-foton-bj1031evja4,Foton BJ1031EVJA4,FOTON,settled,Truck,รถบรรทุกเบา,27,24,24,2025-10,2026-09,7,62,,,,false,false,NO_CANDIDATE,NO_CANDIDATE_ALL_EXCLUDED,NONE,,,NAME_CONTRADICTION:info;NO_CANDIDATE_ALL_EXCLUDED:primary,none,2,0,0,0,2,0,,0
foton-foton-bj1044evjar,Foton BJ1044EVJAR,FOTON,settled,Truck,รถบรรทุกเบา,86,51,57,2024-11,2026-09,18,51,,,,false,false,NO_CANDIDATE,NO_CANDIDATE_ALL_EXCLUDED,NONE,,,NAME_CONTRADICTION:info;SER_MISSING_ROW_SEMANTICS_UNCONFIRMED:blocking;SER_CORRELATION_BELOW_STRONG:blocking;SER_RATIO_OUT_OF_BAND:blocking;NO_CANDIDATE_ALL_EXCLUDED:primary,none,2,0,0,0,2,0,,0
foton-foton-bj1044v9jb3-r1,Foton BJ1044V9JB3-R1,FOTON,settled,Truck,รถบรรทุกเบา,59,57,58,2025-04,2026-09,11,58,,,,false,false,NO_CANDIDATE,NO_CANDIDATE_ALL_EXCLUDED,NONE,,,NAME_CONTRADICTION:info;SER_MISSING_ROW_SEMANTICS_UNCONFIRMED:blocking;SER_CORRELATION_BELOW_STRONG:blocking;SER_RATIO_OUT_OF_BAND:blocking;NO_CANDIDATE_ALL_EXCLUDED:primary,none,2,0,0,0,2,0,,0
foton-foton-bj1045v8jd3-fa,Foton BJ1045V8JD3-FA,FOTON,settled,Truck,รถบรรทุกเบา,248,6,61,2022-08,2026-09,39,30,,,,false,false,NO_CANDIDATE,NO_CANDIDATE_ALL_EXCLUDED,NONE,,,NAME_CONTRADICTION:info;SER_MISSING_ROW_SEMANTICS_UNCONFIRMED:blocking;SER_CORRELATION_BELOW_STRONG:blocking;SER_RATIO_OUT_OF_BAND:blocking;NO_CANDIDATE_ALL_EXCLUDED:primary,none,2,0,0,0,2,0,,0
foton-foton-bj1045v9jd4-r1,Foton BJ1045V9JD4-R1,FOTON,settled,Truck,รถบรรทุกเบา,361,352,358,2025-06,2026-09,14,55,,,,false,false,NO_CANDIDATE,NO_CANDIDATE_ALL_EXCLUDED,NONE,,,NAME_CONTRADICTION:info;NO_CANDIDATE_ALL_EXCLUDED:primary,none,2,0,0,0,2,0,,0
foton-foton-etunland,Foton Etunland,FOTON,settled,Pickup,กระบะ 4 ประตู,23,17,18,2025-04,2026-09,9,60,,,,false,false,NO_CANDIDATE,NO_CANDIDATE_ALL_EXCLUDED,NONE,,,NAME_CONTRADICTION:info;NO_CANDIDATE_ALL_EXCLUDED:primary,none,2,0,0,0,2,0,,0
foton-tunland,Foton Tunland,FOTON,settled,Pickup,กระบะ 4 ประตู,140,0,0,2021-01,2023-07,22,47,NEW_MERGE,MERGE:FOTON|TUNLAND DC 4X2 S>foton-tunland 100% | MERGE:FOTON|TUNLAND DC 4X2 S PREMIUM>foton-tunland 100%,NOOP:LIN_ALREADY_APPLIED,false,true,NO_CANDIDATE,NO_CANDIDATE_ALL_EXCLUDED,NONE,,,NAME_CONTRADICTION:info;SER_MISSING_ROW_SEMANTICS_UNCONFIRMED:blocking;SER_CORRELATION_BELOW_STRONG:blocking;SER_RATIO_OUT_OF_BAND:blocking;NO_CANDIDATE_ALL_EXCLUDED:primary,none,2,0,0,0,2,0,,0
gac-gac-m8,GAC M8,GAC,settled,MPV,Full Size MPV,350,321,321,2025-09,2026-09,13,56,NEW_RENAME,RENAME:gac-gn8-phev-premium__provisional>gac-gac-m8 100%,NOOP:LIN_ALREADY_APPLIED,false,true,PROPOSE,PROPOSE_SERIES_STRONG_CAPPED,PROPOSED,EQUIVALENT,gac.gac_m8,BRND_EXACT:supporting;NAME_EQUAL:supporting;SER_STRONG:supporting;PROPOSE_SERIES_STRONG_CAPPED:primary;SER_MISSING_ROW_SEMANTICS_UNCONFIRMED:blocking;BRND_PREFIX_STRIPPED:info;SER_COVERAGE_ASYMMETRIC:info;SER_UNOBSERVED_NOT_ZERO:info,crosswalk_review,1,1,1,,1,1,gac.gac_m8,1
geely-geely-ex2,Geely EX2,GEELY,settled,Hatchback,B-segment,10490,8731,8731,2026-02,2026-09,8,61,,,,false,false,PROPOSE,PROPOSE_SERIES_STRONG_CAPPED,PROPOSED,EQUIVALENT,geely.geely_ex2,BRND_EXACT:supporting;NAME_EQUAL:supporting;SER_STRONG:supporting;PROPOSE_SERIES_STRONG_CAPPED:primary;SER_OVERLAP_BELOW_AUTO_MIN:blocking;SER_MISSING_ROW_SEMANTICS_UNCONFIRMED:blocking;ATTR_BODY_MISMATCH:blocking;BRND_PREFIX_STRIPPED:info;SER_COVERAGE_ASYMMETRIC:info;SER_UNOBSERVED_NOT_ZERO:info,crosswalk_review,2,1,1,,2,2,geely.geely_ex2,1
geely-geely-ex5,Geely EX5,GEELY,settled,SUV,C-segment,4346,3297,4154,2025-04,2026-09,18,51,,,,false,false,PROPOSE,PROPOSE_SERIES_STRONG_CAPPED,PROPOSED,EQUIVALENT,geely.geely_ex5,BRND_EXACT:supporting;NAME_EQUAL:supporting;SER_STRONG:supporting;PROPOSE_SERIES_STRONG_CAPPED:primary;SER_MISSING_ROW_SEMANTICS_UNCONFIRMED:blocking;BRND_PREFIX_STRIPPED:info;SER_COVERAGE_ASYMMETRIC:info;SER_UNOBSERVED_NOT_ZERO:info,crosswalk_review,2,1,1,,2,2,geely.geely_ex5,1
gmc-gmc-yukon,GMC Yukon,GMC,settled,SUV,E-segment,3,2,2,2024-02,2026-06,3,66,,,,false,false,NO_CANDIDATE,BRND_NOT_IN_TDR,NONE,,,BRND_NOT_IN_TDR:primary,none,0,0,0,,0,0,,0
gwm-gwm-poer,GWM Poer,GWM,settled,Pickup,กระบะ 4 ประตู,232,187,205,2023-12,2026-09,21,48,NEW_MERGE,MERGE:gwm-sahar-hybrid__provisional>gwm-gwm-poer 100% | MERGE:gwm-sahar__provisional>gwm-gwm-poer 100%,NOOP:LIN_ALREADY_APPLIED,false,true,PROPOSE,PROPOSE_SERIES_STRONG_CAPPED,PROPOSED,EQUIVALENT,gwm.poer_sahar,BRND_EXACT:supporting;SER_STRONG:supporting;PROPOSE_SERIES_STRONG_CAPPED:primary;NAME_CONTAINMENT_SUBJECT_COARSER:blocking;SER_MISSING_ROW_SEMANTICS_UNCONFIRMED:blocking;BRND_PREFIX_STRIPPED:info;SER_COVERAGE_ASYMMETRIC:info;SER_UNOBSERVED_NOT_ZERO:info,crosswalk_review,8,1,1,,8,2,gwm.poer_sahar,1
gwm-haval-h6,Haval H6,GWM,settled,SUV,C-segment,12225,1221,2242,2021-08,2026-09,62,7,,,,false,false,AUTO,AUTO_ALL_GATES_PASSED,AUTO,EQUIVALENT,gwm.haval_h6,BRND_EXACT:supporting;NAME_EQUAL:supporting;SER_STRONG:supporting;AUTO_ALL_GATES_PASSED:primary;SER_COVERAGE_ASYMMETRIC:info;SER_UNOBSERVED_NOT_ZERO:info,none,8,1,1,,8,2,gwm.haval_h6,1
gwm-haval-jolion,Haval Jolion,GWM,settled,SUV,B-segment,9586,413,1771,2022-01,2026-09,57,12,,,,false,false,AUTO,AUTO_ALL_GATES_PASSED,AUTO,EQUIVALENT,gwm.haval_jolion,BRND_EXACT:supporting;NAME_EQUAL:supporting;SER_STRONG:supporting;AUTO_ALL_GATES_PASSED:primary;SER_COVERAGE_ASYMMETRIC:info;SER_UNOBSERVED_NOT_ZERO:info,none,8,1,1,,8,2,gwm.haval_jolion,1
gwm-ora-07,Ora 07,GWM,settled,Sedan,D-segment,1698,216,975,2023-12,2026-02,27,42,NEW_RENAME,RENAME:gwm-ora-07__provisional>gwm-ora-07 100%,NOOP:LIN_ALREADY_APPLIED,false,true,NO_CANDIDATE,NO_CANDIDATE_ALL_EXCLUDED,NONE,,,NAME_CONTRADICTION:info;SER_MISSING_ROW_SEMANTICS_UNCONFIRMED:blocking;SER_CORRELATION_BELOW_STRONG:blocking;SER_RATIO_OUT_OF_BAND:blocking;NAME_SIBLING_VARIANT:info;GEN_LIFECYCLE_DISJOINT:info;NO_CANDIDATE_ALL_EXCLUDED:primary;DISCOVERY_CATALOG_GAP:info,discovery,8,0,1,0,8,5,gwm.ora_good_cat,1
gwm-ora-5,Ora 5,GWM,settled,Hatchback,C-segment,4809,3666,3666,2026-06,2026-09,4,65,,,,false,false,NO_CANDIDATE,NO_CANDIDATE_ALL_EXCLUDED,NONE,,,NAME_CONTRADICTION:info;NAME_SIBLING_VARIANT:info;NO_CANDIDATE_ALL_EXCLUDED:primary;DISCOVERY_CATALOG_GAP:info,discovery,8,0,0,0,8,4,gwm.ora_good_cat,1
gwm-ora-good-cat,Ora Good Cat,GWM,settled,Hatchback,B-segment,20823,3928,8927,2022-01,2026-08,52,17,,,,false,false,PROPOSE,PROPOSE_NAME_MATCH_SERIES_NOT_STRONG,PROPOSED,EQUIVALENT,gwm.ora_good_cat,BRND_EXACT:supporting;NAME_EQUAL:supporting;PROPOSE_NAME_MATCH_SERIES_NOT_STRONG:primary;NAME_ONLY_NOT_AUTO:blocking;SER_MISSING_ROW_SEMANTICS_UNCONFIRMED:blocking;SER_CORRELATION_BELOW_STRONG:blocking;SER_RATIO_OUT_OF_BAND:blocking;SER_COVERAGE_ASYMMETRIC:info;SER_UNOBSERVED_NOT_ZERO:info,crosswalk_review,8,1,1,1,8,3,gwm.ora_good_cat,1
gwm-tank-300,Tank 300,GWM,settled,PPV,PPV (SUV โครงบันได),12017,8718,10958,2023-11,2026-09,35,34,,,,false,false,AUTO,AUTO_ALL_GATES_PASSED,AUTO,EQUIVALENT,gwm.tank300,BRND_EXACT:supporting;NAME_EQUAL:supporting;SER_STRONG:supporting;AUTO_ALL_GATES_PASSED:primary;SER_COVERAGE_ASYMMETRIC:info;SER_UNOBSERVED_NOT_ZERO:info,none,8,1,2,,8,3,gwm.tank300,1
gwm-tank-500,Tank 500,GWM,settled,PPV,PPV (SUV โครงบันได),1524,1095,1243,2023-11,2026-09,35,34,,,,false,false,AUTO,AUTO_ALL_GATES_PASSED,AUTO,EQUIVALENT,gwm.tank500,BRND_EXACT:supporting;NAME_EQUAL:supporting;SER_STRONG:supporting;AUTO_ALL_GATES_PASSED:primary;SER_COVERAGE_ASYMMETRIC:info;SER_UNOBSERVED_NOT_ZERO:info,none,8,1,2,,8,3,gwm.tank500,1
gwm-wey-g9,Wey G9,GWM,settled,SUV,D-segment,333,289,289,2026-03,2026-09,7,62,,,,false,false,PROPOSE,PROPOSE_SERIES_STRONG_CAPPED,PROPOSED,EQUIVALENT,gwm.wey_g9,BRND_EXACT:supporting;NAME_EQUAL:supporting;SER_STRONG:supporting;PROPOSE_SERIES_STRONG_CAPPED:primary;SER_OVERLAP_BELOW_AUTO_MIN:blocking;SER_MISSING_ROW_SEMANTICS_UNCONFIRMED:blocking;SER_COVERAGE_ASYMMETRIC:info;SER_UNOBSERVED_NOT_ZERO:info,crosswalk_review,8,1,1,,8,1,gwm.wey_g9,1
higer-higer-klq6540evn3r,Higer KLQ6540EVN3R,HIGER,settled,Van,รถตู้เชิงพาณิชย์,8,8,8,2026-02,2026-02,1,68,,,,false,false,NO_CANDIDATE,BRND_NOT_IN_TDR,NONE,,,BRND_NOT_IN_TDR:primary,none,0,0,0,,0,0,,0
hino-hino-fg8jj1a-jjt,HINO FG8JJ1A-JJT,HINO,settled,Truck,รถบรรทุกกลาง-หนัก,125,1,21,2021-01,2026-09,50,19,,,,false,false,NO_CANDIDATE,NO_CANDIDATE_ALL_EXCLUDED,NONE,,,NAME_CONTRADICTION:info;SER_MISSING_ROW_SEMANTICS_UNCONFIRMED:blocking;SER_CORRELATION_BELOW_STRONG:blocking;SER_RATIO_OUT_OF_BAND:blocking;NO_CANDIDATE_ALL_EXCLUDED:primary,none,1,0,0,0,1,0,,0
hino-hino-fg8jj3a-acdmh,HINO FG8JJ3A-ACDMH,HINO,settled,Truck,รถบรรทุกกลาง-หนัก,2,1,1,2026-07,2026-09,2,67,,,,false,false,NO_CANDIDATE,NO_CANDIDATE_ALL_EXCLUDED,NONE,,,NAME_CONTRADICTION:info;NO_CANDIDATE_ALL_EXCLUDED:primary,none,1,0,0,0,1,0,,0
hino-hino-fm1an1d-sht,HINO FM1AN1D-SHT,HINO,settled,Truck,รถบรรทุกกลาง-หนัก,17,3,14,2021-08,2026-02,12,57,,,,false,false,NO_CANDIDATE,NO_CANDIDATE_ALL_EXCLUDED,NONE,,,NAME_CONTRADICTION:info;NO_CANDIDATE_ALL_EXCLUDED:primary,none,1,0,0,0,1,0,,0
hino-hino-fm2pn1d-xht,HINO FM2PN1D-XHT,HINO,settled,Truck,รถบรรทุกกลาง-หนัก,11,1,5,2021-09,2026-01,9,60,,,,false,false,NO_CANDIDATE,NO_CANDIDATE_ALL_EXCLUDED,NONE,,,NAME_CONTRADICTION:info;NO_CANDIDATE_ALL_EXCLUDED:primary,none,1,0,0,0,1,0,,0
hino-hino-fm8jn1d-sgt,HINO FM8JN1D-SGT,HINO,settled,Truck,รถบรรทุกกลาง-หนัก,66,6,14,2021-01,2026-04,43,26,,,,false,false,NO_CANDIDATE,NO_CANDIDATE_ALL_EXCLUDED,NONE,,,NAME_CONTRADICTION:info;NO_CANDIDATE_ALL_EXCLUDED:primary,none,1,0,0,0,1,0,,0
hino-hino-fm8jn3d-cddmh,HINO FM8JN3D-CDDMH,HINO,settled,Truck,รถบรรทุกกลาง-หนัก,1,0,0,2026-09,2026-09,1,68,,,,false,false,NO_CANDIDATE,NO_CANDIDATE_ALL_EXCLUDED,NONE,,,NAME_CONTRADICTION:info;NO_CANDIDATE_ALL_EXCLUDED:primary,none,1,0,0,0,1,0,,0
hino-hino-xzu600r-hkmqlt3,HINO XZU600R-HKMQLT3,HINO,settled,Truck,รถบรรทุกเบา,19,15,18,2024-08,2026-04,6,63,,,,false,false,NO_CANDIDATE,NO_CANDIDATE_ALL_EXCLUDED,NONE,,,NAME_CONTRADICTION:info;NO_CANDIDATE_ALL_EXCLUDED:primary,none,1,0,0,0,1,0,,0
hino-hino-xzu600r-wkmlst3,HINO XZU600R-WKMLST3,HINO,settled,Truck,รถบรรทุกเบา,2634,196,474,2021-01,2026-09,68,1,,,,false,false,NO_CANDIDATE,NO_CANDIDATE_ALL_EXCLUDED,NONE,,,NAME_CONTRADICTION:info;NO_CANDIDATE_ALL_EXCLUDED:primary;DISCOVERY_CATALOG_GAP:info,discovery,1,0,0,0,1,0,,0
hino-hino-xzu600r-wktlst3,HINO XZU600R-WKTLST3,HINO,settled,Truck,รถบรรทุกเบา,25,22,22,2025-11,2026-09,9,60,,,,false,false,NO_CANDIDATE,NO_CANDIDATE_ALL_EXCLUDED,NONE,,,NAME_CONTRADICTION:info;NO_CANDIDATE_ALL_EXCLUDED:primary,none,1,0,0,0,1,0,,0
hino-hino-xzu720r-wkftst3,HINO XZU720R-WKFTST3,HINO,settled,Truck,รถบรรทุกเบา,6,3,3,2022-08,2026-05,5,64,,,,false,false,NO_CANDIDATE,NO_CANDIDATE_ALL_EXCLUDED,NONE,,,NAME_CONTRADICTION:info;NO_CANDIDATE_ALL_EXCLUDED:primary,none,1,0,0,0,1,0,,0
honda-accord,Accord,HONDA,settled,Sedan,D-segment,17222,1741,3685,2021-01,2026-09,69,0,,,,false,false,PROPOSE,PROPOSE_SERIES_STRONG_CAPPED,PROPOSED,EQUIVALENT,honda.accord,BRND_EXACT:supporting;NAME_EQUAL:supporting;SER_STRONG:supporting;PROPOSE_SERIES_STRONG_CAPPED:primary;GEN_LIFECYCLE_PARTIAL:blocking;SER_COVERAGE_ASYMMETRIC:info,crosswalk_review,13,1,1,,13,3,honda.accord,1
honda-br-v,BR-V,HONDA,settled,MPV,Mini MPV,4130,10,117,2021-01,2026-09,63,6,,,,false,false,PROPOSE,PROPOSE_SERIES_STRONG_CAPPED,PROPOSED,EQUIVALENT,honda.brv,BRND_EXACT:supporting;NAME_EQUAL:supporting;SER_STRONG:supporting;PROPOSE_SERIES_STRONG_CAPPED:primary;SER_MISSING_ROW_SEMANTICS_UNCONFIRMED:blocking;GEN_LIFECYCLE_PARTIAL:blocking;SER_COVERAGE_ASYMMETRIC:info;SER_UNOBSERVED_NOT_ZERO:info,crosswalk_review,13,1,1,,13,4,honda.brv,1
honda-brio,Brio,HONDA,settled,Hatchback,A-segment,31,1,2,2021-02,2026-08,18,51,,,,false,false,NO_CANDIDATE,NO_CANDIDATE_ALL_EXCLUDED,NONE,,,NAME_CONTRADICTION:info;GEN_LIFECYCLE_DISJOINT:info;NO_CANDIDATE_ALL_EXCLUDED:primary,none,13,0,0,0,13,2,honda.mobilio,1
honda-city,City,HONDA,settled,Sedan,B-segment,110131,10696,24147,2021-01,2026-09,69,0,,,,false,false,AUTO,AUTO_ALL_GATES_PASSED,AUTO,EQUIVALENT,honda.city,BRND_EXACT:supporting;NAME_EQUAL:supporting;SER_STRONG:supporting;AUTO_ALL_GATES_PASSED:primary;SER_COVERAGE_ASYMMETRIC:info,none,13,1,1,,13,3,honda.city,1
honda-city-hatchback,City Hatchback,HONDA,settled,Hatchback,B-segment,106582,16068,32510,2021-02,2026-09,68,1,,,,false,false,AUTO,AUTO_ALL_GATES_PASSED,AUTO,EQUIVALENT,honda.city_hatchback,BRND_EXACT:supporting;NAME_EQUAL:supporting;SER_STRONG:supporting;AUTO_ALL_GATES_PASSED:primary;SER_COVERAGE_ASYMMETRIC:info;SER_UNOBSERVED_NOT_ZERO:info,none,13,1,1,,13,2,honda.city_hatchback,1
honda-civic,Civic,HONDA,settled,Sedan,C-segment,75495,11115,21786,2021-01,2026-09,69,0,,,,false,false,AUTO,AUTO_ALL_GATES_PASSED,AUTO,EQUIVALENT,honda.civic,BRND_EXACT:supporting;NAME_EQUAL:supporting;SER_STRONG:supporting;AUTO_ALL_GATES_PASSED:primary;SER_COVERAGE_ASYMMETRIC:info,none,13,1,1,,13,4,honda.civic,1
honda-cr-v,CR-V,HONDA,settled,SUV,C-segment,38413,6977,13954,2021-01,2026-09,69,0,,,,false,false,PROPOSE,PROPOSE_SERIES_STRONG_CAPPED,PROPOSED,EQUIVALENT,honda.crv,BRND_EXACT:supporting;NAME_EQUAL:supporting;SER_STRONG:supporting;PROPOSE_SERIES_STRONG_CAPPED:primary;GEN_LIFECYCLE_PARTIAL:blocking;SER_COVERAGE_ASYMMETRIC:info,crosswalk_review,13,1,1,,13,6,honda.crv,1
honda-en1,e:N1,HONDA,settled,SUV,B-segment,696,270,612,2024-04,2026-09,30,39,,,,false,false,AUTO,AUTO_ALL_GATES_PASSED,AUTO,EQUIVALENT,honda.en1,BRND_EXACT:supporting;NAME_EQUAL:supporting;SER_STRONG:supporting;AUTO_ALL_GATES_PASSED:primary;SER_COVERAGE_ASYMMETRIC:info;SER_UNOBSERVED_NOT_ZERO:info,none,13,1,1,,13,3,honda.en1,1
honda-en2,e:N2,HONDA,settled,SUV,C-segment,61,50,50,2026-03,2026-09,7,62,,,,false,false,PROPOSE,PROPOSE_SERIES_STRONG_CAPPED,PROPOSED,EQUIVALENT,honda.en2,BRND_EXACT:supporting;NAME_EQUAL:supporting;SER_STRONG:supporting;PROPOSE_SERIES_STRONG_CAPPED:primary;SER_OVERLAP_BELOW_AUTO_MIN:blocking;SER_VOLUME_BELOW_AUTO_MIN:blocking;SER_MISSING_ROW_SEMANTICS_UNCONFIRMED:blocking;SER_COVERAGE_ASYMMETRIC:info;SER_UNOBSERVED_NOT_ZERO:info,crosswalk_review,13,1,1,,13,3,honda.en2,1
honda-honda-acty,Honda Acty,HONDA,settled,Pickup,กระบะ Cab/Space Cab 2 ประตู,7,2,4,2022-02,2026-03,7,62,,,,false,false,NO_CANDIDATE,NO_CANDIDATE_ALL_EXCLUDED,NONE,,,NAME_CONTRADICTION:info;NO_CANDIDATE_ALL_EXCLUDED:primary,none,13,0,0,0,13,2,honda.city,1
honda-honda-amaze,Honda Amaze,HONDA,settled,Sedan,A-segment,1,1,1,2026-03,2026-03,1,68,,,,false,false,NO_CANDIDATE,NO_CANDIDATE_ALL_EXCLUDED,NONE,,,NAME_CONTRADICTION:info;NO_CANDIDATE_ALL_EXCLUDED:primary,none,13,0,0,0,13,0,,0
honda-honda-e,Honda E,HONDA,settled,Hatchback,B-segment,2,0,1,2021-08,2024-09,2,67,,,,false,false,NO_CANDIDATE,NO_CANDIDATE_ALL_EXCLUDED,NONE,,,NAME_CONTRADICTION:info;GEN_LIFECYCLE_DISJOINT:info;NO_CANDIDATE_ALL_EXCLUDED:primary;BRND_MISMATCH:info,none,13,0,0,0,13,2,honda.en1,1
honda-honda-fit,Honda FIT,HONDA,settled,Hatchback,A-segment,2,2,2,2025-11,2026-02,2,67,,,,false,false,NO_CANDIDATE,NO_CANDIDATE_ALL_EXCLUDED,NONE,,,NAME_CONTRADICTION:info;NO_CANDIDATE_ALL_EXCLUDED:primary,none,13,0,0,0,13,1,honda.city,1
honda-honda-freed,Honda Freed,HONDA,settled,MPV,Mini MPV,4,1,1,2021-10,2026-05,4,65,,,,false,false,NO_CANDIDATE,NO_CANDIDATE_ALL_EXCLUDED,NONE,,,NAME_CONTRADICTION:info;NO_CANDIDATE_ALL_EXCLUDED:primary,none,13,0,0,0,13,1,honda.accord,1
honda-honda-mobilio,Honda Mobilio,HONDA,settled,MPV,Mini MPV,347,4,6,2021-01,2026-08,35,34,,,,false,false,PROPOSE,PROPOSE_NAME_MATCH_SERIES_NOT_STRONG,PROPOSED,EQUIVALENT,honda.mobilio,BRND_EXACT:supporting;NAME_EQUAL:supporting;PROPOSE_NAME_MATCH_SERIES_NOT_STRONG:primary;NAME_ONLY_NOT_AUTO:blocking;SER_MISSING_ROW_SEMANTICS_UNCONFIRMED:blocking;SER_OVERLAP_BELOW_PROPOSE_MIN:info;BRND_PREFIX_STRIPPED:info;SER_COVERAGE_ASYMMETRIC:info;SER_UNOBSERVED_NOT_ZERO:info,crosswalk_review,13,1,1,1,13,1,honda.mobilio,1
honda-honda-n-box,Honda N-BOX,HONDA,settled,MPV,Mini MPV,71,6,11,2021-02,2026-09,40,29,,,,false,false,NO_CANDIDATE,NO_CANDIDATE_ALL_EXCLUDED,NONE,,,NAME_CONTRADICTION:info;GEN_LIFECYCLE_DISJOINT:info;NO_CANDIDATE_ALL_EXCLUDED:primary,none,13,0,0,0,13,0,,0
honda-honda-odyssey,Honda Odyssey,HONDA,settled,MPV,Full Size MPV,122,12,31,2021-04,2026-09,50,19,,,,false,false,PROPOSE,PROPOSE_SERIES_STRONG_CAPPED,PROPOSED,EQUIVALENT,honda.odyssey,BRND_EXACT:supporting;NAME_EQUAL:supporting;SER_STRONG:supporting;PROPOSE_SERIES_STRONG_CAPPED:primary;SER_VOLUME_BELOW_AUTO_MIN:blocking;SER_MISSING_ROW_SEMANTICS_UNCONFIRMED:blocking;BRND_PREFIX_STRIPPED:info;SER_COVERAGE_ASYMMETRIC:info;SER_UNOBSERVED_NOT_ZERO:info,crosswalk_review,13,1,1,,13,1,honda.odyssey,1
honda-honda-s660,Honda S660,HONDA,settled,Coupe/Convertible,รถสปอร์ต,43,5,7,2021-03,2026-06,29,40,,,,false,false,NO_CANDIDATE,NO_CANDIDATE_ALL_EXCLUDED,NONE,,,NAME_CONTRADICTION:info;GEN_LIFECYCLE_DISJOINT:info;NO_CANDIDATE_ALL_EXCLUDED:primary,none,13,0,0,0,13,0,,0
honda-honda-stepwagon,Honda Stepwagon,HONDA,settled,MPV,MPV,73,2,11,2021-03,2026-04,37,32,,,,false,false,NO_CANDIDATE,NO_CANDIDATE_ALL_EXCLUDED,NONE,,,NAME_CONTRADICTION:info;GEN_LIFECYCLE_DISJOINT:info;NO_CANDIDATE_ALL_EXCLUDED:primary,none,13,0,1,0,13,1,honda.step_wgn,1
honda-hr-v,HR-V,HONDA,settled,SUV,B-segment,105452,23697,43426,2021-01,2026-09,69,0,,,,false,false,AUTO,AUTO_ALL_GATES_PASSED,AUTO,EQUIVALENT,honda.hrv,BRND_EXACT:supporting;NAME_EQUAL:supporting;SER_STRONG:supporting;AUTO_ALL_GATES_PASSED:primary;SER_COVERAGE_ASYMMETRIC:info,none,13,1,1,,13,4,honda.hrv,1
honda-jazz,Jazz,HONDA,settled,Hatchback,A-segment,13790,5,19,2021-01,2026-08,57,12,,,,false,false,NO_CANDIDATE,NO_CANDIDATE_ALL_EXCLUDED,NONE,,,NAME_CONTRADICTION:info;GEN_LIFECYCLE_DISJOINT:info;NO_CANDIDATE_ALL_EXCLUDED:primary;DISCOVERY_CATALOG_GAP:info,discovery,13,0,0,0,13,0,,0
honda-n-one-rs-spoon__provisional,N-ONE RS SPOON,HONDA,provisional,,ไม่ระบุ,1,0,0,2023-06,2023-06,1,68,,,,false,false,NO_CANDIDATE,NO_CANDIDATE_ALL_EXCLUDED,NONE,,,NAME_CONTRADICTION:info;GEN_LIFECYCLE_DISJOINT:info;NO_CANDIDATE_ALL_EXCLUDED:primary;SUBJ_PROVISIONAL:info,none,13,0,0,0,13,0,,0
honda-n-one-rs__provisional,N-ONE RS,HONDA,provisional,,ไม่ระบุ,2,0,0,2021-02,2023-03,2,67,,,,false,false,NO_CANDIDATE,NO_CANDIDATE_ALL_EXCLUDED,NONE,,,NAME_CONTRADICTION:info;GEN_LIFECYCLE_DISJOINT:info;NO_CANDIDATE_ALL_EXCLUDED:primary;SUBJ_PROVISIONAL:info,none,13,0,0,0,13,0,,0
honda-n-one__provisional,N-ONE,HONDA,provisional,,ไม่ระบุ,1,0,0,2022-08,2022-08,1,68,,,,false,false,NO_CANDIDATE,NO_CANDIDATE_ALL_EXCLUDED,NONE,,,NAME_CONTRADICTION:info;GEN_LIFECYCLE_DISJOINT:info;NO_CANDIDATE_ALL_EXCLUDED:primary;SUBJ_PROVISIONAL:info,none,13,0,0,0,13,0,,0
honda-prelude,Prelude,HONDA,settled,Coupe/Convertible,รถสปอร์ต,7,6,6,2026-02,2026-09,6,63,,,,false,false,NO_CANDIDATE,NO_CANDIDATE_ALL_EXCLUDED,NONE,,,NAME_CONTRADICTION:info;NO_CANDIDATE_ALL_EXCLUDED:primary,none,13,0,0,0,13,0,,0
honda-step-wgn,Step WGN,HONDA,settled,MPV,MPV,1288,475,731,2021-01,2026-09,69,0,,,,false,false,AUTO,AUTO_ALL_GATES_PASSED,AUTO,EQUIVALENT,honda.step_wgn,BRND_EXACT:supporting;NAME_EQUAL:supporting;SER_STRONG:supporting;AUTO_ALL_GATES_PASSED:primary;SER_COVERAGE_ASYMMETRIC:info,none,13,1,1,,13,3,honda.step_wgn,1
honda-super-one,Honda Super-ONE,HONDA,settled,Hatchback,A-segment,3,0,0,2026-09,2026-09,1,68,,,,false,false,NO_CANDIDATE,NO_CANDIDATE_ALL_EXCLUDED,NONE,,,NAME_CONTRADICTION:info;NO_CANDIDATE_ALL_EXCLUDED:primary,none,13,0,0,0,13,3,honda.step_wgn,1
honda-wr-v,WR-V,HONDA,settled,SUV,A-segment,3688,29,831,2023-04,2026-09,40,29,,,,false,false,PROPOSE,PROPOSE_SERIES_STRONG_CAPPED,PROPOSED,EQUIVALENT,honda.wrv,BRND_EXACT:supporting;NAME_EQUAL:supporting;SER_STRONG:supporting;PROPOSE_SERIES_STRONG_CAPPED:primary;SER_MISSING_ROW_SEMANTICS_UNCONFIRMED:blocking;SER_COVERAGE_ASYMMETRIC:info;SER_UNOBSERVED_NOT_ZERO:info,crosswalk_review,13,1,1,,13,4,honda.wrv,1
hongqi-e-hs9,Hongqi E-HS9,HONGQI,settled,SUV,E-segment,9,0,0,2026-09,2026-09,1,68,,,,false,false,NO_CANDIDATE,BRND_NOT_IN_TDR,NONE,,,BRND_NOT_IN_TDR:primary,none,0,0,0,,0,0,,0
hyundai-creta,Creta,HYUNDAI,settled,SUV,B-segment,1584,136,302,2022-04,2026-09,53,16,,,,false,false,PROPOSE,PROPOSE_SERIES_STRONG_CAPPED,PROPOSED,EQUIVALENT,hyundai.creta,BRND_EXACT:supporting;NAME_EQUAL:supporting;SER_STRONG:supporting;PROPOSE_SERIES_STRONG_CAPPED:primary;SER_MISSING_ROW_SEMANTICS_UNCONFIRMED:blocking;SER_COVERAGE_ASYMMETRIC:info;SER_UNOBSERVED_NOT_ZERO:info,crosswalk_review,9,1,1,,9,3,hyundai.creta,1
hyundai-elantra-n__provisional,ELANTRA N,HYUNDAI,provisional,,ไม่ระบุ,2,1,2,2025-05,2025-10,2,67,,,,false,false,NO_CANDIDATE,NO_CANDIDATE_ALL_EXCLUDED,NONE,,,NAME_CONTRADICTION:info;NO_CANDIDATE_ALL_EXCLUDED:primary;SUBJ_PROVISIONAL:info,none,9,0,0,0,9,1,hyundai.santa_fe,1
hyundai-elantra__provisional,ELANTRA,HYUNDAI,provisional,,ไม่ระบุ,1,0,0,2023-03,2023-03,1,68,,,,false,false,NO_CANDIDATE,NO_CANDIDATE_ALL_EXCLUDED,NONE,,,NAME_CONTRADICTION:info;GEN_LIFECYCLE_DISJOINT:info;NO_CANDIDATE_ALL_EXCLUDED:primary;SUBJ_PROVISIONAL:info,none,9,0,0,0,9,1,hyundai.santa_fe,1
hyundai-genesis-g80,Genesis G80,HYUNDAI,settled,Sedan,E-segment,1,0,1,2025-01,2025-01,1,68,,,,false,false,NO_CANDIDATE,NO_CANDIDATE_ALL_EXCLUDED,NONE,,,NAME_CONTRADICTION:info;NO_CANDIDATE_ALL_EXCLUDED:primary,none,9,0,0,0,9,0,,0
hyundai-h-1,H-1,HYUNDAI,settled,MPV,Full Size MPV,6068,56,401,2021-01,2026-09,69,0,NEW_RENAME,RENAME:HYUNDAI|GRAND STAREX>hyundai-h-1 100%,NOOP:LIN_ALREADY_APPLIED,false,true,PROPOSE,PROPOSE_SERIES_STRONG_CAPPED,PROPOSED,EQUIVALENT,hyundai.h_1,BRND_EXACT:supporting;NAME_EQUAL:supporting;SER_STRONG:supporting;PROPOSE_SERIES_STRONG_CAPPED:primary;ATTR_BODY_MISMATCH:blocking;SER_COVERAGE_ASYMMETRIC:info,crosswalk_review,9,1,1,,9,1,hyundai.h_1,1
hyundai-ioniq-5,Ioniq 5,HYUNDAI,settled,SUV,D-segment,604,306,401,2021-01,2026-09,41,28,,,,false,false,PROPOSE,PROPOSE_SERIES_STRONG_CAPPED,PROPOSED,EQUIVALENT,hyundai.ioniq5,BRND_EXACT:supporting;NAME_EQUAL:supporting;SER_STRONG:supporting;PROPOSE_SERIES_STRONG_CAPPED:primary;SER_MISSING_ROW_SEMANTICS_UNCONFIRMED:blocking;SER_COVERAGE_ASYMMETRIC:info;SER_UNOBSERVED_NOT_ZERO:info,crosswalk_review,9,1,2,,9,2,hyundai.ioniq5,1
hyundai-ioniq-6,Ioniq 6,HYUNDAI,settled,Sedan,D-segment,63,24,62,2024-10,2026-09,20,49,,,,false,false,PROPOSE,PROPOSE_SERIES_STRONG_CAPPED,PROPOSED,EQUIVALENT,hyundai.ioniq6,BRND_EXACT:supporting;NAME_EQUAL:supporting;SER_STRONG:supporting;PROPOSE_SERIES_STRONG_CAPPED:primary;SER_VOLUME_BELOW_AUTO_MIN:blocking;SER_MISSING_ROW_SEMANTICS_UNCONFIRMED:blocking;SER_COVERAGE_ASYMMETRIC:info;SER_UNOBSERVED_NOT_ZERO:info,crosswalk_review,9,1,2,,9,2,hyundai.ioniq6,1
hyundai-kona,Kona,HYUNDAI,settled,SUV,B-segment,19,1,1,2021-01,2026-08,9,60,,,,false,false,NO_CANDIDATE,NO_CANDIDATE_ALL_EXCLUDED,NONE,,,NAME_CONTRADICTION:info;GEN_LIFECYCLE_DISJOINT:info;NO_CANDIDATE_ALL_EXCLUDED:primary,none,9,0,0,0,9,2,hyundai.ioniq5,1
hyundai-palisade,Palisade,HYUNDAI,settled,SUV,D-segment,415,224,382,2022-08,2026-09,23,46,,,,false,false,PROPOSE,PROPOSE_SERIES_STRONG_CAPPED,PROPOSED,EQUIVALENT,hyundai.palisade,BRND_EXACT:supporting;NAME_EQUAL:supporting;SER_STRONG:supporting;PROPOSE_SERIES_STRONG_CAPPED:primary;SER_MISSING_ROW_SEMANTICS_UNCONFIRMED:blocking;SER_COVERAGE_ASYMMETRIC:info;SER_UNOBSERVED_NOT_ZERO:info,crosswalk_review,9,1,1,,9,3,hyundai.palisade,1
hyundai-santa-fe,Santa Fe,HYUNDAI,settled,SUV,C-segment,580,454,547,2024-07,2026-09,27,42,,,,false,false,AUTO,AUTO_ALL_GATES_PASSED,AUTO,EQUIVALENT,hyundai.santa_fe,BRND_EXACT:supporting;NAME_EQUAL:supporting;SER_STRONG:supporting;AUTO_ALL_GATES_PASSED:primary;SER_COVERAGE_ASYMMETRIC:info;SER_UNOBSERVED_NOT_ZERO:info,none,9,1,1,,9,5,hyundai.santa_fe,1
hyundai-stargazer,Stargazer,HYUNDAI,settled,MPV,Mini MPV,3083,363,898,2023-05,2026-09,41,28,,,,false,false,AUTO,AUTO_ALL_GATES_PASSED,AUTO,EQUIVALENT,hyundai.stargazer,BRND_EXACT:supporting;NAME_EQUAL:supporting;SER_STRONG:supporting;AUTO_ALL_GATES_PASSED:primary;SER_COVERAGE_ASYMMETRIC:info;SER_UNOBSERVED_NOT_ZERO:info,none,9,1,1,,9,5,hyundai.stargazer,1
hyundai-staria,Staria,HYUNDAI,settled,MPV,Full Size MPV,9315,901,2026,2021-08,2026-09,62,7,,,,false,false,AUTO,AUTO_ALL_GATES_PASSED,AUTO,EQUIVALENT,hyundai.staria,BRND_EXACT:supporting;NAME_EQUAL:supporting;SER_STRONG:supporting;AUTO_ALL_GATES_PASSED:primary;SER_COVERAGE_ASYMMETRIC:info;SER_UNOBSERVED_NOT_ZERO:info,none,9,1,1,,9,6,hyundai.staria,1
hyundai-tucson,Tucson,HYUNDAI,settled,SUV,C-segment,1,0,0,2022-10,2022-10,1,68,,,,false,false,NO_CANDIDATE,NO_CANDIDATE_ALL_EXCLUDED,NONE,,,NAME_CONTRADICTION:info;GEN_LIFECYCLE_DISJOINT:info;NO_CANDIDATE_ALL_EXCLUDED:primary,none,9,0,0,0,9,0,,0
isuzu-isuzu-cab4,Isuzu CAB4,ISUZU,settled,Pickup,กระบะ 4 ประตู,6,2,2,2022-11,2026-01,6,63,,,,false,false,NO_CANDIDATE,NO_CANDIDATE_ALL_EXCLUDED,NONE,,,NAME_CONTRADICTION:info;NO_CANDIDATE_ALL_EXCLUDED:primary,none,5,0,0,0,5,1,isuzu.dmax_cab,1
isuzu-isuzu-d-max,Isuzu D-Max,ISUZU,settled,Pickup,กระบะ 4 ประตู,615360,49705,102459,2021-01,2026-09,69,0,,,,false,false,PROPOSE,PROPOSE_COMPOSED_OF,PROPOSED,COMPOSED_OF,isuzu.dmax_cab+isuzu.dmax_double_cab,BRND_EXACT:supporting;SER_BUNDLE_STRONG:supporting;GRAN_PROVIDER_COARSER:supporting;PROPOSE_COMPOSED_OF:primary;NAME_CONTAINMENT_SUBJECT_COARSER:blocking;SER_MISSING_ROW_SEMANTICS_UNCONFIRMED:blocking;BRND_PREFIX_STRIPPED:info;SER_COVERAGE_ASYMMETRIC:info;SER_UNOBSERVED_NOT_ZERO:info,crosswalk_review,5,1,1,2,5,3,isuzu.mux,1
isuzu-isuzu-mu-x,Isuzu MU-X,ISUZU,settled,PPV,PPV (SUV โครงบันได),92980,11349,24535,2021-01,2026-09,69,0,,,,false,false,AUTO,AUTO_ALL_GATES_PASSED,AUTO,EQUIVALENT,isuzu.mux,BRND_EXACT:supporting;NAME_EQUAL:supporting;SER_STRONG:supporting;AUTO_ALL_GATES_PASSED:primary;BRND_PREFIX_STRIPPED:info;SER_COVERAGE_ASYMMETRIC:info,none,5,1,1,,5,1,isuzu.mux,1
jac-jac-hfc1040ev2,JAC HFC1040EV2,JAC,settled,Truck,รถบรรทุกเบา,1,1,1,2026-03,2026-03,1,68,,,,false,false,NO_CANDIDATE,NO_CANDIDATE_ALL_EXCLUDED,NONE,,,NAME_CONTRADICTION:info;NO_CANDIDATE_ALL_EXCLUDED:primary,none,1,0,0,0,1,0,,0
jac-jac-hfc1040ev3,JAC HFC1040EV3,JAC,settled,Truck,รถบรรทุกเบา,97,30,97,2024-10,2026-08,18,51,,,,false,false,NO_CANDIDATE,NO_CANDIDATE_ALL_EXCLUDED,NONE,,,NAME_CONTRADICTION:info;NO_CANDIDATE_ALL_EXCLUDED:primary,none,1,0,1,,1,1,jac.jac_truck,1
jac-jac-t8ev,JAC T8EV,JAC,settled,Pickup,กระบะ 4 ประตู,2,1,2,2025-08,2026-05,2,67,,,,false,false,NO_CANDIDATE,NO_CANDIDATE_ALL_EXCLUDED,NONE,,,NAME_CONTRADICTION:info;NO_CANDIDATE_ALL_EXCLUDED:primary,none,1,0,0,0,1,0,,0
jac-t8,JAC T8,JAC,settled,Pickup,กระบะ 4 ประตู,73,1,23,2023-09,2025-12,12,57,NEW_RENAME,RENAME:JAC|EVO T8>jac-t8 100%,NOOP:LIN_ALREADY_APPLIED,false,true,NO_CANDIDATE,NO_CANDIDATE_ALL_EXCLUDED,NONE,,,NAME_CONTRADICTION:info;NO_CANDIDATE_ALL_EXCLUDED:primary,none,1,0,0,0,1,0,,0
jaecoo-jaecoo-j5,Jaecoo J5,JAECOO,settled,SUV,B-segment,24045,21706,21706,2025-09,2026-09,13,56,,,,false,false,NO_CANDIDATE,NO_CANDIDATE_ALL_EXCLUDED,NONE,,,NAME_CONTRADICTION:info;SER_MISSING_ROW_SEMANTICS_UNCONFIRMED:blocking;SER_CORRELATION_BELOW_STRONG:blocking;SER_RATIO_OUT_OF_BAND:blocking;NO_CANDIDATE_ALL_EXCLUDED:primary;DISCOVERY_CATALOG_GAP:info,discovery,5,0,0,,5,0,,0
jaecoo-jaecoo-j6,Jaecoo J6,JAECOO,settled,SUV,C-segment,8659,6125,7652,2024-12,2026-09,22,47,,,,false,false,NO_CANDIDATE,NO_CANDIDATE_ALL_EXCLUDED,NONE,,,NAME_CONTRADICTION:info;SER_MISSING_ROW_SEMANTICS_UNCONFIRMED:blocking;SER_CORRELATION_BELOW_STRONG:blocking;SER_RATIO_OUT_OF_BAND:blocking;NO_CANDIDATE_ALL_EXCLUDED:primary;DISCOVERY_CATALOG_GAP:info,discovery,5,0,0,,5,0,,0
jaecoo-jaecoo-j7,Jaecoo J7,JAECOO,settled,SUV,B-segment,1091,1047,1077,2025-07,2026-09,15,54,,,,false,false,NO_CANDIDATE,NO_CANDIDATE_ALL_EXCLUDED,NONE,,,NAME_CONTRADICTION:info;SER_MISSING_ROW_SEMANTICS_UNCONFIRMED:blocking;SER_CORRELATION_BELOW_STRONG:blocking;SER_RATIO_OUT_OF_BAND:blocking;NO_CANDIDATE_ALL_EXCLUDED:primary;DISCOVERY_CATALOG_GAP:info,discovery,5,0,1,,5,1,jaecoo.jaecoo_7,1
jaguar-e-pace-20l-tc-awd-auto__provisional,E-PACE 2.0L T/C AWD AUTO,JAGUAR,provisional,,ไม่ระบุ,2,0,0,2021-01,2021-03,2,67,,,,false,false,NO_CANDIDATE,BRND_NOT_IN_TDR,NONE,,,BRND_NOT_IN_TDR:primary;SUBJ_PROVISIONAL:info,none,0,0,0,,0,0,,0
jaguar-f-pace-20-litre-tc-petrol__provisional,F-PACE 2.0 LITRE T/C PETROL,JAGUAR,provisional,,ไม่ระบุ,7,0,2,2023-02,2024-10,6,63,,,,false,false,NO_CANDIDATE,BRND_NOT_IN_TDR,NONE,,,BRND_NOT_IN_TDR:primary;SUBJ_PROVISIONAL:info,none,0,0,0,,0,0,,0
jaguar-f-pace-20l-tc-awd-auto__provisional,F-PACE 2.0L T/C AWD AUTO,JAGUAR,provisional,,ไม่ระบุ,3,0,0,2022-02,2023-02,3,66,,,,false,false,NO_CANDIDATE,BRND_NOT_IN_TDR,NONE,,,BRND_NOT_IN_TDR:primary;SUBJ_PROVISIONAL:info,none,0,0,0,,0,0,,0
jaguar-f-pace-50l-sc-petrol-awd__provisional,F-PACE 5.0L S/C PETROL AWD,JAGUAR,provisional,,ไม่ระบุ,1,0,1,2025-01,2025-01,1,68,,,,false,false,NO_CANDIDATE,BRND_NOT_IN_TDR,NONE,,,BRND_NOT_IN_TDR:primary;SUBJ_PROVISIONAL:info,none,0,0,0,,0,0,,0
jaguar-f-pace-r-sport-20-d__provisional,F-PACE R-SPORT 2.0 D,JAGUAR,provisional,,ไม่ระบุ,1,0,0,2021-12,2021-12,1,68,,,,false,false,NO_CANDIDATE,BRND_NOT_IN_TDR,NONE,,,BRND_NOT_IN_TDR:primary;SUBJ_PROVISIONAL:info,none,0,0,0,,0,0,,0
jaguar-f-type-20-litre-tc-petrol__provisional,F-TYPE 2.0 LITRE T/C PETROL,JAGUAR,provisional,,ไม่ระบุ,6,0,2,2021-06,2025-06,6,63,,,,false,false,NO_CANDIDATE,BRND_NOT_IN_TDR,NONE,,,BRND_NOT_IN_TDR:primary;SUBJ_PROVISIONAL:info,none,0,0,0,,0,0,,0
jaguar-f-type-20-litre-tc-rwd__provisional,F-TYPE 2.0 LITRE T/C RWD,JAGUAR,provisional,,ไม่ระบุ,1,0,0,2022-06,2022-06,1,68,,,,false,false,NO_CANDIDATE,BRND_NOT_IN_TDR,NONE,,,BRND_NOT_IN_TDR:primary;SUBJ_PROVISIONAL:info,none,0,0,0,,0,0,,0
jaguar-f-type-20l-tc-rwd-auto__provisional,F-TYPE 2.0L T/C RWD AUTO,JAGUAR,provisional,,ไม่ระบุ,1,0,0,2021-08,2021-08,1,68,,,,false,false,NO_CANDIDATE,BRND_NOT_IN_TDR,NONE,,,BRND_NOT_IN_TDR:primary;SUBJ_PROVISIONAL:info,none,0,0,0,,0,0,,0
jaguar-f-type-r-dynamic-coupe__provisional,F-TYPE R-DYNAMIC COUPE,JAGUAR,provisional,,ไม่ระบุ,1,0,1,2024-11,2024-11,1,68,,,,false,false,NO_CANDIDATE,BRND_NOT_IN_TDR,NONE,,,BRND_NOT_IN_TDR:primary;SUBJ_PROVISIONAL:info,none,0,0,0,,0,0,,0
jaguar-i-pace-awd-hse__provisional,I-PACE AWD HSE,JAGUAR,provisional,,ไม่ระบุ,4,0,0,2021-06,2023-06,4,65,,,,false,false,NO_CANDIDATE,BRND_NOT_IN_TDR,NONE,,,BRND_NOT_IN_TDR:primary;SUBJ_PROVISIONAL:info,none,0,0,0,,0,0,,0
jaguar-i-pace-awd-s__provisional,I-PACE AWD S,JAGUAR,provisional,,ไม่ระบุ,10,0,0,2021-03,2024-08,7,62,,,,false,false,NO_CANDIDATE,BRND_NOT_IN_TDR,NONE,,,BRND_NOT_IN_TDR:primary;SUBJ_PROVISIONAL:info,none,0,0,0,,0,0,,0
jaguar-i-pace-awd__provisional,I-PACE AWD,JAGUAR,provisional,,ไม่ระบุ,1,0,0,2021-07,2021-07,1,68,,,,false,false,NO_CANDIDATE,BRND_NOT_IN_TDR,NONE,,,BRND_NOT_IN_TDR:primary;SUBJ_PROVISIONAL:info,none,0,0,0,,0,0,,0
jaguar-mark-ii-38-litre__provisional,MARK II 3.8 LITRE,JAGUAR,provisional,,ไม่ระบุ,1,0,0,2021-12,2021-12,1,68,,,,false,false,NO_CANDIDATE,BRND_NOT_IN_TDR,NONE,,,BRND_NOT_IN_TDR:primary;SUBJ_PROVISIONAL:info,none,0,0,0,,0,0,,0
jaguar-xf-20-litre-tc-rwd-auto__provisional,XF 2.0 LITRE T/C RWD AUTO,JAGUAR,provisional,,ไม่ระบุ,1,0,0,2023-07,2023-07,1,68,,,,false,false,NO_CANDIDATE,BRND_NOT_IN_TDR,NONE,,,BRND_NOT_IN_TDR:primary;SUBJ_PROVISIONAL:info,none,0,0,0,,0,0,,0
jaguar-xf-20l-tc-rwd-auto-portfolio__provisional,XF 2.0L T/C RWD AUTO PORTFOLIO,JAGUAR,provisional,,ไม่ระบุ,1,0,0,2022-01,2022-01,1,68,,,,false,false,NO_CANDIDATE,BRND_NOT_IN_TDR,NONE,,,BRND_NOT_IN_TDR:primary;SUBJ_PROVISIONAL:info,none,0,0,0,,0,0,,0
jeep-cherokee-20__provisional,CHEROKEE 2.0,JEEP,provisional,,ไม่ระบุ,2,0,0,2021-12,2022-04,2,67,,,,false,false,NO_CANDIDATE,NO_CANDIDATE_ALL_EXCLUDED,NONE,,,NAME_CONTRADICTION:info;NO_CANDIDATE_ALL_EXCLUDED:primary;SUBJ_PROVISIONAL:info,none,1,0,0,0,1,0,,0
jeep-jeep-gladiator,JEEP Gladiator,JEEP,settled,Pickup,กระบะ 4 ประตู,50,1,3,2021-01,2026-05,32,37,,,,false,false,NO_CANDIDATE,NO_CANDIDATE_ALL_EXCLUDED,NONE,,,NAME_CONTRADICTION:info;NO_CANDIDATE_ALL_EXCLUDED:primary,none,1,0,0,0,1,1,jeep.wrangler,1
jeep-jeep-grand,JEEP Grand,JEEP,settled,SUV,D-segment,3,2,3,2024-11,2026-07,2,67,,,,false,false,NO_CANDIDATE,NO_CANDIDATE_ALL_EXCLUDED,NONE,,,NAME_CONTRADICTION:info;NO_CANDIDATE_ALL_EXCLUDED:primary,none,1,0,0,0,1,1,jeep.wrangler,1
jeep-jeep-wrangler,Jeep Wrangler,JEEP,settled,SUV,E-segment,264,34,74,2021-01,2026-08,63,6,,,,false,false,PROPOSE,PROPOSE_SERIES_STRONG_CAPPED,PROPOSED,EQUIVALENT,jeep.wrangler,BRND_EXACT:supporting;NAME_EQUAL:supporting;SER_STRONG:supporting;PROPOSE_SERIES_STRONG_CAPPED:primary;SER_VOLUME_BELOW_AUTO_MIN:blocking;SER_MISSING_ROW_SEMANTICS_UNCONFIRMED:blocking;BRND_PREFIX_STRIPPED:info;SER_COVERAGE_ASYMMETRIC:info;SER_UNOBSERVED_NOT_ZERO:info,crosswalk_review,1,1,1,,1,1,jeep.wrangler,1
jeep-renegade-summit-e-hybrid-mhev__provisional,RENEGADE SUMMIT E-HYBRID MHEV,JEEP,provisional,,ไม่ระบุ,1,0,1,2025-06,2025-06,1,68,,,,false,false,NO_CANDIDATE,NO_CANDIDATE_ALL_EXCLUDED,NONE,,,NAME_CONTRADICTION:info;NO_CANDIDATE_ALL_EXCLUDED:primary;SUBJ_PROVISIONAL:info,none,1,0,0,0,1,0,,0
jiayuan-jiayuan-jy1320-zlh,Jiayuan JY1320-ZLH,JIAYUAN,settled,Pickup,กระบะ Cab/Space Cab 2 ประตู,4,3,4,2025-07,2026-02,3,66,,,,false,false,NO_CANDIDATE,BRND_NOT_IN_TDR,NONE,,,BRND_NOT_IN_TDR:primary,none,0,0,0,,0,0,,0
jiayuan-jiayuan-jy7222-zqr,Jiayuan JY7222-ZQR,JIAYUAN,settled,Hatchback,A-segment,6,4,5,2024-07,2026-05,5,64,,,,false,false,NO_CANDIDATE,BRND_NOT_IN_TDR,NONE,,,BRND_NOT_IN_TDR:primary,none,0,0,0,,0,0,,0
jonway-jonway-t21,Jonway T21,JONWAY,settled,Truck,รถบรรทุกเบา,1,1,1,2026-02,2026-02,1,68,,,,false,false,NO_CANDIDATE,BRND_NOT_IN_TDR,NONE,,,BRND_NOT_IN_TDR:primary,none,0,0,0,,0,0,,0
juneyao-juneyao-jy,Juneyao JY,JUNEYAO,settled,Sedan,C-segment,62,46,61,2025-02,2026-09,15,54,,,,false,false,NO_CANDIDATE,BRND_NOT_IN_TDR,NONE,,,BRND_NOT_IN_TDR:primary,none,0,0,0,,0,0,,0
karba-karba-new,Karba NEW,KARBA,settled,Truck,รถบรรทุกกลาง-หนัก,1,1,1,2026-03,2026-03,1,68,,,,false,false,NO_CANDIDATE,BRND_NOT_IN_TDR,NONE,,,BRND_NOT_IN_TDR:primary,none,0,0,0,,0,0,,0
kia-carnival,Carnival,KIA,settled,MPV,Full Size MPV,6862,915,1827,2021-01,2026-09,69,0,,,,false,false,AUTO,AUTO_ALL_GATES_PASSED,AUTO,EQUIVALENT,kia.carnival,BRND_EXACT:supporting;NAME_EQUAL:supporting;SER_STRONG:supporting;AUTO_ALL_GATES_PASSED:primary;SER_COVERAGE_ASYMMETRIC:info;SER_UNOBSERVED_NOT_ZERO:info,none,6,1,1,,6,1,kia.carnival,1
kia-ev6,EV6,KIA,settled,SUV,D-segment,1,0,0,2023-09,2023-09,1,68,,,,false,false,PROPOSE,PROPOSE_NAME_MATCH_SERIES_NOT_STRONG,PROPOSED,EQUIVALENT,kia.ev6,BRND_EXACT:supporting;NAME_EQUAL:supporting;PROPOSE_NAME_MATCH_SERIES_NOT_STRONG:primary;NAME_ONLY_NOT_AUTO:blocking;SER_MISSING_ROW_SEMANTICS_UNCONFIRMED:blocking;SER_OVERLAP_BELOW_PROPOSE_MIN:info;SER_COVERAGE_ASYMMETRIC:info;SER_UNOBSERVED_NOT_ZERO:info,crosswalk_review,6,1,1,1,6,3,kia.ev6,1
kia-ev9,EV9,KIA,settled,SUV,E-segment,101,27,84,2024-05,2026-08,25,44,,,,false,false,PROPOSE,PROPOSE_SERIES_STRONG_CAPPED,PROPOSED,EQUIVALENT,kia.ev9,BRND_EXACT:supporting;NAME_EQUAL:supporting;SER_STRONG:supporting;PROPOSE_SERIES_STRONG_CAPPED:primary;SER_VOLUME_BELOW_AUTO_MIN:blocking;SER_MISSING_ROW_SEMANTICS_UNCONFIRMED:blocking;SER_COVERAGE_ASYMMETRIC:info;SER_UNOBSERVED_NOT_ZERO:info,crosswalk_review,6,1,1,,6,3,kia.ev9,1
kia-k2500,Kia K2500,KIA,settled,Truck,รถบรรทุกเบา,68,0,0,2021-01,2024-03,25,44,NEW_MERGE,MERGE:kia-k2500__provisional>kia-k2500 100% | MERGE:kia-k2500dry-box__provisional>kia-k2500 100% | MERGE:kia-k2500cool-box__provisional>kia-k2500 100%,NOOP:LIN_ALREADY_APPLIED,false,true,NO_CANDIDATE,NO_CANDIDATE_ALL_EXCLUDED,NONE,,,NAME_CONTRADICTION:info;GEN_LIFECYCLE_DISJOINT:info;NO_CANDIDATE_ALL_EXCLUDED:primary,none,6,0,0,0,6,0,,0
kia-kia-ev5,Kia EV5,KIA,settled,SUV,C-segment,1409,428,1352,2024-08,2026-09,26,43,,,,false,false,PROPOSE,PROPOSE_SERIES_STRONG_CAPPED,PROPOSED,EQUIVALENT,kia.ev5,BRND_EXACT:supporting;NAME_EQUAL:supporting;SER_STRONG:supporting;PROPOSE_SERIES_STRONG_CAPPED:primary;GEN_LIFECYCLE_PARTIAL:blocking;BRND_PREFIX_STRIPPED:info;SER_COVERAGE_ASYMMETRIC:info;SER_UNOBSERVED_NOT_ZERO:info,crosswalk_review,6,1,1,,6,4,kia.ev5,1
kia-kia-pv5,Kia PV5,KIA,settled,Van,รถตู้เชิงพาณิชย์,150,150,150,2026-07,2026-07,1,68,,,,false,false,PROPOSE,PROPOSE_NAME_MATCH_SERIES_NOT_STRONG,PROPOSED,EQUIVALENT,kia.kia_pv5,BRND_EXACT:supporting;NAME_EQUAL:supporting;PROPOSE_NAME_MATCH_SERIES_NOT_STRONG:primary;NAME_ONLY_NOT_AUTO:blocking;SER_MISSING_ROW_SEMANTICS_UNCONFIRMED:blocking;SER_OVERLAP_BELOW_PROPOSE_MIN:info;BRND_PREFIX_STRIPPED:info;SER_COVERAGE_ASYMMETRIC:info;SER_UNOBSERVED_NOT_ZERO:info,crosswalk_review,6,1,1,1,6,2,kia.kia_pv5,1
kia-sorento,Sorento,KIA,settled,SUV,C-segment,292,94,235,2024-07,2026-09,27,42,,,,false,false,AUTO,AUTO_ALL_GATES_PASSED,AUTO,EQUIVALENT,kia.sorento,BRND_EXACT:supporting;NAME_EQUAL:supporting;SER_STRONG:supporting;AUTO_ALL_GATES_PASSED:primary;SER_COVERAGE_ASYMMETRIC:info;SER_UNOBSERVED_NOT_ZERO:info,none,6,1,1,,6,1,kia.sorento,1
king-long-king-long-dracon,King Long Dracon,KING LONG,settled,Bus,รถโดยสาร,83,58,74,2025-06,2026-09,13,56,,,,false,false,NO_CANDIDATE,BRND_NOT_IN_TDR,NONE,,,BRND_NOT_IN_TDR:primary,none,0,0,0,,0,0,,0
king-long-king-long-venus,King Long Venus,KING LONG,settled,Pickup,กระบะ Cab/Space Cab 2 ประตู,18,13,16,2025-07,2026-09,5,64,NEW_RENAME,RENAME:king-long-venus-3__provisional>king-long-king-long-venus 100%,NOOP:LIN_ALREADY_APPLIED,false,true,NO_CANDIDATE,BRND_NOT_IN_TDR,NONE,,,BRND_NOT_IN_TDR:primary,none,0,0,0,,0,0,,0
lamborghini-lamborghini-huracan,Lamborghini Huracan,LAMBORGHINI,settled,Coupe/Convertible,รถสปอร์ต,175,28,57,2021-02,2026-09,65,4,,,,false,false,PROPOSE,PROPOSE_SERIES_STRONG_CAPPED,PROPOSED,EQUIVALENT,lamborghini.huracan,BRND_EXACT:supporting;NAME_EQUAL:supporting;SER_STRONG:supporting;PROPOSE_SERIES_STRONG_CAPPED:primary;SER_VOLUME_BELOW_AUTO_MIN:blocking;BRND_PREFIX_STRIPPED:info;SER_COVERAGE_ASYMMETRIC:info;SER_UNOBSERVED_NOT_ZERO:info,crosswalk_review,3,1,1,,3,2,lamborghini.huracan,1
lamborghini-lamborghini-revuelto,Lamborghini Revuelto,LAMBORGHINI,settled,Coupe/Convertible,รถสปอร์ต,13,9,12,2024-11,2026-09,10,59,,,,false,false,PROPOSE,PROPOSE_NAME_MATCH_SERIES_NOT_STRONG,PROPOSED,EQUIVALENT,lamborghini.revuelto,BRND_EXACT:supporting;NAME_EQUAL:supporting;PROPOSE_NAME_MATCH_SERIES_NOT_STRONG:primary;NAME_ONLY_NOT_AUTO:blocking;SER_MISSING_ROW_SEMANTICS_UNCONFIRMED:blocking;SER_VOLUME_BELOW_PROPOSE_MIN:info;BRND_PREFIX_STRIPPED:info;SER_COVERAGE_ASYMMETRIC:info;SER_UNOBSERVED_NOT_ZERO:info,crosswalk_review,3,1,1,1,3,1,lamborghini.revuelto,1
lamborghini-lamborghini-temerario,Lamborghini Temerario,LAMBORGHINI,settled,Coupe/Convertible,รถสปอร์ต,4,4,4,2026-07,2026-08,2,67,,,,false,false,NO_CANDIDATE,NO_CANDIDATE_ALL_EXCLUDED,NONE,,,NAME_CONTRADICTION:info;NO_CANDIDATE_ALL_EXCLUDED:primary,none,3,0,0,0,3,0,,0
lamborghini-lamborghini-urus,Lamborghini Urus,LAMBORGHINI,settled,SUV,E-segment,118,21,46,2021-01,2026-09,55,14,,,,false,false,PROPOSE,PROPOSE_SERIES_STRONG_CAPPED,PROPOSED,EQUIVALENT,lamborghini.urus,BRND_EXACT:supporting;NAME_EQUAL:supporting;SER_STRONG:supporting;PROPOSE_SERIES_STRONG_CAPPED:primary;SER_VOLUME_BELOW_AUTO_MIN:blocking;SER_MISSING_ROW_SEMANTICS_UNCONFIRMED:blocking;ATTR_BODY_MISMATCH:blocking;BRND_PREFIX_STRIPPED:info;SER_COVERAGE_ASYMMETRIC:info;SER_UNOBSERVED_NOT_ZERO:info,crosswalk_review,3,1,1,,3,2,lamborghini.urus,1
land-rover-land-rover-defender,Land Rover Defender,LAND ROVER,settled,SUV,E-segment,280,46,83,2021-01,2026-09,66,3,,,,false,false,PROPOSE,PROPOSE_SERIES_STRONG_CAPPED,PROPOSED,EQUIVALENT,land_rover.defender,BRND_EXACT:supporting;NAME_EQUAL:supporting;SER_STRONG:supporting;PROPOSE_SERIES_STRONG_CAPPED:primary;SER_VOLUME_BELOW_AUTO_MIN:blocking;SER_MISSING_ROW_SEMANTICS_UNCONFIRMED:blocking;BRND_PREFIX_STRIPPED:info;SER_COVERAGE_ASYMMETRIC:info;SER_UNOBSERVED_NOT_ZERO:info,crosswalk_review,4,1,1,,4,1,land_rover.defender,1
land-rover-land-rover-discovery,Land Rover Discovery,LAND ROVER,settled,SUV,D-segment,5,1,1,2021-06,2026-06,5,64,,,,false,false,NO_CANDIDATE,NO_CANDIDATE_ALL_EXCLUDED,NONE,,,NAME_CONTRADICTION:info;NO_CANDIDATE_ALL_EXCLUDED:primary,none,4,0,0,0,4,2,land_rover.range_rover,1
land-rover-land-rover-range,Land Rover Range,LAND ROVER,settled,SUV,D-segment,514,71,155,2021-01,2026-09,69,0,,,,false,false,PROPOSE,PROPOSE_COMPOSED_OF,PROPOSED,COMPOSED_OF,land_rover.range_rover+land_rover.range_rover_sport+land_rover.range_rover_velar,BRND_EXACT:supporting;SER_BUNDLE_STRONG:supporting;GRAN_PROVIDER_COARSER:supporting;PROPOSE_COMPOSED_OF:primary;NAME_CONTAINMENT_SUBJECT_COARSER:blocking;SER_OVERLAP_BELOW_AUTO_MIN:blocking;SER_VOLUME_BELOW_AUTO_MIN:blocking;SER_MISSING_ROW_SEMANTICS_UNCONFIRMED:blocking;BRND_PREFIX_STRIPPED:info;SER_COVERAGE_ASYMMETRIC:info;SER_UNOBSERVED_NOT_ZERO:info,crosswalk_review,4,1,1,3,4,3,land_rover.range_rover,1
leapmotor-leapmotor-b10,Leapmotor B10,LEAPMOTOR,settled,SUV,C-segment,272,260,260,2025-11,2026-09,11,58,,,,false,false,PROPOSE,PROPOSE_SERIES_STRONG_CAPPED,PROPOSED,EQUIVALENT,leapmotor.leapmotor_b10,BRND_EXACT:supporting;NAME_EQUAL:supporting;SER_STRONG:supporting;PROPOSE_SERIES_STRONG_CAPPED:primary;SER_OVERLAP_BELOW_AUTO_MIN:blocking;SER_MISSING_ROW_SEMANTICS_UNCONFIRMED:blocking;BRND_PREFIX_STRIPPED:info;SER_COVERAGE_ASYMMETRIC:info;SER_UNOBSERVED_NOT_ZERO:info,crosswalk_review,2,1,1,,2,2,leapmotor.leapmotor_b10,1
leapmotor-leapmotor-c10,Leapmotor C10,LEAPMOTOR,settled,SUV,C-segment,209,142,202,2025-01,2026-09,21,48,,,,false,false,PROPOSE,PROPOSE_SERIES_STRONG_CAPPED,PROPOSED,EQUIVALENT,leapmotor.leapmotor_c10,BRND_EXACT:supporting;NAME_EQUAL:supporting;SER_STRONG:supporting;PROPOSE_SERIES_STRONG_CAPPED:primary;SER_MISSING_ROW_SEMANTICS_UNCONFIRMED:blocking;BRND_PREFIX_STRIPPED:info;SER_COVERAGE_ASYMMETRIC:info;SER_UNOBSERVED_NOT_ZERO:info,crosswalk_review,2,1,1,,2,2,leapmotor.leapmotor_c10,1
lepas-l6,Lepas L6,LEPAS,settled,SUV,C-segment,290,0,0,2026-09,2026-09,1,68,,,,false,false,NO_CANDIDATE,BRND_NOT_IN_TDR,NONE,,,BRND_NOT_IN_TDR:primary,none,0,0,0,,0,0,,0
lexus-lexus-es300h,Lexus ES300H,LEXUS,settled,Sedan,D-segment,332,11,43,2021-01,2026-08,61,8,,,,false,false,NO_CANDIDATE,NO_CANDIDATE_ALL_EXCLUDED,NONE,,,NAME_CONTRADICTION:info;SER_MISSING_ROW_SEMANTICS_UNCONFIRMED:blocking;SER_CORRELATION_BELOW_STRONG:blocking;SER_RATIO_OUT_OF_BAND:blocking;NO_CANDIDATE_ALL_EXCLUDED:primary,none,11,0,1,,11,1,lexus.lexus_es,1
lexus-lexus-es350e,Lexus ES350E,LEXUS,settled,Sedan,D-segment,2,0,0,2026-09,2026-09,1,68,,,,false,false,NO_CANDIDATE,NO_CANDIDATE_ALL_EXCLUDED,NONE,,,NAME_CONTRADICTION:info;NO_CANDIDATE_ALL_EXCLUDED:primary,none,11,0,0,0,11,1,lexus.lexus_es,1
lexus-lexus-es350h,Lexus ES350H,LEXUS,settled,Sedan,D-segment,3,0,0,2026-09,2026-09,1,68,,,,false,false,NO_CANDIDATE,NO_CANDIDATE_ALL_EXCLUDED,NONE,,,NAME_CONTRADICTION:info;NO_CANDIDATE_ALL_EXCLUDED:primary,none,11,0,0,0,11,1,lexus.lexus_es,1
lexus-lexus-is300h,Lexus IS300H,LEXUS,settled,Sedan,C-segment,295,31,47,2021-02,2026-09,62,7,,,,false,false,NO_CANDIDATE,NO_CANDIDATE_ALL_EXCLUDED,NONE,,,NAME_CONTRADICTION:info;SER_MISSING_ROW_SEMANTICS_UNCONFIRMED:blocking;SER_CORRELATION_BELOW_STRONG:blocking;SER_RATIO_OUT_OF_BAND:blocking;NO_CANDIDATE_ALL_EXCLUDED:primary,none,11,0,0,,11,1,lexus.lexus_is,1
lexus-lexus-lbx,Lexus LBX,LEXUS,settled,SUV,B-segment,68,23,60,2024-06,2026-09,22,47,,,,false,false,PROPOSE,PROPOSE_SERIES_STRONG_CAPPED,PROPOSED,EQUIVALENT,lexus.lbx,BRND_EXACT:supporting;NAME_EQUAL:supporting;SER_STRONG:supporting;PROPOSE_SERIES_STRONG_CAPPED:primary;SER_VOLUME_BELOW_AUTO_MIN:blocking;SER_MISSING_ROW_SEMANTICS_UNCONFIRMED:blocking;BRND_PREFIX_STRIPPED:info;SER_COVERAGE_ASYMMETRIC:info;SER_UNOBSERVED_NOT_ZERO:info,crosswalk_review,11,1,2,,11,8,lexus.lbx,1
lexus-lexus-lc,Lexus LC,LEXUS,settled,Coupe/Convertible,D-segment,10,4,6,2021-10,2026-06,10,59,,,,false,false,PROPOSE,PROPOSE_NAME_MATCH_SERIES_NOT_STRONG,PROPOSED,EQUIVALENT,lexus.lc,BRND_EXACT:supporting;NAME_EQUAL:supporting;PROPOSE_NAME_MATCH_SERIES_NOT_STRONG:primary;NAME_ONLY_NOT_AUTO:blocking;SER_MISSING_ROW_SEMANTICS_UNCONFIRMED:blocking;SER_VOLUME_BELOW_PROPOSE_MIN:info;BRND_PREFIX_STRIPPED:info;SER_COVERAGE_ASYMMETRIC:info;SER_UNOBSERVED_NOT_ZERO:info,crosswalk_review,11,1,1,1,11,5,lexus.lexus_lm,1
lexus-lexus-lm,Lexus LM,LEXUS,settled,MPV,Full Size MPV,1946,408,820,2021-01,2026-09,69,0,,,,false,false,PROPOSE,PROPOSE_SERIES_STRONG_CAPPED,PROPOSED,EQUIVALENT,lexus.lexus_lm,BRND_EXACT:supporting;NAME_EQUAL:supporting;SER_STRONG:supporting;PROPOSE_SERIES_STRONG_CAPPED:primary;GEN_LIFECYCLE_PARTIAL:blocking;BRND_PREFIX_STRIPPED:info;SER_COVERAGE_ASYMMETRIC:info,crosswalk_review,11,1,1,,11,5,lexus.lexus_lm,1
lexus-lexus-ls,Lexus LS,LEXUS,settled,Sedan,E-segment,14,0,4,2021-01,2025-08,14,55,,,,false,false,PROPOSE,PROPOSE_NAME_MATCH_SERIES_NOT_STRONG,PROPOSED,EQUIVALENT,lexus.lexus_ls,BRND_EXACT:supporting;NAME_EQUAL:supporting;PROPOSE_NAME_MATCH_SERIES_NOT_STRONG:primary;NAME_ONLY_NOT_AUTO:blocking;SER_MISSING_ROW_SEMANTICS_UNCONFIRMED:blocking;SER_OVERLAP_BELOW_PROPOSE_MIN:info;BRND_PREFIX_STRIPPED:info;SER_COVERAGE_ASYMMETRIC:info;SER_UNOBSERVED_NOT_ZERO:info,crosswalk_review,11,1,1,1,11,7,lexus.lexus_lm,1
lexus-lexus-lx,Lexus LX,LEXUS,settled,SUV,D-segment,14,3,6,2021-06,2026-05,12,57,,,,false,false,PROPOSE,PROPOSE_NAME_MATCH_SERIES_NOT_STRONG,PROPOSED,EQUIVALENT,lexus.lx,BRND_EXACT:supporting;NAME_EQUAL:supporting;PROPOSE_NAME_MATCH_SERIES_NOT_STRONG:primary;NAME_ONLY_NOT_AUTO:blocking;SER_MISSING_ROW_SEMANTICS_UNCONFIRMED:blocking;SER_VOLUME_BELOW_PROPOSE_MIN:info;BRND_PREFIX_STRIPPED:info;SER_COVERAGE_ASYMMETRIC:info;SER_UNOBSERVED_NOT_ZERO:info,crosswalk_review,11,1,2,1,11,8,lexus.lx,1
lexus-lexus-nx,Lexus NX,LEXUS,settled,SUV,B-segment,859,172,331,2021-01,2026-09,69,0,,,,false,false,AUTO,AUTO_ALL_GATES_PASSED,AUTO,EQUIVALENT,lexus.lexus_nx,BRND_EXACT:supporting;NAME_EQUAL:supporting;SER_STRONG:supporting;AUTO_ALL_GATES_PASSED:primary;BRND_PREFIX_STRIPPED:info;SER_COVERAGE_ASYMMETRIC:info,none,11,1,1,,11,5,lexus.lexus_nx,1
lexus-lexus-rc,Lexus RC,LEXUS,settled,Coupe/Convertible,รถสปอร์ต,3,1,1,2021-01,2026-05,3,66,,,,false,false,NO_CANDIDATE,NO_CANDIDATE_ALL_EXCLUDED,NONE,,,NAME_CONTRADICTION:info;NO_CANDIDATE_ALL_EXCLUDED:primary,none,11,0,0,0,11,3,lexus.lexus_rx,1
lexus-lexus-rx,Lexus RX,LEXUS,settled,SUV,C-segment,690,123,265,2021-01,2026-09,69,0,,,,false,false,AUTO,AUTO_ALL_GATES_PASSED,AUTO,EQUIVALENT,lexus.lexus_rx,BRND_EXACT:supporting;NAME_EQUAL:supporting;SER_STRONG:supporting;AUTO_ALL_GATES_PASSED:primary;BRND_PREFIX_STRIPPED:info;SER_COVERAGE_ASYMMETRIC:info,none,11,1,1,,11,6,lexus.lexus_rx,1
lexus-lexus-rz350e,Lexus RZ350E,LEXUS,settled,SUV,C-segment,27,22,22,2026-02,2026-09,7,62,,,,false,false,NO_CANDIDATE,NO_CANDIDATE_ALL_EXCLUDED,NONE,,,NAME_CONTRADICTION:info;NO_CANDIDATE_ALL_EXCLUDED:primary,none,11,0,0,0,11,1,lexus.rz,1
lexus-lexus-rz450e,Lexus RZ450E,LEXUS,settled,SUV,C-segment,151,4,36,2023-06,2026-09,29,40,,,,false,false,NO_CANDIDATE,NO_CANDIDATE_ALL_EXCLUDED,NONE,,,NAME_CONTRADICTION:info;SER_MISSING_ROW_SEMANTICS_UNCONFIRMED:blocking;SER_CORRELATION_BELOW_STRONG:blocking;SER_RATIO_OUT_OF_BAND:blocking;NO_CANDIDATE_ALL_EXCLUDED:primary,none,11,0,0,0,11,1,lexus.rz,1
lexus-lexus-rz500e,Lexus RZ500E,LEXUS,settled,SUV,C-segment,15,13,13,2026-02,2026-09,6,63,,,,false,false,NO_CANDIDATE,NO_CANDIDATE_ALL_EXCLUDED,NONE,,,NAME_CONTRADICTION:info;NO_CANDIDATE_ALL_EXCLUDED:primary,none,11,0,0,0,11,1,lexus.rz,1
lexus-lexus-ux,Lexus UX,LEXUS,settled,SUV,B-segment,189,12,33,2021-01,2026-08,61,8,,,,false,false,PROPOSE,PROPOSE_SERIES_STRONG_CAPPED,PROPOSED,EQUIVALENT,lexus.ux,BRND_EXACT:supporting;NAME_EQUAL:supporting;SER_STRONG:supporting;PROPOSE_SERIES_STRONG_CAPPED:primary;SER_VOLUME_BELOW_AUTO_MIN:blocking;SER_MISSING_ROW_SEMANTICS_UNCONFIRMED:blocking;GEN_LIFECYCLE_PARTIAL:blocking;BRND_PREFIX_STRIPPED:info;SER_COVERAGE_ASYMMETRIC:info;SER_UNOBSERVED_NOT_ZERO:info,crosswalk_review,11,1,1,,11,5,lexus.ux,1
linxys-linxys-g100-r,Linxys G100-R,LINXYS,settled,Van,รถตู้เชิงพาณิชย์,34,23,23,2026-07,2026-09,3,66,,,,false,false,NO_CANDIDATE,BRND_NOT_IN_TDR,NONE,,,BRND_NOT_IN_TDR:primary,none,0,0,0,,0,0,,0
lotus-elise-sport-220__provisional,ELISE SPORT 220,LOTUS,provisional,,ไม่ระบุ,2,0,0,2022-10,2023-03,2,67,,,,false,false,NO_CANDIDATE,NO_CANDIDATE_ALL_EXCLUDED,NONE,,,NAME_CONTRADICTION:info;NO_CANDIDATE_ALL_EXCLUDED:primary;SUBJ_PROVISIONAL:info,none,2,0,0,0,2,1,lotus.eletre,1
lotus-emira,Lotus Emira,LOTUS,settled,Coupe/Convertible,รถสปอร์ต,1,0,0,2026-09,2026-09,1,68,,,,false,false,NO_CANDIDATE,NO_CANDIDATE_ALL_EXCLUDED,NONE,,,NAME_CONTRADICTION:info;NO_CANDIDATE_ALL_EXCLUDED:primary,none,2,0,0,0,2,2,lotus.emeya,1
lotus-emira-i4-first-edition__provisional,EMIRA I4 FIRST EDITION,LOTUS,provisional,,ไม่ระบุ,2,0,1,2025-04,2026-09,2,67,,,,false,false,NO_CANDIDATE,NO_CANDIDATE_ALL_EXCLUDED,NONE,,,NAME_CONTRADICTION:info;NO_CANDIDATE_ALL_EXCLUDED:primary;SUBJ_PROVISIONAL:info,none,2,0,0,0,2,0,,0
lotus-emira-v6-first-edition__provisional,EMIRA V6 FIRST EDITION,LOTUS,provisional,,ไม่ระบุ,4,1,1,2023-10,2025-12,4,65,,,,false,false,NO_CANDIDATE,NO_CANDIDATE_ALL_EXCLUDED,NONE,,,NAME_CONTRADICTION:info;NO_CANDIDATE_ALL_EXCLUDED:primary;SUBJ_PROVISIONAL:info,none,2,0,0,0,2,0,,0
lotus-emira-v6__provisional,EMIRA V6,LOTUS,provisional,,ไม่ระบุ,1,0,0,2023-06,2023-06,1,68,,,,false,false,NO_CANDIDATE,NO_CANDIDATE_ALL_EXCLUDED,NONE,,,NAME_CONTRADICTION:info;NO_CANDIDATE_ALL_EXCLUDED:primary;SUBJ_PROVISIONAL:info,none,2,0,0,0,2,1,lotus.emeya,1
lotus-exige-sport-350__provisional,EXIGE SPORT 350,LOTUS,provisional,,ไม่ระบุ,1,0,1,2024-09,2024-09,1,68,,,,false,false,NO_CANDIDATE,NO_CANDIDATE_ALL_EXCLUDED,NONE,,,NAME_CONTRADICTION:info;NO_CANDIDATE_ALL_EXCLUDED:primary;SUBJ_PROVISIONAL:info,none,2,0,0,0,2,0,,0
lotus-lotus-eletre,Lotus Eletre,LOTUS,settled,SUV,E-segment,229,49,158,2024-02,2026-09,29,40,,,,false,false,PROPOSE,PROPOSE_SERIES_STRONG_CAPPED,PROPOSED,EQUIVALENT,lotus.eletre,BRND_EXACT:supporting;NAME_EQUAL:supporting;SER_STRONG:supporting;PROPOSE_SERIES_STRONG_CAPPED:primary;SER_MISSING_ROW_SEMANTICS_UNCONFIRMED:blocking;ATTR_BODY_MISMATCH:blocking;BRND_PREFIX_STRIPPED:info;SER_COVERAGE_ASYMMETRIC:info;SER_UNOBSERVED_NOT_ZERO:info,crosswalk_review,2,1,1,,2,2,lotus.eletre,1
lotus-lotus-emeya,Lotus Emeya,LOTUS,settled,Sedan,E-segment,37,19,35,2024-11,2026-09,18,51,,,,false,false,PROPOSE,PROPOSE_SERIES_STRONG_CAPPED,PROPOSED,EQUIVALENT,lotus.emeya,BRND_EXACT:supporting;NAME_EQUAL:supporting;SER_STRONG:supporting;PROPOSE_SERIES_STRONG_CAPPED:primary;SER_VOLUME_BELOW_AUTO_MIN:blocking;SER_MISSING_ROW_SEMANTICS_UNCONFIRMED:blocking;ATTR_BODY_MISMATCH:blocking;BRND_PREFIX_STRIPPED:info;SER_COVERAGE_ASYMMETRIC:info;SER_UNOBSERVED_NOT_ZERO:info,crosswalk_review,2,1,1,,2,2,lotus.emeya,1
maserati-maserati-ghibli,Maserati Ghibli,MASERATI,settled,Sedan,E-segment,68,1,12,2021-01,2026-04,38,31,,,,false,false,NO_CANDIDATE,NO_CANDIDATE_ALL_EXCLUDED,NONE,,,NAME_CONTRADICTION:info;NO_CANDIDATE_ALL_EXCLUDED:primary,none,3,0,0,0,3,0,,0
maserati-maserati-granturismo,Maserati Granturismo,MASERATI,settled,Coupe/Convertible,D-segment,10,7,10,2025-01,2026-07,7,62,,,,false,false,PROPOSE,PROPOSE_NAME_MATCH_SERIES_NOT_STRONG,PROPOSED,EQUIVALENT,maserati.granturismo,BRND_EXACT:supporting;NAME_EQUAL:supporting;PROPOSE_NAME_MATCH_SERIES_NOT_STRONG:primary;NAME_ONLY_NOT_AUTO:blocking;SER_MISSING_ROW_SEMANTICS_UNCONFIRMED:blocking;SER_VOLUME_BELOW_PROPOSE_MIN:info;BRND_PREFIX_STRIPPED:info;SER_COVERAGE_ASYMMETRIC:info;SER_UNOBSERVED_NOT_ZERO:info,crosswalk_review,3,1,1,1,3,1,maserati.granturismo,1
maserati-maserati-grecale,Maserati Grecale,MASERATI,settled,SUV,D-segment,85,26,59,2023-09,2026-09,33,36,,,,false,false,PROPOSE,PROPOSE_SERIES_STRONG_CAPPED,PROPOSED,EQUIVALENT,maserati.grecale,BRND_EXACT:supporting;NAME_EQUAL:supporting;SER_STRONG:supporting;PROPOSE_SERIES_STRONG_CAPPED:primary;SER_VOLUME_BELOW_AUTO_MIN:blocking;SER_MISSING_ROW_SEMANTICS_UNCONFIRMED:blocking;ATTR_BODY_MISMATCH:blocking;BRND_PREFIX_STRIPPED:info;SER_COVERAGE_ASYMMETRIC:info;SER_UNOBSERVED_NOT_ZERO:info,crosswalk_review,3,1,1,,3,1,maserati.grecale,1
maserati-maserati-levante,Maserati Levante,MASERATI,settled,SUV,E-segment,76,4,13,2021-01,2026-08,46,23,,,,false,false,PROPOSE,PROPOSE_NAME_MATCH_SERIES_NOT_STRONG,PROPOSED,EQUIVALENT,maserati.levante,BRND_EXACT:supporting;NAME_EQUAL:supporting;PROPOSE_NAME_MATCH_SERIES_NOT_STRONG:primary;NAME_ONLY_NOT_AUTO:blocking;SER_MISSING_ROW_SEMANTICS_UNCONFIRMED:blocking;ATTR_BODY_MISMATCH:blocking;SER_VOLUME_BELOW_PROPOSE_MIN:info;BRND_PREFIX_STRIPPED:info;SER_COVERAGE_ASYMMETRIC:info;SER_UNOBSERVED_NOT_ZERO:info,crosswalk_review,3,1,1,1,3,1,maserati.levante,1
maserati-maserati-mc20,Maserati MC20,MASERATI,settled,Coupe/Convertible,รถสปอร์ต,18,1,1,2022-03,2026-07,17,52,,,,false,false,NO_CANDIDATE,NO_CANDIDATE_ALL_EXCLUDED,NONE,,,NAME_CONTRADICTION:info;NO_CANDIDATE_ALL_EXCLUDED:primary,none,3,0,0,0,3,0,,0
maserati-maserati-quattroporte,Maserati Quattroporte,MASERATI,settled,Sedan,E-segment,12,1,1,2021-01,2026-09,12,57,,,,false,false,NO_CANDIDATE,NO_CANDIDATE_ALL_EXCLUDED,NONE,,,NAME_CONTRADICTION:info;NO_CANDIDATE_ALL_EXCLUDED:primary,none,3,0,0,0,3,0,,0
maxus-maxus-epc1a,Maxus EPC1A,MAXUS,settled,Van,รถตู้เชิงพาณิชย์,6,6,6,2026-03,2026-03,1,68,,,,false,false,NO_CANDIDATE,NO_CANDIDATE_ALL_EXCLUDED,NONE,,,NAME_CONTRADICTION:info;NO_CANDIDATE_ALL_EXCLUDED:primary,none,18,0,0,0,0,0,,0
maxus-maxus-v80,Maxus V80,MG,settled,Van,รถตู้เชิงพาณิชย์,135,1,3,2021-01,2026-07,29,40,NEW_RENAME,RENAME:MG|V80>maxus-maxus-v80 100%,NOOP:LIN_ALREADY_APPLIED,false,true,NO_CANDIDATE,NO_CANDIDATE_ALL_EXCLUDED,NONE,,,SUBJ_MULTI_BRAND:info;NAME_CONTRADICTION:info;GEN_LIFECYCLE_DISJOINT:info;NO_CANDIDATE_ALL_EXCLUDED:primary,none,18,0,0,0,18,5,mg.mg_zs_ev,1
maxus-mifa-7,Mifa 7,MG,settled,MPV,MPV,934,659,877,2024-11,2026-09,23,46,,,,false,false,NO_CANDIDATE,NO_CANDIDATE_ALL_EXCLUDED,NONE,,,NAME_CONTRADICTION:info;SER_MISSING_ROW_SEMANTICS_UNCONFIRMED:blocking;SER_CORRELATION_BELOW_STRONG:blocking;SER_RATIO_OUT_OF_BAND:blocking;NAME_SIBLING_VARIANT:info;NO_CANDIDATE_ALL_EXCLUDED:primary;DISCOVERY_CATALOG_GAP:info,discovery,18,0,0,,18,2,mg.mg_maxus_7,1
maxus-mifa-9,Mifa 9,MG,settled,MPV,Full Size MPV,1963,347,603,2023-06,2026-09,40,29,,,,false,false,PROPOSE,PROPOSE_SERIES_STRONG_CAPPED,PROPOSED,EQUIVALENT,mg.mg_maxus_9,SUBJ_MULTI_BRAND:info;BRND_EXACT:supporting;SER_STRONG:supporting;PROPOSE_SERIES_STRONG_CAPPED:primary;NAME_CONTAINMENT_SUBJECT_FINER:blocking;BRND_PREFIX_STRIPPED:info;SER_COVERAGE_ASYMMETRIC:info;SER_UNOBSERVED_NOT_ZERO:info,crosswalk_review,18,1,1,,18,2,mg.mg_maxus_9,1
mazda-mazda-bt-50,Mazda BT-50,MAZDA,settled,Pickup,กระบะ 4 ประตู,5170,81,285,2021-01,2026-09,69,0,,,,false,false,INSUFFICIENT_DATA,INSUFFICIENT_DATA_NO_BASIS,NONE,,,SER_NO_COMMON_WINDOW:info;INSUFFICIENT_DATA_NO_BASIS:primary;BRND_PREFIX_STRIPPED:info,none,12,0,0,2,12,5,mazda.cx30,1
mazda-mazda-cx-3,Mazda CX-3,MAZDA,settled,SUV,B-segment,14905,950,2153,2021-01,2026-09,69,0,OLD_SPLIT,SPLIT:mazda-mazda-cx-3>mazda-mazda-cx-30 60.45%,NOOP:LIN_SPLIT_PARENT_RETAINED;QUARANTINE:LIN_EVIDENCE_QUARANTINE,true,false,PROPOSE,PROPOSE_SERIES_STRONG_CAPPED,PROPOSED,EQUIVALENT,mazda.cx3,BRND_EXACT:supporting;NAME_EQUAL:supporting;SER_STRONG:supporting;PROPOSE_SERIES_STRONG_CAPPED:primary;LIN_EVIDENCE_QUARANTINE:blocking;AUTH_STRUCTURE_OVER_STATISTICS:info;BRND_PREFIX_STRIPPED:info;SER_COVERAGE_ASYMMETRIC:info,crosswalk_review,12,1,2,,12,6,mazda.cx3,1
mazda-mazda-cx-30,Mazda CX-30,MAZDA,settled,SUV,B-segment,22782,1306,2596,2021-01,2026-09,69,0,NEW_SPLIT,SPLIT:mazda-mazda-cx-3>mazda-mazda-cx-30 60.45%,NOOP:LIN_SPLIT_PARENT_RETAINED;QUARANTINE:LIN_EVIDENCE_QUARANTINE,true,false,PROPOSE,PROPOSE_SERIES_STRONG_CAPPED,PROPOSED,EQUIVALENT,mazda.cx30,BRND_EXACT:supporting;NAME_EQUAL:supporting;SER_STRONG:supporting;PROPOSE_SERIES_STRONG_CAPPED:primary;LIN_EVIDENCE_QUARANTINE:blocking;AUTH_STRUCTURE_OVER_STATISTICS:info;BRND_PREFIX_STRIPPED:info;SER_COVERAGE_ASYMMETRIC:info,crosswalk_review,12,1,2,,12,5,mazda.cx30,2
mazda-mazda-cx-5,Mazda CX-5,MAZDA,settled,SUV,B-segment,4168,620,1294,2021-01,2026-09,69,0,,,,false,false,AUTO,AUTO_ALL_GATES_PASSED,AUTO,EQUIVALENT,mazda.cx5,BRND_EXACT:supporting;NAME_EQUAL:supporting;SER_STRONG:supporting;AUTO_ALL_GATES_PASSED:primary;BRND_PREFIX_STRIPPED:info;SER_COVERAGE_ASYMMETRIC:info,none,12,1,1,,12,5,mazda.cx5,1
mazda-mazda-cx-8,Mazda CX-8,MAZDA,settled,SUV,D-segment,4823,134,405,2021-01,2026-09,69,0,,,,false,false,AUTO,AUTO_ALL_GATES_PASSED,AUTO,EQUIVALENT,mazda.cx8,BRND_EXACT:supporting;NAME_EQUAL:supporting;SER_STRONG:supporting;AUTO_ALL_GATES_PASSED:primary;BRND_PREFIX_STRIPPED:info;SER_COVERAGE_ASYMMETRIC:info,none,12,1,1,,12,5,mazda.cx8,1
mazda-mazda-mx-30,Mazda MX-30,MAZDA,settled,SUV,B-segment,1,0,1,2024-12,2024-12,1,68,,,,false,false,NO_CANDIDATE,NO_CANDIDATE_ALL_EXCLUDED,NONE,,,NAME_CONTRADICTION:info;NAME_SIBLING_VARIANT:info;NO_CANDIDATE_ALL_EXCLUDED:primary,none,12,0,1,0,12,5,mazda.cx30,1
mazda-mazda-mx-5,Mazda MX-5,MAZDA,settled,Coupe/Convertible,รถสปอร์ต,81,10,23,2021-02,2026-06,45,24,,,,false,false,PROPOSE,PROPOSE_NAME_MATCH_SERIES_NOT_STRONG,PROPOSED,EQUIVALENT,mazda.mx_5,BRND_EXACT:supporting;NAME_EQUAL:supporting;PROPOSE_NAME_MATCH_SERIES_NOT_STRONG:primary;NAME_ONLY_NOT_AUTO:blocking;SER_MISSING_ROW_SEMANTICS_UNCONFIRMED:blocking;SER_VOLUME_BELOW_PROPOSE_MIN:info;BRND_PREFIX_STRIPPED:info;SER_COVERAGE_ASYMMETRIC:info;SER_UNOBSERVED_NOT_ZERO:info,crosswalk_review,12,1,1,1,12,5,mazda.mx_5,1
mazda-mazda-roadster,Mazda Roadster,MAZDA,settled,Coupe/Convertible,รถสปอร์ต,96,36,59,2023-03,2026-09,35,34,,,,false,false,NO_CANDIDATE,NO_CANDIDATE_ALL_EXCLUDED,NONE,,,NAME_CONTRADICTION:info;SER_MISSING_ROW_SEMANTICS_UNCONFIRMED:blocking;SER_CORRELATION_BELOW_STRONG:blocking;SER_RATIO_OUT_OF_BAND:blocking;NO_CANDIDATE_ALL_EXCLUDED:primary,none,12,0,0,0,12,0,,0
mazda-mazda2,Mazda2,MAZDA,settled,Sedan,B-segment,61313,4453,8560,2021-01,2026-09,69,0,,,,false,false,AUTO,AUTO_ALL_GATES_PASSED,AUTO,EQUIVALENT,mazda.mazda2,BRND_EXACT:supporting;NAME_EQUAL:supporting;SER_STRONG:supporting;AUTO_ALL_GATES_PASSED:primary;SER_COVERAGE_ASYMMETRIC:info,none,12,3,3,,12,1,mazda.mazda2,1
mazda-mazda3,Mazda3,MAZDA,settled,Sedan,C-segment,6613,218,665,2021-01,2026-09,69,0,,,,false,false,AUTO,AUTO_ALL_GATES_PASSED,AUTO,EQUIVALENT,mazda.mazda3,BRND_EXACT:supporting;NAME_EQUAL:supporting;SER_STRONG:supporting;AUTO_ALL_GATES_PASSED:primary;SER_COVERAGE_ASYMMETRIC:info,none,12,3,3,,12,2,mazda.mazda3,1
mazda-mazda6,Mazda6,MAZDA,settled,Sedan,D-segment,29,12,27,2024-08,2026-09,17,52,,,,false,false,PROPOSE,PROPOSE_NAME_MATCH_SERIES_NOT_STRONG,PROPOSED,EQUIVALENT,mazda.mazda6,BRND_EXACT:supporting;NAME_EQUAL:supporting;PROPOSE_NAME_MATCH_SERIES_NOT_STRONG:primary;NAME_ONLY_NOT_AUTO:blocking;SER_MISSING_ROW_SEMANTICS_UNCONFIRMED:blocking;SER_VOLUME_BELOW_PROPOSE_MIN:info;SER_COVERAGE_ASYMMETRIC:info;SER_UNOBSERVED_NOT_ZERO:info,crosswalk_review,12,3,3,1,12,1,mazda.mazda6,1
mazda-mazda6e,Mazda6e,MAZDA,settled,Sedan,D-segment,604,287,287,2026-07,2026-09,3,66,,,,false,false,PROPOSE,PROPOSE_NAME_MATCH_SERIES_NOT_STRONG,PROPOSED,EQUIVALENT,mazda.mazda6,BRND_EXACT:supporting;PROPOSE_NAME_MATCH_SERIES_NOT_STRONG:primary;NAME_FUZZY_TOKEN:blocking;NAME_ONLY_NOT_AUTO:blocking;SER_MISSING_ROW_SEMANTICS_UNCONFIRMED:blocking;SER_OVERLAP_BELOW_PROPOSE_MIN:info;SER_COVERAGE_ASYMMETRIC:info;SER_UNOBSERVED_NOT_ZERO:info,crosswalk_review,12,1,1,0,12,1,mazda.mazda6,1
mazda-rx-7-spirit-r-type-a__provisional,RX-7 SPIRIT R TYPE A,MAZDA,provisional,,ไม่ระบุ,2,0,1,2021-11,2025-02,2,67,,,,false,false,NO_CANDIDATE,NO_CANDIDATE_ALL_EXCLUDED,NONE,,,NAME_CONTRADICTION:info;NO_CANDIDATE_ALL_EXCLUDED:primary;SUBJ_PROVISIONAL:info,none,12,0,0,0,12,0,,0
mclaren-mclaren-750s,Mclaren 750S,MCLAREN,settled,Coupe/Convertible,รถสปอร์ต,7,2,6,2024-08,2026-06,6,63,,,,false,false,NO_CANDIDATE,NO_CANDIDATE_ALL_EXCLUDED,NONE,,,NAME_CONTRADICTION:info;NO_CANDIDATE_ALL_EXCLUDED:primary,none,1,0,0,0,1,0,,0
mclaren-mclaren-artura,Mclaren Artura,MCLAREN,settled,Coupe/Convertible,รถสปอร์ต,29,3,6,2023-01,2026-08,21,48,,,,false,false,NO_CANDIDATE,NO_CANDIDATE_ALL_EXCLUDED,NONE,,,NAME_CONTRADICTION:info;NO_CANDIDATE_ALL_EXCLUDED:primary,none,1,0,0,0,1,0,,0
mclaren-mclaren-gts,Mclaren GTS,MCLAREN,settled,Coupe/Convertible,C-segment,15,2,4,2021-02,2026-02,15,54,,,,false,false,PROPOSE,PROPOSE_NAME_MATCH_SERIES_NOT_STRONG,PROPOSED,EQUIVALENT,mclaren.gts,BRND_EXACT:supporting;NAME_EQUAL:supporting;PROPOSE_NAME_MATCH_SERIES_NOT_STRONG:primary;NAME_ONLY_NOT_AUTO:blocking;SER_MISSING_ROW_SEMANTICS_UNCONFIRMED:blocking;SER_OVERLAP_BELOW_PROPOSE_MIN:info;BRND_PREFIX_STRIPPED:info;SER_COVERAGE_ASYMMETRIC:info;SER_UNOBSERVED_NOT_ZERO:info,crosswalk_review,1,1,1,1,1,1,mclaren.gts,1
mercedes-benz-2508__provisional,250/8,MERCEDES BENZ,provisional,,ไม่ระบุ,5,0,0,2023-03,2023-03,1,68,,,,false,false,NO_CANDIDATE,NO_CANDIDATE_ALL_EXCLUDED,NONE,,,NAME_CONTRADICTION:info;GEN_LIFECYCLE_DISJOINT:info;NO_CANDIDATE_ALL_EXCLUDED:primary;SUBJ_PROVISIONAL:info,none,19,0,0,0,0,0,,0
mercedes-benz-mercedes-benz-a-class,Mercedes-Benz A-Class,MERCEDES BENZ,settled,Hatchback,C-segment,3685,261,661,2021-01,2026-09,69,0,NEW_SPLIT,SPLIT:mercedes-benz-mercedes-benz-amg-cls>mercedes-benz-mercedes-benz-a-class 9.92%,QUARANTINE:LIN_EVIDENCE_QUARANTINE,true,false,PROPOSE,PROPOSE_SERIES_STRONG_CAPPED,PROPOSED,EQUIVALENT,mercedes_benz.a_class,BRND_EXACT:supporting;NAME_EQUAL:supporting;SER_STRONG:supporting;PROPOSE_SERIES_STRONG_CAPPED:primary;GEN_LIFECYCLE_PARTIAL:blocking;LIN_EVIDENCE_QUARANTINE:blocking;AUTH_STRUCTURE_OVER_STATISTICS:info;BRND_PREFIX_STRIPPED:info;SER_COVERAGE_ASYMMETRIC:info,crosswalk_review,19,1,1,,0,0,,0
mercedes-benz-mercedes-benz-amg-c,Mercedes-Benz AMG C,MERCEDES BENZ,settled,Sedan,D-segment,550,12,39,2021-01,2026-09,63,6,OLD_SPLIT,SPLIT:mercedes-benz-mercedes-benz-amg-c>mercedes-benz-mercedes-benz-cle-class 38.84% | SPLIT:mercedes-benz-mercedes-benz-amg-c>mercedes-benz-mercedes-benz-cla-class 6.11%,NOOP:LIN_SPLIT_PARENT_RETAINED;QUARANTINE:LIN_EVIDENCE_QUARANTINE,true,false,PROPOSE,PROPOSE_PART_OF,PROPOSED,PART_OF,mercedes_benz.mb_c_class,BRND_EXACT:supporting;GRAN_PROVIDER_FINER:supporting;PROPOSE_PART_OF:primary;NAME_CONTAINMENT_SUBJECT_FINER:blocking;SER_MISSING_ROW_SEMANTICS_UNCONFIRMED:blocking;LIN_EVIDENCE_QUARANTINE:blocking;BRND_PREFIX_STRIPPED:info;SER_COVERAGE_ASYMMETRIC:info;SER_UNOBSERVED_NOT_ZERO:info,crosswalk_review,19,1,1,0,0,0,,0
mercedes-benz-mercedes-benz-amg-g63,Mercedes-Benz AMG G63,MERCEDES BENZ,settled,SUV,E-segment,209,28,52,2021-01,2026-09,64,5,NEW_SPLIT,SPLIT:mercedes-benz-mercedes-benz-amg-cls>mercedes-benz-mercedes-benz-amg-g63 9.09% | SPLIT:mercedes-benz-mercedes-benz-amg-g>mercedes-benz-mercedes-benz-amg-g63 0.37%,QUARANTINE:LIN_EVIDENCE_QUARANTINE,true,false,NO_CANDIDATE,NO_CANDIDATE_ALL_EXCLUDED,NONE,,,NAME_CONTRADICTION:info;SER_MISSING_ROW_SEMANTICS_UNCONFIRMED:blocking;SER_CORRELATION_BELOW_STRONG:blocking;SER_RATIO_OUT_OF_BAND:blocking;GEN_LIFECYCLE_DISJOINT:info;NO_CANDIDATE_ALL_EXCLUDED:primary,none,19,0,0,0,0,0,,0
mercedes-benz-mercedes-benz-amg-sl,Mercedes-Benz AMG SL,MERCEDES BENZ,settled,Coupe/Convertible,รถสปอร์ต,22,12,16,2021-01,2026-08,16,53,NEW_SPLIT,SPLIT:mercedes-benz-mercedes-benz-amg-cls>mercedes-benz-mercedes-benz-amg-sl 0.83%,QUARANTINE:LIN_EVIDENCE_QUARANTINE,true,false,NO_CANDIDATE,NO_CANDIDATE_ALL_EXCLUDED,NONE,,,NAME_CONTRADICTION:info;NO_CANDIDATE_ALL_EXCLUDED:primary,none,19,0,0,0,0,0,,0
mercedes-benz-mercedes-benz-c-class,Mercedes-Benz C-Class,MERCEDES BENZ,settled,Sedan,D-segment,10733,797,1996,2021-01,2026-09,69,0,,,,false,false,PROPOSE,PROPOSE_NAME_MATCH_SERIES_NOT_STRONG,PROPOSED,EQUIVALENT,mercedes_benz.mb_c_class,BRND_EXACT:supporting;NAME_EQUAL:supporting;PROPOSE_NAME_MATCH_SERIES_NOT_STRONG:primary;NAME_ONLY_NOT_AUTO:blocking;SER_CORRELATION_BELOW_STRONG:blocking;SER_RATIO_OUT_OF_BAND:blocking;BRND_PREFIX_STRIPPED:info;SER_COVERAGE_ASYMMETRIC:info,crosswalk_review,19,1,1,1,0,0,,0
mercedes-benz-mercedes-benz-c250,Mercedes-Benz C250,MERCEDES BENZ,settled,Sedan,D-segment,61,2,5,2021-01,2026-01,36,33,OLD_SPLIT,SPLIT:mercedes-benz-mercedes-benz-c250>mercedes-benz-mercedes-glc 82.96%,NOOP:LIN_SPLIT_PARENT_RETAINED;QUARANTINE:LIN_EVIDENCE_QUARANTINE,true,false,NO_CANDIDATE,NO_CANDIDATE_ALL_EXCLUDED,NONE,,,NAME_CONTRADICTION:info;GEN_LIFECYCLE_DISJOINT:info;NO_CANDIDATE_ALL_EXCLUDED:primary,none,19,0,0,0,0,0,,0
mercedes-benz-mercedes-benz-c350,Mercedes-Benz C350,MERCEDES BENZ,settled,Sedan,D-segment,2549,485,1104,2021-01,2026-09,69,0,OLD_SPLIT,SPLIT:mercedes-benz-mercedes-benz-c350>mercedes-benz-mercedes-glc 42.76%,NOOP:LIN_SPLIT_PARENT_RETAINED;QUARANTINE:LIN_EVIDENCE_QUARANTINE,true,false,NO_CANDIDATE,NO_CANDIDATE_ALL_EXCLUDED,NONE,,,NAME_CONTRADICTION:info;GEN_LIFECYCLE_DISJOINT:info;SER_MISSING_ROW_SEMANTICS_UNCONFIRMED:blocking;SER_CORRELATION_BELOW_STRONG:blocking;SER_RATIO_OUT_OF_BAND:blocking;NO_CANDIDATE_ALL_EXCLUDED:primary;DISCOVERY_CATALOG_GAP:info,discovery,19,0,0,0,0,0,,0
mercedes-benz-mercedes-benz-cla-class,Mercedes-Benz CLA-Class,MERCEDES BENZ,settled,Sedan,C-segment,429,128,132,2021-01,2026-09,49,20,NEW_MERGE;NEW_SPLIT,MERGE:mercedes-benz-mercedes-acla>mercedes-benz-mercedes-benz-cla-class 100% | SPLIT:mercedes-benz-mercedes-benz-amg-c>mercedes-benz-mercedes-benz-cla-class 6.11% | MERGE:MERCEDES BENZ|CLA200>mercedes-benz-mercedes-benz-cla-class 100%,NOOP:LIN_ALREADY_APPLIED;NOOP:LIN_SPLIT_PARENT_RETAINED;QUARANTINE:LIN_EVIDENCE_QUARANTINE,true,true,PROPOSE,PROPOSE_SERIES_STRONG_CAPPED,PROPOSED,EQUIVALENT,mercedes_benz.cla,BRND_EXACT:supporting;NAME_EQUAL:supporting;SER_STRONG:supporting;PROPOSE_SERIES_STRONG_CAPPED:primary;SER_OVERLAP_BELOW_AUTO_MIN:blocking;SER_MISSING_ROW_SEMANTICS_UNCONFIRMED:blocking;GEN_LIFECYCLE_PARTIAL:blocking;LIN_EVIDENCE_QUARANTINE:blocking;AUTH_STRUCTURE_OVER_STATISTICS:info;BRND_PREFIX_STRIPPED:info;SER_COVERAGE_ASYMMETRIC:info;SER_UNOBSERVED_NOT_ZERO:info,crosswalk_review,19,1,1,,0,0,,0
mercedes-benz-mercedes-benz-cle-class,Mercedes-Benz CLE-Class,MERCEDES BENZ,settled,Sedan,D-segment,926,512,873,2024-10,2026-09,24,45,NEW_SPLIT,SPLIT:mercedes-benz-mercedes-benz-e300>mercedes-benz-mercedes-benz-cle-class 8.35% | SPLIT:mercedes-benz-mercedes-benz-amg-c>mercedes-benz-mercedes-benz-cle-class 38.84%,NOOP:LIN_SPLIT_PARENT_RETAINED;QUARANTINE:LIN_EVIDENCE_QUARANTINE,true,false,PROPOSE,PROPOSE_SERIES_STRONG_CAPPED,PROPOSED,EQUIVALENT,mercedes_benz.cle,BRND_EXACT:supporting;NAME_EQUAL:supporting;SER_STRONG:supporting;PROPOSE_SERIES_STRONG_CAPPED:primary;SER_MISSING_ROW_SEMANTICS_UNCONFIRMED:blocking;ATTR_BODY_MISMATCH:blocking;LIN_EVIDENCE_QUARANTINE:blocking;AUTH_STRUCTURE_OVER_STATISTICS:info;BRND_PREFIX_STRIPPED:info;SER_COVERAGE_ASYMMETRIC:info;SER_UNOBSERVED_NOT_ZERO:info,crosswalk_review,19,1,1,,0,0,,0
mercedes-benz-mercedes-benz-cls,Mercedes-Benz CLS,MERCEDES BENZ,settled,Sedan,D-segment,4650,615,1380,2021-01,2026-09,69,0,,,,false,false,PROPOSE,PROPOSE_SERIES_STRONG_CAPPED,PROPOSED,EQUIVALENT,mercedes_benz.cls,BRND_EXACT:supporting;NAME_EQUAL:supporting;SER_STRONG:supporting;PROPOSE_SERIES_STRONG_CAPPED:primary;ATTR_BODY_MISMATCH:blocking;GEN_LIFECYCLE_PARTIAL:blocking;BRND_PREFIX_STRIPPED:info;SER_COVERAGE_ASYMMETRIC:info,crosswalk_review,19,1,1,,0,0,,0
mercedes-benz-mercedes-benz-e-class,Mercedes-Benz E-Class,MERCEDES BENZ,settled,Sedan,D-segment,5660,1100,2351,2021-01,2026-09,69,0,NEW_SPLIT,SPLIT:mercedes-benz-mercedes-benz-amg-cls>mercedes-benz-mercedes-benz-e-class 70.25%,QUARANTINE:LIN_EVIDENCE_QUARANTINE;REDIRECT:LIN_REDIRECT_RETIRED_SPLIT,true,false,PROPOSE,PROPOSE_NAME_MATCH_SERIES_NOT_STRONG,PROPOSED,EQUIVALENT,mercedes_benz.mb_e_class,BRND_EXACT:supporting;NAME_EQUAL:supporting;PROPOSE_NAME_MATCH_SERIES_NOT_STRONG:primary;NAME_ONLY_NOT_AUTO:blocking;GEN_LIFECYCLE_PARTIAL:blocking;LIN_EVIDENCE_QUARANTINE:blocking;SER_CORRELATION_BELOW_STRONG:blocking;SER_RATIO_OUT_OF_BAND:blocking;BRND_PREFIX_STRIPPED:info;SER_COVERAGE_ASYMMETRIC:info,crosswalk_review,19,1,1,1,0,0,,0
mercedes-benz-mercedes-benz-e300,Mercedes-Benz E300,MERCEDES BENZ,settled,Sedan,D-segment,4473,97,498,2021-01,2026-09,69,0,OLD_SPLIT,SPLIT:mercedes-benz-mercedes-benz-e300>mercedes-benz-mercedes-gle 22.21% | SPLIT:mercedes-benz-mercedes-benz-e300>mercedes-benz-mercedes-benz-cle-class 8.35%,NOOP:LIN_SPLIT_PARENT_RETAINED;QUARANTINE:LIN_EVIDENCE_QUARANTINE,true,false,NO_CANDIDATE,NO_CANDIDATE_ALL_EXCLUDED,NONE,,,NAME_CONTRADICTION:info;GEN_LIFECYCLE_DISJOINT:info;SER_MISSING_ROW_SEMANTICS_UNCONFIRMED:blocking;SER_CORRELATION_BELOW_STRONG:blocking;SER_RATIO_OUT_OF_BAND:blocking;NO_CANDIDATE_ALL_EXCLUDED:primary;DISCOVERY_CATALOG_GAP:info,discovery,19,0,0,0,0,0,,0
mercedes-benz-mercedes-benz-eqb-class,Mercedes-Benz EQB-Class,MERCEDES BENZ,settled,SUV,C-segment,171,1,3,2023-07,2025-09,12,57,,,,false,false,PROPOSE,PROPOSE_SERIES_STRONG_CAPPED,PROPOSED,EQUIVALENT,mercedes_benz.eqb,BRND_EXACT:supporting;NAME_EQUAL:supporting;SER_STRONG:supporting;PROPOSE_SERIES_STRONG_CAPPED:primary;SER_OVERLAP_BELOW_AUTO_MIN:blocking;SER_MISSING_ROW_SEMANTICS_UNCONFIRMED:blocking;BRND_PREFIX_STRIPPED:info;SER_COVERAGE_ASYMMETRIC:info;SER_UNOBSERVED_NOT_ZERO:info,crosswalk_review,19,1,1,,0,0,,0
mercedes-benz-mercedes-benz-eqe-class,Mercedes-Benz EQE-Class,MERCEDES BENZ,settled,SUV,D-segment,766,534,645,2023-03,2026-09,37,32,,,,false,false,PROPOSE,PROPOSE_SERIES_STRONG_CAPPED,PROPOSED,EQUIVALENT,mercedes_benz.eqe,BRND_EXACT:supporting;NAME_EQUAL:supporting;SER_STRONG:supporting;PROPOSE_SERIES_STRONG_CAPPED:primary;ATTR_BODY_MISMATCH:blocking;BRND_PREFIX_STRIPPED:info;SER_COVERAGE_ASYMMETRIC:info;SER_UNOBSERVED_NOT_ZERO:info,crosswalk_review,19,1,1,,0,0,,0
mercedes-benz-mercedes-benz-eqs-class,Mercedes-Benz EQS-Class,MERCEDES BENZ,settled,Sedan,E-segment,521,220,351,2022-08,2026-09,47,22,,,,false,false,PROPOSE,PROPOSE_NAME_MATCH_SERIES_NOT_STRONG,PROPOSED,EQUIVALENT,mercedes_benz.mb_eqs,BRND_EXACT:supporting;NAME_EQUAL:supporting;PROPOSE_NAME_MATCH_SERIES_NOT_STRONG:primary;NAME_ONLY_NOT_AUTO:blocking;SER_CORRELATION_BELOW_STRONG:blocking;BRND_PREFIX_STRIPPED:info;SER_COVERAGE_ASYMMETRIC:info;SER_UNOBSERVED_NOT_ZERO:info,crosswalk_review,19,1,1,1,0,0,,0
mercedes-benz-mercedes-benz-g-class,Mercedes-Benz G-Class,MERCEDES BENZ,settled,SUV,E-segment,529,136,225,2021-01,2026-09,68,1,NEW_SPLIT,SPLIT:mercedes-benz-mercedes-benz-amg-g>mercedes-benz-mercedes-benz-g-class 0.88%,QUARANTINE:LIN_EVIDENCE_QUARANTINE,true,false,PROPOSE,PROPOSE_NAME_MATCH_SERIES_NOT_STRONG,PROPOSED,EQUIVALENT,mercedes_benz.g_class,BRND_EXACT:supporting;NAME_EQUAL:supporting;PROPOSE_NAME_MATCH_SERIES_NOT_STRONG:primary;NAME_ONLY_NOT_AUTO:blocking;LIN_EVIDENCE_QUARANTINE:blocking;SER_CORRELATION_BELOW_STRONG:blocking;SER_RATIO_OUT_OF_BAND:blocking;BRND_PREFIX_STRIPPED:info;SER_COVERAGE_ASYMMETRIC:info;SER_UNOBSERVED_NOT_ZERO:info,crosswalk_review,19,1,1,1,0,0,,0
mercedes-benz-mercedes-benz-glb-class,Mercedes-Benz GLB-Class,MERCEDES BENZ,settled,SUV,C-segment,374,5,10,2021-01,2026-08,47,22,,,,false,false,PROPOSE,PROPOSE_NAME_MATCH_SERIES_NOT_STRONG,PROPOSED,EQUIVALENT,mercedes_benz.glb,BRND_EXACT:supporting;NAME_EQUAL:supporting;PROPOSE_NAME_MATCH_SERIES_NOT_STRONG:primary;NAME_ONLY_NOT_AUTO:blocking;SER_MISSING_ROW_SEMANTICS_UNCONFIRMED:blocking;GEN_LIFECYCLE_PARTIAL:blocking;SER_VOLUME_BELOW_PROPOSE_MIN:info;BRND_PREFIX_STRIPPED:info;SER_COVERAGE_ASYMMETRIC:info;SER_UNOBSERVED_NOT_ZERO:info,crosswalk_review,19,1,1,1,0,0,,0
mercedes-benz-mercedes-benz-gt-class,Mercedes-Benz GT-Class,MERCEDES BENZ,settled,Coupe/Convertible,รถสปอร์ต,44,5,6,2021-02,2026-05,28,41,NEW_SPLIT,SPLIT:mercedes-benz-mercedes-benz-amg-g>mercedes-benz-mercedes-benz-gt-class 3.23%,QUARANTINE:LIN_EVIDENCE_QUARANTINE,true,false,NO_CANDIDATE,NO_CANDIDATE_ALL_EXCLUDED,NONE,,,NAME_CONTRADICTION:info;GEN_LIFECYCLE_DISJOINT:info;NO_CANDIDATE_ALL_EXCLUDED:primary,none,19,0,0,0,0,0,,0
mercedes-benz-mercedes-benz-s-class,Mercedes-Benz S-Class,MERCEDES BENZ,settled,Sedan,E-segment,1423,156,331,2021-01,2026-09,69,0,NEW_MERGE;NEW_SPLIT,MERGE:MERCEDES BENZ|S 560 E>mercedes-benz-mercedes-benz-s-class 100% | SPLIT:mercedes-benz-mercedes-benz-amg-cls>mercedes-benz-mercedes-benz-s-class 8.26%,NOOP:LIN_ALREADY_APPLIED;QUARANTINE:LIN_EVIDENCE_QUARANTINE,true,true,PROPOSE,PROPOSE_NAME_MATCH_SERIES_NOT_STRONG,PROPOSED,EQUIVALENT,mercedes_benz.s_class,BRND_EXACT:supporting;NAME_EQUAL:supporting;PROPOSE_NAME_MATCH_SERIES_NOT_STRONG:primary;NAME_ONLY_NOT_AUTO:blocking;GEN_LIFECYCLE_PARTIAL:blocking;LIN_EVIDENCE_QUARANTINE:blocking;SER_CORRELATION_BELOW_STRONG:blocking;SER_RATIO_OUT_OF_BAND:blocking;BRND_PREFIX_STRIPPED:info;SER_COVERAGE_ASYMMETRIC:info,crosswalk_review,19,1,1,1,0,0,,0
mercedes-benz-mercedes-benz-s350d,Mercedes-Benz S350D,MERCEDES BENZ,settled,Sedan,E-segment,504,36,86,2021-01,2026-08,66,3,OLD_SPLIT,SPLIT:mercedes-benz-mercedes-benz-s350d>mercedes-benz-mercedes-gls 44.06%,NOOP:LIN_SPLIT_PARENT_RETAINED;QUARANTINE:LIN_EVIDENCE_QUARANTINE,true,false,NO_CANDIDATE,NO_CANDIDATE_ALL_EXCLUDED,NONE,,,NAME_CONTRADICTION:info;SER_MISSING_ROW_SEMANTICS_UNCONFIRMED:blocking;SER_CORRELATION_BELOW_STRONG:blocking;SER_RATIO_OUT_OF_BAND:blocking;GEN_LIFECYCLE_DISJOINT:info;NO_CANDIDATE_ALL_EXCLUDED:primary;DISCOVERY_CATALOG_GAP:info,discovery,19,0,0,0,0,0,,0
mercedes-benz-mercedes-benz-sprinter,Mercedes-Benz Sprinter,MERCEDES BENZ,settled,Van,รถตู้เชิงพาณิชย์,409,89,165,2021-01,2026-09,67,2,,,,false,false,PROPOSE,PROPOSE_SERIES_STRONG_CAPPED,PROPOSED,EQUIVALENT,mercedes_benz.sprinter,BRND_EXACT:supporting;NAME_EQUAL:supporting;SER_STRONG:supporting;PROPOSE_SERIES_STRONG_CAPPED:primary;GEN_LIFECYCLE_PARTIAL:blocking;BRND_PREFIX_STRIPPED:info;SER_COVERAGE_ASYMMETRIC:info;SER_UNOBSERVED_NOT_ZERO:info,crosswalk_review,19,1,1,,0,0,,0
mercedes-benz-mercedes-benz-v-class,Mercedes-Benz V-Class,MERCEDES BENZ,settled,MPV,Full Size MPV,517,81,147,2021-01,2026-09,69,0,NEW_SPLIT,SPLIT:mercedes-benz-mercedes-benz-amg-cls>mercedes-benz-mercedes-benz-v-class 1.65%,QUARANTINE:LIN_EVIDENCE_QUARANTINE,true,false,PROPOSE,PROPOSE_SERIES_STRONG_CAPPED,PROPOSED,EQUIVALENT,mercedes_benz.v_class,BRND_EXACT:supporting;NAME_EQUAL:supporting;SER_STRONG:supporting;PROPOSE_SERIES_STRONG_CAPPED:primary;ATTR_BODY_MISMATCH:blocking;GEN_LIFECYCLE_PARTIAL:blocking;LIN_EVIDENCE_QUARANTINE:blocking;AUTH_STRUCTURE_OVER_STATISTICS:info;BRND_MISMATCH:info;BRND_PREFIX_STRIPPED:info;SER_COVERAGE_ASYMMETRIC:info,crosswalk_review,19,1,1,,0,0,,0
mercedes-benz-mercedes-benz-vito,Mercedes-Benz Vito,MERCEDES BENZ,settled,MPV,Full Size MPV,631,111,265,2021-02,2026-09,55,14,,,,false,false,PROPOSE,PROPOSE_SERIES_STRONG_CAPPED,PROPOSED,EQUIVALENT,mercedes_benz.vito,BRND_EXACT:supporting;NAME_EQUAL:supporting;SER_STRONG:supporting;PROPOSE_SERIES_STRONG_CAPPED:primary;ATTR_BODY_MISMATCH:blocking;BRND_PREFIX_STRIPPED:info;SER_COVERAGE_ASYMMETRIC:info;SER_UNOBSERVED_NOT_ZERO:info,crosswalk_review,19,1,1,,0,0,,0
mercedes-benz-mercedes-gla,Mercedes GLA,MERCEDES BENZ,settled,SUV,C-segment,6443,498,1247,2021-01,2026-09,69,0,NEW_SPLIT,SPLIT:mercedes-benz-mercedes-benz-amg-g>mercedes-benz-mercedes-gla 27.68%,QUARANTINE:LIN_EVIDENCE_QUARANTINE,true,false,PROPOSE,PROPOSE_SERIES_STRONG_CAPPED,PROPOSED,EQUIVALENT,mercedes_benz.mb_gla,BRND_EXACT:supporting;NAME_EQUAL:supporting;SER_STRONG:supporting;PROPOSE_SERIES_STRONG_CAPPED:primary;LIN_EVIDENCE_QUARANTINE:blocking;AUTH_STRUCTURE_OVER_STATISTICS:info;BRND_PREFIX_STRIPPED:info;SER_COVERAGE_ASYMMETRIC:info,crosswalk_review,19,1,1,,0,0,,0
mercedes-benz-mercedes-glc,Mercedes GLC,MERCEDES BENZ,settled,SUV,D-segment,10029,989,2458,2021-01,2026-09,69,0,NEW_SPLIT,SPLIT:mercedes-benz-mercedes-benz-c350>mercedes-benz-mercedes-glc 42.76% | SPLIT:mercedes-benz-mercedes-benz-amg-g>mercedes-benz-mercedes-glc 38.18% | SPLIT:mercedes-benz-mercedes-benz-c250>mercedes-benz-mercedes-glc 82.96%,NOOP:LIN_SPLIT_PARENT_RETAINED;QUARANTINE:LIN_EVIDENCE_QUARANTINE;REDIRECT:LIN_REDIRECT_RETIRED_SPLIT,true,false,PROPOSE,PROPOSE_SERIES_STRONG_CAPPED,PROPOSED,EQUIVALENT,mercedes_benz.mb_glc,BRND_EXACT:supporting;NAME_EQUAL:supporting;SER_STRONG:supporting;PROPOSE_SERIES_STRONG_CAPPED:primary;GEN_LIFECYCLE_PARTIAL:blocking;LIN_EVIDENCE_QUARANTINE:blocking;AUTH_STRUCTURE_OVER_STATISTICS:info;BRND_PREFIX_STRIPPED:info;SER_COVERAGE_ASYMMETRIC:info,crosswalk_review,19,1,1,,0,0,,0
mercedes-benz-mercedes-gle,Mercedes GLE,MERCEDES BENZ,settled,SUV,D-segment,2513,255,614,2021-01,2026-09,69,0,NEW_SPLIT,SPLIT:mercedes-benz-mercedes-benz-e300>mercedes-benz-mercedes-gle 22.21% | SPLIT:mercedes-benz-mercedes-benz-amg-g>mercedes-benz-mercedes-gle 29.66%,NOOP:LIN_SPLIT_PARENT_RETAINED;QUARANTINE:LIN_EVIDENCE_QUARANTINE,true,false,PROPOSE,PROPOSE_SERIES_STRONG_CAPPED,PROPOSED,EQUIVALENT,mercedes_benz.gle,BRND_EXACT:supporting;NAME_EQUAL:supporting;SER_STRONG:supporting;PROPOSE_SERIES_STRONG_CAPPED:primary;GEN_LIFECYCLE_PARTIAL:blocking;LIN_EVIDENCE_QUARANTINE:blocking;AUTH_STRUCTURE_OVER_STATISTICS:info;BRND_PREFIX_STRIPPED:info;SER_COVERAGE_ASYMMETRIC:info,crosswalk_review,19,1,1,,0,0,,0
mercedes-benz-mercedes-gls,Mercedes GLS,MERCEDES BENZ,settled,SUV,E-segment,549,53,139,2021-03,2026-09,67,2,NEW_MERGE;NEW_SPLIT,SPLIT:mercedes-benz-mercedes-benz-s350d>mercedes-benz-mercedes-gls 44.06% | MERGE:mercedes-benz-mercedes-benz-gls-class>mercedes-benz-mercedes-gls 100%,NOOP:LIN_ALREADY_APPLIED;NOOP:LIN_SPLIT_PARENT_RETAINED;QUARANTINE:LIN_EVIDENCE_QUARANTINE,true,true,PROPOSE,PROPOSE_SERIES_STRONG_CAPPED,PROPOSED,EQUIVALENT,mercedes_benz.gls,BRND_EXACT:supporting;NAME_EQUAL:supporting;SER_STRONG:supporting;PROPOSE_SERIES_STRONG_CAPPED:primary;SER_MISSING_ROW_SEMANTICS_UNCONFIRMED:blocking;GEN_LIFECYCLE_PARTIAL:blocking;LIN_EVIDENCE_QUARANTINE:blocking;AUTH_STRUCTURE_OVER_STATISTICS:info;BRND_PREFIX_STRIPPED:info;SER_COVERAGE_ASYMMETRIC:info;SER_UNOBSERVED_NOT_ZERO:info,crosswalk_review,19,1,1,,0,0,,0
mercedes-benz-ml-250-bluetec-4matic__provisional,ML 250 BLUETEC 4MATIC,MERCEDES BENZ,provisional,,ไม่ระบุ,5,0,0,2021-03,2026-09,5,64,,,,false,false,NO_CANDIDATE,NO_CANDIDATE_ALL_EXCLUDED,NONE,,,NAME_CONTRADICTION:info;NO_CANDIDATE_ALL_EXCLUDED:primary;SUBJ_PROVISIONAL:info,none,19,0,0,0,0,0,,0
mercedes-benz-slc-300__provisional,SLC 300,MERCEDES BENZ,provisional,,ไม่ระบุ,5,0,0,2021-03,2024-06,5,64,,,,false,false,NO_CANDIDATE,NO_CANDIDATE_ALL_EXCLUDED,NONE,,,NAME_CONTRADICTION:info;GEN_LIFECYCLE_DISJOINT:info;NO_CANDIDATE_ALL_EXCLUDED:primary;SUBJ_PROVISIONAL:info,none,19,0,0,0,0,0,,0
mercedes-benz-slk-200-be-roadster__provisional,SLK 200 BE ROADSTER,MERCEDES BENZ,provisional,,ไม่ระบุ,2,0,0,2022-05,2022-11,2,67,,,,false,false,NO_CANDIDATE,NO_CANDIDATE_ALL_EXCLUDED,NONE,,,NAME_CONTRADICTION:info;GEN_LIFECYCLE_DISJOINT:info;NO_CANDIDATE_ALL_EXCLUDED:primary;SUBJ_PROVISIONAL:info,none,19,0,0,0,0,0,,0
mercedes-benz-type-s-580-4matic__provisional,TYPE S 580 4MATIC,MERCEDES BENZ,provisional,,ไม่ระบุ,1,0,0,2022-09,2022-09,1,68,,,,false,false,INSUFFICIENT_DATA,INSUFFICIENT_DATA_NO_BASIS,NONE,,,SER_MISSING_ROW_SEMANTICS_UNCONFIRMED:blocking;SER_OVERLAP_BELOW_PROPOSE_MIN:info;INSUFFICIENT_DATA_NO_BASIS:primary;SUBJ_PROVISIONAL:info;SER_COVERAGE_ASYMMETRIC:info;SER_UNOBSERVED_NOT_ZERO:info,none,19,0,0,0,0,0,,0
mercedes-benz-x-250-d-4matic__provisional,X 250 D 4MATIC,MERCEDES BENZ,provisional,,ไม่ระบุ,1,0,0,2023-04,2023-04,1,68,,,,false,false,NO_CANDIDATE,NO_CANDIDATE_ALL_EXCLUDED,NONE,,,NAME_CONTRADICTION:info;GEN_LIFECYCLE_DISJOINT:info;NO_CANDIDATE_ALL_EXCLUDED:primary;SUBJ_PROVISIONAL:info,none,19,0,0,0,0,0,,0
mg-mg-cyberster,MG Cyberster,MG,settled,Coupe/Convertible,รถสปอร์ต,277,82,274,2024-11,2026-09,23,46,,,,false,false,PROPOSE,PROPOSE_SERIES_STRONG_CAPPED,PROPOSED,EQUIVALENT,mg.mg_cyberster,BRND_EXACT:supporting;NAME_EQUAL:supporting;SER_STRONG:supporting;PROPOSE_SERIES_STRONG_CAPPED:primary;SER_MISSING_ROW_SEMANTICS_UNCONFIRMED:blocking;BRND_PREFIX_STRIPPED:info;SER_COVERAGE_ASYMMETRIC:info;SER_UNOBSERVED_NOT_ZERO:info,crosswalk_review,18,1,1,,18,3,mg.mg_cyberster,1
mg-mg-ep,MG EP,MG,settled,Wagon,C-segment,12009,1904,3321,2021-01,2026-09,69,0,,,,false,false,PROPOSE,PROPOSE_NAME_MATCH_SERIES_NOT_STRONG,PROPOSED,EQUIVALENT,mg.mg_ep,BRND_EXACT:supporting;NAME_EQUAL:supporting;PROPOSE_NAME_MATCH_SERIES_NOT_STRONG:primary;NAME_ONLY_NOT_AUTO:blocking;SER_MISSING_ROW_SEMANTICS_UNCONFIRMED:blocking;SER_CORRELATION_BELOW_STRONG:blocking;SER_RATIO_OUT_OF_BAND:blocking;BRND_PREFIX_STRIPPED:info;SER_COVERAGE_ASYMMETRIC:info;SER_UNOBSERVED_NOT_ZERO:info,crosswalk_review,18,1,1,1,18,2,mg.mg_ep,1
mg-mg-extender,MG Extender,MG,settled,Pickup,กระบะ 4 ประตู,11882,207,1354,2021-01,2026-09,69,0,,,,false,false,INSUFFICIENT_DATA,INSUFFICIENT_DATA_NO_BASIS,NONE,,,SER_NO_COMMON_WINDOW:info;INSUFFICIENT_DATA_NO_BASIS:primary;BRND_PREFIX_STRIPPED:info;SER_COVERAGE_ASYMMETRIC:info;SER_UNOBSERVED_NOT_ZERO:info;SER_MISSING_ROW_SEMANTICS_UNCONFIRMED:blocking;SER_CORRELATION_BELOW_STRONG:blocking;SER_RATIO_OUT_OF_BAND:blocking,none,18,0,1,2,18,2,mg.mg_extender_cab,1
mg-mg-hs,MG HS,MG,settled,SUV,C-segment,12179,254,1065,2021-01,2026-09,69,0,,,,false,false,AUTO,AUTO_ALL_GATES_PASSED,AUTO,EQUIVALENT,mg.mg_hs,BRND_EXACT:supporting;NAME_EQUAL:supporting;SER_STRONG:supporting;AUTO_ALL_GATES_PASSED:primary;BRND_PREFIX_STRIPPED:info;SER_COVERAGE_ASYMMETRIC:info,none,18,1,1,,18,3,mg.mg_hs,1
mg-mg-im5,MG IM5,MG,settled,Sedan,D-segment,741,640,640,2026-05,2026-09,5,64,,,,false,false,PROPOSE,PROPOSE_NAME_MATCH_SERIES_NOT_STRONG,PROPOSED,EQUIVALENT,mg.mg_im5,BRND_EXACT:supporting;NAME_EQUAL:supporting;PROPOSE_NAME_MATCH_SERIES_NOT_STRONG:primary;NAME_ONLY_NOT_AUTO:blocking;SER_MISSING_ROW_SEMANTICS_UNCONFIRMED:blocking;SER_OVERLAP_BELOW_PROPOSE_MIN:info;BRND_PREFIX_STRIPPED:info;SER_COVERAGE_ASYMMETRIC:info;SER_UNOBSERVED_NOT_ZERO:info,crosswalk_review,18,1,1,1,18,3,mg.mg_im5,1
mg-mg-im6,MG IM6,MG,settled,SUV,D-segment,2562,1787,2501,2025-06,2026-09,16,53,,,,false,false,PROPOSE,PROPOSE_SERIES_STRONG_CAPPED,PROPOSED,EQUIVALENT,mg.mg_im6,BRND_EXACT:supporting;NAME_EQUAL:supporting;SER_STRONG:supporting;PROPOSE_SERIES_STRONG_CAPPED:primary;SER_MISSING_ROW_SEMANTICS_UNCONFIRMED:blocking;BRND_PREFIX_STRIPPED:info;SER_COVERAGE_ASYMMETRIC:info;SER_UNOBSERVED_NOT_ZERO:info,crosswalk_review,18,1,1,,18,2,mg.mg_im6,1
mg-mg-s5-ev,MG S5 EV,MG,settled,SUV,C-segment,13675,10167,11612,2023-04,2026-09,42,27,,,,false,false,PROPOSE,PROPOSE_SERIES_STRONG_CAPPED,PROPOSED,EQUIVALENT,mg.mg_s5_ev,BRND_EXACT:supporting;NAME_EQUAL:supporting;SER_STRONG:supporting;PROPOSE_SERIES_STRONG_CAPPED:primary;SER_MISSING_ROW_SEMANTICS_UNCONFIRMED:blocking;BRND_PREFIX_STRIPPED:info;SER_COVERAGE_ASYMMETRIC:info;SER_UNOBSERVED_NOT_ZERO:info,crosswalk_review,18,1,2,,18,3,mg.mg_s5_ev,1
mg-mg-urban-ev,MG Urban EV,MG,settled,Hatchback,C-segment,2473,1193,1193,2026-07,2026-09,3,66,,,,false,false,INSUFFICIENT_DATA,INSUFFICIENT_DATA_NO_BASIS,NONE,,,SER_MISSING_ROW_SEMANTICS_UNCONFIRMED:blocking;SER_OVERLAP_BELOW_PROPOSE_MIN:info;INSUFFICIENT_DATA_NO_BASIS:primary;BRND_PREFIX_STRIPPED:info;SER_COVERAGE_ASYMMETRIC:info;SER_UNOBSERVED_NOT_ZERO:info,none,18,0,0,0,18,4,mg.mg_zs_ev,1
mg-mg-vs-hev,MG VS HEV,MG,settled,SUV,B-segment,4308,404,973,2022-09,2026-09,49,20,,,,false,false,AUTO,AUTO_ALL_GATES_PASSED,AUTO,EQUIVALENT,mg.mg_vs_hev,BRND_EXACT:supporting;NAME_EQUAL:supporting;SER_STRONG:supporting;AUTO_ALL_GATES_PASSED:primary;BRND_PREFIX_STRIPPED:info;SER_COVERAGE_ASYMMETRIC:info;SER_UNOBSERVED_NOT_ZERO:info,none,18,1,1,,18,3,mg.mg_vs_hev,1
mg-mg-zs,MG ZS,MG,settled,SUV,B-segment,29506,652,2228,2021-01,2026-09,69,0,,,,false,false,PROPOSE,PROPOSE_COMPOSED_OF,PROPOSED,COMPOSED_OF,mg.mg_zs+mg.mg_zs_ev,BRND_EXACT:supporting;SER_BUNDLE_STRONG:supporting;GRAN_PROVIDER_COARSER:supporting;PROPOSE_COMPOSED_OF:primary;NAME_CONTAINMENT_SUBJECT_COARSER:blocking;SER_MISSING_ROW_SEMANTICS_UNCONFIRMED:blocking;BRND_PREFIX_STRIPPED:info;SER_COVERAGE_ASYMMETRIC:info;SER_UNOBSERVED_NOT_ZERO:info,crosswalk_review,18,2,2,2,18,4,mg.mg_zs_ev,1
mg-mg3,MG3,MG,settled,Hatchback,B-segment,8405,1303,2811,2021-01,2026-09,65,4,,,,false,false,PROPOSE,PROPOSE_SERIES_STRONG_CAPPED,PROPOSED,EQUIVALENT,mg.mg3,BRND_EXACT:supporting;NAME_EQUAL:supporting;SER_STRONG:supporting;PROPOSE_SERIES_STRONG_CAPPED:primary;SER_MISSING_ROW_SEMANTICS_UNCONFIRMED:blocking;GEN_LIFECYCLE_PARTIAL:blocking;SER_COVERAGE_ASYMMETRIC:info;SER_UNOBSERVED_NOT_ZERO:info,crosswalk_review,18,1,1,,18,1,mg.mg3,1
mg-mg4-ev,MG4 EV,MG,settled,Hatchback,C-segment,29161,10850,19516,2023-01,2026-09,45,24,,,,false,false,AUTO,AUTO_ALL_GATES_PASSED,AUTO,EQUIVALENT,mg.mg4,BRND_EXACT:supporting;NAME_EQUAL_VIA_TOKEN_EQUIV:supporting;SER_STRONG:supporting;AUTO_ALL_GATES_PASSED:primary;SER_COVERAGE_ASYMMETRIC:info;SER_UNOBSERVED_NOT_ZERO:info,none,18,1,1,,18,4,mg.mg4,1
mg-mg5,MG5,MG,settled,Sedan,C-segment,28194,1287,3398,2021-01,2026-09,69,0,,,,false,false,AUTO,AUTO_ALL_GATES_PASSED,AUTO,EQUIVALENT,mg.mg5,BRND_EXACT:supporting;NAME_EQUAL:supporting;SER_STRONG:supporting;AUTO_ALL_GATES_PASSED:primary;SER_COVERAGE_ASYMMETRIC:info,none,18,1,1,,18,2,mg.mg5,1
mine-mobility-mine-mts-mt30,MINE MTS-MT30,MINE MOBILITY,settled,Pickup,กระบะ Cab/Space Cab 2 ประตู,87,40,53,2023-06,2026-01,16,53,,,,false,false,PROPOSE,PROPOSE_SERIES_STRONG_CAPPED,PROPOSED,EQUIVALENT,mine_mobility.mine_mts,BRND_EXACT:supporting;SER_STRONG:supporting;PROPOSE_SERIES_STRONG_CAPPED:primary;NAME_CONTAINMENT_SUBJECT_FINER:blocking;SER_OVERLAP_BELOW_AUTO_MIN:blocking;SER_VOLUME_BELOW_AUTO_MIN:blocking;SER_MISSING_ROW_SEMANTICS_UNCONFIRMED:blocking;ATTR_BODY_MISMATCH:blocking;SER_COVERAGE_ASYMMETRIC:info;SER_UNOBSERVED_NOT_ZERO:info,crosswalk_review,1,1,1,,1,1,mine_mobility.mine_mts,1
mini-clubman,MINI Clubman,MINI,settled,Wagon,B-segment,366,6,70,2021-01,2026-09,59,10,NEW_SPLIT,SPLIT:mini-mini-cooper-ev>mini-clubman 5.46%,NOOP:LIN_SPLIT_PARENT_RETAINED;QUARANTINE:LIN_EVIDENCE_QUARANTINE,true,false,NO_CANDIDATE,NO_CANDIDATE_ALL_EXCLUDED,NONE,,,NAME_CONTRADICTION:info;SER_MISSING_ROW_SEMANTICS_UNCONFIRMED:blocking;SER_CORRELATION_BELOW_STRONG:blocking;SER_RATIO_OUT_OF_BAND:blocking;GEN_LIFECYCLE_DISJOINT:info;NO_CANDIDATE_ALL_EXCLUDED:primary,none,4,0,0,0,4,2,mini.countryman,1
mini-cooper,MINI Cooper,MINI,settled,Hatchback,B-segment,851,32,156,2021-01,2026-09,68,1,NEW_MERGE;NEW_SPLIT,SPLIT:mini-mini-cooper-ev>mini-cooper 12.67% | MERGE:mini-one-16-hatch__provisional>mini-cooper 100% | MERGE:MINI|REMASTERED>mini-cooper 100%,NOOP:LIN_ALREADY_APPLIED;NOOP:LIN_SPLIT_PARENT_RETAINED;QUARANTINE:LIN_EVIDENCE_QUARANTINE,true,true,PROPOSE,PROPOSE_PART_OF,PROPOSED,PART_OF,mini.mini_cooper,PROPOSE_PART_OF:primary;SER_PARTS_SUM_STRONG:supporting;GRAN_PROVIDER_FINER:supporting,crosswalk_review,4,1,1,1,4,3,mini.countryman,1
mini-countryman,MINI Countryman,MINI,settled,SUV,C-segment,3659,310,782,2021-01,2026-09,69,0,NEW_MERGE;NEW_SPLIT,SPLIT:mini-mini-cooper-ev>mini-countryman 48.96% | MERGE:mini-countryman-s-all4__provisional>mini-countryman 100% | SPLIT:mini-mini-jcw-rhd>mini-countryman 10.25%,NOOP:LIN_ALREADY_APPLIED;NOOP:LIN_SPLIT_PARENT_RETAINED;QUARANTINE:LIN_EVIDENCE_QUARANTINE,true,true,PROPOSE,PROPOSE_SERIES_STRONG_CAPPED,PROPOSED,EQUIVALENT,mini.countryman,BRND_EXACT:supporting;NAME_EQUAL:supporting;SER_STRONG:supporting;PROPOSE_SERIES_STRONG_CAPPED:primary;GEN_LIFECYCLE_PARTIAL:blocking;LIN_EVIDENCE_QUARANTINE:blocking;AUTH_STRUCTURE_OVER_STATISTICS:info;BRND_PREFIX_STRIPPED:info;SER_COVERAGE_ASYMMETRIC:info,crosswalk_review,4,1,1,,4,3,mini.countryman,1
mini-mini-aceman-ev,Mini Aceman EV,MINI,settled,SUV,B-segment,1057,592,1008,2024-11,2026-09,23,46,,,,false,false,PROPOSE,PROPOSE_SERIES_STRONG_CAPPED,PROPOSED,EQUIVALENT,mini.aceman,BRND_EXACT:supporting;SER_STRONG:supporting;PROPOSE_SERIES_STRONG_CAPPED:primary;NAME_CONTAINMENT_SUBJECT_FINER:blocking;SER_MISSING_ROW_SEMANTICS_UNCONFIRMED:blocking;BRND_PREFIX_STRIPPED:info;SER_COVERAGE_ASYMMETRIC:info;SER_UNOBSERVED_NOT_ZERO:info,crosswalk_review,4,1,1,,4,3,mini.aceman,1
mini-mini-cooper-ev,Mini Cooper EV,MINI,settled,Hatchback,B-segment,1772,633,1112,2021-01,2026-09,69,0,NEW_SPLIT;OLD_SPLIT,SPLIT:mini-mini-cooper-ev>mini-countryman 48.96% | SPLIT:mini-mini-cooper-ev>mini-cooper 12.67% | SPLIT:mini-mini-cooper-ev>mini-clubman 5.46% | SPLIT:mini-mini-cooper-ev>mini-mini-jcw-rhd 5.4% | SPLIT:mini-mini-cooper-ev>mini-mini-jcw-convertible 1.07% | SPLIT:mini-mini-jcw-convertible>mini-mini-cooper-ev 7.14%,NOOP:LIN_SPLIT_PARENT_RETAINED;QUARANTINE:LIN_EVIDENCE_QUARANTINE,true,false,PROPOSE,PROPOSE_PART_OF,PROPOSED,PART_OF,mini.mini_cooper,PROPOSE_PART_OF:primary;SER_PARTS_SUM_STRONG:supporting;GRAN_PROVIDER_FINER:supporting,crosswalk_review,4,1,1,0,4,2,mini.mini_cooper,1
mini-mini-jcw-convertible,MINI JCW Convertible,MINI,settled,Coupe/Convertible,รถสปอร์ต,85,19,34,2021-01,2026-09,49,20,NEW_SPLIT;OLD_SPLIT,SPLIT:mini-mini-cooper-ev>mini-mini-jcw-convertible 1.07% | SPLIT:mini-mini-jcw-convertible>mini-mini-cooper-ev 7.14%,NOOP:LIN_SPLIT_PARENT_RETAINED;QUARANTINE:LIN_EVIDENCE_QUARANTINE,true,false,NO_CANDIDATE,NO_CANDIDATE_ALL_EXCLUDED,NONE,,,NAME_CONTRADICTION:info;SER_MISSING_ROW_SEMANTICS_UNCONFIRMED:blocking;SER_CORRELATION_BELOW_STRONG:blocking;SER_RATIO_OUT_OF_BAND:blocking;NAME_SIBLING_VARIANT:info;NO_CANDIDATE_ALL_EXCLUDED:primary,none,4,0,0,0,4,2,mini.mini_cooper,1
mini-mini-jcw-rhd,MINI JCW RHD,MINI,settled,Hatchback,B-segment,581,182,258,2021-01,2026-09,68,1,NEW_SPLIT;OLD_SPLIT,SPLIT:mini-mini-cooper-ev>mini-mini-jcw-rhd 5.4% | SPLIT:mini-mini-jcw-rhd>mini-countryman 10.25%,NOOP:LIN_SPLIT_PARENT_RETAINED;QUARANTINE:LIN_EVIDENCE_QUARANTINE,true,false,NO_CANDIDATE,NO_CANDIDATE_ALL_EXCLUDED,NONE,,,NAME_CONTRADICTION:info;SER_MISSING_ROW_SEMANTICS_UNCONFIRMED:blocking;SER_CORRELATION_BELOW_STRONG:blocking;SER_RATIO_OUT_OF_BAND:blocking;NAME_SIBLING_VARIANT:info;NO_CANDIDATE_ALL_EXCLUDED:primary;DISCOVERY_CATALOG_GAP:info,discovery,4,0,0,0,4,1,mini.jcw_e,1
mitsubishi-attrage,Attrage,MITSUBISHI,settled,Sedan,B-segment,22492,2369,5251,2021-01,2026-09,69,0,,,,false,false,AUTO,AUTO_ALL_GATES_PASSED,AUTO,EQUIVALENT,mitsubishi.attrage,BRND_EXACT:supporting;NAME_EQUAL:supporting;SER_STRONG:supporting;AUTO_ALL_GATES_PASSED:primary;SER_COVERAGE_ASYMMETRIC:info,none,9,1,1,,9,3,mitsubishi.attrage,1
mitsubishi-l200-25-m-cab-glx-strada-2wd__provisional,L200 2.5 M-CAB GLX (STRADA 2WD,MITSUBISHI,provisional,,ไม่ระบุ,1,0,0,2022-08,2022-08,1,68,,,,false,false,NO_CANDIDATE,NO_CANDIDATE_ALL_EXCLUDED,NONE,,,NAME_CONTRADICTION:info;NAME_SIBLING_VARIANT:info;GEN_LIFECYCLE_DISJOINT:info;NO_CANDIDATE_ALL_EXCLUDED:primary;SUBJ_PROVISIONAL:info,none,9,0,0,0,9,0,,0
mitsubishi-l200-super-28-glx-4wd-strada__provisional,L200 SUPER 2.8 GLX 4WD (STRADA,MITSUBISHI,provisional,,ไม่ระบุ,2,0,0,2022-03,2023-10,2,67,,,,false,false,NO_CANDIDATE,NO_CANDIDATE_ALL_EXCLUDED,NONE,,,NAME_CONTRADICTION:info;NO_CANDIDATE_ALL_EXCLUDED:primary;SUBJ_PROVISIONAL:info,none,9,0,0,0,9,0,,0
mitsubishi-mirage,Mirage,MITSUBISHI,settled,Hatchback,A-segment,19028,1815,4854,2021-01,2026-09,69,0,,,,false,false,AUTO,AUTO_ALL_GATES_PASSED,AUTO,EQUIVALENT,mitsubishi.mirage,BRND_EXACT:supporting;NAME_EQUAL:supporting;SER_STRONG:supporting;AUTO_ALL_GATES_PASSED:primary;SER_COVERAGE_ASYMMETRIC:info,none,9,1,1,,9,2,mitsubishi.mirage,1
mitsubishi-mitsubishi-cy4astxhru,Mitsubishi CY4ASTXHRU,MITSUBISHI,settled,Sedan,B-segment,2,1,1,2021-08,2026-02,2,67,,,,false,false,NO_CANDIDATE,NO_CANDIDATE_ALL_EXCLUDED,NONE,,,NAME_CONTRADICTION:info;NO_CANDIDATE_ALL_EXCLUDED:primary,none,9,0,0,0,9,1,mitsubishi.attrage,1
mitsubishi-mitsubishi-lb2tcldjcru,Mitsubishi LB2TCLDJCRU,MITSUBISHI,settled,Pickup,กระบะ 4 ประตู,2,2,2,2026-01,2026-03,2,67,,,,false,false,NO_CANDIDATE,NO_CANDIDATE_ALL_EXCLUDED,NONE,,,NAME_CONTRADICTION:info;NO_CANDIDATE_ALL_EXCLUDED:primary,none,9,0,0,0,9,0,,0
mitsubishi-outlander,Outlander,MITSUBISHI,settled,SUV,C-segment,829,11,30,2021-01,2026-09,62,7,,,,false,false,PROPOSE,PROPOSE_SERIES_STRONG_CAPPED,PROPOSED,EQUIVALENT,mitsubishi.outlander_phev,BRND_EXACT:supporting;SER_STRONG:supporting;PROPOSE_SERIES_STRONG_CAPPED:primary;NAME_CONTAINMENT_SUBJECT_COARSER:blocking;SER_VOLUME_BELOW_AUTO_MIN:blocking;SER_MISSING_ROW_SEMANTICS_UNCONFIRMED:blocking;SER_COVERAGE_ASYMMETRIC:info;SER_UNOBSERVED_NOT_ZERO:info,crosswalk_review,9,1,1,,9,3,mitsubishi.outlander_phev,1
mitsubishi-pajero,Pajero,MITSUBISHI,settled,PPV,PPV (SUV โครงบันได),37,0,0,2026-09,2026-09,1,68,,,,false,false,INSUFFICIENT_DATA,INSUFFICIENT_DATA_NO_BASIS,NONE,,,SER_MISSING_ROW_SEMANTICS_UNCONFIRMED:blocking;SER_NO_COMMON_WINDOW:info;INSUFFICIENT_DATA_NO_BASIS:primary;SER_COVERAGE_ASYMMETRIC:info;SER_UNOBSERVED_NOT_ZERO:info,none,9,0,0,1,9,3,mitsubishi.pajero_sport,1
mitsubishi-pajero-sport,Pajero Sport,MITSUBISHI,settled,PPV,PPV (SUV โครงบันได),26287,1639,3658,2021-01,2026-09,69,0,,,,false,false,AUTO,AUTO_ALL_GATES_PASSED,AUTO,EQUIVALENT,mitsubishi.pajero_sport,BRND_EXACT:supporting;NAME_EQUAL:supporting;SER_STRONG:supporting;AUTO_ALL_GATES_PASSED:primary;SER_COVERAGE_ASYMMETRIC:info,none,9,1,1,,9,4,mitsubishi.pajero_sport,1
mitsubishi-triton,Triton,MITSUBISHI,settled,Pickup,กระบะ 4 ประตู,81068,6547,15134,2021-01,2026-09,69,0,,,,false,false,PROPOSE,PROPOSE_COMPOSED_OF,PROPOSED,COMPOSED_OF,mitsubishi.triton_cab+mitsubishi.triton_double_cab,BRND_EXACT:supporting;SER_BUNDLE_STRONG:supporting;GRAN_PROVIDER_COARSER:supporting;PROPOSE_COMPOSED_OF:primary;NAME_CONTAINMENT_SUBJECT_COARSER:blocking;SER_MISSING_ROW_SEMANTICS_UNCONFIRMED:blocking;GEN_LIFECYCLE_PARTIAL:blocking;SER_COVERAGE_ASYMMETRIC:info;SER_UNOBSERVED_NOT_ZERO:info,crosswalk_review,9,1,1,2,9,2,mitsubishi.triton_double_cab,1
mitsubishi-xforce,Xforce,MITSUBISHI,settled,SUV,B-segment,11657,9019,10900,2025-05,2026-09,17,52,,,,false,false,PROPOSE,PROPOSE_SERIES_STRONG_CAPPED,PROPOSED,EQUIVALENT,mitsubishi.xforce,BRND_EXACT:supporting;NAME_EQUAL:supporting;SER_STRONG:supporting;PROPOSE_SERIES_STRONG_CAPPED:primary;SER_MISSING_ROW_SEMANTICS_UNCONFIRMED:blocking;SER_COVERAGE_ASYMMETRIC:info;SER_UNOBSERVED_NOT_ZERO:info,crosswalk_review,9,1,1,,9,1,mitsubishi.xforce,1
mitsubishi-xpander,Xpander,MITSUBISHI,settled,MPV,Mini MPV,53534,5217,14389,2021-01,2026-09,69,0,,,,false,false,PROPOSE,PROPOSE_COMPOSED_OF,PROPOSED,COMPOSED_OF,mitsubishi.xpander+mitsubishi.xpander_cross,BRND_EXACT:supporting;SER_BUNDLE_STRONG:supporting;GRAN_PROVIDER_COARSER:supporting;PROPOSE_COMPOSED_OF:primary;NAME_CONTAINMENT_SUBJECT_COARSER:blocking;SER_COVERAGE_ASYMMETRIC:info;SER_UNOBSERVED_NOT_ZERO:info,crosswalk_review,9,2,2,2,9,4,mitsubishi.xpander,1
neomor-d01__provisional,D01,NEOMOR,provisional,,ไม่ระบุ,12,4,12,2024-12,2025-12,6,63,,,,false,false,NO_CANDIDATE,BRND_NOT_IN_TDR,NONE,,,BRND_NOT_IN_TDR:primary;SUBJ_PROVISIONAL:info,none,0,0,0,,0,0,,0
neta-neta-v,Neta V,NETA,settled,SUV,A-segment,22130,665,4681,2022-06,2026-09,48,21,,,,false,false,AUTO,AUTO_ALL_GATES_PASSED,AUTO,EQUIVALENT,neta.neta_v,BRND_EXACT:supporting;NAME_EQUAL:supporting;SER_STRONG:supporting;AUTO_ALL_GATES_PASSED:primary;BRND_MISMATCH:info;BRND_PREFIX_STRIPPED:info;SER_COVERAGE_ASYMMETRIC:info;SER_UNOBSERVED_NOT_ZERO:info,none,2,1,1,,2,1,neta.neta_v,1
neta-neta-x,Neta X,NETA,settled,SUV,C-segment,2238,30,2236,2024-10,2026-09,21,48,,,,false,false,PROPOSE,PROPOSE_SERIES_STRONG_CAPPED,PROPOSED,EQUIVALENT,neta.neta_x,BRND_EXACT:supporting;NAME_EQUAL:supporting;SER_STRONG:supporting;PROPOSE_SERIES_STRONG_CAPPED:primary;SER_MISSING_ROW_SEMANTICS_UNCONFIRMED:blocking;BRND_MISMATCH:info;BRND_PREFIX_STRIPPED:info;SER_COVERAGE_ASYMMETRIC:info;SER_UNOBSERVED_NOT_ZERO:info,crosswalk_review,2,1,1,,2,1,neta.neta_x,1
nex-nex-nps,NEX NPS,NEX,settled,Pickup,กระบะ Cab/Space Cab 2 ประตู,41,9,30,2024-01,2026-05,13,56,,,,false,false,NO_CANDIDATE,BRND_NOT_IN_TDR,NONE,,,BRND_NOT_IN_TDR:primary,none,0,0,0,,0,0,,0
nex-npd,NEX NPD,NEX,settled,Pickup,กระบะ 4 ประตู,38,1,30,2024-02,2026-08,6,63,NEW_RENAME,RENAME:NEX|NPD>nex-npd 100%,NOOP:LIN_ALREADY_APPLIED,false,true,NO_CANDIDATE,BRND_NOT_IN_TDR,NONE,,,BRND_NOT_IN_TDR:primary,none,0,0,0,,0,0,,0
nextem-nextem-orca,Nextem Orca,NEXTEM,settled,Truck,รถบรรทุกเบา,13,3,9,2024-03,2026-09,7,62,,,,false,false,PROPOSE,PROPOSE_NAME_MATCH_SERIES_NOT_STRONG,PROPOSED,EQUIVALENT,nextem.nextem_orca,BRND_EXACT:supporting;NAME_EQUAL:supporting;PROPOSE_NAME_MATCH_SERIES_NOT_STRONG:primary;NAME_ONLY_NOT_AUTO:blocking;SER_MISSING_ROW_SEMANTICS_UNCONFIRMED:blocking;ATTR_BODY_MISMATCH:blocking;SER_VOLUME_BELOW_PROPOSE_MIN:info;BRND_PREFIX_STRIPPED:info;SER_COVERAGE_ASYMMETRIC:info;SER_UNOBSERVED_NOT_ZERO:info,crosswalk_review,1,1,1,1,1,1,nextem.nextem_orca,1
nio-nio-firefly,NIO Firefly,NIO,settled,Hatchback,B-segment,20,19,19,2026-05,2026-09,5,64,,,,false,false,NO_CANDIDATE,BRND_NOT_IN_TDR,NONE,,,BRND_NOT_IN_TDR:primary,none,0,0,0,,0,0,,0
nissan-almera,Almera,NISSAN,settled,Sedan,B-segment,43660,1793,5022,2021-01,2026-09,69,0,,,,false,false,AUTO,AUTO_ALL_GATES_PASSED,AUTO,EQUIVALENT,nissan.almera,BRND_EXACT:supporting;NAME_EQUAL:supporting;SER_STRONG:supporting;AUTO_ALL_GATES_PASSED:primary;SER_COVERAGE_ASYMMETRIC:info,none,10,1,1,,10,5,nissan.almera,1
nissan-elgrand-250-highway-star-s__provisional,ELGRAND 250 HIGHWAY STAR S,NISSAN,provisional,,ไม่ระบุ,1,0,1,2024-10,2024-10,1,68,,,,false,false,NO_CANDIDATE,NO_CANDIDATE_ALL_EXCLUDED,NONE,,,NAME_CONTRADICTION:info;NO_CANDIDATE_ALL_EXCLUDED:primary;SUBJ_PROVISIONAL:info,none,10,0,0,0,10,0,,0
nissan-elgrand-250-highway-star__provisional,ELGRAND 250 HIGHWAY STAR,NISSAN,provisional,,ไม่ระบุ,6,2,3,2022-09,2026-08,6,63,,,,false,false,NO_CANDIDATE,NO_CANDIDATE_ALL_EXCLUDED,NONE,,,NAME_CONTRADICTION:info;NO_CANDIDATE_ALL_EXCLUDED:primary;SUBJ_PROVISIONAL:info,none,10,0,0,0,10,0,,0
nissan-elgrand-350-highway-star__provisional,ELGRAND 350 HIGHWAY STAR,NISSAN,provisional,,ไม่ระบุ,1,0,0,2022-08,2022-08,1,68,,,,false,false,NO_CANDIDATE,NO_CANDIDATE_ALL_EXCLUDED,NONE,,,NAME_CONTRADICTION:info;NO_CANDIDATE_ALL_EXCLUDED:primary;SUBJ_PROVISIONAL:info,none,10,0,0,0,10,0,,0
nissan-kicks-e-power,Kicks e-Power,NISSAN,settled,SUV,B-segment,18388,2274,4244,2021-01,2026-09,69,0,,,,false,false,PROPOSE,PROPOSE_NAME_MATCH_SERIES_NOT_STRONG,PROPOSED,EQUIVALENT,nissan.kicks,BRND_EXACT:supporting;NAME_EQUAL:supporting;PROPOSE_NAME_MATCH_SERIES_NOT_STRONG:primary;NAME_ONLY_NOT_AUTO:blocking;SER_CORRELATION_BELOW_STRONG:blocking;SER_COVERAGE_ASYMMETRIC:info,crosswalk_review,10,1,1,1,10,1,nissan.kicks,1
nissan-leaf,Leaf,NISSAN,settled,Hatchback,C-segment,237,4,10,2021-01,2026-08,42,27,,,,false,false,NO_CANDIDATE,NO_CANDIDATE_ALL_EXCLUDED,NONE,,,NAME_CONTRADICTION:info;NO_CANDIDATE_ALL_EXCLUDED:primary,none,10,0,0,0,10,3,nissan.terra,1
nissan-navara,Navara,NISSAN,settled,Pickup,กระบะ 4 ประตู,23988,1485,3452,2021-01,2026-09,69,0,,,,false,false,PROPOSE,PROPOSE_COMPOSED_OF,PROPOSED,COMPOSED_OF,nissan.navara_cab+nissan.navara_double_cab,BRND_EXACT:supporting;SER_BUNDLE_STRONG:supporting;GRAN_PROVIDER_COARSER:supporting;PROPOSE_COMPOSED_OF:primary;NAME_CONTAINMENT_SUBJECT_COARSER:blocking;SER_MISSING_ROW_SEMANTICS_UNCONFIRMED:blocking;SER_COVERAGE_ASYMMETRIC:info;SER_UNOBSERVED_NOT_ZERO:info,crosswalk_review,10,1,1,2,10,5,nissan.navara_double_cab,1
nissan-nissan-bdtarczb172ha,Nissan BDTARCZB172HA-----,NISSAN,settled,Sedan,C-segment,4,2,2,2021-01,2026-02,3,66,,,,false,false,NO_CANDIDATE,NO_CANDIDATE_ALL_EXCLUDED,NONE,,,NAME_CONTRADICTION:info;NO_CANDIDATE_ALL_EXCLUDED:primary,none,10,0,0,0,10,0,,0
nissan-nissan-be-1,Nissan BE-1,NISSAN,settled,Hatchback,A-segment,1,1,1,2026-01,2026-01,1,68,,,,false,false,NO_CANDIDATE,NO_CANDIDATE_ALL_EXCLUDED,NONE,,,NAME_CONTRADICTION:info;NO_CANDIDATE_ALL_EXCLUDED:primary,none,10,0,0,0,10,0,,0
nissan-nissan-cvlgrvyd40uhgcaglc,Nissan CVLGRVYD40UHGCAGLC,NISSAN,settled,Pickup,กระบะ 4 ประตู,3,1,1,2022-08,2026-02,3,66,,,,false,false,NO_CANDIDATE,NO_CANDIDATE_ALL_EXCLUDED,NONE,,,NAME_CONTRADICTION:info;NO_CANDIDATE_ALL_EXCLUDED:primary,none,10,0,0,0,10,0,,0
nissan-nissan-fairlady,Nissan Fairlady,NISSAN,settled,Coupe/Convertible,รถสปอร์ต,31,10,15,2023-04,2026-08,23,46,,,,false,false,NO_CANDIDATE,NO_CANDIDATE_ALL_EXCLUDED,NONE,,,NAME_CONTRADICTION:info;NO_CANDIDATE_ALL_EXCLUDED:primary,none,10,0,0,0,10,2,nissan.almera,1
nissan-nissan-gt-r,Nissan GT-R,NISSAN,settled,Coupe/Convertible,รถสปอร์ต,194,42,76,2021-01,2026-09,64,5,,,,false,false,PROPOSE,PROPOSE_SERIES_STRONG_CAPPED,PROPOSED,EQUIVALENT,nissan.gtr,BRND_EXACT:supporting;NAME_EQUAL:supporting;SER_STRONG:supporting;PROPOSE_SERIES_STRONG_CAPPED:primary;SER_VOLUME_BELOW_AUTO_MIN:blocking;SER_MISSING_ROW_SEMANTICS_UNCONFIRMED:blocking;BRND_PREFIX_STRIPPED:info;SER_COVERAGE_ASYMMETRIC:info;SER_UNOBSERVED_NOT_ZERO:info,crosswalk_review,10,1,1,,10,3,nissan.gtr,1
nissan-nissan-march,Nissan March,NISSAN,settled,Hatchback,A-segment,4000,2,4,2021-01,2026-08,41,28,,,,false,false,NO_CANDIDATE,NO_CANDIDATE_ALL_EXCLUDED,NONE,,,NAME_CONTRADICTION:info;GEN_LIFECYCLE_DISJOINT:info;NO_CANDIDATE_ALL_EXCLUDED:primary;DISCOVERY_CATALOG_GAP:info,discovery,10,0,0,0,10,2,nissan.navara_cab,1
nissan-nissan-sylphy,Nissan Sylphy,NISSAN,settled,Sedan,C-segment,165,16,20,2021-01,2026-07,44,25,,,,false,false,PROPOSE,PROPOSE_NAME_MATCH_SERIES_NOT_STRONG,PROPOSED,EQUIVALENT,nissan.sylphy,BRND_EXACT:supporting;NAME_EQUAL:supporting;PROPOSE_NAME_MATCH_SERIES_NOT_STRONG:primary;NAME_ONLY_NOT_AUTO:blocking;SER_MISSING_ROW_SEMANTICS_UNCONFIRMED:blocking;SER_VOLUME_BELOW_PROPOSE_MIN:info;BRND_PREFIX_STRIPPED:info;SER_COVERAGE_ASYMMETRIC:info;SER_UNOBSERVED_NOT_ZERO:info,crosswalk_review,10,1,1,1,10,1,nissan.sylphy,1
nissan-nissan-teana,Nissan Teana,NISSAN,settled,Sedan,C-segment,47,2,4,2021-01,2026-06,25,44,,,,false,false,PROPOSE,PROPOSE_NAME_MATCH_SERIES_NOT_STRONG,PROPOSED,EQUIVALENT,nissan.teana,BRND_EXACT:supporting;NAME_EQUAL:supporting;PROPOSE_NAME_MATCH_SERIES_NOT_STRONG:primary;NAME_ONLY_NOT_AUTO:blocking;SER_MISSING_ROW_SEMANTICS_UNCONFIRMED:blocking;SER_OVERLAP_BELOW_PROPOSE_MIN:info;BRND_PREFIX_STRIPPED:info;SER_COVERAGE_ASYMMETRIC:info;SER_UNOBSERVED_NOT_ZERO:info,crosswalk_review,10,1,1,1,10,4,nissan.teana,1
nissan-nissan-udb4rdre26ewdder-c,Nissan UDB4RDRE26EWDDER-C,NISSAN,settled,Van,รถตู้เชิงพาณิชย์,5,1,1,2022-11,2026-02,5,64,,,,false,false,NO_CANDIDATE,NO_CANDIDATE_ALL_EXCLUDED,NONE,,,NAME_CONTRADICTION:info;NO_CANDIDATE_ALL_EXCLUDED:primary,none,10,0,0,0,10,0,,0
nissan-nissan-udb4rgke26ewb-s-c,Nissan UDB4RGKE26EWB--S-C,NISSAN,settled,Van,รถตู้เชิงพาณิชย์,5,1,1,2021-02,2026-01,5,64,,,,false,false,NO_CANDIDATE,NO_CANDIDATE_ALL_EXCLUDED,NONE,,,NAME_CONTRADICTION:info;NO_CANDIDATE_ALL_EXCLUDED:primary,none,10,0,0,0,10,0,,0
nissan-nissan-urvan-e26,Nissan Urvan E26,NISSAN,settled,Van,รถตู้เชิงพาณิชย์,212,7,14,2021-01,2026-07,38,31,NEW_MERGE,MERGE:nissan-nissan-uvl4rdre26kwdmer9e>nissan-nissan-urvan-e26 100% | MERGE:nissan-nissan-uvl4rdre26kwdmer-e>nissan-nissan-urvan-e26 100% | MERGE:nissan-nissan-uvl4rdre26kwdmerce>nissan-nissan-urvan-e26 100%,NOOP:LIN_ALREADY_APPLIED,false,true,NO_CANDIDATE,NO_CANDIDATE_ALL_EXCLUDED,NONE,,,NAME_CONTRADICTION:info;NO_CANDIDATE_ALL_EXCLUDED:primary,none,10,0,0,0,10,0,,0
nissan-nissan-vws4rtfe25uway42dy,Nissan VWS4RTFE25UWAY42DY,NISSAN,settled,Van,รถตู้เชิงพาณิชย์,1,1,1,2026-03,2026-03,1,68,,,,false,false,NO_CANDIDATE,NO_CANDIDATE_ALL_EXCLUDED,NONE,,,NAME_CONTRADICTION:info;NO_CANDIDATE_ALL_EXCLUDED:primary,none,10,0,0,0,10,0,,0
nissan-note,Nissan Note,NISSAN,settled,Hatchback,B-segment,3667,2,3,2021-01,2026-08,39,30,NEW_RENAME,RENAME:NISSAN|NOTE>nissan-note 100%,NOOP:LIN_ALREADY_APPLIED,false,true,NO_CANDIDATE,NO_CANDIDATE_ALL_EXCLUDED,NONE,,,NAME_CONTRADICTION:info;GEN_LIFECYCLE_DISJOINT:info;NO_CANDIDATE_ALL_EXCLUDED:primary;DISCOVERY_CATALOG_GAP:info,discovery,10,0,0,0,10,2,nissan.terra,1
nissan-roox-highway-star-g-turbo__provisional,ROOX HIGHWAY STAR G TURBO,NISSAN,provisional,,ไม่ระบุ,1,0,0,2023-06,2023-06,1,68,,,,false,false,NO_CANDIDATE,NO_CANDIDATE_ALL_EXCLUDED,NONE,,,NAME_CONTRADICTION:info;NO_CANDIDATE_ALL_EXCLUDED:primary;SUBJ_PROVISIONAL:info,none,10,0,0,0,10,0,,0
nissan-serena,Serena,NISSAN,settled,MPV,MPV,3585,2608,3436,2021-01,2026-09,38,31,,,,false,false,PROPOSE,PROPOSE_SERIES_STRONG_CAPPED,PROPOSED,EQUIVALENT,nissan.serena,BRND_EXACT:supporting;NAME_EQUAL:supporting;SER_STRONG:supporting;PROPOSE_SERIES_STRONG_CAPPED:primary;SER_MISSING_ROW_SEMANTICS_UNCONFIRMED:blocking;SER_COVERAGE_ASYMMETRIC:info;SER_UNOBSERVED_NOT_ZERO:info,crosswalk_review,10,1,1,,10,4,nissan.serena,1
nissan-skyline-r32-v-spec-ii-n1__provisional,SKYLINE R32 V-SPEC II N1,NISSAN,provisional,,ไม่ระบุ,1,0,0,2024-07,2024-07,1,68,,,,false,false,NO_CANDIDATE,NO_CANDIDATE_ALL_EXCLUDED,NONE,,,NAME_CONTRADICTION:info;NO_CANDIDATE_ALL_EXCLUDED:primary;SUBJ_PROVISIONAL:info,none,10,0,0,0,10,0,,0
nissan-terra,Terra,NISSAN,settled,PPV,PPV (SUV โครงบันได),4456,81,675,2021-01,2026-07,66,3,,,,false,false,PROPOSE,PROPOSE_SERIES_STRONG_CAPPED,PROPOSED,EQUIVALENT,nissan.terra,BRND_EXACT:supporting;NAME_EQUAL:supporting;SER_STRONG:supporting;PROPOSE_SERIES_STRONG_CAPPED:primary;SER_MISSING_ROW_SEMANTICS_UNCONFIRMED:blocking;SER_COVERAGE_ASYMMETRIC:info;SER_UNOBSERVED_NOT_ZERO:info,crosswalk_review,10,1,1,,10,6,nissan.terra,1
nissan-urvan,Nissan Urvan,NISSAN,settled,Van,รถตู้เชิงพาณิชย์,550,0,0,2021-01,2024-04,37,32,NEW_MERGE,MERGE:NISSAN|UVL4RDRE26KHE>nissan-urvan 100% | MERGE:NISSAN|URVAN>nissan-urvan 100% | MERGE:NISSAN|UVL4RDRE26KHE A>nissan-urvan 100% | MERGE:NISSAN|UVL4RDRE26KWDDER C>nissan-urvan 100% | MERGE:NISSAN|NISSANURVAN>nissan-urvan 100% | MERGE:NISSAN|URVAN E25>nissan-urvan 100%,NOOP:LIN_ALREADY_APPLIED,false,true,NO_CANDIDATE,NO_CANDIDATE_ALL_EXCLUDED,NONE,,,NAME_CONTRADICTION:info;SER_MISSING_ROW_SEMANTICS_UNCONFIRMED:blocking;SER_CORRELATION_BELOW_STRONG:blocking;SER_RATIO_OUT_OF_BAND:blocking;NO_CANDIDATE_ALL_EXCLUDED:primary;DISCOVERY_CATALOG_GAP:info,discovery,10,0,0,0,10,3,nissan.terra,1
nissan-x-trail,X-Trail,NISSAN,settled,SUV,C-segment,266,121,125,2021-01,2026-09,44,25,,,,false,false,PROPOSE,PROPOSE_NAME_MATCH_SERIES_NOT_STRONG,PROPOSED,EQUIVALENT,nissan.x_trail,BRND_EXACT:supporting;NAME_EQUAL:supporting;PROPOSE_NAME_MATCH_SERIES_NOT_STRONG:primary;NAME_ONLY_NOT_AUTO:blocking;SER_MISSING_ROW_SEMANTICS_UNCONFIRMED:blocking;GEN_LIFECYCLE_PARTIAL:blocking;SER_CORRELATION_BELOW_STRONG:blocking;SER_RATIO_OUT_OF_BAND:blocking;SER_COVERAGE_ASYMMETRIC:info;SER_UNOBSERVED_NOT_ZERO:info;SER_OVERLAP_BELOW_AUTO_MIN:blocking,crosswalk_review,10,1,1,1,10,3,nissan.x_trail,1
peugeot-peugeot-2008,Peugeot 2008,PEUGEOT,settled,SUV,B-segment,566,43,87,2022-02,2026-07,52,17,,,,false,false,PROPOSE,PROPOSE_SERIES_STRONG_CAPPED,PROPOSED,EQUIVALENT,peugeot.peugeot_2008,BRND_EXACT:supporting;NAME_EQUAL:supporting;SER_STRONG:supporting;PROPOSE_SERIES_STRONG_CAPPED:primary;SER_VOLUME_BELOW_AUTO_MIN:blocking;SER_MISSING_ROW_SEMANTICS_UNCONFIRMED:blocking;BRND_PREFIX_STRIPPED:info;SER_COVERAGE_ASYMMETRIC:info;SER_UNOBSERVED_NOT_ZERO:info,crosswalk_review,2,1,1,,2,2,peugeot.peugeot_2008,1
peugeot-peugeot-3008,Peugeot 3008,PEUGEOT,settled,SUV,B-segment,939,39,86,2021-01,2026-07,63,6,,,,false,false,PROPOSE,PROPOSE_SERIES_STRONG_CAPPED,PROPOSED,EQUIVALENT,peugeot.peugeot_3008,BRND_EXACT:supporting;NAME_EQUAL:supporting;SER_STRONG:supporting;PROPOSE_SERIES_STRONG_CAPPED:primary;SER_VOLUME_BELOW_AUTO_MIN:blocking;SER_MISSING_ROW_SEMANTICS_UNCONFIRMED:blocking;BRND_PREFIX_STRIPPED:info;SER_COVERAGE_ASYMMETRIC:info;SER_UNOBSERVED_NOT_ZERO:info,crosswalk_review,2,1,1,,2,2,peugeot.peugeot_3008,1
peugeot-peugeot-408,Peugeot 408,PEUGEOT,settled,SUV,C-segment,79,6,79,2024-10,2026-08,15,54,,,,false,false,NO_CANDIDATE,NO_CANDIDATE_ALL_EXCLUDED,NONE,,,NAME_CONTRADICTION:info;SER_MISSING_ROW_SEMANTICS_UNCONFIRMED:blocking;SER_CORRELATION_BELOW_STRONG:blocking;SER_RATIO_OUT_OF_BAND:blocking;NO_CANDIDATE_ALL_EXCLUDED:primary,none,2,0,0,0,2,2,peugeot.peugeot_3008,1
peugeot-peugeot-5008,Peugeot 5008,PEUGEOT,settled,SUV,C-segment,316,4,17,2021-01,2026-07,55,14,,,,false,false,NO_CANDIDATE,NO_CANDIDATE_ALL_EXCLUDED,NONE,,,NAME_CONTRADICTION:info;NO_CANDIDATE_ALL_EXCLUDED:primary,none,2,0,0,0,2,2,peugeot.peugeot_3008,1
pocco-pocco-dd,Pocco DD,POCCO,settled,Hatchback,A-segment,17,2,5,2023-04,2026-08,15,54,,,,false,false,NO_CANDIDATE,BRND_NOT_IN_TDR,NONE,,,BRND_NOT_IN_TDR:primary,none,0,0,0,,0,0,,0
pocco-pocco-mm,Pocco MM,POCCO,settled,Hatchback,A-segment,8,5,5,2023-07,2026-03,6,63,,,,false,false,NO_CANDIDATE,BRND_NOT_IN_TDR,NONE,,,BRND_NOT_IN_TDR:primary,none,0,0,0,,0,0,,0
porsche-boxster-25-years__provisional,BOXSTER 25 YEARS,PORSCHE,provisional,,ไม่ระบุ,3,0,0,2021-12,2022-09,3,66,,,,false,false,NO_CANDIDATE,NO_CANDIDATE_ALL_EXCLUDED,NONE,,,NAME_CONTRADICTION:info;GEN_LIFECYCLE_DISJOINT:info;NO_CANDIDATE_ALL_EXCLUDED:primary;SUBJ_PROVISIONAL:info,none,6,0,0,0,6,0,,0
porsche-cayman-pdk__provisional,CAYMAN PDK,PORSCHE,provisional,,ไม่ระบุ,1,0,0,2022-05,2022-05,1,68,,,,false,false,NO_CANDIDATE,NO_CANDIDATE_ALL_EXCLUDED,NONE,,,NAME_CONTRADICTION:info;GEN_LIFECYCLE_DISJOINT:info;NO_CANDIDATE_ALL_EXCLUDED:primary;SUBJ_PROVISIONAL:info,none,6,0,0,0,6,3,porsche.cayenne,1
porsche-porsche-718,Porsche 718,PORSCHE,settled,Coupe/Convertible,รถสปอร์ต,477,87,183,2021-01,2026-09,69,0,,,,false,false,AUTO,AUTO_ALL_GATES_PASSED,AUTO,EQUIVALENT,porsche.718,BRND_EXACT:supporting;NAME_EQUAL:supporting;SER_STRONG:supporting;AUTO_ALL_GATES_PASSED:primary;BRND_PREFIX_STRIPPED:info;SER_COVERAGE_ASYMMETRIC:info,none,6,1,1,,6,1,porsche.718,1
porsche-porsche-911,Porsche 911,PORSCHE,settled,Coupe/Convertible,รถสปอร์ต,1233,196,407,2021-01,2026-09,69,0,,,,false,false,AUTO,AUTO_ALL_GATES_PASSED,AUTO,EQUIVALENT,porsche.porsche_911,BRND_EXACT:supporting;NAME_EQUAL:supporting;SER_STRONG:supporting;AUTO_ALL_GATES_PASSED:primary;BRND_PREFIX_STRIPPED:info;SER_COVERAGE_ASYMMETRIC:info,none,6,1,1,,6,1,porsche.porsche_911,1
porsche-porsche-cayenne,Porsche Cayenne,PORSCHE,settled,SUV,D-segment,4635,856,1815,2021-01,2026-09,69,0,,,,false,false,AUTO,AUTO_ALL_GATES_PASSED,AUTO,EQUIVALENT,porsche.cayenne,BRND_EXACT:supporting;NAME_EQUAL:supporting;SER_STRONG:supporting;AUTO_ALL_GATES_PASSED:primary;BRND_PREFIX_STRIPPED:info;SER_COVERAGE_ASYMMETRIC:info,none,6,1,1,,6,4,porsche.cayenne,1
porsche-porsche-macan,Porsche Macan,PORSCHE,settled,SUV,C-segment,1067,131,329,2021-01,2026-09,69,0,,,,false,false,AUTO,AUTO_ALL_GATES_PASSED,AUTO,EQUIVALENT,porsche.macan,BRND_EXACT:supporting;NAME_EQUAL:supporting;SER_STRONG:supporting;AUTO_ALL_GATES_PASSED:primary;BRND_PREFIX_STRIPPED:info;SER_COVERAGE_ASYMMETRIC:info,none,6,1,1,,6,3,porsche.macan,1
porsche-porsche-panamera,Porsche Panamera,PORSCHE,settled,Sedan,D-segment,1162,198,385,2021-01,2026-09,69,0,,,,false,false,PROPOSE,PROPOSE_SERIES_STRONG_CAPPED,PROPOSED,EQUIVALENT,porsche.panamera,BRND_EXACT:supporting;NAME_EQUAL:supporting;SER_STRONG:supporting;PROPOSE_SERIES_STRONG_CAPPED:primary;GEN_LIFECYCLE_PARTIAL:blocking;BRND_PREFIX_STRIPPED:info;SER_COVERAGE_ASYMMETRIC:info,crosswalk_review,6,1,1,,6,1,porsche.panamera,1
porsche-porsche-taycan,Porsche Taycan,PORSCHE,settled,Sedan,D-segment,1245,139,316,2021-01,2026-09,69,0,,,,false,false,AUTO,AUTO_ALL_GATES_PASSED,AUTO,EQUIVALENT,porsche.taycan,BRND_EXACT:supporting;NAME_EQUAL:supporting;SER_STRONG:supporting;AUTO_ALL_GATES_PASSED:primary;BRND_PREFIX_STRIPPED:info;SER_COVERAGE_ASYMMETRIC:info,none,6,1,1,,6,3,porsche.taycan,1
proton-proton-preve,Proton Preve,PROTON,settled,Sedan,B-segment,2,1,1,2022-06,2026-02,2,67,,,,false,false,NO_CANDIDATE,BRND_NOT_IN_TDR,NONE,,,BRND_NOT_IN_TDR:primary,none,0,0,0,,0,0,,0
riddara-riddara-rd6,Riddara RD6,RIDDARA,settled,Pickup,กระบะ 4 ประตู,2236,1572,2058,2025-01,2026-09,21,48,NEW_RENAME,RENAME:riddara-riddara-horizon>riddara-riddara-rd6 100%,NOOP:LIN_ALREADY_APPLIED,false,true,INSUFFICIENT_DATA,INSUFFICIENT_DATA_NO_BASIS,NONE,,,SER_MISSING_ROW_SEMANTICS_UNCONFIRMED:blocking;SER_RATIO_OUT_OF_BAND:blocking;INSUFFICIENT_DATA_NO_BASIS:primary;BRND_PREFIX_STRIPPED:info;SER_COVERAGE_ASYMMETRIC:info;SER_UNOBSERVED_NOT_ZERO:info;SER_CORRELATION_BELOW_STRONG:blocking,none,2,0,0,1,2,1,riddara.riddara_rd6_double_cab,1
rolls-royce-rolls-royce-cullinan,Rolls-Royce Cullinan,ROLLS ROYCE,settled,SUV,E-segment,36,4,6,2021-01,2026-08,28,41,,,,false,false,NO_CANDIDATE,NO_CANDIDATE_ALL_EXCLUDED,NONE,,,NAME_CONTRADICTION:info;NO_CANDIDATE_ALL_EXCLUDED:primary,none,1,0,0,0,0,0,,0
rolls-royce-rolls-royce-ghost,Rolls-Royce Ghost,ROLLS ROYCE,settled,Sedan,E-segment,59,11,20,2021-03,2026-09,36,33,,,,false,false,PROPOSE,PROPOSE_NAME_MATCH_SERIES_NOT_STRONG,PROPOSED,EQUIVALENT,rolls_royce.ghost,BRND_EXACT:supporting;NAME_EQUAL:supporting;PROPOSE_NAME_MATCH_SERIES_NOT_STRONG:primary;NAME_ONLY_NOT_AUTO:blocking;SER_MISSING_ROW_SEMANTICS_UNCONFIRMED:blocking;SER_VOLUME_BELOW_PROPOSE_MIN:info;BRND_PREFIX_STRIPPED:info;SER_COVERAGE_ASYMMETRIC:info;SER_UNOBSERVED_NOT_ZERO:info,crosswalk_review,1,1,1,1,0,0,,0
rolls-royce-rolls-royce-phantom,Rolls-Royce Phantom,ROLLS ROYCE,settled,Sedan,E-segment,14,3,4,2021-01,2026-09,13,56,,,,false,false,NO_CANDIDATE,NO_CANDIDATE_ALL_EXCLUDED,NONE,,,NAME_CONTRADICTION:info;NO_CANDIDATE_ALL_EXCLUDED:primary,none,1,0,0,0,0,0,,0
rolls-royce-rolls-royce-spectre,Rolls-Royce Spectre,ROLLS ROYCE,settled,Coupe/Convertible,E-segment,17,6,14,2024-03,2026-07,13,56,,,,false,false,NO_CANDIDATE,NO_CANDIDATE_ALL_EXCLUDED,NONE,,,NAME_CONTRADICTION:info;NO_CANDIDATE_ALL_EXCLUDED:primary,none,1,0,0,0,0,0,,0
rosenbauer-rosenbauer-panther,Rosenbauer Panther,ROSENBAUER,settled,Truck,รถบรรทุกกลาง-หนัก,22,5,5,2023-10,2026-06,3,66,,,,false,false,NO_CANDIDATE,BRND_NOT_IN_TDR,NONE,,,BRND_NOT_IN_TDR:primary,none,0,0,0,,0,0,,0
sany-sany-sym1030t1bevh3,SANY SYM1030T1BEVH3,SANY,settled,Truck,รถบรรทุกเบา,10,10,10,2026-04,2026-06,3,66,,,,false,false,NO_CANDIDATE,BRND_NOT_IN_TDR,NONE,,,BRND_NOT_IN_TDR:primary,none,0,0,0,,0,0,,0
seres-seres-3,Seres 3,SERES,settled,SUV,B-segment,10,8,9,2025-07,2026-09,8,61,NEW_RENAME,RENAME:seres-seres-3__provisional>seres-seres-3 100%,NOOP:LIN_ALREADY_APPLIED,false,true,PROPOSE,PROPOSE_NAME_MATCH_SERIES_NOT_STRONG,PROPOSED,EQUIVALENT,seres.seres_3,BRND_EXACT:supporting;NAME_EQUAL:supporting;PROPOSE_NAME_MATCH_SERIES_NOT_STRONG:primary;NAME_ONLY_NOT_AUTO:blocking;SER_MISSING_ROW_SEMANTICS_UNCONFIRMED:blocking;SER_VOLUME_BELOW_PROPOSE_MIN:info;BRND_MISMATCH:info;BRND_PREFIX_STRIPPED:info;SER_COVERAGE_ASYMMETRIC:info;SER_UNOBSERVED_NOT_ZERO:info,crosswalk_review,1,1,1,1,1,1,seres.seres_3,1
seres-seres-ec31,Seres EC31,SERES,settled,Pickup,กระบะ Cab/Space Cab 2 ประตู,73,11,35,2023-12,2026-08,14,55,,,,false,false,NO_CANDIDATE,NO_CANDIDATE_ALL_EXCLUDED,NONE,,,NAME_CONTRADICTION:info;NO_CANDIDATE_ALL_EXCLUDED:primary,none,1,0,0,0,1,1,seres.seres_3,1
smart-smart-eq,Smart EQ,SMART,settled,Hatchback,A-segment,2,1,1,2021-08,2026-07,2,67,,,,false,false,NO_CANDIDATE,BRND_NOT_IN_TDR,NONE,,,BRND_NOT_IN_TDR:primary,none,0,0,0,,0,0,,0
sokon-crc50,Sokon CRC50,SOKON,settled,Truck,รถบรรทุกเบา,101,0,0,2021-01,2024-05,21,48,NEW_MERGE,MERGE:SOKON|CRC5020CLS>sokon-crc50 100% | MERGE:SOKON|CRC5023XXY>sokon-crc50 100% | MERGE:SOKON|CRC5021CLS>sokon-crc50 100% | MERGE:SOKON|CRC5021XXY>sokon-crc50 100% | MERGE:SOKON|CRC5026XXYQ1>sokon-crc50 100%,NOOP:LIN_ALREADY_APPLIED,false,true,NO_CANDIDATE,NO_CANDIDATE_ALL_EXCLUDED,NONE,,,NAME_CONTRADICTION:info;NO_CANDIDATE_ALL_EXCLUDED:primary,none,1,0,0,0,1,1,sokon.sokon_ec35,1
sokon-sokon-ec35,Sokon EC35,SOKON,settled,Van,รถตู้เชิงพาณิชย์,39,15,33,2023-09,2026-08,17,52,,,,false,false,PROPOSE,PROPOSE_SERIES_STRONG_CAPPED,PROPOSED,EQUIVALENT,sokon.sokon_ec35,BRND_EXACT:supporting;NAME_EQUAL:supporting;SER_STRONG:supporting;PROPOSE_SERIES_STRONG_CAPPED:primary;SER_VOLUME_BELOW_AUTO_MIN:blocking;SER_MISSING_ROW_SEMANTICS_UNCONFIRMED:blocking;BRND_PREFIX_STRIPPED:info;SER_COVERAGE_ASYMMETRIC:info;SER_UNOBSERVED_NOT_ZERO:info,crosswalk_review,1,1,1,,1,1,sokon.sokon_ec35,1
solarky-solarky-model,Solarky Model,SOLARKY,settled,Van,รถตู้เชิงพาณิชย์,2,2,2,2026-03,2026-03,1,68,,,,false,false,NO_CANDIDATE,BRND_NOT_IN_TDR,NONE,,,BRND_NOT_IN_TDR:primary,none,0,0,0,,0,0,,0
srm-srm-t3ev,SRM T3EV,SRM,settled,Truck,รถบรรทุกเบา,5,5,5,2025-12,2026-08,3,66,,,,false,false,NO_CANDIDATE,BRND_NOT_IN_TDR,NONE,,,BRND_NOT_IN_TDR:primary,none,0,0,0,,0,0,,0
subaru-levorg-sti-sport-r__provisional,LEVORG STI SPORT R,SUBARU,provisional,,ไม่ระบุ,1,0,0,2024-01,2024-01,1,68,,,,false,false,NO_CANDIDATE,NO_CANDIDATE_ALL_EXCLUDED,NONE,,,NAME_CONTRADICTION:info;NO_CANDIDATE_ALL_EXCLUDED:primary;SUBJ_PROVISIONAL:info,none,4,0,0,0,4,1,subaru.forester,1
subaru-levorg-sti-sports-r-ex__provisional,LEVORG STI SPORTS R EX,SUBARU,provisional,,ไม่ระบุ,1,0,0,2023-09,2023-09,1,68,,,,false,false,NO_CANDIDATE,NO_CANDIDATE_ALL_EXCLUDED,NONE,,,NAME_CONTRADICTION:info;NO_CANDIDATE_ALL_EXCLUDED:primary;SUBJ_PROVISIONAL:info,none,4,0,0,0,4,0,,0
subaru-subaru-brz,Subaru BRZ,SUBARU,settled,Coupe/Convertible,รถสปอร์ต,152,16,30,2021-01,2026-09,51,18,,,,false,false,PROPOSE,PROPOSE_SERIES_STRONG_CAPPED,PROPOSED,EQUIVALENT,subaru.brz,BRND_EXACT:supporting;NAME_EQUAL:supporting;SER_STRONG:supporting;PROPOSE_SERIES_STRONG_CAPPED:primary;SER_VOLUME_BELOW_AUTO_MIN:blocking;SER_MISSING_ROW_SEMANTICS_UNCONFIRMED:blocking;BRND_PREFIX_STRIPPED:info;SER_COVERAGE_ASYMMETRIC:info;SER_UNOBSERVED_NOT_ZERO:info,crosswalk_review,4,1,1,,4,1,subaru.brz,1
subaru-subaru-crosstrek,Subaru Crosstrek,SUBARU,settled,SUV,B-segment,1628,136,323,2021-01,2026-09,67,2,,,,false,false,PROPOSE,PROPOSE_SERIES_STRONG_CAPPED,PROPOSED,EQUIVALENT,subaru.crosstrek,BRND_EXACT:supporting;NAME_EQUAL:supporting;SER_STRONG:supporting;PROPOSE_SERIES_STRONG_CAPPED:primary;SER_MISSING_ROW_SEMANTICS_UNCONFIRMED:blocking;GEN_LIFECYCLE_PARTIAL:blocking;BRND_PREFIX_STRIPPED:info;SER_COVERAGE_ASYMMETRIC:info;SER_UNOBSERVED_NOT_ZERO:info,crosswalk_review,4,1,1,,4,3,subaru.crosstrek,1
subaru-subaru-forester,Subaru Forester,SUBARU,settled,SUV,B-segment,6003,174,575,2021-01,2026-09,69,0,,,,false,false,AUTO,AUTO_ALL_GATES_PASSED,AUTO,EQUIVALENT,subaru.forester,BRND_EXACT:supporting;NAME_EQUAL:supporting;SER_STRONG:supporting;AUTO_ALL_GATES_PASSED:primary;BRND_PREFIX_STRIPPED:info;SER_COVERAGE_ASYMMETRIC:info,none,4,1,1,,4,2,subaru.forester,1
subaru-subaru-outback,Subaru Outback,SUBARU,settled,Wagon,C-segment,107,8,13,2021-07,2026-09,40,29,,,,false,false,PROPOSE,PROPOSE_NAME_MATCH_SERIES_NOT_STRONG,PROPOSED,EQUIVALENT,subaru.outback,BRND_EXACT:supporting;NAME_EQUAL:supporting;PROPOSE_NAME_MATCH_SERIES_NOT_STRONG:primary;NAME_ONLY_NOT_AUTO:blocking;SER_MISSING_ROW_SEMANTICS_UNCONFIRMED:blocking;SER_VOLUME_BELOW_PROPOSE_MIN:info;BRND_PREFIX_STRIPPED:info;SER_COVERAGE_ASYMMETRIC:info;SER_UNOBSERVED_NOT_ZERO:info,crosswalk_review,4,1,1,1,4,1,subaru.outback,1
subaru-subaru-wrx,Subaru WRX,SUBARU,settled,Sedan,C-segment,80,10,21,2021-01,2026-09,45,24,,,,false,false,NO_CANDIDATE,NO_CANDIDATE_ALL_EXCLUDED,NONE,,,NAME_CONTRADICTION:info;NO_CANDIDATE_ALL_EXCLUDED:primary,none,4,0,0,0,4,0,,0
suzuki-apv,APV,SUZUKI,settled,Van,รถตู้เชิงพาณิชย์,2,0,0,2024-02,2024-05,2,67,,,,false,false,NO_CANDIDATE,NO_CANDIDATE_ALL_EXCLUDED,NONE,,,NAME_CONTRADICTION:info;GEN_LIFECYCLE_DISJOINT:info;NO_CANDIDATE_ALL_EXCLUDED:primary,none,8,0,0,0,8,0,,0
suzuki-carry,Carry,SUZUKI,settled,Pickup,กระบะ Cab/Space Cab 2 ประตู,10815,516,1253,2021-01,2026-09,69,0,,,,false,false,PROPOSE,PROPOSE_SERIES_STRONG_CAPPED,PROPOSED,EQUIVALENT,suzuki.suzuki_carry,BRND_EXACT:supporting;NAME_EQUAL:supporting;SER_STRONG:supporting;PROPOSE_SERIES_STRONG_CAPPED:primary;ATTR_BODY_MISMATCH:blocking;BRND_PREFIX_STRIPPED:info;SER_COVERAGE_ASYMMETRIC:info,crosswalk_review,8,1,1,,8,2,suzuki.suzuki_carry,1
suzuki-celerio,Celerio,SUZUKI,settled,Hatchback,A-segment,15258,535,2019,2021-01,2026-09,69,0,,,,false,false,AUTO,AUTO_ALL_GATES_PASSED,AUTO,EQUIVALENT,suzuki.celerio,BRND_EXACT:supporting;NAME_EQUAL:supporting;SER_STRONG:supporting;AUTO_ALL_GATES_PASSED:primary;SER_COVERAGE_ASYMMETRIC:info,none,8,1,1,,8,3,suzuki.celerio,1
suzuki-ciaz,Ciaz,SUZUKI,settled,Sedan,B-segment,5737,9,75,2021-01,2026-08,61,8,,,,false,false,PROPOSE,PROPOSE_SERIES_STRONG_CAPPED,PROPOSED,EQUIVALENT,suzuki.ciaz,BRND_EXACT:supporting;NAME_EQUAL:supporting;SER_STRONG:supporting;PROPOSE_SERIES_STRONG_CAPPED:primary;SER_VOLUME_BELOW_AUTO_MIN:blocking;SER_MISSING_ROW_SEMANTICS_UNCONFIRMED:blocking;SER_COVERAGE_ASYMMETRIC:info;SER_UNOBSERVED_NOT_ZERO:info,crosswalk_review,8,1,1,,8,4,suzuki.ciaz,1
suzuki-ertiga,Ertiga,SUZUKI,settled,MPV,Mini MPV,3001,17,636,2021-01,2026-06,63,6,,,,false,false,PROPOSE,PROPOSE_SERIES_STRONG_CAPPED,PROPOSED,EQUIVALENT,suzuki.ertiga,BRND_EXACT:supporting;NAME_EQUAL:supporting;SER_STRONG:supporting;PROPOSE_SERIES_STRONG_CAPPED:primary;SER_MISSING_ROW_SEMANTICS_UNCONFIRMED:blocking;SER_COVERAGE_ASYMMETRIC:info;SER_UNOBSERVED_NOT_ZERO:info,crosswalk_review,8,1,1,,8,3,suzuki.ertiga,1
suzuki-fronx,Fronx,SUZUKI,settled,SUV,B-segment,896,716,718,2025-08,2026-09,14,55,,,,false,false,PROPOSE,PROPOSE_SERIES_STRONG_CAPPED,PROPOSED,EQUIVALENT,suzuki.fronx,BRND_EXACT:supporting;NAME_EQUAL:supporting;SER_STRONG:supporting;PROPOSE_SERIES_STRONG_CAPPED:primary;SER_MISSING_ROW_SEMANTICS_UNCONFIRMED:blocking;SER_COVERAGE_ASYMMETRIC:info;SER_UNOBSERVED_NOT_ZERO:info,crosswalk_review,8,1,1,,8,1,suzuki.fronx,1
suzuki-grand-vitara,Grand Vitara,SUZUKI,settled,SUV,B-segment,1,1,1,2026-06,2026-06,1,68,,,,false,false,NO_CANDIDATE,NO_CANDIDATE_ALL_EXCLUDED,NONE,,,NAME_CONTRADICTION:info;NO_CANDIDATE_ALL_EXCLUDED:primary,none,8,0,0,0,8,0,,0
suzuki-jimny,Jimny,SUZUKI,settled,SUV,A-segment,974,264,449,2021-01,2026-09,68,1,,,,false,false,AUTO,AUTO_ALL_GATES_PASSED,AUTO,EQUIVALENT,suzuki.jimny,BRND_EXACT:supporting;NAME_EQUAL:supporting;SER_STRONG:supporting;AUTO_ALL_GATES_PASSED:primary;SER_COVERAGE_ASYMMETRIC:info;SER_UNOBSERVED_NOT_ZERO:info,none,8,1,1,,8,1,suzuki.jimny,1
suzuki-landy-hybrid-g-2wd__provisional,LANDY HYBRID G 2WD,SUZUKI,provisional,,ไม่ระบุ,1,0,0,2024-03,2024-03,1,68,,,,false,false,NO_CANDIDATE,NO_CANDIDATE_ALL_EXCLUDED,NONE,,,NAME_CONTRADICTION:info;GEN_LIFECYCLE_DISJOINT:info;NO_CANDIDATE_ALL_EXCLUDED:primary;SUBJ_PROVISIONAL:info,none,8,0,0,0,8,0,,0
suzuki-suzuki-ap416pum14058,Suzuki AP416PUM14058,SUZUKI,settled,Pickup,กระบะ Cab/Space Cab 2 ประตู,6,1,1,2021-01,2026-04,6,63,,,,false,false,NO_CANDIDATE,NO_CANDIDATE_ALL_EXCLUDED,NONE,,,NAME_CONTRADICTION:info;GEN_LIFECYCLE_DISJOINT:info;NO_CANDIDATE_ALL_EXCLUDED:primary,none,8,0,0,0,8,0,,0
suzuki-suzuki-spacia,Suzuki Spacia,SUZUKI,settled,MPV,Mini MPV,78,6,15,2021-01,2026-06,45,24,,,,false,false,NO_CANDIDATE,NO_CANDIDATE_ALL_EXCLUDED,NONE,,,NAME_CONTRADICTION:info;GEN_LIFECYCLE_DISJOINT:info;NO_CANDIDATE_ALL_EXCLUDED:primary,none,8,0,0,0,8,3,suzuki.swift,1
suzuki-swift,Swift,SUZUKI,settled,Hatchback,A-segment,31459,2554,4623,2021-01,2026-09,69,0,,,,false,false,AUTO,AUTO_ALL_GATES_PASSED,AUTO,EQUIVALENT,suzuki.swift,BRND_EXACT:supporting;NAME_EQUAL:supporting;SER_STRONG:supporting;AUTO_ALL_GATES_PASSED:primary;SER_COVERAGE_ASYMMETRIC:info,none,8,1,1,,8,1,suzuki.swift,1
suzuki-xl-7,XL-7,SUZUKI,settled,MPV,Mini MPV,8235,154,483,2021-01,2026-09,69,0,,,,false,false,AUTO,AUTO_ALL_GATES_PASSED,AUTO,EQUIVALENT,suzuki.xl7,BRND_EXACT:supporting;NAME_EQUAL:supporting;SER_STRONG:supporting;AUTO_ALL_GATES_PASSED:primary;SER_COVERAGE_ASYMMETRIC:info,none,8,1,1,,8,1,suzuki.xl7,1
tata-intra-v50-pickup-vx-clb-bs6__provisional,INTRA V50 PICKUP VX CLB BS6,TATA,provisional,,ไม่ระบุ,2,0,2,2025-06,2025-07,2,67,,,,false,false,NO_CANDIDATE,NO_CANDIDATE_ALL_EXCLUDED,NONE,,,NAME_CONTRADICTION:info;NO_CANDIDATE_ALL_EXCLUDED:primary;SUBJ_PROVISIONAL:info,none,1,0,0,0,1,0,,0
tata-tata-super,TATA Super,TATA,settled,Pickup,กระบะ Cab/Space Cab 2 ประตู,349,13,280,2021-01,2026-09,38,31,,,,false,false,PROPOSE,PROPOSE_SERIES_STRONG_CAPPED,PROPOSED,EQUIVALENT,tata.tata_super_ace,BRND_EXACT:supporting;SER_STRONG:supporting;PROPOSE_SERIES_STRONG_CAPPED:primary;NAME_CONTAINMENT_SUBJECT_COARSER:blocking;SER_MISSING_ROW_SEMANTICS_UNCONFIRMED:blocking;ATTR_BODY_MISMATCH:blocking;BRND_PREFIX_STRIPPED:info;SER_COVERAGE_ASYMMETRIC:info;SER_UNOBSERVED_NOT_ZERO:info,crosswalk_review,1,1,1,,1,1,tata.tata_super_ace,1
tata-tata-xenon,TATA Xenon,TATA,settled,Pickup,กระบะ Cab/Space Cab 2 ประตู,76,6,6,2021-01,2026-05,27,42,,,,false,false,NO_CANDIDATE,NO_CANDIDATE_ALL_EXCLUDED,NONE,,,NAME_CONTRADICTION:info;NO_CANDIDATE_ALL_EXCLUDED:primary,none,1,0,0,0,1,0,,0
tesla-tesla-model,Tesla Model,TESLA,settled,SUV,D-segment,33,1,1,2021-01,2026-03,15,54,,,,false,false,NO_CANDIDATE,NO_CANDIDATE_ALL_EXCLUDED,NONE,,,GEN_LIFECYCLE_DISJOINT:info;NO_CANDIDATE_ALL_EXCLUDED:primary,none,2,0,2,2,2,2,tesla.modely,1
tesla-tesla-model-3,Tesla Model 3,TESLA,settled,Sedan,D-segment,12594,5200,7073,2021-01,2026-09,69,0,,,,false,false,AUTO,AUTO_ALL_GATES_PASSED,AUTO,EQUIVALENT,tesla.model3,BRND_EXACT:supporting;NAME_EQUAL:supporting;SER_STRONG:supporting;AUTO_ALL_GATES_PASSED:primary;BRND_PREFIX_STRIPPED:info;SER_COVERAGE_ASYMMETRIC:info,none,2,1,2,,2,2,tesla.model3,1
tesla-tesla-model-y,Tesla Model Y,TESLA,settled,SUV,D-segment,14168,4128,6766,2021-11,2026-09,59,10,,,,false,false,AUTO,AUTO_ALL_GATES_PASSED,AUTO,EQUIVALENT,tesla.modely,BRND_EXACT:supporting;NAME_EQUAL:supporting;SER_STRONG:supporting;AUTO_ALL_GATES_PASSED:primary;BRND_PREFIX_STRIPPED:info;SER_COVERAGE_ASYMMETRIC:info;SER_UNOBSERVED_NOT_ZERO:info,none,2,1,2,,2,2,tesla.modely,1
thaina-cr6__provisional,CR6,THAINA,provisional,,ไม่ระบุ,24,0,0,2021-02,2021-03,2,67,,,,false,false,NO_CANDIDATE,BRND_NOT_IN_TDR,NONE,,,BRND_NOT_IN_TDR:primary;SUBJ_PROVISIONAL:info,none,0,0,0,,0,0,,0
toyota-15s-touring__provisional,1.5S Touring,TOYOTA,provisional,,ไม่ระบุ,1,0,0,2023-10,2023-10,1,68,,,,false,false,NO_CANDIDATE,NO_CANDIDATE_ALL_EXCLUDED,NONE,,,NAME_CONTRADICTION:info;GEN_LIFECYCLE_DISJOINT:info;NO_CANDIDATE_ALL_EXCLUDED:primary;SUBJ_PROVISIONAL:info,none,30,0,0,0,30,0,,0
toyota-16g__provisional,1.6G,TOYOTA,provisional,,ไม่ระบุ,1,0,1,2025-05,2025-05,1,68,,,,false,false,NO_CANDIDATE,NO_CANDIDATE_ALL_EXCLUDED,NONE,,,NAME_CONTRADICTION:info;NO_CANDIDATE_ALL_EXCLUDED:primary;SUBJ_PROVISIONAL:info,none,30,0,0,0,30,0,,0
toyota-86-gr__provisional,86 GR,TOYOTA,provisional,,ไม่ระบุ,1,0,0,2021-01,2021-01,1,68,,,,false,false,NO_CANDIDATE,NO_CANDIDATE_ALL_EXCLUDED,NONE,,,NAME_CONTRADICTION:info;GEN_LIFECYCLE_DISJOINT:info;NAME_SIBLING_VARIANT:info;NO_CANDIDATE_ALL_EXCLUDED:primary;SUBJ_PROVISIONAL:info,none,30,0,0,0,30,2,toyota.c_hr,1
toyota-86-gt-limited__provisional,86 GT LIMITED,TOYOTA,provisional,,ไม่ระบุ,1,0,0,2021-03,2021-03,1,68,,,,false,false,NO_CANDIDATE,NO_CANDIDATE_ALL_EXCLUDED,NONE,,,NAME_CONTRADICTION:info;GEN_LIFECYCLE_DISJOINT:info;NO_CANDIDATE_ALL_EXCLUDED:primary;SUBJ_PROVISIONAL:info,none,30,0,0,0,30,0,,0
toyota-86__provisional,86,TOYOTA,provisional,,ไม่ระบุ,1,0,0,2021-12,2021-12,1,68,,,,false,false,NO_CANDIDATE,NO_CANDIDATE_ALL_EXCLUDED,NONE,,,NAME_CONTRADICTION:info;GEN_LIFECYCLE_DISJOINT:info;NO_CANDIDATE_ALL_EXCLUDED:primary;SUBJ_PROVISIONAL:info,none,30,0,0,0,30,1,toyota.gr86,1
toyota-a-cab-4x2-25e__provisional,A-Cab 4X2 2.5E,TOYOTA,provisional,,ไม่ระบุ,1,0,0,2021-06,2021-06,1,68,,,,false,false,NO_CANDIDATE,NO_CANDIDATE_ALL_EXCLUDED,NONE,,,NAME_CONTRADICTION:info;GEN_LIFECYCLE_DISJOINT:info;NAME_SIBLING_VARIANT:info;NO_CANDIDATE_ALL_EXCLUDED:primary;SUBJ_PROVISIONAL:info,none,30,0,0,0,30,0,,0
toyota-a-cab-4x2-25j__provisional,A-Cab 4X2 2.5J,TOYOTA,provisional,,ไม่ระบุ,1,0,0,2021-02,2021-02,1,68,,,,false,false,NO_CANDIDATE,NO_CANDIDATE_ALL_EXCLUDED,NONE,,,NAME_CONTRADICTION:info;GEN_LIFECYCLE_DISJOINT:info;NAME_SIBLING_VARIANT:info;NO_CANDIDATE_ALL_EXCLUDED:primary;SUBJ_PROVISIONAL:info,none,30,0,0,0,30,0,,0
toyota-a-cab-4x2-27j-cng__provisional,A-Cab 4x2 2.7J CNG,TOYOTA,provisional,,ไม่ระบุ,1,0,0,2022-02,2022-02,1,68,,,,false,false,NO_CANDIDATE,NO_CANDIDATE_ALL_EXCLUDED,NONE,,,NAME_CONTRADICTION:info;GEN_LIFECYCLE_DISJOINT:info;NAME_SIBLING_VARIANT:info;NO_CANDIDATE_ALL_EXCLUDED:primary;SUBJ_PROVISIONAL:info,none,30,0,0,0,30,0,,0
toyota-a-cab-4x2-27j__provisional,A-Cab 4x2 2.7J,TOYOTA,provisional,,ไม่ระบุ,1,0,0,2023-11,2023-11,1,68,,,,false,false,NO_CANDIDATE,NO_CANDIDATE_ALL_EXCLUDED,NONE,,,NAME_CONTRADICTION:info;NAME_SIBLING_VARIANT:info;GEN_LIFECYCLE_DISJOINT:info;NO_CANDIDATE_ALL_EXCLUDED:primary;SUBJ_PROVISIONAL:info,none,30,0,0,0,30,0,,0
toyota-alphard,Alphard,TOYOTA,settled,MPV,Full Size MPV,23985,3330,7771,2021-01,2026-09,69,0,,,,false,false,PROPOSE,PROPOSE_SERIES_STRONG_CAPPED,PROPOSED,EQUIVALENT,toyota.alphard,BRND_EXACT:supporting;NAME_EQUAL:supporting;SER_STRONG:supporting;PROPOSE_SERIES_STRONG_CAPPED:primary;GEN_LIFECYCLE_PARTIAL:blocking;SER_COVERAGE_ASYMMETRIC:info,crosswalk_review,30,1,1,,30,4,toyota.alphard,1
toyota-avanza,Avanza,TOYOTA,settled,MPV,Mini MPV,250,0,0,2021-01,2023-04,23,46,,,,false,false,PROPOSE,PROPOSE_SERIES_STRONG_CAPPED,PROPOSED,EQUIVALENT,toyota.avanza,BRND_EXACT:supporting;NAME_EQUAL:supporting;SER_STRONG:supporting;PROPOSE_SERIES_STRONG_CAPPED:primary;SER_MISSING_ROW_SEMANTICS_UNCONFIRMED:blocking;SER_COVERAGE_ASYMMETRIC:info;SER_UNOBSERVED_NOT_ZERO:info,crosswalk_review,30,1,1,,30,3,toyota.avanza,1
toyota-b-cab-4x2-24j__provisional,B-Cab 4x2 2.4J,TOYOTA,provisional,,ไม่ระบุ,8,0,0,2021-02,2023-10,6,63,,,,false,false,NO_CANDIDATE,NO_CANDIDATE_ALL_EXCLUDED,NONE,,,NAME_CONTRADICTION:info;GEN_LIFECYCLE_DISJOINT:info;NAME_SIBLING_VARIANT:info;NO_CANDIDATE_ALL_EXCLUDED:primary;SUBJ_PROVISIONAL:info,none,30,0,0,0,30,0,,0
toyota-b-cab-4x2-25j-no-ps__provisional,B-Cab 4X2 2.5J no-PS,TOYOTA,provisional,,ไม่ระบุ,1,0,0,2022-10,2022-10,1,68,,,,false,false,NO_CANDIDATE,NO_CANDIDATE_ALL_EXCLUDED,NONE,,,NAME_CONTRADICTION:info;GEN_LIFECYCLE_DISJOINT:info;NAME_SIBLING_VARIANT:info;NO_CANDIDATE_ALL_EXCLUDED:primary;SUBJ_PROVISIONAL:info,none,30,0,0,0,30,0,,0
toyota-b-cab-4x2-25j-vnt__provisional,B-Cab 4X2 2.5J VNT,TOYOTA,provisional,,ไม่ระบุ,1,0,0,2022-03,2022-03,1,68,,,,false,false,NO_CANDIDATE,NO_CANDIDATE_ALL_EXCLUDED,NONE,,,NAME_CONTRADICTION:info;GEN_LIFECYCLE_DISJOINT:info;NAME_SIBLING_VARIANT:info;NO_CANDIDATE_ALL_EXCLUDED:primary;SUBJ_PROVISIONAL:info,none,30,0,0,0,30,0,,0
toyota-b-cab-4x2-27j__provisional,B-Cab 4X2 2.7J,TOYOTA,provisional,,ไม่ระบุ,2,0,0,2021-04,2023-02,2,67,,,,false,false,NO_CANDIDATE,NO_CANDIDATE_ALL_EXCLUDED,NONE,,,NAME_CONTRADICTION:info;GEN_LIFECYCLE_DISJOINT:info;NAME_SIBLING_VARIANT:info;NO_CANDIDATE_ALL_EXCLUDED:primary;SUBJ_PROVISIONAL:info,none,30,0,0,0,30,0,,0
toyota-b-cab-4x4-28j__provisional,B-Cab 4x4 2.8J,TOYOTA,provisional,,ไม่ระบุ,3,0,0,2021-01,2022-05,3,66,,,,false,false,NO_CANDIDATE,NO_CANDIDATE_ALL_EXCLUDED,NONE,,,NAME_CONTRADICTION:info;GEN_LIFECYCLE_DISJOINT:info;NAME_SIBLING_VARIANT:info;NO_CANDIDATE_ALL_EXCLUDED:primary;SUBJ_PROVISIONAL:info,none,30,0,0,0,30,0,,0
toyota-bz4x,bZ4X,TOYOTA,settled,SUV,C-segment,1163,970,971,2023-02,2026-09,24,45,,,,false,false,PROPOSE,PROPOSE_SERIES_STRONG_CAPPED,PROPOSED,EQUIVALENT,toyota.bz4x,BRND_EXACT:supporting;NAME_EQUAL:supporting;SER_STRONG:supporting;PROPOSE_SERIES_STRONG_CAPPED:primary;SER_OVERLAP_BELOW_AUTO_MIN:blocking;SER_MISSING_ROW_SEMANTICS_UNCONFIRMED:blocking;SER_COVERAGE_ASYMMETRIC:info;SER_UNOBSERVED_NOT_ZERO:info,crosswalk_review,30,1,1,,30,1,toyota.bz4x,1
toyota-c-cab-2x4-28g__provisional,C-Cab 2x4 2.8G,TOYOTA,provisional,,ไม่ระบุ,1,0,0,2021-01,2021-01,1,68,,,,false,false,NO_CANDIDATE,NO_CANDIDATE_ALL_EXCLUDED,NONE,,,NAME_CONTRADICTION:info;GEN_LIFECYCLE_DISJOINT:info;NAME_SIBLING_VARIANT:info;NO_CANDIDATE_ALL_EXCLUDED:primary;SUBJ_PROVISIONAL:info,none,30,0,0,0,30,0,,0
toyota-c-cab-4x2-24j-plus__provisional,C-Cab 4x2 2.4J Plus,TOYOTA,provisional,,ไม่ระบุ,1,0,0,2021-11,2021-11,1,68,,,,false,false,NO_CANDIDATE,NO_CANDIDATE_ALL_EXCLUDED,NONE,,,NAME_CONTRADICTION:info;GEN_LIFECYCLE_DISJOINT:info;NAME_SIBLING_VARIANT:info;NO_CANDIDATE_ALL_EXCLUDED:primary;SUBJ_PROVISIONAL:info,none,30,0,0,0,30,0,,0
toyota-c-cab-4x2-24j__provisional,C-Cab 4x2 2.4J,TOYOTA,provisional,,ไม่ระบุ,1,0,0,2021-11,2021-11,1,68,,,,false,false,NO_CANDIDATE,NO_CANDIDATE_ALL_EXCLUDED,NONE,,,NAME_CONTRADICTION:info;GEN_LIFECYCLE_DISJOINT:info;NAME_SIBLING_VARIANT:info;NO_CANDIDATE_ALL_EXCLUDED:primary;SUBJ_PROVISIONAL:info,none,30,0,0,0,30,0,,0
toyota-c-cab-4x4-28g__provisional,C-Cab 4x4 2.8G,TOYOTA,provisional,,ไม่ระบุ,1,0,0,2022-06,2022-06,1,68,,,,false,false,NO_CANDIDATE,NO_CANDIDATE_ALL_EXCLUDED,NONE,,,NAME_CONTRADICTION:info;GEN_LIFECYCLE_DISJOINT:info;NAME_SIBLING_VARIANT:info;NO_CANDIDATE_ALL_EXCLUDED:primary;SUBJ_PROVISIONAL:info,none,30,0,0,0,30,0,,0
toyota-c-hr,C-HR,TOYOTA,settled,SUV,B-segment,4055,42,71,2021-01,2026-07,58,11,,,,false,false,PROPOSE,PROPOSE_SERIES_STRONG_CAPPED,PROPOSED,EQUIVALENT,toyota.c_hr,BRND_EXACT:supporting;NAME_EQUAL:supporting;SER_STRONG:supporting;PROPOSE_SERIES_STRONG_CAPPED:primary;SER_VOLUME_BELOW_AUTO_MIN:blocking;SER_MISSING_ROW_SEMANTICS_UNCONFIRMED:blocking;GEN_LIFECYCLE_PARTIAL:blocking;SER_COVERAGE_ASYMMETRIC:info;SER_UNOBSERVED_NOT_ZERO:info,crosswalk_review,30,1,1,,30,5,toyota.c_hr,1
toyota-camry,Camry,TOYOTA,settled,Sedan,D-segment,29337,5108,11584,2021-01,2026-09,69,0,,,,false,false,AUTO,AUTO_ALL_GATES_PASSED,AUTO,EQUIVALENT,toyota.camry,BRND_EXACT:supporting;NAME_EQUAL:supporting;SER_STRONG:supporting;AUTO_ALL_GATES_PASSED:primary;SER_COVERAGE_ASYMMETRIC:info,none,30,1,1,,30,5,toyota.camry,1
toyota-corolla-altis,Corolla Altis,TOYOTA,settled,Sedan,C-segment,31043,2651,7376,2021-01,2026-09,69,0,NEW_SPLIT,SPLIT:toyota-corolla-cross>toyota-corolla-altis 23%,NOOP:LIN_SPLIT_PARENT_RETAINED;QUARANTINE:LIN_EVIDENCE_QUARANTINE,true,false,PROPOSE,PROPOSE_NAME_MATCH_SERIES_NOT_STRONG,PROPOSED,EQUIVALENT,toyota.corolla_altis,BRND_EXACT:supporting;NAME_EQUAL:supporting;PROPOSE_NAME_MATCH_SERIES_NOT_STRONG:primary;NAME_ONLY_NOT_AUTO:blocking;LIN_EVIDENCE_QUARANTINE:blocking;SER_CORRELATION_BELOW_STRONG:blocking;SER_RATIO_OUT_OF_BAND:blocking;SER_COVERAGE_ASYMMETRIC:info,crosswalk_review,30,1,1,1,30,2,toyota.corolla_altis,1
toyota-corolla-cross,Corolla Cross,TOYOTA,settled,SUV,C-segment,103951,15653,30121,2021-01,2026-09,69,0,OLD_SPLIT,SPLIT:toyota-corolla-cross>toyota-corolla-altis 23%,NOOP:LIN_SPLIT_PARENT_RETAINED;QUARANTINE:LIN_EVIDENCE_QUARANTINE,true,false,PROPOSE,PROPOSE_SERIES_STRONG_CAPPED,PROPOSED,EQUIVALENT,toyota.corolla_cross,BRND_EXACT:supporting;NAME_EQUAL:supporting;SER_STRONG:supporting;PROPOSE_SERIES_STRONG_CAPPED:primary;LIN_EVIDENCE_QUARANTINE:blocking;AUTH_STRUCTURE_OVER_STATISTICS:info;SER_COVERAGE_ASYMMETRIC:info,crosswalk_review,30,1,1,,30,5,toyota.corolla_cross,1
toyota-esquire-gi-7-seats__provisional,ESQUIRE GI 7 SEATS,TOYOTA,provisional,,ไม่ระบุ,4,0,0,2021-01,2022-05,4,65,,,,false,false,NO_CANDIDATE,NO_CANDIDATE_ALL_EXCLUDED,NONE,,,NAME_CONTRADICTION:info;GEN_LIFECYCLE_DISJOINT:info;NO_CANDIDATE_ALL_EXCLUDED:primary;SUBJ_PROVISIONAL:info,none,30,0,0,0,30,1,toyota.yaris_ativ,1
toyota-esquire-gi__provisional,ESQUIRE GI,TOYOTA,provisional,,ไม่ระบุ,1,0,0,2021-02,2021-02,1,68,,,,false,false,NO_CANDIDATE,NO_CANDIDATE_ALL_EXCLUDED,NONE,,,NAME_CONTRADICTION:info;GEN_LIFECYCLE_DISJOINT:info;NO_CANDIDATE_ALL_EXCLUDED:primary;SUBJ_PROVISIONAL:info,none,30,0,0,0,30,1,toyota.vellfire,1
toyota-esquire-hybrid-gi-7-seats__provisional,ESQUIRE HYBRID GI 7 SEATS,TOYOTA,provisional,,ไม่ระบุ,3,0,0,2022-03,2022-09,2,67,,,,false,false,NO_CANDIDATE,NO_CANDIDATE_ALL_EXCLUDED,NONE,,,NAME_CONTRADICTION:info;GEN_LIFECYCLE_DISJOINT:info;NO_CANDIDATE_ALL_EXCLUDED:primary;SUBJ_PROVISIONAL:info,none,30,0,0,0,30,0,,0
toyota-esquire-hybrid-gi-premium__provisional,ESQUIRE HYBRID GI PREMIUM,TOYOTA,provisional,,ไม่ระบุ,1,0,0,2021-03,2021-03,1,68,,,,false,false,NO_CANDIDATE,NO_CANDIDATE_ALL_EXCLUDED,NONE,,,NAME_CONTRADICTION:info;GEN_LIFECYCLE_DISJOINT:info;NO_CANDIDATE_ALL_EXCLUDED:primary;SUBJ_PROVISIONAL:info,none,30,0,0,0,30,0,,0
toyota-fortuner,Fortuner,TOYOTA,settled,PPV,PPV (SUV โครงบันได),115433,13928,27854,2021-01,2026-09,69,0,,,,false,false,AUTO,AUTO_ALL_GATES_PASSED,AUTO,EQUIVALENT,toyota.fortuner,BRND_EXACT:supporting;NAME_EQUAL:supporting;SER_STRONG:supporting;AUTO_ALL_GATES_PASSED:primary;SER_COVERAGE_ASYMMETRIC:info,none,30,1,1,,30,4,toyota.fortuner,1
toyota-gr-corolla,GR Corolla,TOYOTA,settled,Hatchback,C-segment,45,16,24,2023-02,2026-09,27,42,NEW_SPLIT,SPLIT:toyota-toyota-gr>toyota-gr-corolla 6.63%,QUARANTINE:LIN_EVIDENCE_QUARANTINE,true,false,NO_CANDIDATE,NO_CANDIDATE_ALL_EXCLUDED,NONE,,,NAME_CONTRADICTION:info;NAME_SIBLING_VARIANT:info;NO_CANDIDATE_ALL_EXCLUDED:primary,none,30,0,0,0,30,5,toyota.corolla_altis,1
toyota-gr-supra,GR Supra,TOYOTA,settled,Coupe/Convertible,รถสปอร์ต,97,24,44,2021-01,2026-09,51,18,NEW_SPLIT,SPLIT:toyota-toyota-gr>toyota-gr-supra 12.53%,QUARANTINE:LIN_EVIDENCE_QUARANTINE,true,false,PROPOSE,PROPOSE_SERIES_STRONG_CAPPED,PROPOSED,EQUIVALENT,toyota.gr_supra,BRND_EXACT:supporting;NAME_EQUAL:supporting;SER_STRONG:supporting;PROPOSE_SERIES_STRONG_CAPPED:primary;SER_VOLUME_BELOW_AUTO_MIN:blocking;SER_MISSING_ROW_SEMANTICS_UNCONFIRMED:blocking;LIN_EVIDENCE_QUARANTINE:blocking;AUTH_STRUCTURE_OVER_STATISTICS:info;SER_COVERAGE_ASYMMETRIC:info;SER_UNOBSERVED_NOT_ZERO:info,crosswalk_review,30,1,1,,30,2,toyota.gr_supra,1
toyota-gr-yaris,GR Yaris,TOYOTA,settled,Hatchback,B-segment,149,16,19,2021-05,2026-09,38,31,,,,false,false,INSUFFICIENT_DATA,INSUFFICIENT_DATA_NO_BASIS,NONE,,,SER_MISSING_ROW_SEMANTICS_UNCONFIRMED:blocking;SER_VOLUME_BELOW_PROPOSE_MIN:info;INSUFFICIENT_DATA_NO_BASIS:primary;SER_COVERAGE_ASYMMETRIC:info;SER_UNOBSERVED_NOT_ZERO:info,none,30,0,0,0,30,8,toyota.prius,1
toyota-gr86,GR86,TOYOTA,settled,Coupe/Convertible,รถสปอร์ต,350,99,171,2022-03,2026-09,52,17,NEW_SPLIT,SPLIT:toyota-toyota-gr>toyota-gr86 80.84%,QUARANTINE:LIN_EVIDENCE_QUARANTINE;REDIRECT:LIN_REDIRECT_RETIRED_SPLIT,true,false,PROPOSE,PROPOSE_SERIES_STRONG_CAPPED,PROPOSED,EQUIVALENT,toyota.gr86,BRND_EXACT:supporting;NAME_EQUAL:supporting;SER_STRONG:supporting;PROPOSE_SERIES_STRONG_CAPPED:primary;LIN_EVIDENCE_QUARANTINE:blocking;AUTH_STRUCTURE_OVER_STATISTICS:info;SER_COVERAGE_ASYMMETRIC:info;SER_UNOBSERVED_NOT_ZERO:info,crosswalk_review,30,1,1,,30,1,toyota.gr86,1
toyota-gt86-14r-60-trd__provisional,GT86 14R-60 TRD,TOYOTA,provisional,,ไม่ระบุ,3,0,0,2023-08,2024-04,3,66,,,,false,false,NO_CANDIDATE,NO_CANDIDATE_ALL_EXCLUDED,NONE,,,NAME_CONTRADICTION:info;GEN_LIFECYCLE_DISJOINT:info;NO_CANDIDATE_ALL_EXCLUDED:primary;SUBJ_PROVISIONAL:info,none,30,0,0,0,30,0,,0
toyota-hiace,Hiace,TOYOTA,settled,Van,รถตู้เชิงพาณิชย์,9986,2356,5675,2021-01,2026-09,69,0,,,,false,false,PROPOSE,PROPOSE_COMPOSED_OF,PROPOSED,COMPOSED_OF,toyota.hiace+toyota.hiace_majesty,BRND_EXACT:supporting;SER_BUNDLE_STRONG:supporting;GRAN_PROVIDER_COARSER:supporting;PROPOSE_COMPOSED_OF:primary;NAME_CONTAINMENT_SUBJECT_COARSER:blocking;GEN_SAME_NAMEPLATE_MULTI_TARGET:info;SER_COVERAGE_ASYMMETRIC:info;SER_UNOBSERVED_NOT_ZERO:info,crosswalk_review,30,2,2,2,30,6,toyota.hiace_majesty,1
toyota-hiace-commuter,Hiace / Commuter,TOYOTA,settled,Van,รถตู้เชิงพาณิชย์,37053,7601,15054,2021-01,2026-09,69,0,,,,false,false,PROPOSE,PROPOSE_SERIES_STRONG_CAPPED,PROPOSED,EQUIVALENT,toyota.commuter,BRND_EXACT:supporting;SER_STRONG:supporting;PROPOSE_SERIES_STRONG_CAPPED:primary;NAME_CONTAINMENT_SUBJECT_FINER:blocking;SER_COVERAGE_ASYMMETRIC:info,crosswalk_review,30,1,1,,30,8,toyota.commuter,1
toyota-hilux,Hilux,TOYOTA,settled,Pickup,กระบะ 4 ประตู,3,0,1,2022-09,2025-05,3,66,,,,false,false,INSUFFICIENT_DATA,INSUFFICIENT_DATA_NO_BASIS,NONE,,,SER_MISSING_ROW_SEMANTICS_UNCONFIRMED:blocking;SER_OVERLAP_BELOW_PROPOSE_MIN:info;INSUFFICIENT_DATA_NO_BASIS:primary;SER_COVERAGE_ASYMMETRIC:info;SER_UNOBSERVED_NOT_ZERO:info,none,30,0,0,5,30,7,toyota.hilux_revo_cab,1
toyota-hilux-champ,Hilux Champ,TOYOTA,settled,Pickup,กระบะ Cab/Space Cab 2 ประตู,22310,6880,16036,2024-01,2026-09,33,36,,,,false,false,AUTO,AUTO_ALL_GATES_PASSED,AUTO,EQUIVALENT,toyota.hilux_champ,BRND_EXACT:supporting;NAME_EQUAL:supporting;SER_STRONG:supporting;AUTO_ALL_GATES_PASSED:primary;SER_COVERAGE_ASYMMETRIC:info;SER_UNOBSERVED_NOT_ZERO:info,none,30,1,1,,30,7,toyota.hilux_champ,1
toyota-hilux-revo,Hilux Revo,TOYOTA,settled,Pickup,กระบะ 4 ประตู,550946,37324,100638,2021-01,2026-09,69,0,,,,false,false,PROPOSE,PROPOSE_COMPOSED_OF,PROPOSED,COMPOSED_OF,toyota.hilux_revo_cab+toyota.hilux_revo_double_cab,BRND_EXACT:supporting;SER_BUNDLE_STRONG:supporting;GRAN_PROVIDER_COARSER:supporting;PROPOSE_COMPOSED_OF:primary;NAME_CONTAINMENT_SUBJECT_COARSER:blocking;SER_MISSING_ROW_SEMANTICS_UNCONFIRMED:blocking;SER_COVERAGE_ASYMMETRIC:info;SER_UNOBSERVED_NOT_ZERO:info,crosswalk_review,30,1,2,2,30,7,toyota.hilux_revo_double_cab,1
toyota-hilux-travo,Hilux Travo,TOYOTA,settled,Pickup,กระบะ Cab/Space Cab 2 ประตู,30119,26933,26933,2025-11,2026-09,11,58,,,,false,false,PROPOSE,PROPOSE_COMPOSED_OF,PROPOSED,COMPOSED_OF,toyota.hilux_travo_cab+toyota.hilux_travo_double_cab,BRND_EXACT:supporting;SER_BUNDLE_STRONG:supporting;GRAN_PROVIDER_COARSER:supporting;PROPOSE_COMPOSED_OF:primary;NAME_CONTAINMENT_SUBJECT_COARSER:blocking;SER_OVERLAP_BELOW_AUTO_MIN:blocking;SER_MISSING_ROW_SEMANTICS_UNCONFIRMED:blocking;SER_COVERAGE_ASYMMETRIC:info;SER_UNOBSERVED_NOT_ZERO:info,crosswalk_review,30,1,2,2,30,6,toyota.hilux_travo_cab,1
toyota-innova,Innova,TOYOTA,settled,MPV,MPV,6394,1393,3080,2021-01,2026-09,69,0,,,,false,false,PROPOSE,PROPOSE_SERIES_STRONG_CAPPED,PROPOSED,EQUIVALENT,toyota.innova_zenix,BRND_EXACT:supporting;SER_STRONG:supporting;PROPOSE_SERIES_STRONG_CAPPED:primary;NAME_CONTAINMENT_SUBJECT_COARSER:blocking;SER_COVERAGE_ASYMMETRIC:info,crosswalk_review,30,1,1,,30,3,toyota.innova_zenix,1
toyota-land-cruiser,Land Cruiser,TOYOTA,settled,SUV,D-segment,790,249,441,2021-01,2026-09,68,1,,,,false,false,NO_CANDIDATE,NO_CANDIDATE_ALL_EXCLUDED,NONE,,,NAME_CONTRADICTION:info;SER_CORRELATION_BELOW_STRONG:blocking;SER_RATIO_OUT_OF_BAND:blocking;SER_MISSING_ROW_SEMANTICS_UNCONFIRMED:blocking;NO_CANDIDATE_ALL_EXCLUDED:primary;DISCOVERY_CATALOG_GAP:info,discovery,30,0,1,1,30,10,toyota.land_cruiser_300,1
toyota-land-cruiser-fj,Land Cruiser FJ,TOYOTA,settled,PPV,PPV (SUV โครงบันได),1472,1111,1111,2026-05,2026-09,5,64,,,,false,false,NO_CANDIDATE,NO_CANDIDATE_ALL_EXCLUDED,NONE,,,NAME_CONTRADICTION:info;NAME_SIBLING_VARIANT:info;NO_CANDIDATE_ALL_EXCLUDED:primary;DISCOVERY_CATALOG_GAP:info,discovery,30,0,1,0,30,7,toyota.land_cruiser_300,1
toyota-toyota-crown,Toyota Crown,TOYOTA,settled,SUV,C-segment,152,47,97,2021-08,2026-09,43,26,,,,false,false,PROPOSE,PROPOSE_SERIES_STRONG_CAPPED,PROPOSED,EQUIVALENT,toyota.crown,BRND_EXACT:supporting;NAME_EQUAL:supporting;SER_STRONG:supporting;PROPOSE_SERIES_STRONG_CAPPED:primary;SER_VOLUME_BELOW_AUTO_MIN:blocking;ATTR_BODY_MISMATCH:blocking;BRND_PREFIX_STRIPPED:info;SER_COVERAGE_ASYMMETRIC:info;SER_UNOBSERVED_NOT_ZERO:info,crosswalk_review,30,1,1,,30,4,toyota.crown,1
toyota-toyota-d-cab,Toyota D-CAB,TOYOTA,settled,Pickup,กระบะ 4 ประตู,25,2,3,2021-03,2026-01,17,52,,,,false,false,NO_CANDIDATE,NO_CANDIDATE_ALL_EXCLUDED,NONE,,,NAME_CONTRADICTION:info;NAME_SIBLING_VARIANT:info;GEN_LIFECYCLE_DISJOINT:info;NO_CANDIDATE_ALL_EXCLUDED:primary,none,30,0,0,0,30,6,toyota.hilux_revo_cab,1
toyota-toyota-gun122r-btflxt,Toyota GUN122R-BTFLXT,TOYOTA,settled,Pickup,กระบะ Cab/Space Cab 2 ประตู,4,2,4,2025-05,2026-01,4,65,,,,false,false,NO_CANDIDATE,NO_CANDIDATE_ALL_EXCLUDED,NONE,,,NAME_CONTRADICTION:info;NO_CANDIDATE_ALL_EXCLUDED:primary,none,30,0,0,0,30,0,,0
toyota-toyota-harrier,Toyota Harrier,TOYOTA,settled,SUV,C-segment,261,20,64,2021-01,2026-09,68,1,,,,false,false,PROPOSE,PROPOSE_SERIES_STRONG_CAPPED,PROPOSED,EQUIVALENT,toyota.harrier,BRND_EXACT:supporting;NAME_EQUAL:supporting;SER_STRONG:supporting;PROPOSE_SERIES_STRONG_CAPPED:primary;SER_VOLUME_BELOW_AUTO_MIN:blocking;SER_MISSING_ROW_SEMANTICS_UNCONFIRMED:blocking;GEN_LIFECYCLE_PARTIAL:blocking;BRND_PREFIX_STRIPPED:info;SER_COVERAGE_ASYMMETRIC:info;SER_UNOBSERVED_NOT_ZERO:info,crosswalk_review,30,1,1,,30,9,toyota.harrier,1
toyota-toyota-kdh222r-lemdyt,Toyota KDH222R-LEMDYT,TOYOTA,settled,Van,รถตู้เชิงพาณิชย์,40,6,9,2021-02,2026-09,29,40,,,,false,false,NO_CANDIDATE,NO_CANDIDATE_ALL_EXCLUDED,NONE,,,NAME_CONTRADICTION:info;NO_CANDIDATE_ALL_EXCLUDED:primary,none,30,0,0,0,30,0,,0
toyota-toyota-kdh223r-lemdyt,Toyota KDH223R-LEMDYT,TOYOTA,settled,Van,รถตู้เชิงพาณิชย์,92,5,10,2021-02,2026-07,42,27,,,,false,false,NO_CANDIDATE,NO_CANDIDATE_ALL_EXCLUDED,NONE,,,NAME_CONTRADICTION:info;SER_MISSING_ROW_SEMANTICS_UNCONFIRMED:blocking;SER_CORRELATION_BELOW_STRONG:blocking;SER_RATIO_OUT_OF_BAND:blocking;GEN_LIFECYCLE_DISJOINT:info;NO_CANDIDATE_ALL_EXCLUDED:primary,none,30,0,0,0,30,0,,0
toyota-toyota-kun51r-nkpsyt,Toyota KUN51R-NKPSYT,TOYOTA,settled,PPV,PPV (SUV โครงบันได),9,1,1,2021-01,2026-04,8,61,,,,false,false,NO_CANDIDATE,NO_CANDIDATE_ALL_EXCLUDED,NONE,,,NAME_CONTRADICTION:info;GEN_LIFECYCLE_DISJOINT:info;NO_CANDIDATE_ALL_EXCLUDED:primary,none,30,0,0,0,30,0,,0
toyota-toyota-noah,Toyota Noah,TOYOTA,settled,MPV,MPV,183,21,79,2022-06,2026-08,40,29,,,,false,false,PROPOSE,PROPOSE_SERIES_STRONG_CAPPED,PROPOSED,EQUIVALENT,toyota.noah,BRND_EXACT:supporting;NAME_EQUAL:supporting;SER_STRONG:supporting;PROPOSE_SERIES_STRONG_CAPPED:primary;SER_VOLUME_BELOW_AUTO_MIN:blocking;SER_MISSING_ROW_SEMANTICS_UNCONFIRMED:blocking;BRND_PREFIX_STRIPPED:info;SER_COVERAGE_ASYMMETRIC:info;SER_UNOBSERVED_NOT_ZERO:info,crosswalk_review,30,1,1,,30,3,toyota.noah,1
toyota-toyota-prius,Toyota Prius,TOYOTA,settled,Hatchback,C-segment,9,4,6,2021-06,2026-07,8,61,,,,false,false,PROPOSE,PROPOSE_NAME_MATCH_SERIES_NOT_STRONG,PROPOSED,EQUIVALENT,toyota.prius,BRND_EXACT:supporting;NAME_EQUAL:supporting;PROPOSE_NAME_MATCH_SERIES_NOT_STRONG:primary;NAME_ONLY_NOT_AUTO:blocking;SER_MISSING_ROW_SEMANTICS_UNCONFIRMED:blocking;SER_OVERLAP_BELOW_PROPOSE_MIN:info;BRND_PREFIX_STRIPPED:info;SER_COVERAGE_ASYMMETRIC:info;SER_UNOBSERVED_NOT_ZERO:info,crosswalk_review,30,1,1,1,30,4,toyota.prius,1
toyota-toyota-roomy,Toyota Roomy,TOYOTA,settled,MPV,Mini MPV,2,2,2,2025-10,2026-03,2,67,,,,false,false,NO_CANDIDATE,NO_CANDIDATE_ALL_EXCLUDED,NONE,,,NAME_CONTRADICTION:info;NO_CANDIDATE_ALL_EXCLUDED:primary,none,30,0,0,0,30,3,toyota.camry,1
toyota-toyota-sienta,Toyota Sienta,TOYOTA,settled,MPV,Mini MPV,2645,6,13,2021-01,2026-08,51,18,,,,false,false,NO_CANDIDATE,NO_CANDIDATE_ALL_EXCLUDED,NONE,,,NAME_CONTRADICTION:info;GEN_LIFECYCLE_DISJOINT:info;SER_MISSING_ROW_SEMANTICS_UNCONFIRMED:blocking;SER_CORRELATION_BELOW_STRONG:blocking;SER_RATIO_OUT_OF_BAND:blocking;NO_CANDIDATE_ALL_EXCLUDED:primary;DISCOVERY_CATALOG_GAP:info,discovery,30,0,0,0,30,2,toyota.hiace,1
toyota-toyota-tr,Toyota TR,TOYOTA,settled,PPV,PPV (SUV โครงบันได),250,7,48,2021-01,2026-04,58,11,,,,false,false,NO_CANDIDATE,NO_CANDIDATE_ALL_EXCLUDED,NONE,,,NAME_CONTRADICTION:info;SER_MISSING_ROW_SEMANTICS_UNCONFIRMED:blocking;SER_CORRELATION_BELOW_STRONG:blocking;SER_RATIO_OUT_OF_BAND:blocking;GEN_LIFECYCLE_DISJOINT:info;NO_CANDIDATE_ALL_EXCLUDED:primary,none,30,0,0,0,30,1,toyota.commuter,1
toyota-vellfire,Vellfire,TOYOTA,settled,MPV,Full Size MPV,4266,1752,2976,2021-01,2026-09,69,0,,,,false,false,AUTO,AUTO_ALL_GATES_PASSED,AUTO,EQUIVALENT,toyota.vellfire,BRND_EXACT:supporting;NAME_EQUAL:supporting;SER_STRONG:supporting;AUTO_ALL_GATES_PASSED:primary;SER_COVERAGE_ASYMMETRIC:info,none,30,1,1,,30,3,toyota.vellfire,1
toyota-veloz,Veloz,TOYOTA,settled,MPV,Mini MPV,32347,3914,7900,2022-03,2026-09,55,14,,,,false,false,AUTO,AUTO_ALL_GATES_PASSED,AUTO,EQUIVALENT,toyota.veloz,BRND_EXACT:supporting;NAME_EQUAL:supporting;SER_STRONG:supporting;AUTO_ALL_GATES_PASSED:primary;SER_COVERAGE_ASYMMETRIC:info;SER_UNOBSERVED_NOT_ZERO:info,none,30,1,1,,30,4,toyota.veloz,1
toyota-vios,Vios,TOYOTA,settled,Sedan,B-segment,6647,8,35,2021-01,2026-05,45,24,,,,false,false,NO_CANDIDATE,NO_CANDIDATE_ALL_EXCLUDED,NONE,,,NAME_CONTRADICTION:info;GEN_LIFECYCLE_DISJOINT:info;SER_MISSING_ROW_SEMANTICS_UNCONFIRMED:blocking;SER_CORRELATION_BELOW_STRONG:blocking;SER_RATIO_OUT_OF_BAND:blocking;NO_CANDIDATE_ALL_EXCLUDED:primary;DISCOVERY_CATALOG_GAP:info,discovery,30,0,0,0,30,5,toyota.yaris,1
toyota-vitz-grmn__provisional,VITZ GRMN,TOYOTA,provisional,,ไม่ระบุ,1,0,0,2021-11,2021-11,1,68,,,,false,false,NO_CANDIDATE,NO_CANDIDATE_ALL_EXCLUDED,NONE,,,NAME_CONTRADICTION:info;GEN_LIFECYCLE_DISJOINT:info;NO_CANDIDATE_ALL_EXCLUDED:primary;SUBJ_PROVISIONAL:info,none,30,0,0,0,30,1,toyota.vellfire,1
toyota-voxy,Voxy,TOYOTA,settled,MPV,MPV,651,66,251,2021-02,2026-09,59,10,,,,false,false,AUTO,AUTO_ALL_GATES_PASSED,AUTO,EQUIVALENT,toyota.voxy,BRND_EXACT:supporting;NAME_EQUAL:supporting;SER_STRONG:supporting;AUTO_ALL_GATES_PASSED:primary;SER_COVERAGE_ASYMMETRIC:info;SER_UNOBSERVED_NOT_ZERO:info,none,30,1,1,,30,2,toyota.voxy,1
toyota-yaris,Yaris,TOYOTA,settled,Hatchback,B-segment,89839,4366,10489,2021-01,2026-09,69,0,,,,false,false,PROPOSE,PROPOSE_SERIES_STRONG_CAPPED,PROPOSED,EQUIVALENT,toyota.yaris,BRND_EXACT:supporting;NAME_EQUAL:supporting;SER_STRONG:supporting;PROPOSE_SERIES_STRONG_CAPPED:primary;GEN_LIFECYCLE_PARTIAL:blocking;SER_COVERAGE_ASYMMETRIC:info,crosswalk_review,30,1,1,,30,7,toyota.yaris,1
toyota-yaris-ativ,Yaris Ativ,TOYOTA,settled,Sedan,B-segment,257146,65596,115077,2021-01,2026-09,69,0,,,,false,false,AUTO,AUTO_ALL_GATES_PASSED,AUTO,EQUIVALENT,toyota.yaris_ativ,BRND_EXACT:supporting;NAME_EQUAL:supporting;SER_STRONG:supporting;AUTO_ALL_GATES_PASSED:primary;SER_COVERAGE_ASYMMETRIC:info,none,30,1,1,,30,7,toyota.yaris_ativ,1
toyota-yaris-cross,Yaris Cross,TOYOTA,settled,SUV,B-segment,99875,35141,69286,2023-10,2026-09,36,33,,,,false,false,AUTO,AUTO_ALL_GATES_PASSED,AUTO,EQUIVALENT,toyota.yaris_cross,BRND_EXACT:supporting;NAME_EQUAL:supporting;SER_STRONG:supporting;AUTO_ALL_GATES_PASSED:primary;SER_COVERAGE_ASYMMETRIC:info;SER_UNOBSERVED_NOT_ZERO:info,none,30,1,1,,30,7,toyota.yaris_cross,1
ud-trucks-ud-trucks-cwe08n43r280css9,UD Trucks CWE08N43R280CSS9,UD TRUCKS,settled,Truck,รถบรรทุกกลาง-หนัก,12,7,11,2025-06,2026-09,6,63,,,,false,false,NO_CANDIDATE,NO_CANDIDATE_ALL_EXCLUDED,NONE,,,NAME_CONTRADICTION:info;NO_CANDIDATE_ALL_EXCLUDED:primary,none,1,0,0,0,1,0,,0
ud-trucks-ud-trucks-cwe08n43r350css9,UD Trucks CWE08N43R350CSS9,UD TRUCKS,settled,Truck,รถบรรทุกกลาง-หนัก,4,3,4,2025-01,2026-07,4,65,,,,false,false,NO_CANDIDATE,NO_CANDIDATE_ALL_EXCLUDED,NONE,,,NAME_CONTRADICTION:info;NO_CANDIDATE_ALL_EXCLUDED:primary,none,1,0,0,0,1,0,,0
ud-trucks-ud-trucks-cwe11n43r410cssi,UD Trucks CWE11N43R410CSSI,UD TRUCKS,settled,Truck,รถบรรทุกกลาง-หนัก,4,2,4,2025-05,2026-06,4,65,,,,false,false,NO_CANDIDATE,NO_CANDIDATE_ALL_EXCLUDED,NONE,,,NAME_CONTRADICTION:info;NO_CANDIDATE_ALL_EXCLUDED:primary,none,1,0,0,0,1,0,,0
ud-trucks-ud-trucks-pke250celrm,UD Trucks PKE250CELRM,UD TRUCKS,settled,Truck,รถบรรทุกกลาง-หนัก,27,15,25,2024-09,2026-09,18,51,,,,false,false,NO_CANDIDATE,NO_CANDIDATE_ALL_EXCLUDED,NONE,,,NAME_CONTRADICTION:info;NO_CANDIDATE_ALL_EXCLUDED:primary,none,1,0,0,0,1,0,,0
ud-trucks-ud-trucks-pke250chlra,UD Trucks PKE250CHLRA,UD TRUCKS,settled,Truck,รถบรรทุกกลาง-หนัก,7,7,7,2025-09,2026-07,2,67,,,,false,false,NO_CANDIDATE,NO_CANDIDATE_ALL_EXCLUDED,NONE,,,NAME_CONTRADICTION:info;NO_CANDIDATE_ALL_EXCLUDED:primary,none,1,0,0,0,1,0,,0
ud-trucks-ud-trucks-pke250chlrm,UD Trucks PKE250CHLRM,UD TRUCKS,settled,Truck,รถบรรทุกกลาง-หนัก,29,11,29,2024-11,2026-07,12,57,,,,false,false,NO_CANDIDATE,NO_CANDIDATE_ALL_EXCLUDED,NONE,,,NAME_CONTRADICTION:info;NO_CANDIDATE_ALL_EXCLUDED:primary,none,1,0,0,0,1,0,,0
viauto-viauto-boma,Viauto Boma,VIAUTO,settled,Hatchback,A-segment,34,7,34,2025-02,2026-08,10,59,,,,false,false,NO_CANDIDATE,BRND_NOT_IN_TDR,NONE,,,BRND_NOT_IN_TDR:primary,none,0,0,0,,0,0,,0
volkswagen-beetle-14-tsi-dsg-coupe__provisional,BEETLE 1.4 TSI DSG COUPE,VOLKSWAGEN,provisional,,ไม่ระบุ,10,0,0,2021-01,2022-04,7,62,,,,false,false,NO_CANDIDATE,NO_CANDIDATE_ALL_EXCLUDED,NONE,,,NAME_CONTRADICTION:info;NO_CANDIDATE_ALL_EXCLUDED:primary;SUBJ_PROVISIONAL:info,none,1,0,0,0,1,0,,0
volkswagen-beetle-14-tsi__provisional,BEETLE 1.4 TSI,VOLKSWAGEN,provisional,,ไม่ระบุ,2,0,0,2021-02,2021-12,2,67,,,,false,false,NO_CANDIDATE,NO_CANDIDATE_ALL_EXCLUDED,NONE,,,NAME_CONTRADICTION:info;NO_CANDIDATE_ALL_EXCLUDED:primary;SUBJ_PROVISIONAL:info,none,1,0,0,0,1,0,,0
volkswagen-beetle-14l__provisional,BEETLE 1.4L,VOLKSWAGEN,provisional,,ไม่ระบุ,2,0,0,2021-04,2021-10,2,67,,,,false,false,NO_CANDIDATE,NO_CANDIDATE_ALL_EXCLUDED,NONE,,,NAME_CONTRADICTION:info;NO_CANDIDATE_ALL_EXCLUDED:primary;SUBJ_PROVISIONAL:info,none,1,0,0,0,1,0,,0
volkswagen-beetle-cabriolet-dsg__provisional,BEETLE CABRIOLET DSG,VOLKSWAGEN,provisional,,ไม่ระบุ,1,0,0,2022-02,2022-02,1,68,,,,false,false,NO_CANDIDATE,NO_CANDIDATE_ALL_EXCLUDED,NONE,,,NAME_CONTRADICTION:info;NO_CANDIDATE_ALL_EXCLUDED:primary;SUBJ_PROVISIONAL:info,none,1,0,0,0,1,0,,0
volkswagen-volkswagen-caddy,Volkswagen Caddy,VOLKSWAGEN,settled,MPV,MPV,3,3,3,2026-05,2026-07,2,67,,,,false,false,NO_CANDIDATE,NO_CANDIDATE_ALL_EXCLUDED,NONE,,,NAME_CONTRADICTION:info;NO_CANDIDATE_ALL_EXCLUDED:primary,none,1,0,0,0,1,0,,0
volkswagen-volkswagen-caravelle,Volkswagen Caravelle,VOLKSWAGEN,settled,MPV,Full Size MPV,685,33,89,2021-01,2026-07,65,4,,,,false,false,PROPOSE,PROPOSE_NAME_MATCH_SERIES_NOT_STRONG,PROPOSED,EQUIVALENT,volkswagen.caravelle,BRND_EXACT:supporting;NAME_EQUAL:supporting;PROPOSE_NAME_MATCH_SERIES_NOT_STRONG:primary;NAME_ONLY_NOT_AUTO:blocking;SER_MISSING_ROW_SEMANTICS_UNCONFIRMED:blocking;ATTR_BODY_MISMATCH:blocking;SER_CORRELATION_BELOW_STRONG:blocking;SER_RATIO_OUT_OF_BAND:blocking;BRND_PREFIX_STRIPPED:info;SER_COVERAGE_ASYMMETRIC:info;SER_UNOBSERVED_NOT_ZERO:info;SER_VOLUME_BELOW_AUTO_MIN:blocking,crosswalk_review,1,1,1,1,1,1,volkswagen.caravelle,1
volkswagen-volkswagen-golf,Volkswagen Golf,VOLKSWAGEN,settled,Wagon,C-segment,10,2,3,2021-03,2026-09,9,60,,,,false,false,NO_CANDIDATE,NO_CANDIDATE_ALL_EXCLUDED,NONE,,,NAME_CONTRADICTION:info;NO_CANDIDATE_ALL_EXCLUDED:primary,none,1,0,0,0,1,0,,0
volkswagen-volkswagen-multivan,Volkswagen Multivan,VOLKSWAGEN,settled,MPV,Full Size MPV,6,1,1,2021-08,2026-01,6,63,,,,false,false,NO_CANDIDATE,NO_CANDIDATE_ALL_EXCLUDED,NONE,,,NAME_CONTRADICTION:info;NO_CANDIDATE_ALL_EXCLUDED:primary,none,1,0,0,0,1,0,,0
volkswagen-volkswagen-t-roc,Volkswagen T-ROC,VOLKSWAGEN,settled,SUV,B-segment,2,2,2,2026-02,2026-05,2,67,,,,false,false,NO_CANDIDATE,NO_CANDIDATE_ALL_EXCLUDED,NONE,,,NAME_CONTRADICTION:info;NO_CANDIDATE_ALL_EXCLUDED:primary,none,1,0,0,0,1,0,,0
volkswagen-volkswagen-touareg,Volkswagen Touareg,VOLKSWAGEN,settled,SUV,D-segment,2,1,1,2022-11,2026-05,2,67,,,,false,false,NO_CANDIDATE,NO_CANDIDATE_ALL_EXCLUDED,NONE,,,NAME_CONTRADICTION:info;NO_CANDIDATE_ALL_EXCLUDED:primary,none,1,0,0,0,1,1,volkswagen.caravelle,1
volkswagen-vw-idbuzz,VW ID.Buzz,VOLKSWAGEN,settled,MPV,Full Size MPV,51,11,21,2024-02,2026-09,18,51,,,,false,false,NO_CANDIDATE,NO_CANDIDATE_ALL_EXCLUDED,NONE,,,NAME_CONTRADICTION:info;NO_CANDIDATE_ALL_EXCLUDED:primary,none,1,0,0,0,1,0,,0
volkswagen-vw-t-cross,VW T-Cross,VOLKSWAGEN,settled,SUV,B-segment,1,1,1,2026-05,2026-05,1,68,,,,false,false,NO_CANDIDATE,NO_CANDIDATE_ALL_EXCLUDED,NONE,,,NAME_CONTRADICTION:info;NO_CANDIDATE_ALL_EXCLUDED:primary,none,1,0,0,0,1,0,,0
volkswagen-vw-tiguan,VW Tiguan,VOLKSWAGEN,settled,SUV,B-segment,2,2,2,2025-10,2025-10,1,68,,,,false,false,NO_CANDIDATE,NO_CANDIDATE_ALL_EXCLUDED,NONE,,,NAME_CONTRADICTION:info;NO_CANDIDATE_ALL_EXCLUDED:primary,none,1,0,0,0,1,0,,0
volt-volt-volt,VOLT Volt,VOLT,settled,Hatchback,A-segment,484,11,30,2023-06,2026-06,33,36,,,,false,false,NO_CANDIDATE,NO_CANDIDATE_ALL_EXCLUDED,NONE,,,NAME_CONTRADICTION:info;SER_MISSING_ROW_SEMANTICS_UNCONFIRMED:blocking;SER_CORRELATION_BELOW_STRONG:blocking;SER_RATIO_OUT_OF_BAND:blocking;NO_CANDIDATE_ALL_EXCLUDED:primary,none,2,0,1,,2,2,volt.volt_for_four,1
volvo-volvo-264gl,Volvo 264GL,VOLVO,settled,Sedan,C-segment,4,2,4,2025-06,2026-03,2,67,,,,false,false,NO_CANDIDATE,NO_CANDIDATE_ALL_EXCLUDED,NONE,,,NAME_CONTRADICTION:info;NO_CANDIDATE_ALL_EXCLUDED:primary,none,10,0,0,0,10,0,,0
volvo-volvo-264gle,Volvo 264GLE,VOLVO,settled,Sedan,C-segment,2,1,2,2025-06,2026-05,2,67,,,,false,false,NO_CANDIDATE,NO_CANDIDATE_ALL_EXCLUDED,NONE,,,NAME_CONTRADICTION:info;NO_CANDIDATE_ALL_EXCLUDED:primary,none,10,0,0,0,10,0,,0
volvo-volvo-ec40-c40,Volvo EC40 (C40),VOLVO,settled,Coupe SUV,B-segment,2572,388,1027,2022-11,2026-09,47,22,,,,false,false,NO_CANDIDATE,NO_CANDIDATE_ALL_EXCLUDED,NONE,,,SER_CORRELATION_BELOW_STRONG:blocking;SER_RATIO_OUT_OF_BAND:blocking;NAME_CONTRADICTION:info;SER_MISSING_ROW_SEMANTICS_UNCONFIRMED:blocking;NO_CANDIDATE_ALL_EXCLUDED:primary;DISCOVERY_CATALOG_GAP:info,discovery,10,0,0,0,10,3,volvo.xc40,1
volvo-volvo-es90,Volvo ES90,VOLVO,settled,Sedan,E-segment,145,128,128,2026-03,2026-09,7,62,,,,false,false,NO_CANDIDATE,NO_CANDIDATE_ALL_EXCLUDED,NONE,,,NAME_CONTRADICTION:info;SER_MISSING_ROW_SEMANTICS_UNCONFIRMED:blocking;SER_CORRELATION_BELOW_STRONG:blocking;SER_RATIO_OUT_OF_BAND:blocking;NO_CANDIDATE_ALL_EXCLUDED:primary,none,10,0,1,0,10,7,volvo.ec40,1
volvo-volvo-ex30,Volvo EX30,VOLVO,settled,SUV,B-segment,1689,466,1331,2024-05,2026-09,29,40,,,,false,false,AUTO,AUTO_ALL_GATES_PASSED,AUTO,EQUIVALENT,volvo.ex30,BRND_EXACT:supporting;NAME_EQUAL:supporting;SER_STRONG:supporting;AUTO_ALL_GATES_PASSED:primary;BRND_PREFIX_STRIPPED:info;SER_COVERAGE_ASYMMETRIC:info;SER_UNOBSERVED_NOT_ZERO:info,none,10,1,1,,10,7,volvo.ex30,1
volvo-volvo-ex90,Volvo EX90,VOLVO,settled,SUV,D-segment,88,59,83,2025-04,2026-09,18,51,,,,false,false,PROPOSE,PROPOSE_SERIES_STRONG_CAPPED,PROPOSED,EQUIVALENT,volvo.ex90,BRND_EXACT:supporting;NAME_EQUAL:supporting;SER_STRONG:supporting;PROPOSE_SERIES_STRONG_CAPPED:primary;SER_VOLUME_BELOW_AUTO_MIN:blocking;SER_MISSING_ROW_SEMANTICS_UNCONFIRMED:blocking;BRND_PREFIX_STRIPPED:info;SER_COVERAGE_ASYMMETRIC:info;SER_UNOBSERVED_NOT_ZERO:info,crosswalk_review,10,1,1,,10,8,volvo.ex90,1
volvo-volvo-fm1364r52420clsi,Volvo FM1364R52420CLSI,VOLVO,settled,Truck,รถบรรทุกกลาง-หนัก,3,1,2,2021-09,2026-02,3,66,,,,false,false,NO_CANDIDATE,NO_CANDIDATE_ALL_EXCLUDED,NONE,,,NAME_CONTRADICTION:info;NO_CANDIDATE_ALL_EXCLUDED:primary,none,10,0,0,0,10,0,,0
volvo-volvo-s60,Volvo S60,VOLVO,settled,Sedan,D-segment,765,32,129,2021-01,2026-08,67,2,,,,false,false,PROPOSE,PROPOSE_SERIES_STRONG_CAPPED,PROPOSED,EQUIVALENT,volvo.s60,BRND_EXACT:supporting;NAME_EQUAL:supporting;SER_STRONG:supporting;PROPOSE_SERIES_STRONG_CAPPED:primary;SER_MISSING_ROW_SEMANTICS_UNCONFIRMED:blocking;GEN_LIFECYCLE_PARTIAL:blocking;BRND_PREFIX_STRIPPED:info;SER_COVERAGE_ASYMMETRIC:info;SER_UNOBSERVED_NOT_ZERO:info,crosswalk_review,10,1,1,,10,4,volvo.s60,1
volvo-volvo-s90,Volvo S90,VOLVO,settled,Sedan,D-segment,486,49,113,2021-01,2026-09,68,1,,,,false,false,PROPOSE,PROPOSE_SERIES_STRONG_CAPPED,PROPOSED,EQUIVALENT,volvo.s90,BRND_EXACT:supporting;NAME_EQUAL:supporting;SER_STRONG:supporting;PROPOSE_SERIES_STRONG_CAPPED:primary;SER_VOLUME_BELOW_AUTO_MIN:blocking;SER_MISSING_ROW_SEMANTICS_UNCONFIRMED:blocking;GEN_LIFECYCLE_PARTIAL:blocking;BRND_PREFIX_STRIPPED:info;SER_COVERAGE_ASYMMETRIC:info;SER_UNOBSERVED_NOT_ZERO:info,crosswalk_review,10,1,1,,10,4,volvo.s90,1
volvo-volvo-v60,Volvo V60,VOLVO,settled,Wagon,D-segment,1161,45,210,2021-01,2026-07,67,2,,,,false,false,PROPOSE,PROPOSE_SERIES_STRONG_CAPPED,PROPOSED,EQUIVALENT,volvo.v60,BRND_EXACT:supporting;NAME_EQUAL:supporting;SER_STRONG:supporting;PROPOSE_SERIES_STRONG_CAPPED:primary;SER_MISSING_ROW_SEMANTICS_UNCONFIRMED:blocking;GEN_LIFECYCLE_PARTIAL:blocking;BRND_PREFIX_STRIPPED:info;SER_COVERAGE_ASYMMETRIC:info;SER_UNOBSERVED_NOT_ZERO:info,crosswalk_review,10,1,1,,10,3,volvo.v60,1
volvo-volvo-xc40ex40,Volvo XC40/EX40,VOLVO,settled,SUV,B-segment,5426,556,1281,2021-01,2026-09,69,0,,,,false,false,INSUFFICIENT_DATA,INSUFFICIENT_DATA_NO_BASIS,NONE,,,SER_CORRELATION_BELOW_STRONG:blocking;SER_RATIO_OUT_OF_BAND:blocking;INSUFFICIENT_DATA_NO_BASIS:primary;BRND_PREFIX_STRIPPED:info;SER_COVERAGE_ASYMMETRIC:info;SER_UNOBSERVED_NOT_ZERO:info,none,10,0,0,0,10,7,volvo.ex40,1
volvo-volvo-xc60,Volvo XC60,VOLVO,settled,SUV,D-segment,2432,222,475,2021-01,2026-09,69,0,,,,false,false,AUTO,AUTO_ALL_GATES_PASSED,AUTO,EQUIVALENT,volvo.xc60,BRND_EXACT:supporting;NAME_EQUAL:supporting;SER_STRONG:supporting;AUTO_ALL_GATES_PASSED:primary;BRND_PREFIX_STRIPPED:info;SER_COVERAGE_ASYMMETRIC:info,none,10,1,1,,10,9,volvo.xc60,1
volvo-volvo-xc90,Volvo XC90,VOLVO,settled,SUV,D-segment,993,102,249,2021-01,2026-09,69,0,,,,false,false,AUTO,AUTO_ALL_GATES_PASSED,AUTO,EQUIVALENT,volvo.xc90,BRND_EXACT:supporting;NAME_EQUAL:supporting;SER_STRONG:supporting;AUTO_ALL_GATES_PASSED:primary;BRND_PREFIX_STRIPPED:info;SER_COVERAGE_ASYMMETRIC:info,none,10,1,1,,10,8,volvo.xc90,1
wuling-air-ev-aira-ev,Air ev / Aira ev,WULING,settled,Hatchback,A-segment,1177,124,230,2023-10,2026-09,36,33,,,,false,false,PROPOSE,PROPOSE_SERIES_STRONG_CAPPED,PROPOSED,EQUIVALENT,wuling.wuling_air_ev,BRND_EXACT:supporting;SER_STRONG:supporting;PROPOSE_SERIES_STRONG_CAPPED:primary;NAME_CONTAINMENT_SUBJECT_FINER:blocking;BRND_PREFIX_STRIPPED:info;SER_COVERAGE_ASYMMETRIC:info;SER_UNOBSERVED_NOT_ZERO:info,crosswalk_review,4,1,1,,4,3,wuling.wuling_air_ev,1
wuling-binguo,Binguo,WULING,settled,Hatchback,B-segment,1285,685,1278,2024-09,2026-09,25,44,,,,false,false,NO_CANDIDATE,NO_CANDIDATE_ALL_EXCLUDED,NONE,,,NAME_CONTRADICTION:info;SER_CORRELATION_BELOW_STRONG:blocking;SER_RATIO_OUT_OF_BAND:blocking;NO_CANDIDATE_ALL_EXCLUDED:primary;DISCOVERY_CATALOG_GAP:info,discovery,4,0,1,,4,1,wuling.wuling_bingo,1
wuling-darion,Darion,WULING,settled,SUV,C-segment,1568,1054,1054,2026-07,2026-09,3,66,,,,false,false,INSUFFICIENT_DATA,INSUFFICIENT_DATA_NO_BASIS,NONE,,,SER_MISSING_ROW_SEMANTICS_UNCONFIRMED:blocking;SER_OVERLAP_BELOW_PROPOSE_MIN:info;INSUFFICIENT_DATA_NO_BASIS:primary;BRND_PREFIX_STRIPPED:info;SER_COVERAGE_ASYMMETRIC:info;SER_UNOBSERVED_NOT_ZERO:info,none,4,0,1,1,4,2,wuling.wuling_darion,1
wuling-e10,Wuling E10,WULING,settled,Truck,รถบรรทุกเบา,50,0,50,2025-08,2025-08,1,68,NEW_RENAME,RENAME:WULING|E10>wuling-e10 100%,NOOP:LIN_ALREADY_APPLIED,false,true,NO_CANDIDATE,NO_CANDIDATE_ALL_EXCLUDED,NONE,,,NAME_CONTRADICTION:info;GEN_LIFECYCLE_DISJOINT:info;NO_CANDIDATE_ALL_EXCLUDED:primary,none,4,0,0,0,4,0,,0
wuling-wuling-porta-ev,Wuling Porta EV,WULING,settled,Van,รถตู้เชิงพาณิชย์,184,79,79,2026-07,2026-09,3,66,,,,false,false,PROPOSE,PROPOSE_NAME_MATCH_SERIES_NOT_STRONG,PROPOSED,EQUIVALENT,wuling.wuling_porta,BRND_EXACT:supporting;NAME_EQUAL:supporting;PROPOSE_NAME_MATCH_SERIES_NOT_STRONG:primary;NAME_ONLY_NOT_AUTO:blocking;SER_MISSING_ROW_SEMANTICS_UNCONFIRMED:blocking;SER_OVERLAP_BELOW_PROPOSE_MIN:info;BRND_PREFIX_STRIPPED:info;SER_COVERAGE_ASYMMETRIC:info;SER_UNOBSERVED_NOT_ZERO:info,crosswalk_review,4,1,1,1,4,3,wuling.wuling_darion,1
xev-xev-yoyo,XEV Yoyo,XEV,settled,Hatchback,A-segment,12,5,11,2024-08,2026-02,8,61,,,,false,false,NO_CANDIDATE,BRND_NOT_IN_TDR,NONE,,,BRND_NOT_IN_TDR:primary,none,0,0,0,,0,0,,0
xpeng-xpeng-g6,Xpeng G6,XPENG,settled,SUV,D-segment,4679,3213,4361,2024-09,2026-09,25,44,,,,false,false,AUTO,AUTO_ALL_GATES_PASSED,AUTO,EQUIVALENT,xpeng.xpeng_g6,BRND_EXACT:supporting;NAME_EQUAL:supporting;SER_STRONG:supporting;AUTO_ALL_GATES_PASSED:primary;BRND_PREFIX_STRIPPED:info;SER_COVERAGE_ASYMMETRIC:info;SER_UNOBSERVED_NOT_ZERO:info,none,2,1,1,,2,1,xpeng.xpeng_g6,1
xpeng-xpeng-x9,Xpeng X9,XPENG,settled,MPV,Full Size MPV,3266,2285,3002,2025-04,2026-09,18,51,,,,false,false,PROPOSE,PROPOSE_SERIES_STRONG_CAPPED,PROPOSED,EQUIVALENT,xpeng.xpeng_x9,BRND_EXACT:supporting;NAME_EQUAL:supporting;SER_STRONG:supporting;PROPOSE_SERIES_STRONG_CAPPED:primary;SER_MISSING_ROW_SEMANTICS_UNCONFIRMED:blocking;BRND_PREFIX_STRIPPED:info;SER_COVERAGE_ASYMMETRIC:info;SER_UNOBSERVED_NOT_ZERO:info,crosswalk_review,2,1,1,,2,1,xpeng.xpeng_x9,1
yuchai-yuchai-nz5162gss,Yuchai NZ5162GSS,YUCHAI,settled,Truck,รถบรรทุกกลาง-หนัก,21,6,21,2024-12,2026-06,13,56,,,,false,false,NO_CANDIDATE,BRND_NOT_IN_TDR,NONE,,,BRND_NOT_IN_TDR:primary,none,0,0,0,,0,0,,0
zeekr-zeekr-009,Zeekr 009,ZEEKR,settled,MPV,Full Size MPV,3959,2403,3763,2024-12,2026-09,22,47,,,,false,false,PROPOSE,PROPOSE_SERIES_STRONG_CAPPED,PROPOSED,EQUIVALENT,zeekr.zeekr_009,BRND_EXACT:supporting;NAME_EQUAL:supporting;SER_STRONG:supporting;PROPOSE_SERIES_STRONG_CAPPED:primary;SER_MISSING_ROW_SEMANTICS_UNCONFIRMED:blocking;BRND_PREFIX_STRIPPED:info;SER_COVERAGE_ASYMMETRIC:info;SER_UNOBSERVED_NOT_ZERO:info,crosswalk_review,2,1,1,,2,1,zeekr.zeekr_009,1
zeekr-zeekr-7x,Zeekr 7X,ZEEKR,settled,SUV,D-segment,2892,2643,2643,2025-09,2026-09,13,56,,,,false,false,NO_CANDIDATE,NO_CANDIDATE_ALL_EXCLUDED,NONE,,,NAME_CONTRADICTION:info;SER_MISSING_ROW_SEMANTICS_UNCONFIRMED:blocking;SER_CORRELATION_BELOW_STRONG:blocking;SER_RATIO_OUT_OF_BAND:blocking;NO_CANDIDATE_ALL_EXCLUDED:primary;DISCOVERY_CATALOG_GAP:info,discovery,2,0,0,0,2,1,zeekr.zeekr_x,1
zeekr-zeekr-x,Zeekr X,ZEEKR,settled,SUV,C-segment,1425,733,1229,2024-09,2026-09,25,44,,,,false,false,AUTO,AUTO_ALL_GATES_PASSED,AUTO,EQUIVALENT,zeekr.zeekr_x,BRND_EXACT:supporting;NAME_EQUAL:supporting;SER_STRONG:supporting;AUTO_ALL_GATES_PASSED:primary;BRND_MISMATCH:info;BRND_PREFIX_STRIPPED:info;SER_COVERAGE_ASYMMETRIC:info;SER_UNOBSERVED_NOT_ZERO:info,none,2,1,1,,2,1,zeekr.zeekr_x,1
zxauto-zxauto-firebright,Zxauto Firebright,ZXAUTO,settled,Pickup,กระบะ Cab/Space Cab 2 ประตู,15,15,15,2025-12,2026-08,5,64,,,,false,false,NO_CANDIDATE,BRND_NOT_IN_TDR,NONE,,,BRND_NOT_IN_TDR:primary,none,0,0,0,,0,0,,0
