review_rank,review_tier,review_tier_label,review_tiers_matched,suspicious_cases,cumulative_unique_group_units_share,question,model_group_id,ice_model_name,ice_brand,ice_identity_status,ice_body,candidate_canonical_model_id,tdr_model_name,tdr_brand,tdr_status,tdr_body_type,candidate_origin,legacy_r6_status,legacy_r6_match_method,legacy_r6_row_id,legacy_correlation,legacy_ratio,legacy_name_score,legacy_window_first,legacy_window_last,legacy_window_months,legacy_window_tdr_zero_filled_months,legacy_window_tdr_zero_filled_list,v1_link_candidate,v1_brand_relation,v1_name_relation,v1_name_score,v1_series_state,v1_series_unavailable_reason,v1_correlation,v1_ratio,v1_monthly_fit_share,v1_common_months,v1_joint_nonzero_months,v1_subject_units,v1_target_units,v1_window_first,v1_window_last,v1_semantics_gap_months,v1_codes_supporting,v1_codes_blocking,v1_codes_excluded,v1_codes_info,v1_group_outcome,v1_group_primary_code,v1_group_targets,v1_group_link_type,series_material_change,series_material_change_why,outcome_changed_vs_legacy,lineage_roles,lineage_events,lineage_ops,ice_lifetime_units,ice_units_last12m,ice_units_last24m,ice_first_month,ice_last_month,tdr_lifetime_units,tdr_units_last12m,tdr_units_last24m,legacy_groups_claiming_this_target,v1_groups_claiming_this_target,other_candidates,owner_verdict,owner_link_type,owner_canonical_model_id,owner_notes
1,1,legacy AUTO row,1,,0.0109,"Is Ice 'Dolphin' (BYD, byd-dolphin) the same vehicle as TDR 'Dolphin' (byd.dolphin)? Verdict applies to the candidate shown on this row.",byd-dolphin,Dolphin,BYD,settled,Hatchback,byd.dolphin,Dolphin,BYD,CURRENT,HATCHBACK,LEGACY_CANDIDATE;LEGACY_STORED;V1_POOL;V1_PRIMARY,AUTO,SERIES,18,0.9976940178516056,0.984793283700301,1.0,2024-10,2026-09,24,1,2026-09,EQUIVALENT,EXACT,EQUAL,1.0,STRONG,,1.0,1.0,1.0,24,24,25216.0,25216.0,2024-09,2026-08,0,BRND_EXACT;NAME_EQUAL;SER_STRONG,,,,AUTO,AUTO_ALL_GATES_PASSED,byd.dolphin,EQUIVALENT,false,,false,,,,45283,12791,25216,2023-02,2026-09,44899,12791,25216,byd-dolphin,byd-dolphin,"byd.seagull (SUBJECT_COARSER, UNAVAILABLE) | byd.sealion7 (CONTRADICTION, WEAK, corr 0.557 ratio 0.498)",,,,
2,1,legacy AUTO row,1;6,,0.0217,"Is Ice 'Atto 3' (BYD, byd-atto-3) the same vehicle as TDR 'Atto 3' (byd.atto3)? Verdict applies to the candidate shown on this row.",byd-atto-3,Atto 3,BYD,settled,SUV,byd.atto3,Atto 3,BYD,CURRENT,CROSSOVER,LEGACY_CANDIDATE;LEGACY_STORED;V1_POOL;V1_PRIMARY,AUTO,SERIES,19,0.990190142478061,0.9679167807281687,1.0,2024-10,2026-09,24,1,2026-09,EQUIVALENT,EXACT,EQUAL,1.0,STRONG,,1.0,0.999784,1.0,24,24,18558.0,18554.0,2024-09,2026-08,0,BRND_EXACT;NAME_EQUAL;SER_STRONG,,,,AUTO,AUTO_ALL_GATES_PASSED,byd.atto3,EQUIVALENT,false,,false,,,,44588,11622,18558,2022-11,2026-09,44001,11618,18554,byd-atto-3,byd-atto-3,"byd.atto1 (SIBLING, UNAVAILABLE) | byd.atto2 (SIBLING, UNAVAILABLE) | byd.byd_t3 (CONTRADICTION, WEAK, corr 0.333 ratio 0.031)",,,,
3,1,legacy AUTO row,1;4,,0.0244,"Is Ice 'Sealion 7' (BYD, byd-sealion-7) the same vehicle as TDR 'Sealion 7' (byd.sealion7)? Verdict applies to the candidate shown on this row.",byd-sealion-7,Sealion 7,BYD,settled,SUV,byd.sealion7,Sealion 7,BYD,CURRENT,CROSSOVER,LEGACY_CANDIDATE;LEGACY_STORED;V1_POOL;V1_PRIMARY,AUTO,SERIES,60,0.9986008124019784,0.9893139367816092,1.0,2025-01,2026-09,21,1,2026-09,EQUIVALENT,EXACT,EQUAL,1.0,STRONG,,1.0,1.0,1.0,20,20,11017.0,11017.0,2025-01,2026-08,4,BRND_EXACT;NAME_EQUAL;SER_STRONG,SER_MISSING_ROW_SEMANTICS_UNCONFIRMED,,,PROPOSE,PROPOSE_SERIES_STRONG_CAPPED,byd.sealion7,EQUIVALENT,false,,true,,,,11136,3926,11017,2025-01,2026-09,11017,3926,11017,byd-sealion-7,byd-sealion-7,"byd.sealion5 (SIBLING, UNAVAILABLE) | byd.sealion6 (SIBLING, WEAK, corr 0.585 ratio 1.319) | byd.seal (CONTRADICTION, WEAK, corr 0.598 ratio 0.244)",,,,
4,1,legacy AUTO row,1,,0.0259,"Is Ice 'Lumin' (CHANGAN, changan-lumin) the same vehicle as TDR 'Changan Lumin' (changan.changan_lumin)? Verdict applies to the candidate shown on this row.",changan-lumin,Lumin,CHANGAN,settled,Hatchback,changan.changan_lumin,Changan Lumin,Changan,CURRENT,HATCHBACK,LEGACY_CANDIDATE;LEGACY_STORED;V1_POOL;V1_PRIMARY,AUTO,SERIES,76,0.9870446298155368,0.9731608730800323,1.0,2024-10,2026-09,24,1,2026-09,EQUIVALENT,EXACT,EQUAL,1.0,STRONG,,1.0,1.0,1.0,24,24,6043.0,6043.0,2024-09,2026-08,0,BRND_EXACT;NAME_EQUAL;SER_STRONG,,,,AUTO,AUTO_ALL_GATES_PASSED,changan.changan_lumin,EQUIVALENT,false,,false,,,,6272,3605,6043,2024-05,2026-09,6106,3605,6043,changan-lumin,changan-lumin,,,,,
5,1,legacy AUTO row,1,,0.0312,"Is Ice 'Neta V' (NETA, neta-neta-v) the same vehicle as TDR 'Neta V' (neta.neta_v)? Verdict applies to the candidate shown on this row.",neta-neta-v,Neta V,NETA,settled,SUV,neta.neta_v,Neta V,Neta,CURRENT,CROSSOVER,LEGACY_CANDIDATE;LEGACY_STORED;V1_POOL;V1_PRIMARY,AUTO,SERIES,37,0.9999641584657241,0.998234106962664,1.0,2024-10,2026-09,24,1,2026-09,EQUIVALENT,EXACT,EQUAL,1.0,STRONG,,1.0,1.0,1.0,24,24,4681.0,4681.0,2024-09,2026-08,0,BRND_EXACT;NAME_EQUAL;SER_STRONG,,,,AUTO,AUTO_ALL_GATES_PASSED,neta.neta_v,EQUIVALENT,false,,false,,,,22130,665,4681,2022-06,2026-09,22123,665,4681,neta-neta-v,neta-neta-v,,,,,
6,1,legacy AUTO row,1,,0.0388,"Is Ice 'Swift' (SUZUKI, suzuki-swift) the same vehicle as TDR 'Swift' (suzuki.swift)? Verdict applies to the candidate shown on this row.",suzuki-swift,Swift,SUZUKI,settled,Hatchback,suzuki.swift,Swift,Suzuki,CURRENT,HATCHBACK,LEGACY_CANDIDATE;LEGACY_STORED;V1_POOL;V1_PRIMARY,AUTO,SERIES,24,0.999183608813462,0.9955227221849116,1.0,2024-10,2026-09,24,1,2026-09,EQUIVALENT,EXACT,EQUAL,1.0,STRONG,,1.0,1.0,1.0,24,24,4623.0,4623.0,2024-09,2026-08,0,BRND_EXACT;NAME_EQUAL;SER_STRONG,,,,AUTO,AUTO_ALL_GATES_PASSED,suzuki.swift,EQUIVALENT,false,,false,,,,31459,2554,4623,2021-01,2026-09,31439,2554,4623,suzuki-suzuki-spacia;suzuki-swift,suzuki-swift,,,,,
7,1,legacy AUTO row,1;4,,0.0398,"Is Ice 'Denza D9' (DENZA, denza-denza-d9) the same vehicle as TDR 'Denza D9' (denza.denza_d9)? Verdict applies to the candidate shown on this row.",denza-denza-d9,Denza D9,DENZA,settled,MPV,denza.denza_d9,Denza D9,Denza,CURRENT,MPV,LEGACY_CANDIDATE;LEGACY_STORED;V1_POOL;V1_PRIMARY,AUTO,SERIES,97,0.9976291682659035,0.9842829076620825,1.0,2025-01,2026-09,21,1,2026-09,EQUIVALENT,EXACT,EQUAL,1.0,STRONG,,0.999997,0.999501,1.0,20,20,4010.0,4008.0,2025-01,2026-08,4,BRND_EXACT;NAME_EQUAL;SER_STRONG,SER_MISSING_ROW_SEMANTICS_UNCONFIRMED,,,PROPOSE,PROPOSE_SERIES_STRONG_CAPPED,denza.denza_d9,EQUIVALENT,false,,true,,,,4072,1309,4010,2025-01,2026-09,4008,1307,4008,denza-denza-d9,denza-denza-d9,,,,,
8,1,legacy AUTO row,1;4,,0.0408,"Is Ice 'M6' (BYD, byd-m6) the same vehicle as TDR 'BYD M6' (byd.byd_m6)? Verdict applies to the candidate shown on this row.",byd-m6,M6,BYD,settled,MPV,byd.byd_m6,BYD M6,BYD,CURRENT,MPV,LEGACY_CANDIDATE;LEGACY_STORED;V1_POOL;V1_PRIMARY,AUTO,SERIES,101,0.993455885795697,0.9885892116182573,1.0,2024-10,2026-09,24,1,2026-09,EQUIVALENT,EXACT,EQUAL,1.0,STRONG,,0.999234,1.005274,1.0,23,23,3792.0,3812.0,2024-10,2026-08,1,BRND_EXACT;NAME_EQUAL;SER_STRONG,SER_MISSING_ROW_SEMANTICS_UNCONFIRMED,,,PROPOSE,PROPOSE_SERIES_STRONG_CAPPED,byd.byd_m6,EQUIVALENT,false,,true,,,,3856,1385,3792,2024-10,2026-09,3934,1402,3812,BYD|M3;byd-e6;byd-m6,byd-m6,,,,,
9,1,legacy AUTO row,1;4,,0.0414,"Is Ice 'MG IM6' (MG, mg-mg-im6) the same vehicle as TDR 'MG IM6' (mg.mg_im6)? Verdict applies to the candidate shown on this row.",mg-mg-im6,MG IM6,MG,settled,SUV,mg.mg_im6,MG IM6,MG,CURRENT,CROSSOVER,LEGACY_CANDIDATE;LEGACY_STORED;V1_POOL;V1_PRIMARY,AUTO,SERIES,114,0.9933451680750173,0.9761904761904762,1.0,2025-06,2026-09,16,1,2026-09,EQUIVALENT,EXACT,EQUAL,1.0,STRONG,,1.0,1.0,1.0,15,15,2501.0,2501.0,2025-06,2026-08,9,BRND_EXACT;NAME_EQUAL;SER_STRONG,SER_MISSING_ROW_SEMANTICS_UNCONFIRMED,,,PROPOSE,PROPOSE_SERIES_STRONG_CAPPED,mg.mg_im6,EQUIVALENT,false,,true,,,,2562,1787,2501,2025-06,2026-09,2501,1787,2501,MG|MG6;mg-mg-im6,mg-mg-im6,"mg.mg_im5 (CONTRADICTION, UNAVAILABLE)",,,,
10,1,legacy AUTO row,1;4,,0.0419,"Is Ice 'Neta X' (NETA, neta-neta-x) the same vehicle as TDR 'Neta X' (neta.neta_x)? Verdict applies to the candidate shown on this row.",neta-neta-x,Neta X,NETA,settled,SUV,neta.neta_x,Neta X,Neta,CURRENT,CROSSOVER,LEGACY_CANDIDATE;LEGACY_STORED;V1_POOL;V1_PRIMARY,AUTO,SERIES,118,0.9999970438944992,0.9991063449508489,1.0,2024-10,2026-09,21,1,2026-09,EQUIVALENT,EXACT,EQUAL,1.0,STRONG,,1.0,1.0,1.0,20,20,2236.0,2236.0,2024-10,2026-08,4,BRND_EXACT;NAME_EQUAL;SER_STRONG,SER_MISSING_ROW_SEMANTICS_UNCONFIRMED,,,PROPOSE,PROPOSE_SERIES_STRONG_CAPPED,neta.neta_x,EQUIVALENT,false,,true,,,,2238,30,2236,2024-10,2026-09,2236,30,2236,neta-neta-x,neta-neta-x,,,,,
11,1,legacy AUTO row,1;4;6,,0.0455,"Is Ice 'Mazda CX-3' (MAZDA, mazda-mazda-cx-3) the same vehicle as TDR 'CX-3' (mazda.cx3)? Verdict applies to the candidate shown on this row.",mazda-mazda-cx-3,Mazda CX-3,MAZDA,settled,SUV,mazda.cx3,CX-3,Mazda,CURRENT,CROSSOVER,LEGACY_CANDIDATE;LEGACY_STORED;V1_POOL;V1_PRIMARY,AUTO,SERIES,44,0.9866279102157748,0.9845215759849906,1.0,2024-10,2026-09,24,1,2026-09,EQUIVALENT,EXACT,EQUAL,1.0,STRONG,,1.0,1.0,1.0,24,24,2153.0,2153.0,2024-09,2026-08,0,BRND_EXACT;NAME_EQUAL;SER_STRONG,LIN_EVIDENCE_QUARANTINE,,,PROPOSE,PROPOSE_SERIES_STRONG_CAPPED,mazda.cx3,EQUIVALENT,false,,true,OLD_SPLIT,SPLIT:mazda-mazda-cx-3>mazda-mazda-cx-30 60.45%,NOOP:LIN_SPLIT_PARENT_RETAINED;QUARANTINE:LIN_EVIDENCE_QUARANTINE,14905,950,2153,2021-01,2026-09,14872,950,2153,mazda-mazda-cx-3,mazda-mazda-cx-3,"mazda.cx30 (SIBLING, WEAK, corr -0.069 ratio 1.206) | mazda.cx5 (SIBLING, WEAK, corr 0.561 ratio 0.601) | mazda.cx8 (SIBLING, WEAK, corr -0.010 ratio 0.188)",,,,
12,1,legacy AUTO row,1,,0.0492,"Is Ice 'Celerio' (SUZUKI, suzuki-celerio) the same vehicle as TDR 'Celerio' (suzuki.celerio)? Verdict applies to the candidate shown on this row.",suzuki-celerio,Celerio,SUZUKI,settled,Hatchback,suzuki.celerio,Celerio,Suzuki,CURRENT,HATCHBACK,LEGACY_CANDIDATE;LEGACY_STORED;V1_POOL;V1_PRIMARY,AUTO,SERIES,43,0.9999708081228932,0.9989384288747346,1.0,2024-10,2026-09,24,1,2026-09,EQUIVALENT,EXACT,EQUAL,1.0,STRONG,,1.0,1.0,1.0,24,24,2019.0,2019.0,2024-09,2026-08,0,BRND_EXACT;NAME_EQUAL;SER_STRONG,,,,AUTO,AUTO_ALL_GATES_PASSED,suzuki.celerio,EQUIVALENT,false,,false,,,,15258,535,2019,2021-01,2026-09,15256,535,2019,suzuki-celerio,suzuki-celerio,"suzuki.ertiga (CONTRADICTION, WEAK, corr 0.132 ratio 0.287) | suzuki.ciaz (CONTRADICTION, WEAK, corr 0.412 ratio 0.047)",,,,
13,1,legacy AUTO row,1,,0.0515,"Is Ice 'Haval Jolion' (GWM, gwm-haval-jolion) the same vehicle as TDR 'Haval Jolion' (gwm.haval_jolion)? Verdict applies to the candidate shown on this row.",gwm-haval-jolion,Haval Jolion,GWM,settled,SUV,gwm.haval_jolion,Haval Jolion,GWM,CURRENT,CROSSOVER,LEGACY_CANDIDATE;LEGACY_STORED;V1_POOL;V1_PRIMARY,AUTO,SERIES,66,0.9998044183692629,0.9969604863221885,1.0,2024-10,2026-09,24,1,2026-09,EQUIVALENT,EXACT,EQUAL,1.0,STRONG,,1.0,1.0,1.0,24,24,1771.0,1771.0,2024-09,2026-08,0,BRND_EXACT;NAME_EQUAL;SER_STRONG,,,,AUTO,AUTO_ALL_GATES_PASSED,gwm.haval_jolion,EQUIVALENT,false,,false,,,,9586,413,1771,2022-01,2026-09,9581,413,1771,gwm-haval-jolion,gwm-haval-jolion,"gwm.haval_h6 (SIBLING, WEAK, corr -0.236 ratio 1.266)",,,,
14,1,legacy AUTO row,1,,0.0519,"Is Ice 'Volvo EX30' (VOLVO, volvo-volvo-ex30) the same vehicle as TDR 'EX30' (volvo.ex30)? Verdict applies to the candidate shown on this row.",volvo-volvo-ex30,Volvo EX30,VOLVO,settled,SUV,volvo.ex30,EX30,Volvo,CURRENT,CROSSOVER,LEGACY_CANDIDATE;LEGACY_STORED;V1_POOL;V1_PRIMARY,AUTO,SERIES,127,0.9955786319032077,0.9896414342629483,1.0,2024-10,2026-09,24,1,2026-09,EQUIVALENT,EXACT,EQUAL,1.0,STRONG,,1.0,1.0,1.0,24,24,1331.0,1331.0,2024-09,2026-08,0,BRND_EXACT;NAME_EQUAL;SER_STRONG,,,,AUTO,AUTO_ALL_GATES_PASSED,volvo.ex30,EQUIVALENT,false,,false,,,,1689,466,1331,2024-05,2026-09,1676,466,1331,volvo-volvo-ex30,volvo-volvo-ex30,"volvo.ex40 (CONTRADICTION, WEAK, corr 0.100 ratio 0.713) | volvo.ex90 (CONTRADICTION, WEAK, corr -0.314 ratio 0.104) | volvo.ec40 (CONTRADICTION, WEAK, corr 0.166 ratio 0.522)",,,,
15,1,legacy AUTO row,1;4,,0.0522,"Is Ice 'Binguo' (WULING, wuling-binguo) the same vehicle as TDR 'Wuling Bingo' (wuling.wuling_bingo)? Verdict applies to the candidate shown on this row.",wuling-binguo,Binguo,WULING,settled,Hatchback,wuling.wuling_bingo,Wuling Bingo,Wuling,CURRENT,HATCHBACK,LEGACY_CANDIDATE;LEGACY_STORED;V1_POOL,AUTO,SERIES,138,0.9998154363977051,0.9943043124491456,0.9090909090909091,2024-10,2026-09,24,1,2026-09,EQUIVALENT,EXACT,CONTRADICTION,0.0,STRONG,,1.0,1.0,1.0,24,24,1278.0,1278.0,2024-09,2026-08,0,BRND_EXACT;SER_STRONG,,NAME_CONTRADICTION,,NO_CANDIDATE,NO_CANDIDATE_ALL_EXCLUDED,,,false,,true,,,,1285,685,1278,2024-09,2026-09,1283,685,1278,WULING|BINGOU SRD;WULING|WULING MINI;wuling-binguo,,,,,,
16,1,legacy AUTO row,1;6,,0.0526,"Is Ice 'Tank 500' (GWM, gwm-tank-500) the same vehicle as TDR 'Tank 500' (gwm.tank500)? Verdict applies to the candidate shown on this row.",gwm-tank-500,Tank 500,GWM,settled,PPV,gwm.tank500,Tank 500,GWM,CURRENT,OFFROAD,LEGACY_CANDIDATE;LEGACY_STORED;V1_POOL;V1_PRIMARY,AUTO,SERIES,131,0.9846283201936428,0.9692186266771902,1.0,2024-10,2026-09,24,1,2026-09,EQUIVALENT,EXACT,EQUAL,1.0,STRONG,,1.0,1.0,1.0,24,24,1243.0,1243.0,2024-09,2026-08,0,BRND_EXACT;NAME_EQUAL;SER_STRONG,,,,AUTO,AUTO_ALL_GATES_PASSED,gwm.tank500,EQUIVALENT,false,,false,,,,1524,1095,1243,2023-11,2026-09,1485,1095,1243,gwm-tank-500,gwm-tank-500,"gwm.tank300 (SIBLING, WEAK, corr 0.774 ratio 8.815) | gwm.ora_03 (CONTRADICTION, UNAVAILABLE)",,,,
17,1,legacy AUTO row,1,,0.0555,"Is Ice 'MG HS' (MG, mg-mg-hs) the same vehicle as TDR 'MG HS' (mg.mg_hs)? Verdict applies to the candidate shown on this row.",mg-mg-hs,MG HS,MG,settled,SUV,mg.mg_hs,MG HS,MG,CURRENT,CROSSOVER,LEGACY_CANDIDATE;LEGACY_STORED;V1_POOL;V1_PRIMARY,AUTO,SERIES,51,0.9947291476655803,0.9844357976653697,1.0,2024-10,2026-09,24,1,2026-09,EQUIVALENT,EXACT,EQUAL,1.0,STRONG,,1.0,1.0,1.0,24,24,1065.0,1065.0,2024-09,2026-08,0,BRND_EXACT;NAME_EQUAL;SER_STRONG,,,,AUTO,AUTO_ALL_GATES_PASSED,mg.mg_hs,EQUIVALENT,false,,false,,,,12179,254,1065,2021-01,2026-09,12163,254,1065,MG|MG GS;mg-mg-hs,mg-mg-hs,"mg.mg_es (CONTRADICTION, UNAVAILABLE) | mg.mg_zs (CONTRADICTION, WEAK, corr 0.777 ratio 1.208)",,,,
18,1,legacy AUTO row,1,,0.0566,"Is Ice 'MG VS HEV' (MG, mg-mg-vs-hev) the same vehicle as TDR 'MG VS HEV' (mg.mg_vs_hev)? Verdict applies to the candidate shown on this row.",mg-mg-vs-hev,MG VS HEV,MG,settled,SUV,mg.mg_vs_hev,MG VS HEV,MG,CURRENT,CROSSOVER,LEGACY_CANDIDATE;LEGACY_STORED;V1_POOL;V1_PRIMARY,AUTO,SERIES,92,0.9997771660723305,0.996629213483146,1.0,2024-10,2026-09,24,1,2026-09,EQUIVALENT,EXACT,EQUAL,1.0,STRONG,,1.0,1.0,1.0,24,24,973.0,973.0,2024-09,2026-08,0,BRND_EXACT;NAME_EQUAL;SER_STRONG,,,,AUTO,AUTO_ALL_GATES_PASSED,mg.mg_vs_hev,EQUIVALENT,false,,false,,,,4308,404,973,2022-09,2026-09,4305,404,973,mg-mg-vs-hev,mg-mg-vs-hev,"mg.mg_s5_ev (CONTRADICTION, WEAK, corr -0.299 ratio 23.022) | mg.mg_zs_ev (CONTRADICTION, WEAK, corr 0.321 ratio 0.985)",,,,
19,1,legacy AUTO row,1;4,,0.0569,"Is Ice 'bZ4X' (TOYOTA, toyota-bz4x) the same vehicle as TDR 'bZ4X' (toyota.bz4x)? Verdict applies to the candidate shown on this row.",toyota-bz4x,bZ4X,TOYOTA,settled,SUV,toyota.bz4x,bZ4X,Toyota,CURRENT,CROSSOVER,LEGACY_CANDIDATE;LEGACY_STORED;V1_POOL;V1_PRIMARY,AUTO,SERIES,144,0.9849335611617124,0.942390369733448,1.0,2023-02,2026-09,24,1,2026-09,EQUIVALENT,EXACT,EQUAL,1.0,STRONG,,0.999995,0.99897,1.0,11,11,971.0,970.0,2025-06,2026-08,13,BRND_EXACT;NAME_EQUAL;SER_STRONG,SER_OVERLAP_BELOW_AUTO_MIN;SER_MISSING_ROW_SEMANTICS_UNCONFIRMED,,,PROPOSE,PROPOSE_SERIES_STRONG_CAPPED,toyota.bz4x,EQUIVALENT,false,,true,,,,1163,970,971,2023-02,2026-09,1096,969,970,toyota-bz4x,toyota-bz4x,,,,,
20,1,legacy AUTO row,1;4,,0.0577,"Is Ice 'WR-V' (HONDA, honda-wr-v) the same vehicle as TDR 'WR-V' (honda.wrv)? Verdict applies to the candidate shown on this row.",honda-wr-v,WR-V,HONDA,settled,SUV,honda.wrv,WR-V,Honda,CURRENT,CROSSOVER,LEGACY_CANDIDATE;LEGACY_STORED;V1_POOL;V1_PRIMARY,AUTO,SERIES,102,0.9999900229045124,0.9989316239316239,1.0,2024-08,2026-09,24,1,2026-09,EQUIVALENT,EXACT,EQUAL,1.0,STRONG,,1.0,1.0,1.0,22,22,831.0,831.0,2024-09,2026-08,2,BRND_EXACT;NAME_EQUAL;SER_STRONG,SER_MISSING_ROW_SEMANTICS_UNCONFIRMED,,,PROPOSE,PROPOSE_SERIES_STRONG_CAPPED,honda.wrv,EQUIVALENT,false,,true,,,,3688,29,831,2023-04,2026-09,3687,29,831,honda-wr-v,honda-wr-v,"honda.brv (SIBLING, WEAK, corr 0.742 ratio 0.187) | honda.crv (SIBLING, WEAK, corr 0.300 ratio 15.243) | honda.hrv (SIBLING, WEAK, corr -0.334 ratio 47.397)",,,,
21,1,legacy AUTO row,1;4,,0.0588,"Is Ice 'Terra' (NISSAN, nissan-terra) the same vehicle as TDR 'Terra' (nissan.terra)? Verdict applies to the candidate shown on this row.",nissan-terra,Terra,NISSAN,settled,PPV,nissan.terra,Terra,Nissan,CURRENT,PPV,LEGACY_CANDIDATE;LEGACY_STORED;V1_POOL;V1_PRIMARY,AUTO,SERIES,90,0.9998461419034265,0.9933333333333333,1.0,2024-07,2026-07,24,0,,EQUIVALENT,EXACT,EQUAL,1.0,STRONG,,0.999848,0.993017,1.0,23,23,716.0,711.0,2024-08,2026-07,2,BRND_EXACT;NAME_EQUAL;SER_STRONG,SER_MISSING_ROW_SEMANTICS_UNCONFIRMED,,,PROPOSE,PROPOSE_SERIES_STRONG_CAPPED,nissan.terra,EQUIVALENT,false,,true,,,,4456,81,675,2021-01,2026-07,4448,81,670,NISSAN|FDTARRZC12MHAA;nissan-leaf;nissan-note;nissan-terra;nissan-urvan,nissan-terra,"nissan.teana (CONTRADICTION, UNAVAILABLE) | nissan.almera (CONTRADICTION, WEAK, corr 0.889 ratio 7.028) | nissan.serena (CONTRADICTION, WEAK, corr -0.512 ratio 5.969)",,,,
22,1,legacy AUTO row,1;6,,0.0604,"Is Ice 'Mazda3' (MAZDA, mazda-mazda3) the same vehicle as TDR 'Mazda3' (mazda.mazda3)? Verdict applies to the candidate shown on this row.",mazda-mazda3,Mazda3,MAZDA,settled,Sedan,mazda.mazda3,Mazda3,Mazda,CURRENT,SEDAN,LEGACY_CANDIDATE;LEGACY_STORED;V1_POOL;V1_PRIMARY,AUTO,SERIES,74,0.9883009294621837,0.983633387888707,1.0,2024-10,2026-09,24,1,2026-09,EQUIVALENT,EXACT,EQUAL,1.0,STRONG,,1.0,1.0,1.0,24,24,665.0,665.0,2024-09,2026-08,0,BRND_EXACT;NAME_EQUAL;SER_STRONG,,,,AUTO,AUTO_ALL_GATES_PASSED,mazda.mazda3,EQUIVALENT,false,,false,,,,6613,218,665,2021-01,2026-09,6603,218,665,mazda-mazda3,mazda-mazda3,"mazda.mazda2 (FUZZY, WEAK, corr 0.164 ratio 12.872) | mazda.mazda6 (FUZZY, WEAK, corr -0.336 ratio 0.661) | mazda.cx3 (CONTRADICTION, WEAK, corr 0.125 ratio 3.238)",,,,
23,1,legacy AUTO row,1;4,,0.0611,"Is Ice 'Ertiga' (SUZUKI, suzuki-ertiga) the same vehicle as TDR 'Ertiga' (suzuki.ertiga)? Verdict applies to the candidate shown on this row.",suzuki-ertiga,Ertiga,SUZUKI,settled,MPV,suzuki.ertiga,Ertiga,Suzuki,CURRENT,MPV,LEGACY_CANDIDATE;LEGACY_STORED;V1_POOL;V1_PRIMARY,AUTO,SERIES,110,1.0,1.0,1.0,2024-04,2026-06,24,0,,EQUIVALENT,EXACT,EQUAL,1.0,STRONG,,1.0,1.0,1.0,21,21,661.0,661.0,2024-07,2026-06,5,BRND_EXACT;NAME_EQUAL;SER_STRONG,SER_MISSING_ROW_SEMANTICS_UNCONFIRMED,,,PROPOSE,PROPOSE_SERIES_STRONG_CAPPED,suzuki.ertiga,EQUIVALENT,false,,true,,,,3001,17,636,2021-01,2026-06,3001,17,636,SUZUKI|HUSTLER HYBRID G;suzuki-ertiga,suzuki-ertiga,"suzuki.celerio (CONTRADICTION, WEAK, corr 0.132 ratio 3.487) | suzuki.ciaz (CONTRADICTION, WEAK, corr -0.158 ratio 0.295)",,,,
24,1,legacy AUTO row,1,,0.0613,"Is Ice 'e:N1' (HONDA, honda-en1) the same vehicle as TDR 'e:N1' (honda.en1)? Verdict applies to the candidate shown on this row.",honda-en1,e:N1,HONDA,settled,SUV,honda.en1,e:N1,Honda,CURRENT,CROSSOVER,LEGACY_CANDIDATE;LEGACY_STORED;V1_POOL;V1_PRIMARY,AUTO,SERIES,168,0.9980681126500673,0.9870759289176091,1.0,2024-10,2026-09,24,1,2026-09,EQUIVALENT,EXACT,EQUAL,1.0,STRONG,,1.0,1.0,1.0,24,24,612.0,612.0,2024-09,2026-08,0,BRND_EXACT;NAME_EQUAL;SER_STRONG,,,,AUTO,AUTO_ALL_GATES_PASSED,honda.en1,EQUIVALENT,false,,false,,,,696,270,612,2024-04,2026-09,688,270,612,HONDA|E AS;HONDA|WAVE125;honda-en1;honda-honda-e,honda-en1,"honda.en2 (CONTRADICTION, WEAK, corr 0.811 ratio 0.382) | honda.step_wgn (CONTRADICTION, WEAK, corr -0.123 ratio 1.194)",,,,
25,1,legacy AUTO row,1;4,,0.0618,"Is Ice 'BMW X4' (BMW, bmw-bmw-x4) the same vehicle as TDR 'X4' (bmw.x4)? Verdict applies to the candidate shown on this row.",bmw-bmw-x4,BMW X4,BMW,settled,SUV,bmw.x4,X4,BMW,CURRENT,CROSSOVER,LEGACY_CANDIDATE;LEGACY_STORED;V1_POOL;V1_PRIMARY,AUTO,SERIES,122,0.9932911102476042,0.9859894921190894,1.0,2024-10,2026-09,24,1,2026-09,EQUIVALENT,EXACT,EQUAL,1.0,STRONG,,1.0,1.0,1.0,24,24,590.0,590.0,2024-09,2026-08,0,BRND_EXACT;NAME_EQUAL;SER_STRONG,GEN_LIFECYCLE_PARTIAL,,,PROPOSE,PROPOSE_SERIES_STRONG_CAPPED,bmw.x4,EQUIVALENT,false,,true,,,,2003,185,590,2021-01,2026-09,1995,185,590,bmw-bmw-x4,bmw-bmw-x4,"bmw.bmw_i4 (CONTRADICTION, WEAK, corr 0.553 ratio 0.307) | bmw.bmw_x1 (CONTRADICTION, WEAK, corr 0.706 ratio 5.807) | bmw.bmw_x3 (CONTRADICTION, WEAK, corr -0.548 ratio 2.769)",,,,
26,1,legacy AUTO row,1,,0.0632,"Is Ice 'Subaru Forester' (SUBARU, subaru-subaru-forester) the same vehicle as TDR 'Forester' (subaru.forester)? Verdict applies to the candidate shown on this row.",subaru-subaru-forester,Subaru Forester,SUBARU,settled,SUV,subaru.forester,Forester,Subaru,CURRENT,CROSSOVER,LEGACY_CANDIDATE;LEGACY_STORED;V1_POOL;V1_PRIMARY,AUTO,SERIES,78,0.9908772848076228,0.9836660617059891,1.0,2024-10,2026-09,24,1,2026-09,EQUIVALENT,EXACT,EQUAL,1.0,STRONG,,1.0,1.0,1.0,24,24,575.0,575.0,2024-09,2026-08,0,BRND_EXACT;NAME_EQUAL;SER_STRONG,,,,AUTO,AUTO_ALL_GATES_PASSED,subaru.forester,EQUIVALENT,false,,false,,,,6003,174,575,2021-01,2026-09,5994,174,575,subaru-levorg-sti-sport-r__provisional;subaru-subaru-forester,subaru-subaru-forester,"subaru.crosstrek (CONTRADICTION, WEAK, corr 0.233 ratio 0.528)",,,,
27,1,legacy AUTO row,1;4,,0.0634,"Is Ice 'BYD T3' (BYD, byd-byd-t3) the same vehicle as TDR 'BYD T3' (byd.byd_t3)? Verdict applies to the candidate shown on this row.",byd-byd-t3,BYD T3,BYD,settled,Van,byd.byd_t3,BYD T3,BYD,CURRENT,VAN,LEGACY_CANDIDATE;LEGACY_STORED;V1_POOL;V1_PRIMARY,AUTO,SERIES,167,0.9999999999999998,1.0,1.0,2024-03,2026-07,24,0,,EQUIVALENT,EXACT,EQUAL,1.0,STRONG,,1.0,1.0,1.0,20,20,526.0,526.0,2024-08,2026-07,5,BRND_EXACT;NAME_EQUAL;SER_STRONG,SER_MISSING_ROW_SEMANTICS_UNCONFIRMED,,,PROPOSE,PROPOSE_SERIES_STRONG_CAPPED,byd.byd_t3,EQUIVALENT,false,,true,,,,712,268,521,2021-01,2026-07,712,268,521,byd-byd-t3,byd-byd-t3,"byd.atto3 (CONTRADICTION, WEAK, corr 0.333 ratio 32.371)",,,,
28,1,legacy AUTO row,1,,0.0654,"Is Ice 'XL-7' (SUZUKI, suzuki-xl-7) the same vehicle as TDR 'XL7' (suzuki.xl7)? Verdict applies to the candidate shown on this row.",suzuki-xl-7,XL-7,SUZUKI,settled,MPV,suzuki.xl7,XL7,Suzuki,CURRENT,MPV,LEGACY_CANDIDATE;LEGACY_STORED;V1_POOL;V1_PRIMARY,AUTO,SERIES,70,0.991789080727436,0.9868995633187773,0.8571428571428571,2024-10,2026-09,24,1,2026-09,EQUIVALENT,EXACT,EQUAL,1.0,STRONG,,1.0,1.0,1.0,24,24,483.0,483.0,2024-09,2026-08,0,BRND_EXACT;NAME_EQUAL;SER_STRONG,,,,AUTO,AUTO_ALL_GATES_PASSED,suzuki.xl7,EQUIVALENT,false,,false,,,,8235,154,483,2021-01,2026-09,8229,154,483,suzuki-xl-7,suzuki-xl-7,,,,,
29,1,legacy AUTO row,1;4,,0.0669,"Is Ice 'H-1' (HYUNDAI, hyundai-h-1) the same vehicle as TDR 'H-1' (hyundai.h_1)? Verdict applies to the candidate shown on this row.",hyundai-h-1,H-1,HYUNDAI,settled,MPV,hyundai.h_1,H-1,Hyundai,CURRENT,VAN,LEGACY_CANDIDATE;LEGACY_STORED;V1_POOL;V1_PRIMARY,AUTO,SERIES,77,0.9997728016162852,0.9909365558912386,1.0,2024-10,2026-09,24,1,2026-09,EQUIVALENT,EXACT,EQUAL,1.0,STRONG,,0.9999,0.995012,1.0,24,24,401.0,399.0,2024-09,2026-08,0,BRND_EXACT;NAME_EQUAL;SER_STRONG,ATTR_BODY_MISMATCH,,,PROPOSE,PROPOSE_SERIES_STRONG_CAPPED,hyundai.h_1,EQUIVALENT,false,,true,NEW_RENAME,RENAME:HYUNDAI|GRAND STAREX>hyundai-h-1 100%,NOOP:LIN_ALREADY_APPLIED,6068,56,401,2021-01,2026-09,5919,56,399,hyundai-h-1,hyundai-h-1,,,,,
30,1,legacy AUTO row,1;4,,0.0674,"Is Ice 'Audi A5' (AUDI, audi-audi-a5) the same vehicle as TDR 'A5' (audi.a5)? Verdict applies to the candidate shown on this row.",audi-audi-a5,Audi A5,AUDI,settled,Sedan,audi.a5,A5,Audi,CURRENT,COUPE,LEGACY_CANDIDATE;LEGACY_STORED;V1_POOL;V1_PRIMARY,AUTO,SERIES,121,0.9889796815524815,0.9835164835164835,1.0,2024-10,2026-09,24,1,2026-09,EQUIVALENT,EXACT,EQUAL,1.0,STRONG,,1.0,1.0,1.0,24,24,376.0,376.0,2024-09,2026-08,0,BRND_EXACT;NAME_EQUAL;SER_STRONG,ATTR_BODY_MISMATCH;GEN_LIFECYCLE_PARTIAL,,,PROPOSE,PROPOSE_SERIES_STRONG_CAPPED,audi.a5,EQUIVALENT,false,,true,,,,2020,189,376,2021-01,2026-09,2014,189,376,audi-audi-a5,audi-audi-a5,"audi.a1 (CONTRADICTION, UNAVAILABLE) | audi.a4 (CONTRADICTION, WEAK, corr -0.152 ratio 0.118) | audi.a6 (CONTRADICTION, UNAVAILABLE)",,,,
31,1,legacy AUTO row,1,,0.0676,"Is Ice 'Lexus NX' (LEXUS, lexus-lexus-nx) the same vehicle as TDR 'NX' (lexus.lexus_nx)? Verdict applies to the candidate shown on this row.",lexus-lexus-nx,Lexus NX,LEXUS,settled,SUV,lexus.lexus_nx,NX,Lexus,CURRENT,CROSSOVER,LEGACY_CANDIDATE;LEGACY_STORED;V1_POOL;V1_PRIMARY,AUTO,SERIES,160,0.9828682768019449,0.9847560975609756,1.0,2024-10,2026-09,24,1,2026-09,EQUIVALENT,EXACT,EQUAL,1.0,STRONG,,1.0,1.0,1.0,24,24,331.0,331.0,2024-09,2026-08,0,BRND_EXACT;NAME_EQUAL;SER_STRONG,,,,AUTO,AUTO_ALL_GATES_PASSED,lexus.lexus_nx,EQUIVALENT,false,,false,,,,859,172,331,2021-01,2026-09,854,172,331,lexus-lexus-nx,lexus-lexus-nx,"lexus.lexus_rx (CONTRADICTION, WEAK, corr -0.215 ratio 0.801) | lexus.lx (CONTRADICTION, UNAVAILABLE) | lexus.ux (CONTRADICTION, WEAK, corr 0.159 ratio 0.138)",,,,
32,1,legacy AUTO row,1;4,,0.068,"Is Ice 'Subaru Crosstrek' (SUBARU, subaru-subaru-crosstrek) the same vehicle as TDR 'Crosstrek' (subaru.crosstrek)? Verdict applies to the candidate shown on this row.",subaru-subaru-crosstrek,Subaru Crosstrek,SUBARU,settled,SUV,subaru.crosstrek,Crosstrek,Subaru,CURRENT,CROSSOVER,LEGACY_CANDIDATE;LEGACY_STORED;V1_POOL;V1_PRIMARY,AUTO,SERIES,128,0.9997107209426009,0.9971098265895953,1.0,2024-08,2026-09,24,1,2026-09,EQUIVALENT,EXACT,EQUAL,1.0,STRONG,,1.0,1.0,1.0,24,24,355.0,355.0,2024-07,2026-06,2,BRND_EXACT;NAME_EQUAL;SER_STRONG,SER_MISSING_ROW_SEMANTICS_UNCONFIRMED;GEN_LIFECYCLE_PARTIAL,,,PROPOSE,PROPOSE_SERIES_STRONG_CAPPED,subaru.crosstrek,EQUIVALENT,false,,true,,,,1628,136,323,2021-01,2026-09,1627,136,323,subaru-subaru-crosstrek,subaru-subaru-crosstrek,"subaru.outback (CONTRADICTION, UNAVAILABLE) | subaru.forester (CONTRADICTION, WEAK, corr 0.233 ratio 1.893)",,,,
33,1,legacy AUTO row,1;4,,0.0683,"Is Ice 'Creta' (HYUNDAI, hyundai-creta) the same vehicle as TDR 'Creta' (hyundai.creta)? Verdict applies to the candidate shown on this row.",hyundai-creta,Creta,HYUNDAI,settled,SUV,hyundai.creta,Creta,Hyundai,CURRENT,CROSSOVER,LEGACY_CANDIDATE;LEGACY_STORED;V1_POOL;V1_PRIMARY,AUTO,SERIES,129,0.9997061124046782,0.9966996699669967,1.0,2024-09,2026-09,24,1,2026-09,EQUIVALENT,EXACT,EQUAL,1.0,STRONG,,1.0,1.0,1.0,24,24,335.0,335.0,2024-08,2026-07,1,BRND_EXACT;NAME_EQUAL;SER_STRONG,SER_MISSING_ROW_SEMANTICS_UNCONFIRMED,,,PROPOSE,PROPOSE_SERIES_STRONG_CAPPED,hyundai.creta,EQUIVALENT,false,,true,,,,1584,136,302,2022-04,2026-09,1583,136,302,HYUNDAI|COUNTY;hyundai-creta,hyundai-creta,"hyundai.staria (CONTRADICTION, WEAK, corr 0.374 ratio 6.194) | hyundai.grand_starex (CONTRADICTION, UNAVAILABLE)",,,,
34,1,legacy AUTO row,1;4,,0.0684,"Is Ice 'MG Cyberster' (MG, mg-mg-cyberster) the same vehicle as TDR 'MG Cyberster' (mg.mg_cyberster)? Verdict applies to the candidate shown on this row.",mg-mg-cyberster,MG Cyberster,MG,settled,Coupe/Convertible,mg.mg_cyberster,MG Cyberster,MG,CURRENT,COUPE,LEGACY_CANDIDATE;LEGACY_STORED;V1_POOL;V1_PRIMARY,AUTO,SERIES,210,0.9976183107148103,0.9891696750902527,1.0,2024-11,2026-09,23,1,2026-09,EQUIVALENT,EXACT,EQUAL,1.0,STRONG,,1.0,1.0,1.0,22,22,274.0,274.0,2024-11,2026-08,2,BRND_EXACT;NAME_EQUAL;SER_STRONG,SER_MISSING_ROW_SEMANTICS_UNCONFIRMED,,,PROPOSE,PROPOSE_SERIES_STRONG_CAPPED,mg.mg_cyberster,EQUIVALENT,false,,true,,,,277,82,274,2024-11,2026-09,274,82,274,mg-mg-cyberster,mg-mg-cyberster,"mg.mg_extender_cab (CONTRADICTION, UNAVAILABLE) | mg.mg_es (CONTRADICTION, UNAVAILABLE)",,,,
35,1,legacy AUTO row,1;4,,0.0687,"Is Ice 'Audi TT' (AUDI, audi-audi-tt) the same vehicle as TDR 'TT' (audi.tt)? Verdict applies to the candidate shown on this row.",audi-audi-tt,Audi TT,AUDI,settled,Coupe/Convertible,audi.tt,TT,Audi,CURRENT,COUPE,LEGACY_CANDIDATE;LEGACY_STORED;V1_POOL;V1_PRIMARY,AUTO,SERIES,147,0.9920920907130256,0.9872340425531915,1.0,2024-10,2026-09,24,1,2026-09,EQUIVALENT,EXACT,EQUAL,1.0,STRONG,,1.0,1.0,1.0,24,24,254.0,254.0,2024-09,2026-08,0,BRND_EXACT;NAME_EQUAL;SER_STRONG,GEN_LIFECYCLE_PARTIAL,,,PROPOSE,PROPOSE_SERIES_STRONG_CAPPED,audi.tt,EQUIVALENT,false,,true,,,,1131,104,254,2021-01,2026-09,1128,104,254,audi-audi-tt,audi-audi-tt,"audi.etron_gt (CONTRADICTION, UNAVAILABLE)",,,,
36,1,legacy AUTO row,1,,0.0688,"Is Ice 'Voxy' (TOYOTA, toyota-voxy) the same vehicle as TDR 'Voxy' (toyota.voxy)? Verdict applies to the candidate shown on this row.",toyota-voxy,Voxy,TOYOTA,settled,MPV,toyota.voxy,Voxy,Toyota,CURRENT,MPV,LEGACY_CANDIDATE;LEGACY_STORED;V1_POOL;V1_PRIMARY,AUTO,SERIES,172,0.9921604998659521,0.9787234042553191,1.0,2024-10,2026-09,24,1,2026-09,EQUIVALENT,EXACT,EQUAL,1.0,STRONG,,0.99952,0.996016,1.0,24,24,251.0,250.0,2024-09,2026-08,0,BRND_EXACT;NAME_EQUAL;SER_STRONG,,,,AUTO,AUTO_ALL_GATES_PASSED,toyota.voxy,EQUIVALENT,false,,false,,,,651,66,251,2021-02,2026-09,646,65,250,toyota-voxy,toyota-voxy,"toyota.veloz (CONTRADICTION, WEAK, corr 0.434 ratio 31.474)",,,,
37,1,legacy AUTO row,1,,0.0691,"Is Ice 'Volvo XC90' (VOLVO, volvo-volvo-xc90) the same vehicle as TDR 'XC90' (volvo.xc90)? Verdict applies to the candidate shown on this row.",volvo-volvo-xc90,Volvo XC90,VOLVO,settled,SUV,volvo.xc90,XC90,Volvo,CURRENT,CROSSOVER,LEGACY_CANDIDATE;LEGACY_STORED;V1_POOL;V1_PRIMARY,AUTO,SERIES,152,0.989457539910435,0.9835390946502057,1.0,2024-10,2026-09,24,1,2026-09,EQUIVALENT,EXACT,EQUAL,1.0,STRONG,,1.0,1.0,1.0,24,24,249.0,249.0,2024-09,2026-08,0,BRND_EXACT;NAME_EQUAL;SER_STRONG,,,,AUTO,AUTO_ALL_GATES_PASSED,volvo.xc90,EQUIVALENT,false,,false,,,,993,102,249,2021-01,2026-09,989,102,249,volvo-volvo-xc90,volvo-volvo-xc90,"volvo.ex90 (CONTRADICTION, WEAK, corr -0.253 ratio 0.500) | volvo.xc40 (CONTRADICTION, WEAK, corr 0.253 ratio 1.333) | volvo.xc60 (CONTRADICTION, WEAK, corr 0.324 ratio 1.908)",,,,
38,1,legacy AUTO row,1;4,,0.0694,"Is Ice 'Volvo V60' (VOLVO, volvo-volvo-v60) the same vehicle as TDR 'V60' (volvo.v60)? Verdict applies to the candidate shown on this row.",volvo-volvo-v60,Volvo V60,VOLVO,settled,Wagon,volvo.v60,V60,Volvo,CURRENT,WAGON,LEGACY_CANDIDATE;LEGACY_STORED;V1_POOL;V1_PRIMARY,AUTO,SERIES,146,0.9999999999999999,1.0,1.0,2024-08,2026-07,24,0,,EQUIVALENT,EXACT,EQUAL,1.0,STRONG,,1.0,1.0,1.0,24,24,225.0,225.0,2024-08,2026-07,1,BRND_EXACT;NAME_EQUAL;SER_STRONG,SER_MISSING_ROW_SEMANTICS_UNCONFIRMED;GEN_LIFECYCLE_PARTIAL,,,PROPOSE,PROPOSE_SERIES_STRONG_CAPPED,volvo.v60,EQUIVALENT,false,,true,,,,1161,45,210,2021-01,2026-07,1161,45,210,VOLVO|V50 2 0;VOLVO|V90;volvo-volvo-v60,volvo-volvo-v60,"volvo.s60 (CONTRADICTION, WEAK, corr 0.550 ratio 0.604) | volvo.xc60 (CONTRADICTION, WEAK, corr 0.130 ratio 2.227)",,,,
39,1,legacy AUTO row,1,,0.0695,"Is Ice 'BMW i4' (BMW, bmw-bmw-i4) the same vehicle as TDR 'i4' (bmw.bmw_i4)? Verdict applies to the candidate shown on this row.",bmw-bmw-i4,BMW i4,BMW,settled,Sedan,bmw.bmw_i4,i4,BMW,CURRENT,SEDAN,LEGACY_CANDIDATE;LEGACY_STORED;V1_POOL;V1_PRIMARY,AUTO,SERIES,189,0.9999999999999999,1.0,1.0,2024-09,2026-08,24,0,,EQUIVALENT,EXACT,EQUAL,1.0,STRONG,,1.0,1.0,1.0,24,24,181.0,181.0,2024-09,2026-08,0,BRND_EXACT;NAME_EQUAL;SER_STRONG,,,,AUTO,AUTO_ALL_GATES_PASSED,bmw.bmw_i4,EQUIVALENT,false,,false,,,,421,65,181,2022-06,2026-08,421,65,181,bmw-bmw-i4,bmw-bmw-i4,"bmw.i3 (CONTRADICTION, UNAVAILABLE) | bmw.i5 (CONTRADICTION, WEAK, corr -0.039 ratio 2.884) | bmw.i7 (CONTRADICTION, WEAK, corr -0.139 ratio 1.155)",,,,
40,1,legacy AUTO row,1;4,,0.0695,"Is Ice 'Lotus Eletre' (LOTUS, lotus-lotus-eletre) the same vehicle as TDR 'Eletre' (lotus.eletre)? Verdict applies to the candidate shown on this row.",lotus-lotus-eletre,Lotus Eletre,LOTUS,settled,SUV,lotus.eletre,Eletre,Lotus,CURRENT,COUPE,LEGACY_CANDIDATE;LEGACY_STORED;V1_POOL;V1_PRIMARY,AUTO,SERIES,219,0.9894269550539779,0.9813664596273292,1.0,2024-09,2026-09,24,1,2026-09,EQUIVALENT,EXACT,EQUAL,1.0,STRONG,,1.0,1.0,1.0,23,23,158.0,158.0,2024-09,2026-08,1,BRND_EXACT;NAME_EQUAL;SER_STRONG,SER_MISSING_ROW_SEMANTICS_UNCONFIRMED;ATTR_BODY_MISMATCH,,,PROPOSE,PROPOSE_SERIES_STRONG_CAPPED,lotus.eletre,EQUIVALENT,false,,true,,,,229,49,158,2024-02,2026-09,226,49,158,lotus-elise-sport-220__provisional;lotus-lotus-eletre,lotus-lotus-eletre,"lotus.emeya (CONTRADICTION, WEAK, corr -0.079 ratio 0.323)",,,,
41,1,legacy AUTO row,1,,0.0696,"Is Ice 'BMW XM' (BMW, bmw-bmw-xm) the same vehicle as TDR 'XM' (bmw.xm)? Verdict applies to the candidate shown on this row.",bmw-bmw-xm,BMW XM,BMW,settled,SUV,bmw.xm,XM,BMW,CURRENT,CROSSOVER,LEGACY_CANDIDATE;LEGACY_STORED;V1_POOL;V1_PRIMARY,AUTO,SERIES,221,0.9913627195841465,0.9855072463768116,1.0,2024-10,2026-09,24,1,2026-09,EQUIVALENT,EXACT,EQUAL,1.0,STRONG,,1.0,1.0,1.0,24,24,145.0,145.0,2024-09,2026-08,0,BRND_EXACT;NAME_EQUAL;SER_STRONG,,,,AUTO,AUTO_ALL_GATES_PASSED,bmw.xm,EQUIVALENT,false,,false,,,,214,56,145,2024-01,2026-09,212,56,145,bmw-bmw-m3;bmw-bmw-xm,bmw-bmw-xm,"bmw.bmw_x1 (CONTRADICTION, WEAK, corr 0.438 ratio 23.628) | bmw.bmw_x3 (CONTRADICTION, WEAK, corr -0.114 ratio 11.269) | bmw.ix (CONTRADICTION, WEAK, corr 0.228 ratio 2.399)",,,,
42,1,legacy AUTO row,1;4,,0.0696,"Is Ice 'Tiggo 8' (CHERY, chery-tiggo-8) the same vehicle as TDR 'Chery Tiggo 8' (chery.tiggo8)? Verdict applies to the candidate shown on this row.",chery-tiggo-8,Tiggo 8,CHERY,settled,SUV,chery.tiggo8,Chery Tiggo 8,Chery,CURRENT,CROSSOVER,LEGACY_CANDIDATE;LEGACY_STORED;V1_POOL;V1_PRIMARY,AUTO,SERIES,241,0.9922461881417463,0.9568345323741008,1.0,2026-04,2026-09,6,1,2026-09,EQUIVALENT,EXACT,EQUAL,1.0,UNAVAILABLE,SER_OVERLAP_BELOW_PROPOSE_MIN,,,,5,5,133.0,133.0,2026-04,2026-08,19,BRND_EXACT;NAME_EQUAL,NAME_ONLY_NOT_AUTO;SER_MISSING_ROW_SEMANTICS_UNCONFIRMED,,SER_OVERLAP_BELOW_PROPOSE_MIN,PROPOSE,PROPOSE_NAME_MATCH_SERIES_NOT_STRONG,chery.tiggo8,EQUIVALENT,true,STRONG_FLIPS;AVAILABILITY,true,,,,139,133,133,2026-04,2026-09,133,133,133,chery-tiggo-8;chery-tiggo-cross,chery-tiggo-8,,,,,
43,1,legacy AUTO row,1;4,,0.0698,"Is Ice 'Audi Q3' (AUDI, audi-audi-q3) the same vehicle as TDR 'Q3' (audi.audi_q3)? Verdict applies to the candidate shown on this row.",audi-audi-q3,Audi Q3,AUDI,settled,SUV,audi.audi_q3,Q3,Audi,CURRENT,CROSSOVER,LEGACY_CANDIDATE;LEGACY_STORED;V1_POOL;V1_PRIMARY,AUTO,SERIES,165,0.9965307251566413,0.987012987012987,1.0,2024-07,2026-09,24,1,2026-09,EQUIVALENT,EXACT,EQUAL,1.0,STRONG,,1.0,1.0,1.0,21,21,131.0,131.0,2024-09,2026-08,3,BRND_EXACT;NAME_EQUAL;SER_STRONG,SER_MISSING_ROW_SEMANTICS_UNCONFIRMED,,,PROPOSE,PROPOSE_SERIES_STRONG_CAPPED,audi.audi_q3,EQUIVALENT,false,,true,,,,759,25,131,2021-01,2026-09,757,25,131,audi-audi-q3;audi-audi-s3,audi-audi-q3,"audi.audi_q5 (CONTRADICTION, WEAK, corr 0.440 ratio 1.016) | audi.q7 (CONTRADICTION, WEAK, corr -0.254 ratio 0.339) | audi.q8 (CONTRADICTION, WEAK, corr 0.310 ratio 0.634)",,,,
44,1,legacy AUTO row,1;4,,0.07,"Is Ice 'Volvo S60' (VOLVO, volvo-volvo-s60) the same vehicle as TDR 'S60' (volvo.s60)? Verdict applies to the candidate shown on this row.",volvo-volvo-s60,Volvo S60,VOLVO,settled,Sedan,volvo.s60,S60,Volvo,CURRENT,SEDAN,LEGACY_CANDIDATE;LEGACY_STORED;V1_POOL;V1_PRIMARY,AUTO,SERIES,164,1.0,1.0,1.0,2024-08,2026-08,24,0,,EQUIVALENT,EXACT,EQUAL,1.0,STRONG,,1.0,1.0,1.0,23,23,129.0,129.0,2024-09,2026-08,1,BRND_EXACT;NAME_EQUAL;SER_STRONG,SER_MISSING_ROW_SEMANTICS_UNCONFIRMED;GEN_LIFECYCLE_PARTIAL,,,PROPOSE,PROPOSE_SERIES_STRONG_CAPPED,volvo.s60,EQUIVALENT,false,,true,,,,765,32,129,2021-01,2026-08,765,32,129,volvo-volvo-s60,volvo-volvo-s60,"volvo.s90 (CONTRADICTION, WEAK, corr 0.307 ratio 0.875) | volvo.v60 (CONTRADICTION, WEAK, corr 0.550 ratio 1.657) | volvo.xc60 (CONTRADICTION, WEAK, corr 0.422 ratio 3.566)",,,,
45,1,legacy AUTO row,1;4,,0.07,"Is Ice 'Audi Q5' (AUDI, audi-audi-q5) the same vehicle as TDR 'Q5' (audi.audi_q5)? Verdict applies to the candidate shown on this row.",audi-audi-q5,Audi Q5,AUDI,settled,SUV,audi.audi_q5,Q5,Audi,CURRENT,CROSSOVER,LEGACY_CANDIDATE;LEGACY_STORED;V1_POOL;V1_PRIMARY,AUTO,SERIES,204,1.0,1.0,1.0,2024-07,2026-07,24,0,,EQUIVALENT,EXACT,EQUAL,1.0,STRONG,,1.0,1.0,1.0,23,23,134.0,134.0,2024-08,2026-07,2,BRND_EXACT;NAME_EQUAL;SER_STRONG,SER_MISSING_ROW_SEMANTICS_UNCONFIRMED,,,PROPOSE,PROPOSE_SERIES_STRONG_CAPPED,audi.audi_q5,EQUIVALENT,false,,true,,,,299,43,128,2021-01,2026-07,299,43,128,audi-audi-q5;audi-audi-q6,audi-audi-q5,"audi.a5 (CONTRADICTION, WEAK, corr 0.200 ratio 2.866) | audi.audi_q3 (CONTRADICTION, WEAK, corr 0.440 ratio 0.985) | audi.q7 (CONTRADICTION, WEAK, corr 0.192 ratio 0.375)",,,,
46,1,legacy AUTO row,1;4,,0.071,"Is Ice 'BR-V' (HONDA, honda-br-v) the same vehicle as TDR 'BR-V' (honda.brv)? Verdict applies to the candidate shown on this row.",honda-br-v,BR-V,HONDA,settled,MPV,honda.brv,BR-V,Honda,CURRENT,MPV,LEGACY_CANDIDATE;LEGACY_STORED;V1_POOL;V1_PRIMARY,AUTO,SERIES,96,0.99979738289998,0.996031746031746,1.0,2024-04,2026-09,24,1,2026-09,EQUIVALENT,EXACT,EQUAL,1.0,STRONG,,1.0,1.0,1.0,23,23,251.0,251.0,2024-04,2026-03,6,BRND_EXACT;NAME_EQUAL;SER_STRONG,SER_MISSING_ROW_SEMANTICS_UNCONFIRMED;GEN_LIFECYCLE_PARTIAL,,,PROPOSE,PROPOSE_SERIES_STRONG_CAPPED,honda.brv,EQUIVALENT,false,,true,,,,4130,10,117,2021-01,2026-09,4129,10,117,HONDA|BENLY E;honda-br-v,honda-br-v,"honda.crv (SIBLING, WEAK, corr 0.737 ratio 58.633) | honda.hrv (SIBLING, WEAK, corr 0.194 ratio 170.633) | honda.wrv (SIBLING, WEAK, corr 0.742 ratio 5.335)",,,,
47,1,legacy AUTO row,1;4,,0.0712,"Is Ice 'Volvo S90' (VOLVO, volvo-volvo-s90) the same vehicle as TDR 'S90' (volvo.s90)? Verdict applies to the candidate shown on this row.",volvo-volvo-s90,Volvo S90,VOLVO,settled,Sedan,volvo.s90,S90,Volvo,CURRENT,SEDAN,LEGACY_CANDIDATE;LEGACY_STORED;V1_POOL;V1_PRIMARY,AUTO,SERIES,186,0.9921130192231011,0.9826086956521739,1.0,2024-09,2026-09,24,1,2026-09,EQUIVALENT,EXACT,EQUAL,1.0,STRONG,,1.0,1.0,1.0,23,23,113.0,113.0,2024-09,2026-08,1,BRND_EXACT;NAME_EQUAL;SER_STRONG,SER_VOLUME_BELOW_AUTO_MIN;SER_MISSING_ROW_SEMANTICS_UNCONFIRMED;GEN_LIFECYCLE_PARTIAL,,,PROPOSE,PROPOSE_SERIES_STRONG_CAPPED,volvo.s90,EQUIVALENT,false,,true,,,,486,49,113,2021-01,2026-09,484,49,113,volvo-volvo-s90,volvo-volvo-s90,"volvo.s60 (CONTRADICTION, WEAK, corr 0.307 ratio 1.143) | volvo.ex90 (CONTRADICTION, WEAK, corr -0.068 ratio 1.104) | volvo.xc90 (CONTRADICTION, WEAK, corr 0.545 ratio 2.168)",,,,
48,1,legacy AUTO row,1;4,,0.0712,"Is Ice 'Toyota Crown' (TOYOTA, toyota-toyota-crown) the same vehicle as TDR 'Crown' (toyota.crown)? Verdict applies to the candidate shown on this row.",toyota-toyota-crown,Toyota Crown,TOYOTA,settled,SUV,toyota.crown,Crown,Toyota,CURRENT,SEDAN,LEGACY_CANDIDATE;LEGACY_STORED;V1_POOL;V1_PRIMARY,AUTO,SERIES,235,0.9959501608281875,0.9894736842105263,1.0,2024-10,2026-09,24,1,2026-09,EQUIVALENT,EXACT,EQUAL,1.0,STRONG,,1.0,1.0,1.0,24,24,97.0,97.0,2024-09,2026-08,0,BRND_EXACT;NAME_EQUAL;SER_STRONG,SER_VOLUME_BELOW_AUTO_MIN;ATTR_BODY_MISMATCH,,,PROPOSE,PROPOSE_SERIES_STRONG_CAPPED,toyota.crown,EQUIVALENT,false,,true,,,,152,47,97,2021-08,2026-09,151,47,97,toyota-toyota-crown,toyota-toyota-crown,"toyota.c_hr (CONTRADICTION, WEAK, corr 0.280 ratio 1.059) | toyota.camry (CONTRADICTION, WEAK, corr 0.478 ratio 117.227) | toyota.yaris_cross (CONTRADICTION, WEAK, corr 0.411 ratio 714.289)",,,,
49,1,legacy AUTO row,1;4,,0.0713,"Is Ice 'Peugeot 2008' (PEUGEOT, peugeot-peugeot-2008) the same vehicle as TDR 'Peugeot 2008' (peugeot.peugeot_2008)? Verdict applies to the candidate shown on this row.",peugeot-peugeot-2008,Peugeot 2008,PEUGEOT,settled,SUV,peugeot.peugeot_2008,Peugeot 2008,Peugeot,CURRENT,CROSSOVER,LEGACY_CANDIDATE;LEGACY_STORED;V1_POOL;V1_PRIMARY,AUTO,SERIES,179,1.0000000000000002,1.0,1.0,2024-06,2026-07,24,0,,EQUIVALENT,EXACT,EQUAL,1.0,STRONG,,1.0,1.0,1.0,22,22,93.0,93.0,2024-08,2026-07,3,BRND_EXACT;NAME_EQUAL;SER_STRONG,SER_VOLUME_BELOW_AUTO_MIN;SER_MISSING_ROW_SEMANTICS_UNCONFIRMED,,,PROPOSE,PROPOSE_SERIES_STRONG_CAPPED,peugeot.peugeot_2008,EQUIVALENT,false,,true,,,,566,43,87,2022-02,2026-07,566,43,87,peugeot-peugeot-2008,peugeot-peugeot-2008,"peugeot.peugeot_3008 (CONTRADICTION, WEAK, corr 0.742 ratio 1.106)",,,,
50,1,legacy AUTO row,1;4,,0.0716,"Is Ice 'Peugeot 3008' (PEUGEOT, peugeot-peugeot-3008) the same vehicle as TDR 'Peugeot 3008' (peugeot.peugeot_3008)? Verdict applies to the candidate shown on this row.",peugeot-peugeot-3008,Peugeot 3008,PEUGEOT,settled,SUV,peugeot.peugeot_3008,Peugeot 3008,Peugeot,CURRENT,CROSSOVER,LEGACY_CANDIDATE;LEGACY_STORED;V1_POOL;V1_PRIMARY,AUTO,SERIES,156,0.9999999999999999,1.0,1.0,2024-04,2026-07,24,0,,EQUIVALENT,EXACT,EQUAL,1.0,STRONG,,1.0,1.0,1.0,20,20,94.0,94.0,2024-08,2026-07,5,BRND_EXACT;NAME_EQUAL;SER_STRONG,SER_VOLUME_BELOW_AUTO_MIN;SER_MISSING_ROW_SEMANTICS_UNCONFIRMED,,,PROPOSE,PROPOSE_SERIES_STRONG_CAPPED,peugeot.peugeot_3008,EQUIVALENT,false,,true,,,,939,39,86,2021-01,2026-07,939,39,86,peugeot-peugeot-3008;peugeot-peugeot-408;peugeot-peugeot-5008,peugeot-peugeot-3008,"peugeot.peugeot_2008 (CONTRADICTION, WEAK, corr 0.742 ratio 0.904)",,,,
51,1,legacy AUTO row,1;4,,0.0716,"Is Ice 'EV9' (KIA, kia-ev9) the same vehicle as TDR 'EV9' (kia.ev9)? Verdict applies to the candidate shown on this row.",kia-ev9,EV9,KIA,settled,SUV,kia.ev9,EV9,Kia,CURRENT,CROSSOVER,LEGACY_CANDIDATE;LEGACY_STORED;V1_POOL;V1_PRIMARY,AUTO,SERIES,251,1.0,1.0,1.0,2024-07,2026-08,24,0,,EQUIVALENT,EXACT,EQUAL,1.0,STRONG,,1.0,1.0,1.0,22,22,84.0,84.0,2024-09,2026-08,2,BRND_EXACT;NAME_EQUAL;SER_STRONG,SER_VOLUME_BELOW_AUTO_MIN;SER_MISSING_ROW_SEMANTICS_UNCONFIRMED,,,PROPOSE,PROPOSE_SERIES_STRONG_CAPPED,kia.ev9,EQUIVALENT,false,,true,,,,101,27,84,2024-05,2026-08,101,27,84,kia-ev9,kia-ev9,"kia.ev5 (CONTRADICTION, WEAK, corr 0.682 ratio 14.726) | kia.ev6 (CONTRADICTION, UNAVAILABLE)",,,,
52,1,legacy AUTO row,1;4;6,,0.0716,"Is Ice 'BMW iX2' (BMW, bmw-bmw-ix2) the same vehicle as TDR 'iX2' (bmw.ix2)? Verdict applies to the candidate shown on this row.",bmw-bmw-ix2,BMW iX2,BMW,settled,SUV,bmw.ix2,iX2,BMW,CURRENT,CROSSOVER,LEGACY_CANDIDATE;LEGACY_STORED;V1_POOL;V1_PRIMARY,AUTO,SERIES,248,1.0,1.0,1.0,2024-06,2026-08,24,0,,EQUIVALENT,EXACT,EQUAL,1.0,STRONG,,1.0,1.0,1.0,21,21,80.0,80.0,2024-09,2026-08,3,BRND_EXACT;NAME_EQUAL;SER_STRONG,SER_VOLUME_BELOW_AUTO_MIN;SER_MISSING_ROW_SEMANTICS_UNCONFIRMED,,,PROPOSE,PROPOSE_SERIES_STRONG_CAPPED,bmw.ix2,EQUIVALENT,false,,true,,,,106,19,80,2024-05,2026-08,106,19,80,bmw-bmw-ix2;bmw-bmw-m2,bmw-bmw-ix2,"bmw.ix (CONTRADICTION, WEAK, corr -0.179 ratio 3.848) | bmw.bmw_ix3 (CONTRADICTION, WEAK, corr 0.598 ratio 8.738) | bmw.ix1 (CONTRADICTION, UNAVAILABLE)",,,,
53,1,legacy AUTO row,1;4,,0.0716,"Is Ice 'Toyota Noah' (TOYOTA, toyota-toyota-noah) the same vehicle as TDR 'Noah' (toyota.noah)? Verdict applies to the candidate shown on this row.",toyota-toyota-noah,Toyota Noah,TOYOTA,settled,MPV,toyota.noah,Noah,Toyota,CURRENT,MPV,LEGACY_CANDIDATE;LEGACY_STORED;V1_POOL;V1_PRIMARY,AUTO,SERIES,228,0.9999999999999999,1.0,1.0,2024-06,2026-08,24,0,,EQUIVALENT,EXACT,EQUAL,1.0,STRONG,,1.0,1.0,1.0,21,21,79.0,79.0,2024-09,2026-08,3,BRND_EXACT;NAME_EQUAL;SER_STRONG,SER_VOLUME_BELOW_AUTO_MIN;SER_MISSING_ROW_SEMANTICS_UNCONFIRMED,,,PROPOSE,PROPOSE_SERIES_STRONG_CAPPED,toyota.noah,EQUIVALENT,false,,true,,,,183,21,79,2022-06,2026-08,183,21,79,TOYOTA|COASTER;toyota-toyota-noah,toyota-toyota-noah,"toyota.innova_zenix (CONTRADICTION, WEAK, corr 0.413 ratio 34.076) | toyota.alphard (CONTRADICTION, WEAK, corr 0.578 ratio 87.215)",,,,
54,1,legacy AUTO row,1;4,,0.073,"Is Ice 'Ciaz' (SUZUKI, suzuki-ciaz) the same vehicle as TDR 'Ciaz' (suzuki.ciaz)? Verdict applies to the candidate shown on this row.",suzuki-ciaz,Ciaz,SUZUKI,settled,Sedan,suzuki.ciaz,Ciaz,Suzuki,CURRENT,SEDAN,LEGACY_CANDIDATE;LEGACY_STORED;V1_POOL;V1_PRIMARY,AUTO,SERIES,79,1.0,1.0,1.0,2024-02,2026-08,24,0,,EQUIVALENT,EXACT,EQUAL,1.0,STRONG,,1.0,1.0,1.0,17,17,75.0,75.0,2024-09,2026-08,7,BRND_EXACT;NAME_EQUAL;SER_STRONG,SER_VOLUME_BELOW_AUTO_MIN;SER_MISSING_ROW_SEMANTICS_UNCONFIRMED,,,PROPOSE,PROPOSE_SERIES_STRONG_CAPPED,suzuki.ciaz,EQUIVALENT,false,,true,,,,5737,9,75,2021-01,2026-08,5737,9,75,suzuki-ciaz,suzuki-ciaz,"suzuki.suzuki_carry (CONTRADICTION, WEAK, corr 0.406 ratio 12.640) | suzuki.ertiga (CONTRADICTION, WEAK, corr -0.158 ratio 3.390) | suzuki.celerio (CONTRADICTION, WEAK, corr 0.412 ratio 21.053)",,,,
55,1,legacy AUTO row,1;4,,0.0731,"Is Ice 'Jeep Wrangler' (JEEP, jeep-jeep-wrangler) the same vehicle as TDR 'Wrangler' (jeep.wrangler)? Verdict applies to the candidate shown on this row.",jeep-jeep-wrangler,Jeep Wrangler,JEEP,settled,SUV,jeep.wrangler,Wrangler,Jeep,CURRENT,OFFROAD,LEGACY_CANDIDATE;LEGACY_STORED;V1_POOL;V1_PRIMARY,AUTO,SERIES,213,0.9999999999999998,1.0,1.0,2024-06,2026-08,24,0,,EQUIVALENT,EXACT,EQUAL,1.0,STRONG,,1.0,1.0,1.0,22,22,74.0,74.0,2024-09,2026-08,2,BRND_EXACT;NAME_EQUAL;SER_STRONG,SER_VOLUME_BELOW_AUTO_MIN;SER_MISSING_ROW_SEMANTICS_UNCONFIRMED,,,PROPOSE,PROPOSE_SERIES_STRONG_CAPPED,jeep.wrangler,EQUIVALENT,false,,true,,,,264,34,74,2021-01,2026-08,264,34,74,jeep-jeep-gladiator;jeep-jeep-grand;jeep-jeep-wrangler,jeep-jeep-wrangler,,,,,
56,1,legacy AUTO row,1;4,,0.0741,"Is Ice 'C-HR' (TOYOTA, toyota-c-hr) the same vehicle as TDR 'C-HR' (toyota.c_hr)? Verdict applies to the candidate shown on this row.",toyota-c-hr,C-HR,TOYOTA,settled,SUV,toyota.c_hr,C-HR,Toyota,CURRENT,CROSSOVER,LEGACY_CANDIDATE;LEGACY_STORED;V1_POOL;V1_PRIMARY,AUTO,SERIES,98,1.0000000000000002,1.0,1.0,2023-11,2026-07,24,0,,EQUIVALENT,EXACT,EQUAL,1.0,STRONG,,1.0,1.0,1.0,16,16,72.0,72.0,2024-08,2026-07,9,BRND_EXACT;NAME_EQUAL;SER_STRONG,SER_VOLUME_BELOW_AUTO_MIN;SER_MISSING_ROW_SEMANTICS_UNCONFIRMED;GEN_LIFECYCLE_PARTIAL,,,PROPOSE,PROPOSE_SERIES_STRONG_CAPPED,toyota.c_hr,EQUIVALENT,false,,true,,,,4055,42,71,2021-01,2026-07,4055,42,71,TOYOTA|2 5HV;TOYOTA|C POD;TOYOTA|CENTURY HYBRID;toyota-86-gr__provisional;toyota-c-hr,toyota-c-hr,"toyota.camry (CONTRADICTION, WEAK, corr 0.237 ratio 104.528) | toyota.crown (CONTRADICTION, WEAK, corr 0.280 ratio 0.944) | toyota.alphard (CONTRADICTION, WEAK, corr -0.351 ratio 72.528)",,,,
57,1,legacy AUTO row,1;4;6,,0.0741,"Is Ice 'Ioniq 6' (HYUNDAI, hyundai-ioniq-6) the same vehicle as TDR 'Ioniq 6' (hyundai.ioniq6)? Verdict applies to the candidate shown on this row.",hyundai-ioniq-6,Ioniq 6,HYUNDAI,settled,Sedan,hyundai.ioniq6,Ioniq 6,Hyundai,CURRENT,SEDAN,LEGACY_CANDIDATE;LEGACY_STORED;V1_POOL;V1_PRIMARY,AUTO,SERIES,272,0.9952027905425249,0.9841269841269841,1.0,2024-10,2026-09,20,1,2026-09,EQUIVALENT,EXACT,EQUAL,1.0,STRONG,,1.0,1.0,1.0,19,19,62.0,62.0,2024-10,2026-07,5,BRND_EXACT;NAME_EQUAL;SER_STRONG,SER_VOLUME_BELOW_AUTO_MIN;SER_MISSING_ROW_SEMANTICS_UNCONFIRMED,,,PROPOSE,PROPOSE_SERIES_STRONG_CAPPED,hyundai.ioniq6,EQUIVALENT,false,,true,,,,63,24,62,2024-10,2026-09,62,24,62,hyundai-ioniq-6,hyundai-ioniq-6,"hyundai.ioniq5 (SIBLING, WEAK, corr 0.090 ratio 6.579)",,,,
58,1,legacy AUTO row,1;4,,0.0741,"Is Ice 'Maserati Grecale' (MASERATI, maserati-maserati-grecale) the same vehicle as TDR 'Grecale' (maserati.grecale)? Verdict applies to the candidate shown on this row.",maserati-maserati-grecale,Maserati Grecale,MASERATI,settled,SUV,maserati.grecale,Grecale,Maserati,CURRENT,COUPE,LEGACY_CANDIDATE;LEGACY_STORED;V1_POOL;V1_PRIMARY,AUTO,SERIES,260,0.9931864956085117,0.9848484848484849,1.0,2024-06,2026-09,24,1,2026-09,EQUIVALENT,EXACT,EQUAL,1.0,STRONG,,1.0,1.0,1.0,20,20,59.0,59.0,2024-09,2026-08,4,BRND_EXACT;NAME_EQUAL;SER_STRONG,SER_VOLUME_BELOW_AUTO_MIN;SER_MISSING_ROW_SEMANTICS_UNCONFIRMED;ATTR_BODY_MISMATCH,,,PROPOSE,PROPOSE_SERIES_STRONG_CAPPED,maserati.grecale,EQUIVALENT,false,,true,,,,85,26,59,2023-09,2026-09,84,26,59,maserati-maserati-grecale,maserati-maserati-grecale,,,,,
59,1,legacy AUTO row,1;4,,0.0741,"Is Ice 'Ferrari 296' (FERRARI, ferrari-ferrari-296) the same vehicle as TDR '296' (ferrari.296)? Verdict applies to the candidate shown on this row.",ferrari-ferrari-296,Ferrari 296,FERRARI,settled,Coupe/Convertible,ferrari.296,296,Ferrari,CURRENT,COUPE,LEGACY_CANDIDATE;LEGACY_STORED;V1_POOL;V1_PRIMARY,AUTO,SERIES,255,0.9888212876251865,0.9838709677419355,1.0,2024-05,2026-09,24,1,2026-09,EQUIVALENT,EXACT,EQUAL,1.0,STRONG,,1.0,1.0,1.0,19,19,49.0,49.0,2024-09,2026-08,5,BRND_EXACT;NAME_EQUAL;SER_STRONG,SER_VOLUME_BELOW_AUTO_MIN;SER_MISSING_ROW_SEMANTICS_UNCONFIRMED,,,PROPOSE,PROPOSE_SERIES_STRONG_CAPPED,ferrari.296,EQUIVALENT,false,,true,,,,95,20,49,2023-05,2026-09,94,20,49,ferrari-ferrari-296,ferrari-ferrari-296,,,,,
60,1,legacy AUTO row,1;4,,0.0742,"Is Ice 'Lamborghini Urus' (LAMBORGHINI, lamborghini-lamborghini-urus) the same vehicle as TDR 'Urus' (lamborghini.urus)? Verdict applies to the candidate shown on this row.",lamborghini-lamborghini-urus,Lamborghini Urus,LAMBORGHINI,settled,SUV,lamborghini.urus,Urus,Lamborghini,CURRENT,COUPE,LEGACY_CANDIDATE;LEGACY_STORED;V1_POOL;V1_PRIMARY,AUTO,SERIES,244,0.9916993550588256,0.9827586206896551,1.0,2024-05,2026-09,24,1,2026-09,EQUIVALENT,EXACT,EQUAL,1.0,STRONG,,1.0,1.0,1.0,19,19,46.0,46.0,2024-09,2026-08,5,BRND_EXACT;NAME_EQUAL;SER_STRONG,SER_VOLUME_BELOW_AUTO_MIN;SER_MISSING_ROW_SEMANTICS_UNCONFIRMED;ATTR_BODY_MISMATCH,,,PROPOSE,PROPOSE_SERIES_STRONG_CAPPED,lamborghini.urus,EQUIVALENT,false,,true,,,,118,21,46,2021-01,2026-09,117,21,46,lamborghini-lamborghini-urus,lamborghini-lamborghini-urus,"lamborghini.huracan (CONTRADICTION, WEAK, corr 0.258 ratio 1.000)",,,,
61,1,legacy AUTO row,1;4,,0.0742,"Is Ice 'Audi Q7' (AUDI, audi-audi-q7) the same vehicle as TDR 'Audi Q7' (audi.q7)? Verdict applies to the candidate shown on this row.",audi-audi-q7,Audi Q7,AUDI,settled,SUV,audi.q7,Audi Q7,Audi,CURRENT,CROSSOVER,LEGACY_CANDIDATE;LEGACY_STORED;V1_POOL;V1_PRIMARY,AUTO,SERIES,232,1.0,1.0,1.0,2024-03,2026-06,24,0,,EQUIVALENT,EXACT,EQUAL,1.0,STRONG,,1.0,1.0,1.0,21,21,46.0,46.0,2024-07,2026-06,5,BRND_EXACT;NAME_EQUAL;SER_STRONG,SER_VOLUME_BELOW_AUTO_MIN;SER_MISSING_ROW_SEMANTICS_UNCONFIRMED,,,PROPOSE,PROPOSE_SERIES_STRONG_CAPPED,audi.q7,EQUIVALENT,false,,true,,,,164,21,43,2021-01,2026-06,164,21,43,audi-audi-q7,audi-audi-q7,"audi.a7 (CONTRADICTION, UNAVAILABLE) | audi.audi_q3 (CONTRADICTION, WEAK, corr -0.254 ratio 2.953) | audi.audi_q5 (CONTRADICTION, WEAK, corr 0.192 ratio 2.667)",,,,
62,1,legacy AUTO row,1;4,,0.0743,"Is Ice 'Bentley Bentayga' (BENTLEY, bentley-bentley-bentayga) the same vehicle as TDR 'Bentayga' (bentley.bentayga)? Verdict applies to the candidate shown on this row.",bentley-bentley-bentayga,Bentley Bentayga,BENTLEY,settled,SUV,bentley.bentayga,Bentayga,Bentley,CURRENT,SEDAN,LEGACY_CANDIDATE;LEGACY_STORED;V1_POOL;V1_PRIMARY,AUTO,SERIES,206,1.0,1.0,1.0,2024-04,2026-08,24,0,,EQUIVALENT,EXACT,EQUAL,1.0,STRONG,,1.0,1.0,1.0,19,19,42.0,42.0,2024-09,2026-08,5,BRND_EXACT;NAME_EQUAL;SER_STRONG,SER_VOLUME_BELOW_AUTO_MIN;SER_MISSING_ROW_SEMANTICS_UNCONFIRMED;ATTR_BODY_MISMATCH,,,PROPOSE,PROPOSE_SERIES_STRONG_CAPPED,bentley.bentayga,EQUIVALENT,false,,true,,,,294,17,42,2021-01,2026-08,294,17,42,bentley-bentley-bentayga;bentley-bentley-continental,bentley-bentley-bentayga,,,,,
63,1,legacy AUTO row,1;4,,0.0743,"Is Ice 'Audi A4' (AUDI, audi-audi-a4) the same vehicle as TDR 'A4' (audi.a4)? Verdict applies to the candidate shown on this row.",audi-audi-a4,Audi A4,AUDI,settled,Sedan,audi.a4,A4,Audi,CURRENT,SEDAN,LEGACY_CANDIDATE;LEGACY_STORED;V1_POOL;V1_PRIMARY,AUTO,SERIES,233,1.0,1.0,1.0,2024-02,2026-07,24,0,,EQUIVALENT,EXACT,EQUAL,1.0,STRONG,,1.0,1.0,1.0,18,18,37.0,37.0,2024-08,2026-07,7,BRND_EXACT;NAME_EQUAL;SER_STRONG,SER_VOLUME_BELOW_AUTO_MIN;SER_MISSING_ROW_SEMANTICS_UNCONFIRMED;GEN_LIFECYCLE_PARTIAL,,,PROPOSE,PROPOSE_SERIES_STRONG_CAPPED,audi.a4,EQUIVALENT,false,,true,,,,153,9,34,2021-01,2026-07,153,9,34,audi-audi-a4,audi-audi-a4,"audi.a1 (CONTRADICTION, UNAVAILABLE) | audi.a5 (CONTRADICTION, WEAK, corr -0.152 ratio 8.459) | audi.a6 (CONTRADICTION, UNAVAILABLE)",,,,
64,1,legacy AUTO row,1;4,,0.0744,"Is Ice 'Lexus UX' (LEXUS, lexus-lexus-ux) the same vehicle as TDR 'UX' (lexus.ux)? Verdict applies to the candidate shown on this row.",lexus-lexus-ux,Lexus UX,LEXUS,settled,SUV,lexus.ux,UX,Lexus,CURRENT,CROSSOVER,LEGACY_CANDIDATE;LEGACY_STORED;V1_POOL;V1_PRIMARY,AUTO,SERIES,224,1.0000000000000002,1.0,1.0,2024-03,2026-08,24,0,,EQUIVALENT,EXACT,EQUAL,1.0,STRONG,,1.0,1.0,1.0,18,18,33.0,33.0,2024-09,2026-08,6,BRND_EXACT;NAME_EQUAL;SER_STRONG,SER_VOLUME_BELOW_AUTO_MIN;SER_MISSING_ROW_SEMANTICS_UNCONFIRMED;GEN_LIFECYCLE_PARTIAL,,,PROPOSE,PROPOSE_SERIES_STRONG_CAPPED,lexus.ux,EQUIVALENT,false,,true,,,,189,12,33,2021-01,2026-08,189,12,33,lexus-lexus-ux,lexus-lexus-ux,"lexus.lexus_nx (CONTRADICTION, WEAK, corr 0.159 ratio 7.242) | lexus.lexus_rx (CONTRADICTION, WEAK, corr -0.117 ratio 6.545) | lexus.lx (CONTRADICTION, UNAVAILABLE)",,,,
65,1,legacy AUTO row,1;4,,0.0744,"Is Ice 'Sokon EC35' (SOKON, sokon-sokon-ec35) the same vehicle as TDR 'Sokon EC35' (sokon.sokon_ec35)? Verdict applies to the candidate shown on this row.",sokon-sokon-ec35,Sokon EC35,SOKON,settled,Van,sokon.sokon_ec35,Sokon EC35,Sokon,CURRENT,VAN,LEGACY_CANDIDATE;LEGACY_STORED;V1_POOL;V1_PRIMARY,AUTO,SERIES,278,1.0,1.0,1.0,2023-09,2026-08,17,0,,EQUIVALENT,EXACT,EQUAL,1.0,STRONG,,1.0,1.0,1.0,14,14,33.0,33.0,2024-09,2026-08,10,BRND_EXACT;NAME_EQUAL;SER_STRONG,SER_VOLUME_BELOW_AUTO_MIN;SER_MISSING_ROW_SEMANTICS_UNCONFIRMED,,,PROPOSE,PROPOSE_SERIES_STRONG_CAPPED,sokon.sokon_ec35,EQUIVALENT,false,,true,,,,39,15,33,2023-09,2026-08,39,15,33,SOKON|EC31;sokon-crc50;sokon-sokon-ec35,sokon-sokon-ec35,,,,,
66,1,legacy AUTO row,1;4,,0.0744,"Is Ice 'Honda Odyssey' (HONDA, honda-honda-odyssey) the same vehicle as TDR 'Odyssey' (honda.odyssey)? Verdict applies to the candidate shown on this row.",honda-honda-odyssey,Honda Odyssey,HONDA,settled,MPV,honda.odyssey,Odyssey,Honda,CURRENT,MPV,LEGACY_CANDIDATE;LEGACY_STORED;V1_POOL;V1_PRIMARY,AUTO,SERIES,243,0.9836957947137626,0.9782608695652174,1.0,2024-02,2026-09,24,1,2026-09,EQUIVALENT,EXACT,EQUAL,1.0,STRONG,,1.0,1.0,1.0,16,16,31.0,31.0,2024-09,2026-08,8,BRND_EXACT;NAME_EQUAL;SER_STRONG,SER_VOLUME_BELOW_AUTO_MIN;SER_MISSING_ROW_SEMANTICS_UNCONFIRMED,,,PROPOSE,PROPOSE_SERIES_STRONG_CAPPED,honda.odyssey,EQUIVALENT,false,,true,,,,122,12,31,2021-04,2026-09,121,12,31,honda-honda-odyssey,honda-honda-odyssey,,,,,
67,1,legacy AUTO row,1;4,,0.0744,"Is Ice 'Nissan Sylphy' (NISSAN, nissan-nissan-sylphy) the same vehicle as TDR 'Nissan Sylphy' (nissan.sylphy)? Verdict applies to the candidate shown on this row.",nissan-nissan-sylphy,Nissan Sylphy,NISSAN,settled,Sedan,nissan.sylphy,Nissan Sylphy,Nissan,CURRENT,SEDAN,LEGACY_CANDIDATE;LEGACY_STORED;V1_POOL;V1_PRIMARY,AUTO,SERIES,231,1.0,1.0,1.0,2022-09,2026-07,24,0,,EQUIVALENT,EXACT,EQUAL,1.0,UNAVAILABLE,SER_VOLUME_BELOW_PROPOSE_MIN,,,,10,10,22.0,22.0,2024-08,2026-07,15,BRND_EXACT;NAME_EQUAL,NAME_ONLY_NOT_AUTO;SER_MISSING_ROW_SEMANTICS_UNCONFIRMED,,SER_VOLUME_BELOW_PROPOSE_MIN,PROPOSE,PROPOSE_NAME_MATCH_SERIES_NOT_STRONG,nissan.sylphy,EQUIVALENT,true,STRONG_FLIPS;AVAILABILITY,true,,,,165,16,20,2021-01,2026-07,165,16,20,nissan-nissan-sylphy,nissan-nissan-sylphy,,,,,
68,1,legacy AUTO row,1;4,,0.0745,"Is Ice 'Maserati Levante' (MASERATI, maserati-maserati-levante) the same vehicle as TDR 'Levante' (maserati.levante)? Verdict applies to the candidate shown on this row.",maserati-maserati-levante,Maserati Levante,MASERATI,settled,SUV,maserati.levante,Levante,Maserati,CURRENT,COUPE,LEGACY_CANDIDATE;LEGACY_STORED;V1_POOL;V1_PRIMARY,AUTO,SERIES,266,1.0000000000000002,1.0,1.0,2023-04,2026-08,24,0,,EQUIVALENT,EXACT,EQUAL,1.0,UNAVAILABLE,SER_VOLUME_BELOW_PROPOSE_MIN,,,,12,12,13.0,13.0,2024-09,2026-08,12,BRND_EXACT;NAME_EQUAL,NAME_ONLY_NOT_AUTO;SER_MISSING_ROW_SEMANTICS_UNCONFIRMED;ATTR_BODY_MISMATCH,,SER_VOLUME_BELOW_PROPOSE_MIN,PROPOSE,PROPOSE_NAME_MATCH_SERIES_NOT_STRONG,maserati.levante,EQUIVALENT,true,STRONG_FLIPS;AVAILABILITY,true,,,,76,4,13,2021-01,2026-08,76,4,13,maserati-maserati-levante,maserati-maserati-levante,,,,,
69,1,legacy AUTO row,1;4,,0.0745,"Is Ice 'Chevrolet Captiva' (CHEVROLET, chevrolet-chevrolet-captiva) the same vehicle as TDR 'Captiva' (chevrolet.captiva)? Verdict applies to the candidate shown on this row.",chevrolet-chevrolet-captiva,Chevrolet Captiva,CHEVROLET,settled,SUV,chevrolet.captiva,Captiva,Chevrolet,CURRENT,CROSSOVER,LEGACY_CANDIDATE;LEGACY_STORED;V1_POOL;V1_PRIMARY,AUTO,SERIES,220,1.0,1.0,1.0,2022-11,2026-06,24,0,,EQUIVALENT,EXACT,EQUAL,1.0,UNAVAILABLE,SER_VOLUME_BELOW_PROPOSE_MIN,,,,10,10,10.0,10.0,2024-09,2026-06,14,BRND_EXACT;NAME_EQUAL,NAME_ONLY_NOT_AUTO;SER_MISSING_ROW_SEMANTICS_UNCONFIRMED,,SER_VOLUME_BELOW_PROPOSE_MIN,PROPOSE,PROPOSE_NAME_MATCH_SERIES_NOT_STRONG,chevrolet.captiva,EQUIVALENT,true,STRONG_FLIPS;AVAILABILITY,true,,,,215,3,10,2021-01,2026-06,215,3,10,CHEVROLET|OPTRA;chevrolet-chevrolet-captiva,chevrolet-chevrolet-captiva,,,,,
70,1,legacy AUTO row,1;4,,0.0745,"Is Ice 'Maserati Granturismo' (MASERATI, maserati-maserati-granturismo) the same vehicle as TDR 'GranTurismo' (maserati.granturismo)? Verdict applies to the candidate shown on this row.",maserati-maserati-granturismo,Maserati Granturismo,MASERATI,settled,Coupe/Convertible,maserati.granturismo,GranTurismo,Maserati,CURRENT,COUPE,LEGACY_CANDIDATE;LEGACY_STORED;V1_POOL;V1_PRIMARY,AUTO,SERIES,314,1.0000000000000002,1.0,1.0,2025-01,2026-07,7,0,,EQUIVALENT,EXACT,EQUAL,1.0,UNAVAILABLE,SER_VOLUME_BELOW_PROPOSE_MIN,,,,7,7,10.0,10.0,2025-01,2026-07,17,BRND_EXACT;NAME_EQUAL,NAME_ONLY_NOT_AUTO;SER_MISSING_ROW_SEMANTICS_UNCONFIRMED,,SER_VOLUME_BELOW_PROPOSE_MIN,PROPOSE,PROPOSE_NAME_MATCH_SERIES_NOT_STRONG,maserati.granturismo,EQUIVALENT,true,STRONG_FLIPS;AVAILABILITY,true,,,,10,7,10,2025-01,2026-07,10,7,10,MASERATI|GRANCABRIO SPORT;maserati-maserati-granturismo,maserati-maserati-granturismo,,,,,
71,1,legacy AUTO row,1;4,,0.0745,"Is Ice 'Audi A6' (AUDI, audi-audi-a6) the same vehicle as TDR 'Audi A6' (audi.a6)? Verdict applies to the candidate shown on this row.",audi-audi-a6,Audi A6,AUDI,settled,Sedan,audi.a6,Audi A6,Audi,CURRENT,SEDAN,LEGACY_CANDIDATE;LEGACY_STORED;V1_POOL;V1_PRIMARY,AUTO,SERIES,249,0.9999999999999998,1.0,1.0,2022-10,2026-08,24,0,,EQUIVALENT,EXACT,EQUAL,1.0,UNAVAILABLE,SER_VOLUME_BELOW_PROPOSE_MIN,,,,6,6,7.0,7.0,2025-01,2026-08,18,BRND_EXACT;NAME_EQUAL,NAME_ONLY_NOT_AUTO;SER_MISSING_ROW_SEMANTICS_UNCONFIRMED,,SER_VOLUME_BELOW_PROPOSE_MIN,PROPOSE,PROPOSE_NAME_MATCH_SERIES_NOT_STRONG,audi.a6,EQUIVALENT,true,STRONG_FLIPS;AVAILABILITY,true,,,,104,4,7,2021-01,2026-08,104,4,7,audi-audi-a6,audi-audi-a6,"audi.a1 (CONTRADICTION, WEAK, corr 0.442 ratio 0.638) | audi.a4 (CONTRADICTION, UNAVAILABLE) | audi.a5 (CONTRADICTION, UNAVAILABLE)",,,,
72,1,legacy AUTO row,1;4,,0.0746,"Is Ice 'Ferrari F8' (FERRARI, ferrari-ferrari-f8) the same vehicle as TDR 'F8' (ferrari.f8)? Verdict applies to the candidate shown on this row.",ferrari-ferrari-f8,Ferrari F8,FERRARI,settled,Coupe/Convertible,ferrari.f8,F8,Ferrari,CURRENT,COUPE,LEGACY_CANDIDATE;LEGACY_STORED;V1_POOL;V1_PRIMARY,AUTO,SERIES,257,1.0,1.0,1.0,2022-09,2026-06,24,0,,EQUIVALENT,EXACT,EQUAL,1.0,UNAVAILABLE,SER_VOLUME_BELOW_PROPOSE_MIN,,,,8,8,8.0,8.0,2024-08,2026-06,17,BRND_EXACT;NAME_EQUAL,NAME_ONLY_NOT_AUTO;SER_MISSING_ROW_SEMANTICS_UNCONFIRMED,,SER_VOLUME_BELOW_PROPOSE_MIN,PROPOSE,PROPOSE_NAME_MATCH_SERIES_NOT_STRONG,ferrari.f8,EQUIVALENT,true,STRONG_FLIPS;AVAILABILITY,true,,,,90,2,7,2021-02,2026-06,90,2,7,ferrari-ferrari-488;ferrari-ferrari-f8,ferrari-ferrari-f8,,,,,
73,1,legacy AUTO row,1;4,,0.0746,"Is Ice 'Audi A8L' (AUDI, audi-audi-a8l) the same vehicle as TDR 'A8' (audi.a8)? Verdict applies to the candidate shown on this row.",audi-audi-a8l,Audi A8L,AUDI,settled,Sedan,audi.a8,A8,Audi,CURRENT,SEDAN,LEGACY_CANDIDATE;LEGACY_STORED;V1_POOL,AUTO,SERIES,295,1.0,1.0,0.8,2021-03,2026-06,19,0,,EQUIVALENT,EXACT,CONTRADICTION,0.0,UNAVAILABLE,SER_VOLUME_BELOW_PROPOSE_MIN,,,,8,8,9.0,9.0,2024-07,2026-06,18,BRND_EXACT,NAME_ONLY_NOT_AUTO;SER_MISSING_ROW_SEMANTICS_UNCONFIRMED;GEN_LIFECYCLE_PARTIAL,NAME_CONTRADICTION,SER_VOLUME_BELOW_PROPOSE_MIN,NO_CANDIDATE,NO_CANDIDATE_ALL_EXCLUDED,,,true,STRONG_FLIPS;AVAILABILITY,true,,,,22,4,7,2021-03,2026-06,22,4,7,audi-audi-a8l,,"audi.a1 (CONTRADICTION, UNAVAILABLE) | audi.a4 (CONTRADICTION, UNAVAILABLE) | audi.a5 (CONTRADICTION, UNAVAILABLE)",,,,
74,1,legacy AUTO row,1;4,,0.0746,"Is Ice 'Honda Mobilio' (HONDA, honda-honda-mobilio) the same vehicle as TDR 'Mobilio' (honda.mobilio)? Verdict applies to the candidate shown on this row.",honda-honda-mobilio,Honda Mobilio,HONDA,settled,MPV,honda.mobilio,Mobilio,Honda,CURRENT,MPV,LEGACY_CANDIDATE;LEGACY_STORED;V1_POOL;V1_PRIMARY,AUTO,SERIES,198,0.9999999999999998,1.0,1.0,2021-12,2026-08,24,0,,EQUIVALENT,EXACT,EQUAL,1.0,UNAVAILABLE,SER_OVERLAP_BELOW_PROPOSE_MIN,,,,5,5,6.0,6.0,2024-12,2026-08,19,BRND_EXACT;NAME_EQUAL,NAME_ONLY_NOT_AUTO;SER_MISSING_ROW_SEMANTICS_UNCONFIRMED,,SER_OVERLAP_BELOW_PROPOSE_MIN,PROPOSE,PROPOSE_NAME_MATCH_SERIES_NOT_STRONG,honda.mobilio,EQUIVALENT,true,STRONG_FLIPS;AVAILABILITY,true,,,,347,4,6,2021-01,2026-08,347,4,6,honda-brio;honda-honda-mobilio,honda-honda-mobilio,,,,,
75,1,legacy AUTO row,1;4,,0.0747,"Is Ice 'FOMM One' (FOMM, fomm-fomm-one) the same vehicle as TDR 'FOMM One' (fomm.fomm_one)? Verdict applies to the candidate shown on this row.",fomm-fomm-one,FOMM One,FOMM,settled,Hatchback,fomm.fomm_one,FOMM One,FOMM,CURRENT,HATCHBACK,LEGACY_CANDIDATE;LEGACY_STORED;V1_POOL;V1_PRIMARY,AUTO,SERIES,225,1.0,1.0,1.0,2022-07,2026-03,24,0,,EQUIVALENT,EXACT,EQUAL,1.0,UNAVAILABLE,SER_VOLUME_BELOW_PROPOSE_MIN,,,,9,9,10.0,10.0,2024-04,2026-03,19,BRND_EXACT;NAME_EQUAL,NAME_ONLY_NOT_AUTO;SER_MISSING_ROW_SEMANTICS_UNCONFIRMED,,SER_VOLUME_BELOW_PROPOSE_MIN,PROPOSE,PROPOSE_NAME_MATCH_SERIES_NOT_STRONG,fomm.fomm_one,EQUIVALENT,true,STRONG_FLIPS;AVAILABILITY,true,NEW_RENAME,RENAME:FOMM|FOMM ONE>fomm-fomm-one 100%,NOOP:LIN_ALREADY_APPLIED,186,3,6,2021-01,2026-03,186,3,6,fomm-fomm-one,fomm-fomm-one,,,,,
76,1,legacy AUTO row,1;4;6,,0.0747,"Is Ice 'Lexus LX' (LEXUS, lexus-lexus-lx) the same vehicle as TDR 'LX' (lexus.lx)? Verdict applies to the candidate shown on this row.",lexus-lexus-lx,Lexus LX,LEXUS,settled,SUV,lexus.lx,LX,Lexus,CURRENT,OFFROAD,LEGACY_CANDIDATE;LEGACY_STORED;V1_POOL;V1_PRIMARY,AUTO,SERIES,307,1.0000000000000002,1.0,1.0,2021-06,2026-05,12,0,,EQUIVALENT,EXACT,EQUAL,1.0,UNAVAILABLE,SER_VOLUME_BELOW_PROPOSE_MIN,,,,6,6,6.0,6.0,2024-09,2026-05,18,BRND_EXACT;NAME_EQUAL,NAME_ONLY_NOT_AUTO;SER_MISSING_ROW_SEMANTICS_UNCONFIRMED,,SER_VOLUME_BELOW_PROPOSE_MIN,PROPOSE,PROPOSE_NAME_MATCH_SERIES_NOT_STRONG,lexus.lx,EQUIVALENT,true,STRONG_FLIPS;AVAILABILITY,true,,,,14,3,6,2021-06,2026-05,14,3,6,lexus-lexus-lx,lexus-lexus-lx,"lexus.lbx (CONTRADICTION, UNAVAILABLE) | lexus.lc (CONTRADICTION, UNAVAILABLE) | lexus.lexus_lm (CONTRADICTION, UNAVAILABLE)",,,,
77,1,legacy AUTO row,1;4,,0.0747,"Is Ice 'Toyota Prius' (TOYOTA, toyota-toyota-prius) the same vehicle as TDR 'Prius' (toyota.prius)? Verdict applies to the candidate shown on this row.",toyota-toyota-prius,Toyota Prius,TOYOTA,settled,Hatchback,toyota.prius,Prius,Toyota,CURRENT,HATCHBACK,LEGACY_CANDIDATE;LEGACY_STORED;V1_POOL;V1_PRIMARY,AUTO,SERIES,317,1.0,1.0,1.0,2021-06,2026-07,8,0,,EQUIVALENT,EXACT,EQUAL,1.0,UNAVAILABLE,SER_OVERLAP_BELOW_PROPOSE_MIN,,,,5,5,6.0,6.0,2024-11,2026-07,19,BRND_EXACT;NAME_EQUAL,NAME_ONLY_NOT_AUTO;SER_MISSING_ROW_SEMANTICS_UNCONFIRMED,,SER_OVERLAP_BELOW_PROPOSE_MIN,PROPOSE,PROPOSE_NAME_MATCH_SERIES_NOT_STRONG,toyota.prius,EQUIVALENT,true,STRONG_FLIPS;AVAILABILITY,true,,,,9,4,6,2021-06,2026-07,9,4,6,TOYOTA|2 5 HV PREMIUM;toyota-gr-yaris;toyota-toyota-prius,toyota-toyota-prius,"toyota.yaris (CONTRADICTION, UNAVAILABLE) | toyota.yaris_ativ (CONTRADICTION, UNAVAILABLE) | toyota.yaris_cross (CONTRADICTION, UNAVAILABLE)",,,,
78,1,legacy AUTO row,1;4,,0.0747,"Is Ice 'Ferrari Roma' (FERRARI, ferrari-ferrari-roma) the same vehicle as TDR 'Roma' (ferrari.roma)? Verdict applies to the candidate shown on this row.",ferrari-ferrari-roma,Ferrari Roma,FERRARI,settled,Coupe/Convertible,ferrari.roma,Roma,Ferrari,CURRENT,COUPE,LEGACY_CANDIDATE;LEGACY_STORED;V1_POOL;V1_PRIMARY,AUTO,SERIES,283,1.0,1.0,1.0,2021-10,2026-03,24,0,,EQUIVALENT,EXACT,EQUAL,1.0,UNAVAILABLE,SER_VOLUME_BELOW_PROPOSE_MIN,,,,7,7,7.0,7.0,2024-06,2026-03,19,BRND_EXACT;NAME_EQUAL,NAME_ONLY_NOT_AUTO;SER_MISSING_ROW_SEMANTICS_UNCONFIRMED,,SER_VOLUME_BELOW_PROPOSE_MIN,PROPOSE,PROPOSE_NAME_MATCH_SERIES_NOT_STRONG,ferrari.roma,EQUIVALENT,true,STRONG_FLIPS;AVAILABILITY,true,,,,34,3,5,2021-08,2026-03,34,3,5,ferrari-ferrari-purosangue;ferrari-ferrari-roma,ferrari-ferrari-roma,,,,,
79,1,legacy AUTO row,1;4,,0.0747,"Is Ice 'Ferrari SF90' (FERRARI, ferrari-ferrari-sf90) the same vehicle as TDR 'SF90' (ferrari.sf90)? Verdict applies to the candidate shown on this row.",ferrari-ferrari-sf90,Ferrari SF90,FERRARI,settled,Coupe/Convertible,ferrari.sf90,SF90,Ferrari,CURRENT,COUPE,LEGACY_CANDIDATE;LEGACY_STORED;V1_POOL;V1_PRIMARY,AUTO,SERIES,289,1.0,1.0,1.0,2021-12,2026-08,21,0,,EQUIVALENT,EXACT,EQUAL,1.0,UNAVAILABLE,SER_OVERLAP_BELOW_PROPOSE_MIN,,,,4,4,5.0,5.0,2025-09,2026-08,20,BRND_EXACT;NAME_EQUAL,NAME_ONLY_NOT_AUTO;SER_MISSING_ROW_SEMANTICS_UNCONFIRMED,,SER_OVERLAP_BELOW_PROPOSE_MIN,PROPOSE,PROPOSE_NAME_MATCH_SERIES_NOT_STRONG,ferrari.sf90,EQUIVALENT,true,STRONG_FLIPS;AVAILABILITY,true,,,,30,5,5,2021-12,2026-08,30,5,5,FERRARI|F360;ferrari-ferrari-sf90,ferrari-ferrari-sf90,,,,,
80,1,legacy AUTO row,1;4,,0.0747,"Is Ice 'Nissan Teana' (NISSAN, nissan-nissan-teana) the same vehicle as TDR 'Nissan Teana' (nissan.teana)? Verdict applies to the candidate shown on this row.",nissan-nissan-teana,Nissan Teana,NISSAN,settled,Sedan,nissan.teana,Nissan Teana,Nissan,CURRENT,SEDAN,LEGACY_CANDIDATE;LEGACY_STORED;V1_POOL;V1_PRIMARY,AUTO,SERIES,275,1.0000000000000002,1.0,1.0,2021-02,2026-06,24,0,,EQUIVALENT,EXACT,EQUAL,1.0,UNAVAILABLE,SER_OVERLAP_BELOW_PROPOSE_MIN,,,,4,4,4.0,4.0,2025-02,2026-06,20,BRND_EXACT;NAME_EQUAL,NAME_ONLY_NOT_AUTO;SER_MISSING_ROW_SEMANTICS_UNCONFIRMED,,SER_OVERLAP_BELOW_PROPOSE_MIN,PROPOSE,PROPOSE_NAME_MATCH_SERIES_NOT_STRONG,nissan.teana,EQUIVALENT,true,STRONG_FLIPS;AVAILABILITY,true,,,,47,2,4,2021-01,2026-06,47,2,4,NISSAN|BVL2RTYD23FHP A;nissan-nissan-teana,nissan-nissan-teana,"nissan.terra (CONTRADICTION, UNAVAILABLE) | nissan.serena (CONTRADICTION, UNAVAILABLE) | nissan.almera (CONTRADICTION, UNAVAILABLE)",,,,
81,1,legacy AUTO row,1;4,,0.0747,"Is Ice 'AUDI A1' (AUDI, audi-audi-a1) the same vehicle as TDR 'A1' (audi.a1)? Verdict applies to the candidate shown on this row.",audi-audi-a1,AUDI A1,AUDI,settled,Hatchback,audi.a1,A1,Audi,CURRENT,HATCHBACK,LEGACY_CANDIDATE;LEGACY_STORED;V1_POOL,AUTO,SERIES,286,0.9999999999999998,1.0,1.0,2021-01,2026-01,13,0,,EQUIVALENT,EXACT,EQUAL,1.0,UNAVAILABLE,SER_OVERLAP_BELOW_PROPOSE_MIN,,,,1,1,1.0,1.0,2026-01,2026-01,23,BRND_EXACT;NAME_EQUAL,NAME_ONLY_NOT_AUTO;SER_MISSING_ROW_SEMANTICS_UNCONFIRMED,GEN_LIFECYCLE_DISJOINT,SER_OVERLAP_BELOW_PROPOSE_MIN,NO_CANDIDATE,NO_CANDIDATE_ALL_EXCLUDED,,,true,STRONG_FLIPS;AVAILABILITY,true,,,,31,1,1,2021-01,2026-01,31,1,1,audi-audi-a1,,"audi.a4 (CONTRADICTION, UNAVAILABLE) | audi.a5 (CONTRADICTION, UNAVAILABLE) | audi.a6 (CONTRADICTION, WEAK, corr 0.442 ratio 1.567)",,,,
82,1,legacy AUTO row,1;4,,0.0748,"Is Ice 'Avanza' (TOYOTA, toyota-avanza) the same vehicle as TDR 'Avanza' (toyota.avanza)? Verdict applies to the candidate shown on this row.",toyota-avanza,Avanza,TOYOTA,settled,MPV,toyota.avanza,Avanza,Toyota,CURRENT,MPV,LEGACY_CANDIDATE;LEGACY_STORED;V1_POOL;V1_PRIMARY,AUTO,SERIES,215,1.0,1.0,1.0,2021-01,2023-04,23,0,,EQUIVALENT,EXACT,EQUAL,1.0,STRONG,,1.0,1.0,1.0,19,19,158.0,158.0,2021-05,2023-04,24,BRND_EXACT;NAME_EQUAL;SER_STRONG,SER_MISSING_ROW_SEMANTICS_UNCONFIRMED,,,PROPOSE,PROPOSE_SERIES_STRONG_CAPPED,toyota.avanza,EQUIVALENT,false,,true,,,,250,0,0,2021-01,2023-04,250,0,0,TOYOTA|2 5 HV AVN;toyota-avanza,toyota-avanza,"toyota.noah (CONTRADICTION, UNAVAILABLE) | toyota.veloz (CONTRADICTION, UNAVAILABLE)",,,,
83,2,high-volume legacy PROPOSED row,2;4,,0.1369,"Is Ice 'Yaris Ativ' (TOYOTA, toyota-yaris-ativ) the same vehicle as TDR 'Yaris Ativ' (toyota.yaris_ativ)? Verdict applies to the candidate shown on this row.",toyota-yaris-ativ,Yaris Ativ,TOYOTA,settled,Sedan,toyota.yaris_ativ,Yaris Ativ,Toyota,CURRENT,SEDAN,LEGACY_CANDIDATE;LEGACY_STORED;V1_POOL;V1_PRIMARY,PROPOSED,NAME,3,0.5921511803752328,0.9485534934497817,1.0,2024-10,2026-09,24,1,2026-09,EQUIVALENT,EXACT,EQUAL,1.0,STRONG,,1.0,1.0,1.0,24,24,115077.0,115077.0,2024-09,2026-08,0,BRND_EXACT;NAME_EQUAL;SER_STRONG,,,,AUTO,AUTO_ALL_GATES_PASSED,toyota.yaris_ativ,EQUIVALENT,true,STRONG_FLIPS;CORRELATION,true,,,,257146,65596,115077,2021-01,2026-09,251114,65596,115077,TOYOTA|YN85R TRMRST;toyota-esquire-gi-7-seats__provisional;toyota-yaris-ativ,toyota-yaris-ativ,"toyota.yaris (SUBJECT_FINER, WEAK, corr -0.261 ratio 0.090) | toyota.yaris_cross (SIBLING, WEAK, corr 0.766 ratio 0.602) | toyota.corolla_altis (CONTRADICTION, WEAK, corr -0.188 ratio 0.047)",,,,
84,2,high-volume legacy PROPOSED row,2;3;4,dmax_vs_mux,0.2854,"Is Ice 'Isuzu D-Max' (ISUZU, isuzu-isuzu-d-max) the same vehicle as TDR 'MU-X' (isuzu.mux)? Verdict applies to the candidate shown on this row.",isuzu-isuzu-d-max,Isuzu D-Max,ISUZU,settled,Pickup,isuzu.mux,MU-X,Isuzu,CURRENT,PPV,LEGACY_CANDIDATE;LEGACY_STORED;V1_POOL,PROPOSED,NAME,1,0.8085545948982108,0.22668481293999002,0.4444444444444444,2024-10,2026-09,24,1,2026-09,EQUIVALENT,EXACT,CONTRADICTION,0.0,WEAK,,0.932025,0.236309,0.0,24,24,102459.0,24212.0,2024-09,2026-08,0,BRND_EXACT,NAME_ONLY_NOT_AUTO;ATTR_BODY_MISMATCH;SER_CORRELATION_BELOW_STRONG;SER_RATIO_OUT_OF_BAND,NAME_CONTRADICTION;SERIES_DECISIVELY_WRONG,,PROPOSE,PROPOSE_COMPOSED_OF,isuzu.dmax_cab+isuzu.dmax_double_cab,COMPOSED_OF,true,CORRELATION,false,,,,615360,49705,102459,2021-01,2026-09,90899,11287,24212,isuzu-isuzu-d-max;isuzu-isuzu-mu-x,isuzu-isuzu-mu-x,"isuzu.dmax_cab+isuzu.dmax_double_cab (SUBJECT_COARSER, STRONG, corr 1.000 ratio 0.996) | isuzu.dmax_cab (SUBJECT_COARSER, WEAK, corr 0.918 ratio 0.475) | isuzu.dmax_double_cab (SUBJECT_COARSER, WEAK, corr 0.929 ratio 0.522)",,,,
85,2,high-volume legacy PROPOSED row,2;3;6,hilux_granularity,0.4185,"Is Ice 'Hilux Revo' (TOYOTA, toyota-hilux-revo) the same vehicle as TDR 'Hilux Revo Double Cab' (toyota.hilux_revo_double_cab)? Verdict applies to the candidate shown on this row.",toyota-hilux-revo,Hilux Revo,TOYOTA,settled,Pickup,toyota.hilux_revo_double_cab,Hilux Revo Double Cab,Toyota,CURRENT,PICKUP,LEGACY_CANDIDATE;LEGACY_STORED;V1_POOL,PROPOSED,NAME,2,0.9469621002385413,0.33174688020394316,0.6451612903225806,2024-10,2026-09,24,2,2026-08;2026-09,EQUIVALENT,EXACT,SUBJECT_COARSER,0.666667,WEAK,,0.9617,0.353497,0.0,24,24,104312.0,36874.0,2024-08,2026-07,1,BRND_EXACT,NAME_CONTAINMENT_SUBJECT_COARSER;NAME_ONLY_NOT_AUTO;SER_MISSING_ROW_SEMANTICS_UNCONFIRMED;SER_CORRELATION_BELOW_STRONG;SER_RATIO_OUT_OF_BAND,SERIES_DECISIVELY_WRONG,,PROPOSE,PROPOSE_COMPOSED_OF,toyota.hilux_revo_cab+toyota.hilux_revo_double_cab,COMPOSED_OF,false,,false,,,,550946,37324,100638,2021-01,2026-09,191759,10332,34427,toyota-hilux-revo,toyota-hilux-revo,"toyota.hilux_revo_cab+toyota.hilux_revo_double_cab (SUBJECT_COARSER, STRONG, corr 1.000 ratio 0.975) | toyota.hilux_revo_cab (SUBJECT_COARSER, WEAK, corr 0.956 ratio 0.621) | toyota.hilux_travo_cab (SIBLING, WEAK, corr -0.751 ratio 0.307)",,,,
86,2,high-volume legacy PROPOSED row,2;4,,0.4426,"Is Ice 'Yaris Cross' (TOYOTA, toyota-yaris-cross) the same vehicle as TDR 'Yaris Cross' (toyota.yaris_cross)? Verdict applies to the candidate shown on this row.",toyota-yaris-cross,Yaris Cross,TOYOTA,settled,SUV,toyota.yaris_cross,Yaris Cross,Toyota,CURRENT,CROSSOVER,LEGACY_CANDIDATE;LEGACY_STORED;V1_POOL;V1_PRIMARY,PROPOSED,NAME,10,0.6947011063333559,0.9594602370813673,1.0,2024-10,2026-09,24,1,2026-09,EQUIVALENT,EXACT,EQUAL,1.0,STRONG,,1.0,1.0,1.0,24,24,69286.0,69286.0,2024-09,2026-08,0,BRND_EXACT;NAME_EQUAL;SER_STRONG,,,,AUTO,AUTO_ALL_GATES_PASSED,toyota.yaris_cross,EQUIVALENT,true,STRONG_FLIPS;CORRELATION,true,,,,99875,35141,69286,2023-10,2026-09,97057,35141,69286,toyota-yaris-cross,toyota-yaris-cross,"toyota.yaris (SUBJECT_FINER, WEAK, corr 0.332 ratio 0.150) | toyota.corolla_cross (SIBLING, WEAK, corr 0.843 ratio 0.434) | toyota.yaris_ativ (SIBLING, WEAK, corr 0.766 ratio 1.661)",,,,
87,2,high-volume legacy PROPOSED row,2;4,,0.468,"Is Ice 'HR-V' (HONDA, honda-hr-v) the same vehicle as TDR 'HR-V' (honda.hrv)? Verdict applies to the candidate shown on this row.",honda-hr-v,HR-V,HONDA,settled,SUV,honda.hrv,HR-V,Honda,CURRENT,CROSSOVER,LEGACY_CANDIDATE;LEGACY_STORED;V1_POOL;V1_PRIMARY,PROPOSED,NAME,8,0.8168248696751697,0.957881682895462,1.0,2024-10,2026-09,24,1,2026-09,EQUIVALENT,EXACT,EQUAL,1.0,STRONG,,1.0,1.0,1.0,24,24,43426.0,43426.0,2024-09,2026-08,0,BRND_EXACT;NAME_EQUAL;SER_STRONG,,,,AUTO,AUTO_ALL_GATES_PASSED,honda.hrv,EQUIVALENT,true,STRONG_FLIPS;CORRELATION,true,,,,105452,23697,43426,2021-01,2026-09,103618,23697,43426,HONDA|N VAN;honda-hr-v,honda-hr-v,"honda.brv (SIBLING, WEAK, corr 0.194 ratio 0.006) | honda.crv (SIBLING, WEAK, corr 0.536 ratio 0.321) | honda.wrv (SIBLING, WEAK, corr -0.334 ratio 0.021)",,,,
88,2,high-volume legacy PROPOSED row,2;3;4,city_hatchback,0.4938,"Is Ice 'City Hatchback' (HONDA, honda-city-hatchback) the same vehicle as TDR 'City Hatchback' (honda.city_hatchback)? Verdict applies to the candidate shown on this row.",honda-city-hatchback,City Hatchback,HONDA,settled,Hatchback,honda.city_hatchback,City Hatchback,Honda,CURRENT,HATCHBACK,LEGACY_CANDIDATE;LEGACY_STORED;V1_POOL;V1_PRIMARY,PROPOSED,NAME,7,0.7804918414475879,0.956691102045824,1.0,2024-10,2026-09,24,1,2026-09,EQUIVALENT,EXACT,EQUAL,1.0,STRONG,,1.0,1.0,1.0,24,24,32510.0,32510.0,2024-09,2026-08,0,BRND_EXACT;NAME_EQUAL;SER_STRONG,,,,AUTO,AUTO_ALL_GATES_PASSED,honda.city_hatchback,EQUIVALENT,true,STRONG_FLIPS;CORRELATION,true,,,,106582,16068,32510,2021-02,2026-09,105170,16068,32510,honda-city-hatchback,honda-city-hatchback,"honda.city (SUBJECT_FINER, WEAK, corr 0.717 ratio 0.743)",,,,
89,2,high-volume legacy PROPOSED row,2;4,,0.5189,"Is Ice 'Corolla Cross' (TOYOTA, toyota-corolla-cross) the same vehicle as TDR 'Corolla Cross' (toyota.corolla_cross)? Verdict applies to the candidate shown on this row.",toyota-corolla-cross,Corolla Cross,TOYOTA,settled,SUV,toyota.corolla_cross,Corolla Cross,Toyota,CURRENT,CROSSOVER,LEGACY_CANDIDATE;LEGACY_STORED;V1_POOL;V1_PRIMARY,PROPOSED,NAME,9,0.5709790012175063,0.9517077360110986,1.0,2024-10,2026-09,24,1,2026-09,EQUIVALENT,EXACT,EQUAL,1.0,STRONG,,0.999936,0.998207,1.0,24,24,30121.0,30067.0,2024-09,2026-08,0,BRND_EXACT;NAME_EQUAL;SER_STRONG,LIN_EVIDENCE_QUARANTINE,,,PROPOSE,PROPOSE_SERIES_STRONG_CAPPED,toyota.corolla_cross,EQUIVALENT,true,STRONG_FLIPS;CORRELATION,false,OLD_SPLIT,SPLIT:toyota-corolla-cross>toyota-corolla-altis 23%,NOOP:LIN_SPLIT_PARENT_RETAINED;QUARANTINE:LIN_EVIDENCE_QUARANTINE,103951,15653,30121,2021-01,2026-09,102418,15639,30067,toyota-corolla-cross,toyota-corolla-cross,"toyota.corolla_altis (SIBLING, WEAK, corr 0.183 ratio 0.181) | toyota.yaris_cross (SIBLING, WEAK, corr 0.844 ratio 2.300) | toyota.land_cruiser_300 (CONTRADICTION, WEAK, corr 0.431 ratio 0.051)",,,,
90,2,high-volume legacy PROPOSED row,2;4,,0.5467,"Is Ice 'Fortuner' (TOYOTA, toyota-fortuner) the same vehicle as TDR 'Fortuner' (toyota.fortuner)? Verdict applies to the candidate shown on this row.",toyota-fortuner,Fortuner,TOYOTA,settled,PPV,toyota.fortuner,Fortuner,Toyota,CURRENT,PPV,LEGACY_CANDIDATE;LEGACY_STORED;V1_POOL;V1_PRIMARY,PROPOSED,NAME,4,0.8239410828567757,0.9559843340160253,1.0,2024-10,2026-09,24,1,2026-09,EQUIVALENT,EXACT,EQUAL,1.0,STRONG,,0.999724,0.990702,1.0,24,24,27854.0,27595.0,2024-09,2026-08,0,BRND_EXACT;NAME_EQUAL;SER_STRONG,,,,AUTO,AUTO_ALL_GATES_PASSED,toyota.fortuner,EQUIVALENT,true,STRONG_FLIPS;CORRELATION,true,,,,115433,13928,27854,2021-01,2026-09,113820,13822,27595,TOYOTA|1 8ESPORT;TOYOTA|CENTURY;TOYOTA|COMUTER;TOYOTA|TUNDRA 3 5L;toyota-fortuner,toyota-fortuner,"toyota.commuter (CONTRADICTION, WEAK, corr 0.393 ratio 0.540) | toyota.harrier (CONTRADICTION, WEAK, corr 0.271 ratio 0.002) | toyota.gr_supra (CONTRADICTION, WEAK, corr -0.306 ratio 0.002)",,,,
91,2,high-volume legacy PROPOSED row,2;3;4;6,hilux_granularity,0.554,"Is Ice 'Hilux Travo' (TOYOTA, toyota-hilux-travo) the same vehicle as TDR 'Hilux Travo Cab' (toyota.hilux_travo_cab)? Verdict applies to the candidate shown on this row.",toyota-hilux-travo,Hilux Travo,TOYOTA,settled,Pickup,toyota.hilux_travo_cab,Hilux Travo Cab,Toyota,CURRENT,PICKUP,LEGACY_CANDIDATE;LEGACY_STORED;V1_POOL,PROPOSED,NAME,26,0.5426589199533887,0.25472293236827254,0.8461538461538461,2025-11,2026-09,11,2,2026-08;2026-09,EQUIVALENT,EXACT,SUBJECT_COARSER,0.8,WEAK,,0.941303,0.329073,0.0,9,9,23314.0,7672.0,2025-11,2026-07,15,BRND_EXACT,NAME_CONTAINMENT_SUBJECT_COARSER;NAME_ONLY_NOT_AUTO;SER_MISSING_ROW_SEMANTICS_UNCONFIRMED;SER_CORRELATION_BELOW_STRONG;SER_RATIO_OUT_OF_BAND,SERIES_DECISIVELY_WRONG,,PROPOSE,PROPOSE_COMPOSED_OF,toyota.hilux_travo_cab+toyota.hilux_travo_double_cab,COMPOSED_OF,true,CORRELATION;RATIO,false,,,,30119,26933,26933,2025-11,2026-09,7672,7672,7672,TOYOTA|KUN15R TRMDHT B8;TOYOTA|KUN15R TRMDYT B6;toyota-hilux-travo,toyota-hilux-travo,"toyota.hilux_travo_cab+toyota.hilux_travo_double_cab (SUBJECT_COARSER, STRONG, corr 1.000 ratio 0.951) | toyota.hilux_revo_cab (SIBLING, WEAK, corr 0.227 ratio 0.771) | toyota.hilux_travo_double_cab (SUBJECT_COARSER, WEAK, corr 0.981 ratio 0.622)",,,,
92,2,high-volume legacy PROPOSED row,2;3;4,dmax_vs_mux,0.5764,"Is Ice 'Isuzu MU-X' (ISUZU, isuzu-isuzu-mu-x) the same vehicle as TDR 'MU-X' (isuzu.mux)? Verdict applies to the candidate shown on this row.",isuzu-isuzu-mu-x,Isuzu MU-X,ISUZU,settled,PPV,isuzu.mux,MU-X,Isuzu,CURRENT,PPV,LEGACY_CANDIDATE;LEGACY_STORED;V1_POOL;V1_PRIMARY,PROPOSED,NAME,11,0.8688160253765697,0.9513868913088145,1.0,2024-10,2026-09,24,1,2026-09,EQUIVALENT,EXACT,EQUAL,1.0,STRONG,,0.997466,0.986835,1.0,24,24,24535.0,24212.0,2024-09,2026-08,0,BRND_EXACT;NAME_EQUAL;SER_STRONG,,,,AUTO,AUTO_ALL_GATES_PASSED,isuzu.mux,EQUIVALENT,true,STRONG_FLIPS;CORRELATION,true,,,,92980,11349,24535,2021-01,2026-09,90899,11287,24212,isuzu-isuzu-d-max;isuzu-isuzu-mu-x,isuzu-isuzu-mu-x,,,,,
93,2,high-volume legacy PROPOSED row,2;3;4,city_hatchback,0.603,"Is Ice 'City' (HONDA, honda-city) the same vehicle as TDR 'City' (honda.city)? Verdict applies to the candidate shown on this row.",honda-city,City,HONDA,settled,Sedan,honda.city,City,Honda,CURRENT,SEDAN,LEGACY_CANDIDATE;LEGACY_STORED;V1_POOL;V1_PRIMARY,PROPOSED,NAME,5,0.4441559400337529,0.9385554425228891,1.0,2024-10,2026-09,24,1,2026-09,EQUIVALENT,EXACT,EQUAL,1.0,STRONG,,1.0,1.0,1.0,24,24,24147.0,24147.0,2024-09,2026-08,0,BRND_EXACT;NAME_EQUAL;SER_STRONG,,,,AUTO,AUTO_ALL_GATES_PASSED,honda.city,EQUIVALENT,true,STRONG_FLIPS;CORRELATION,true,,,,110131,10696,24147,2021-01,2026-09,108621,10696,24147,honda-city;honda-honda-acty;honda-honda-fit,honda-city,"honda.city_hatchback (SUBJECT_COARSER, WEAK, corr 0.717 ratio 1.346) | honda.civic (CONTRADICTION, WEAK, corr 0.489 ratio 0.902)",,,,
94,2,high-volume legacy PROPOSED row,2;4,,0.6213,"Is Ice 'Civic' (HONDA, honda-civic) the same vehicle as TDR 'Civic' (honda.civic)? Verdict applies to the candidate shown on this row.",honda-civic,Civic,HONDA,settled,Sedan,honda.civic,Civic,Honda,CURRENT,SEDAN,LEGACY_CANDIDATE;LEGACY_STORED;V1_POOL;V1_PRIMARY,PROPOSED,NAME,14,0.6517464857125368,0.9541728262330332,1.0,2024-10,2026-09,24,1,2026-09,EQUIVALENT,EXACT,EQUAL,1.0,STRONG,,1.0,1.0,1.0,24,24,21786.0,21786.0,2024-09,2026-08,0,BRND_EXACT;NAME_EQUAL;SER_STRONG,,,,AUTO,AUTO_ALL_GATES_PASSED,honda.civic,EQUIVALENT,true,STRONG_FLIPS;CORRELATION,true,,,,75495,11115,21786,2021-01,2026-09,74469,11115,21786,honda-civic,honda-civic,"honda.city (CONTRADICTION, WEAK, corr 0.489 ratio 1.108) | honda.crv (CONTRADICTION, WEAK, corr 0.482 ratio 0.641) | honda.accord (CONTRADICTION, WEAK, corr 0.121 ratio 0.169)",,,,
95,2,high-volume legacy PROPOSED row,2;3;4,ranger_granularity,0.6477,"Is Ice 'Ford Ranger' (FORD, ford-ford-ranger) the same vehicle as TDR 'Ranger Double Cab' (ford.ranger_double_cab)? Verdict applies to the candidate shown on this row.",ford-ford-ranger,Ford Ranger,FORD,settled,Pickup,ford.ranger_double_cab,Ranger Double Cab,Ford,CURRENT,PICKUP,LEGACY_CANDIDATE;LEGACY_STORED;V1_POOL,PROPOSED,NAME,6,0.7994229982352581,1.0206665620258464,0.5217391304347826,2024-10,2026-09,24,1,2026-09,EQUIVALENT,EXACT,SUBJECT_COARSER,0.5,WEAK,,0.868563,1.051073,0.958333,24,24,19619.0,20621.0,2024-09,2026-08,0,BRND_EXACT,NAME_CONTAINMENT_SUBJECT_COARSER;NAME_ONLY_NOT_AUTO;GEN_LIFECYCLE_PARTIAL;SER_CORRELATION_BELOW_STRONG,,,INSUFFICIENT_DATA,INSUFFICIENT_DATA_NO_BASIS,,,true,CORRELATION,true,,,,109610,8401,19619,2021-01,2026-09,93651,8914,20621,ford-ford-ranger,,"ford.ranger_cab (SUBJECT_COARSER, WEAK, corr 0.756 ratio 0.107) | ford.mustang (CONTRADICTION, WEAK, corr 0.227 ratio 0.004)",,,,
96,2,high-volume legacy PROPOSED row,2;4,,0.6548,"Is Ice 'MG4 EV' (MG, mg-mg4-ev) the same vehicle as TDR 'MG4 Electric' (mg.mg4)? Verdict applies to the candidate shown on this row.",mg-mg4-ev,MG4 EV,MG,settled,Hatchback,mg.mg4,MG4 Electric,MG,CURRENT,HATCHBACK,LEGACY_CANDIDATE;LEGACY_STORED;V1_POOL;V1_PRIMARY,PROPOSED,NAME,29,0.9662417285176762,0.9675921251892984,0.42857142857142855,2024-10,2026-09,24,1,2026-09,EQUIVALENT,EXACT,EQUAL_VIA_TOKEN_EQUIV,1.0,STRONG,,0.999999,0.999078,1.0,24,24,19516.0,19498.0,2024-09,2026-08,0,BRND_EXACT;NAME_EQUAL_VIA_TOKEN_EQUIV;SER_STRONG,,,,AUTO,AUTO_ALL_GATES_PASSED,mg.mg4,EQUIVALENT,true,STRONG_FLIPS,true,,,,29161,10850,19516,2023-01,2026-09,28512,10839,19498,mg-mg4-ev,mg-mg4-ev,"mg.mg_s5_ev (SIBLING, WEAK, corr 0.409 ratio 0.781) | mg.mg_zs_ev (SIBLING, WEAK, corr 0.115 ratio 0.058) | mg.mg_vs_hev (CONTRADICTION, WEAK, corr -0.003 ratio 0.050)",,,,
97,2,high-volume legacy PROPOSED row,2;3;4,hilux_granularity,0.6601,"Is Ice 'Hilux Champ' (TOYOTA, toyota-hilux-champ) the same vehicle as TDR 'Hilux Champ' (toyota.hilux_champ)? Verdict applies to the candidate shown on this row.",toyota-hilux-champ,Hilux Champ,TOYOTA,settled,Pickup,toyota.hilux_champ,Hilux Champ,Toyota,CURRENT,PICKUP,LEGACY_CANDIDATE;LEGACY_STORED;V1_POOL;V1_PRIMARY,PROPOSED,NAME,36,0.7900971593658663,0.9651430030643514,1.0,2024-10,2026-09,24,1,2026-09,EQUIVALENT,EXACT,EQUAL,1.0,STRONG,,0.999999,0.999938,1.0,24,24,16036.0,16035.0,2024-09,2026-08,0,BRND_EXACT;NAME_EQUAL;SER_STRONG,,,,AUTO,AUTO_ALL_GATES_PASSED,toyota.hilux_champ,EQUIVALENT,true,STRONG_FLIPS;CORRELATION,true,,,,22310,6880,16036,2024-01,2026-09,21764,6879,16035,toyota-hilux-champ,toyota-hilux-champ,"toyota.hilux_revo_cab (SIBLING, WEAK, corr 0.780 ratio 3.920) | toyota.hilux_travo_cab (SIBLING, WEAK, corr 0.761 ratio 1.538) | toyota.hilux_revo_double_cab (SIBLING, WEAK, corr 0.722 ratio 2.230)",,,,
98,2,high-volume legacy PROPOSED row,2;3,pickup_cab_granularity,0.6797,"Is Ice 'Triton' (MITSUBISHI, mitsubishi-triton) the same vehicle as TDR 'Triton Double Cab' (mitsubishi.triton_double_cab)? Verdict applies to the candidate shown on this row.",mitsubishi-triton,Triton,MITSUBISHI,settled,Pickup,mitsubishi.triton_double_cab,Triton Double Cab,Mitsubishi,CURRENT,PICKUP,LEGACY_CANDIDATE;LEGACY_STORED;V1_POOL,PROPOSED,NAME,13,0.8854669634237947,0.4685463492485703,0.5217391304347826,2024-10,2026-09,24,2,2026-08;2026-09,EQUIVALENT,EXACT,SUBJECT_COARSER,0.5,WEAK,,0.918458,0.500393,0.0,24,24,15280.0,7646.0,2024-08,2026-07,1,BRND_EXACT,NAME_CONTAINMENT_SUBJECT_COARSER;NAME_ONLY_NOT_AUTO;SER_MISSING_ROW_SEMANTICS_UNCONFIRMED;GEN_LIFECYCLE_PARTIAL;SER_CORRELATION_BELOW_STRONG;SER_RATIO_OUT_OF_BAND,,,PROPOSE,PROPOSE_COMPOSED_OF,mitsubishi.triton_cab+mitsubishi.triton_double_cab,COMPOSED_OF,false,,false,,,,81068,6547,15134,2021-01,2026-09,35569,2686,7337,mitsubishi-triton,mitsubishi-triton,"mitsubishi.triton_cab+mitsubishi.triton_double_cab (SUBJECT_COARSER, STRONG, corr 1.000 ratio 0.995) | mitsubishi.triton_cab (SUBJECT_COARSER, WEAK, corr 0.571 ratio 0.495)",,,,
99,2,high-volume legacy PROPOSED row,2;4,,0.6912,"Is Ice 'Ford Everest' (FORD, ford-ford-everest) the same vehicle as TDR 'Everest' (ford.everest)? Verdict applies to the candidate shown on this row.",ford-ford-everest,Ford Everest,FORD,settled,PPV,ford.everest,Everest,Ford,CURRENT,PPV,LEGACY_CANDIDATE;LEGACY_STORED;V1_POOL;V1_PRIMARY,PROPOSED,NAME,17,0.7469971368084651,0.9632984433709071,1.0,2024-10,2026-09,24,1,2026-09,EQUIVALENT,EXACT,EQUAL,1.0,STRONG,,0.999972,0.999602,1.0,24,24,15075.0,15069.0,2024-09,2026-08,0,BRND_EXACT;NAME_EQUAL;SER_STRONG,,,,AUTO,AUTO_ALL_GATES_PASSED,ford.everest,EQUIVALENT,true,STRONG_FLIPS;CORRELATION,true,,,,47508,7026,15075,2021-01,2026-09,46948,7025,15069,FORD|ECOSPORT;FORD|FIESTA;FORD|FORD ECOSPORT;FORD|FORD FIESTA;FORD|TERRITORY;ford-ford-everest,ford-ford-everest,,,,,
100,2,high-volume legacy PROPOSED row,2;4,,0.7001,"Is Ice 'Hiace / Commuter' (TOYOTA, toyota-hiace-commuter) the same vehicle as TDR 'Commuter' (toyota.commuter)? Verdict applies to the candidate shown on this row.",toyota-hiace-commuter,Hiace / Commuter,TOYOTA,settled,Van,toyota.commuter,Commuter,Toyota,CURRENT,VAN,LEGACY_CANDIDATE;LEGACY_STORED;V1_POOL;V1_PRIMARY,PROPOSED,NAME,22,0.8398378946508522,0.9676256591682798,0.7272727272727273,2024-10,2026-09,24,1,2026-09,EQUIVALENT,EXACT,SUBJECT_FINER,0.666667,STRONG,,1.0,1.0,1.0,24,24,15054.0,15054.0,2024-09,2026-08,0,BRND_EXACT;SER_STRONG,NAME_CONTAINMENT_SUBJECT_FINER,,,PROPOSE,PROPOSE_SERIES_STRONG_CAPPED,toyota.commuter,EQUIVALENT,true,STRONG_FLIPS;CORRELATION,false,,,,37053,7601,15054,2021-01,2026-09,36568,7601,15054,toyota-hiace-commuter;toyota-toyota-tr,TOYOTA|COMUTER;toyota-hiace-commuter,"toyota.hiace_majesty (SIBLING, WEAK, corr 0.380 ratio 0.273) | toyota.hiace (SUBJECT_FINER, WEAK, corr -0.099 ratio 0.104) | toyota.hilux_champ (CONTRADICTION, WEAK, corr 0.046 ratio 1.065)",,,,
101,2,high-volume legacy PROPOSED row,2;4;6,,0.7131,"Is Ice 'Xpander' (MITSUBISHI, mitsubishi-xpander) the same vehicle as TDR 'Xpander' (mitsubishi.xpander)? Verdict applies to the candidate shown on this row.",mitsubishi-xpander,Xpander,MITSUBISHI,settled,MPV,mitsubishi.xpander,Xpander,Mitsubishi,CURRENT,MPV,LEGACY_CANDIDATE;LEGACY_STORED;V1_POOL,PROPOSED,NAME,16,0.9543048475278384,0.37102421943390723,1.0,2024-10,2026-09,24,1,2026-09,EQUIVALENT,EXACT,EQUAL,1.0,WEAK,,0.969096,0.409549,0.0,24,24,14389.0,5893.0,2024-09,2026-08,0,BRND_EXACT;NAME_EQUAL,NAME_ONLY_NOT_AUTO;SER_CORRELATION_BELOW_STRONG;SER_RATIO_OUT_OF_BAND,,,PROPOSE,PROPOSE_COMPOSED_OF,mitsubishi.xpander+mitsubishi.xpander_cross,COMPOSED_OF,true,RATIO,false,,,,53534,5217,14389,2021-01,2026-09,41860,1081,5893,MITSUBISHI|KA5TNCNUERU;MITSUBISHI|KA5TXJNHERU;mitsubishi-xpander,mitsubishi-xpander,"mitsubishi.xpander+mitsubishi.xpander_cross (SUBJECT_COARSER, STRONG, corr 1.000 ratio 0.997) | mitsubishi.xpander_cross (SUBJECT_COARSER, WEAK, corr 0.307 ratio 0.587) | mitsubishi.outlander_phev (CONTRADICTION, WEAK, corr 0.656 ratio 0.003)",,,,
102,2,high-volume legacy PROPOSED row,2;4,,0.7223,"Is Ice 'CR-V' (HONDA, honda-cr-v) the same vehicle as TDR 'CR-V' (honda.crv)? Verdict applies to the candidate shown on this row.",honda-cr-v,CR-V,HONDA,settled,SUV,honda.crv,CR-V,Honda,CURRENT,CROSSOVER,LEGACY_CANDIDATE;LEGACY_STORED;V1_POOL;V1_PRIMARY,PROPOSED,NAME,21,0.7410056871892117,0.9580890336590663,1.0,2024-10,2026-09,24,1,2026-09,EQUIVALENT,EXACT,EQUAL,1.0,STRONG,,1.0,1.0,1.0,24,24,13954.0,13954.0,2024-09,2026-08,0,BRND_EXACT;NAME_EQUAL;SER_STRONG,GEN_LIFECYCLE_PARTIAL,,,PROPOSE,PROPOSE_SERIES_STRONG_CAPPED,honda.crv,EQUIVALENT,true,STRONG_FLIPS;CORRELATION,false,,,,38413,6977,13954,2021-01,2026-09,37834,6977,13954,honda-cr-v,honda-cr-v,"honda.brv (SIBLING, WEAK, corr 0.737 ratio 0.017) | honda.hrv (SIBLING, WEAK, corr 0.536 ratio 3.112) | honda.wrv (SIBLING, WEAK, corr 0.300 ratio 0.066)",,,,
103,2,high-volume legacy PROPOSED row,2;6,,0.7254,"Is Ice 'Sealion 6' (BYD, byd-sealion-6) the same vehicle as TDR 'Sealion 6 DM-i' (byd.sealion6)? Verdict applies to the candidate shown on this row.",byd-sealion-6,Sealion 6,BYD,settled,SUV,byd.sealion6,Sealion 6 DM-i,BYD,CURRENT,CROSSOVER,LEGACY_CANDIDATE;LEGACY_STORED;V1_POOL;V1_PRIMARY,PROPOSED,SERIES,49,0.9928676928054858,0.9738541251494619,0.782608695652174,2025-02,2026-09,20,1,2026-09,EQUIVALENT,EXACT,SUBJECT_COARSER,0.666667,STRONG,,0.999997,1.000573,1.0,19,19,12210.0,12217.0,2025-02,2026-08,5,BRND_EXACT;SER_STRONG,NAME_CONTAINMENT_SUBJECT_COARSER;SER_MISSING_ROW_SEMANTICS_UNCONFIRMED,,,PROPOSE,PROPOSE_SERIES_STRONG_CAPPED,byd.sealion6,EQUIVALENT,false,,false,,,,12545,5256,12210,2025-02,2026-09,12217,5263,12217,byd-byd-shark-6-limited__provisional;byd-sealion-6,byd-sealion-6,"byd.sealion7 (SIBLING, WEAK, corr 0.585 ratio 0.758) | byd.sealion5 (SIBLING, UNAVAILABLE) | byd.seal (CONTRADICTION, WEAK, corr 0.041 ratio 0.189)",,,,
104,2,high-volume legacy PROPOSED row,2;4;6,,0.7287,"Is Ice 'MG S5 EV' (MG, mg-mg-s5-ev) the same vehicle as TDR 'MG S5 EV' (mg.mg_s5_ev)? Verdict applies to the candidate shown on this row.",mg-mg-s5-ev,MG S5 EV,MG,settled,SUV,mg.mg_s5_ev,MG S5 EV,MG,CURRENT,CROSSOVER,LEGACY_CANDIDATE;LEGACY_STORED;V1_POOL;V1_PRIMARY,PROPOSED,NAME,46,0.9450763516164129,0.910769720608135,1.0,2024-10,2026-09,24,9,2024-10;2024-11;2024-12;2025-01;2025-02;2025-03;2025-04;2025-05;2026-09,EQUIVALENT,EXACT,EQUAL,1.0,STRONG,,0.999943,0.993919,1.0,15,15,11512.0,11442.0,2025-06,2026-08,9,BRND_EXACT;NAME_EQUAL;SER_STRONG,SER_MISSING_ROW_SEMANTICS_UNCONFIRMED,,,PROPOSE,PROPOSE_SERIES_STRONG_CAPPED,mg.mg_s5_ev,EQUIVALENT,true,STRONG_FLIPS;CORRELATION,false,,,,13675,10167,11612,2023-04,2026-09,11442,10105,11442,mg-mg-s5-ev,mg-mg-s5-ev,"mg.mg_zs_ev (SIBLING, WEAK, corr 0.109 ratio 0.145) | mg.mg_vs_hev (CONTRADICTION, WEAK, corr -0.410 ratio 0.084) | mg.mg4 (SIBLING, WEAK, corr 0.543 ratio 1.679)",,,,
105,2,high-volume legacy PROPOSED row,2;4,,0.7357,"Is Ice 'Camry' (TOYOTA, toyota-camry) the same vehicle as TDR 'Camry' (toyota.camry)? Verdict applies to the candidate shown on this row.",toyota-camry,Camry,TOYOTA,settled,Sedan,toyota.camry,Camry,Toyota,CURRENT,SEDAN,LEGACY_CANDIDATE;LEGACY_STORED;V1_POOL;V1_PRIMARY,PROPOSED,NAME,28,0.9371671859734588,0.951046590141796,1.0,2024-10,2026-09,24,1,2026-09,EQUIVALENT,EXACT,EQUAL,1.0,STRONG,,0.998707,0.981613,1.0,24,24,11584.0,11371.0,2024-09,2026-08,0,BRND_EXACT;NAME_EQUAL;SER_STRONG,,,,AUTO,AUTO_ALL_GATES_PASSED,toyota.camry,EQUIVALENT,true,STRONG_FLIPS;CORRELATION,true,,,,29337,5108,11584,2021-01,2026-09,28505,5035,11371,TOYOTA|CENTURY 5 0L;toyota-camry;toyota-toyota-roomy,toyota-camry,"toyota.commuter (CONTRADICTION, WEAK, corr 0.457 ratio 1.300) | toyota.c_hr (CONTRADICTION, WEAK, corr 0.222 ratio 0.009) | toyota.crown (CONTRADICTION, WEAK, corr 0.452 ratio 0.008)",,,,
106,2,high-volume legacy PROPOSED row,2;3;4,deepal_under_changan,0.7386,"Is Ice 'Deepal S05' (CHANGAN, changan-deepal-s05) the same vehicle as TDR 'Deepal S05' (deepal.deepal_s05)? Verdict applies to the candidate shown on this row.",changan-deepal-s05,Deepal S05,CHANGAN,settled,SUV,deepal.deepal_s05,Deepal S05,Deepal,CURRENT,CROSSOVER,LEGACY_CANDIDATE;LEGACY_STORED;V1_POOL;V1_PRIMARY,PROPOSED,NAME,54,0.9369101941548763,0.931986981557206,0.46153846153846156,2025-07,2026-09,15,1,2026-09,EQUIVALENT,ALIAS_RELABEL,EQUAL,1.0,STRONG,,1.0,1.0,1.0,14,14,11168.0,11168.0,2025-07,2026-08,10,BRND_ALIAS_RELABEL;NAME_EQUAL;SER_STRONG,SER_MISSING_ROW_SEMANTICS_UNCONFIRMED,,,PROPOSE,PROPOSE_SERIES_STRONG_CAPPED,deepal.deepal_s05,EQUIVALENT,true,STRONG_FLIPS;CORRELATION,false,,,,11983,10810,11168,2025-07,2026-09,11168,10810,11168,changan-deepal-s05,changan-deepal-s05,"changan.nevo_q05 (CONTRADICTION, UNAVAILABLE)",,,,
107,2,high-volume legacy PROPOSED row,2;4;6,,0.7415,"Is Ice 'Tank 300' (GWM, gwm-tank-300) the same vehicle as TDR 'Tank 300' (gwm.tank300)? Verdict applies to the candidate shown on this row.",gwm-tank-300,Tank 300,GWM,settled,PPV,gwm.tank300,Tank 300,GWM,CURRENT,OFFROAD,LEGACY_CANDIDATE;LEGACY_STORED;V1_POOL;V1_PRIMARY,PROPOSED,NAME,52,0.9647578670968007,0.9593574438202247,1.0,2024-10,2026-09,24,1,2026-09,EQUIVALENT,EXACT,EQUAL,1.0,STRONG,,1.0,0.999909,1.0,24,24,10958.0,10957.0,2024-09,2026-08,0,BRND_EXACT;NAME_EQUAL;SER_STRONG,,,,AUTO,AUTO_ALL_GATES_PASSED,gwm.tank300,EQUIVALENT,true,STRONG_FLIPS,true,,,,12017,8718,10958,2023-11,2026-09,11554,8717,10957,gwm-tank-300,gwm-tank-300,"gwm.tank500 (SIBLING, WEAK, corr 0.774 ratio 0.113) | gwm.ora_03 (CONTRADICTION, UNAVAILABLE)",,,,
108,2,high-volume legacy PROPOSED row,2;4,,0.7444,"Is Ice 'Xforce' (MITSUBISHI, mitsubishi-xforce) the same vehicle as TDR 'Xforce' (mitsubishi.xforce)? Verdict applies to the candidate shown on this row.",mitsubishi-xforce,Xforce,MITSUBISHI,settled,SUV,mitsubishi.xforce,Xforce,Mitsubishi,CURRENT,CROSSOVER,LEGACY_CANDIDATE;LEGACY_STORED;V1_POOL;V1_PRIMARY,PROPOSED,NAME,58,0.7946316096815872,0.9349746933173201,1.0,2025-05,2026-09,17,1,2026-09,EQUIVALENT,EXACT,EQUAL,1.0,STRONG,,1.0,0.999908,1.0,16,16,10900.0,10899.0,2025-05,2026-08,8,BRND_EXACT;NAME_EQUAL;SER_STRONG,SER_MISSING_ROW_SEMANTICS_UNCONFIRMED,,,PROPOSE,PROPOSE_SERIES_STRONG_CAPPED,mitsubishi.xforce,EQUIVALENT,true,STRONG_FLIPS;CORRELATION,false,,,,11657,9019,10900,2025-05,2026-09,10899,9018,10899,mitsubishi-xforce,mitsubishi-xforce,,,,,
109,2,high-volume legacy PROPOSED row,2;4,,0.766,"Is Ice 'Yaris' (TOYOTA, toyota-yaris) the same vehicle as TDR 'Yaris' (toyota.yaris)? Verdict applies to the candidate shown on this row.",toyota-yaris,Yaris,TOYOTA,settled,Hatchback,toyota.yaris,Yaris,Toyota,CURRENT,HATCHBACK,LEGACY_CANDIDATE;LEGACY_STORED;V1_POOL;V1_PRIMARY,PROPOSED,NAME,12,0.8557613355713257,0.9548725928807625,1.0,2024-10,2026-09,24,1,2026-09,EQUIVALENT,EXACT,EQUAL,1.0,STRONG,,0.999784,0.989322,1.0,24,24,10489.0,10377.0,2024-09,2026-08,0,BRND_EXACT;NAME_EQUAL;SER_STRONG,GEN_LIFECYCLE_PARTIAL,,,PROPOSE,PROPOSE_SERIES_STRONG_CAPPED,toyota.yaris,EQUIVALENT,true,STRONG_FLIPS;CORRELATION,false,,,,89839,4366,10489,2021-01,2026-09,89336,4289,10377,TOYOTA|MIRAI;toyota-vios;toyota-yaris,toyota-yaris,"toyota.yaris_ativ (SUBJECT_COARSER, WEAK, corr -0.247 ratio 10.971) | toyota.yaris_cross (SUBJECT_COARSER, WEAK, corr 0.345 ratio 6.606) | toyota.prius (CONTRADICTION, UNAVAILABLE)",,,,
110,2,high-volume legacy PROPOSED row,2;4,,0.7685,"Is Ice 'Aion UT' (AION, aion-aion-ut) the same vehicle as TDR 'Aion UT' (aion.aion_ut)? Verdict applies to the candidate shown on this row.",aion-aion-ut,Aion UT,AION,settled,Hatchback,aion.aion_ut,Aion UT,Aion,CURRENT,HATCHBACK,LEGACY_CANDIDATE;LEGACY_STORED;V1_POOL;V1_PRIMARY,PROPOSED,NAME,63,0.9530842198035324,0.9540598290598291,1.0,2025-07,2026-09,15,1,2026-09,EQUIVALENT,EXACT,EQUAL,1.0,STRONG,,0.999999,0.999593,1.0,14,14,9827.0,9823.0,2025-07,2026-08,10,BRND_EXACT;NAME_EQUAL;SER_STRONG,SER_MISSING_ROW_SEMANTICS_UNCONFIRMED,,,PROPOSE,PROPOSE_SERIES_STRONG_CAPPED,aion.aion_ut,EQUIVALENT,true,STRONG_FLIPS,false,,,,10296,9286,9827,2025-07,2026-09,9823,9282,9823,aion-aion-ut,aion-aion-ut,,,,,
111,2,high-volume legacy PROPOSED row,2,,0.7736,"Is Ice 'Ora Good Cat' (GWM, gwm-ora-good-cat) the same vehicle as TDR 'Ora Good Cat' (gwm.ora_good_cat)? Verdict applies to the candidate shown on this row.",gwm-ora-good-cat,Ora Good Cat,GWM,settled,Hatchback,gwm.ora_good_cat,Ora Good Cat,GWM,HISTORICAL,HATCHBACK,LEGACY_CANDIDATE;LEGACY_STORED;V1_POOL;V1_PRIMARY,PROPOSED,NAME,38,0.5428441915467828,1.3589106347727038,1.0,2024-05,2026-08,24,0,,EQUIVALENT,EXACT,EQUAL,1.0,WEAK,,0.507677,1.353758,0.8,20,20,8927.0,12085.0,2024-09,2026-08,4,BRND_EXACT;NAME_EQUAL,NAME_ONLY_NOT_AUTO;SER_MISSING_ROW_SEMANTICS_UNCONFIRMED;SER_CORRELATION_BELOW_STRONG;SER_RATIO_OUT_OF_BAND,,,PROPOSE,PROPOSE_NAME_MATCH_SERIES_NOT_STRONG,gwm.ora_good_cat,EQUIVALENT,false,,false,,,,20823,3928,8927,2022-01,2026-08,26185,7810,13566,gwm-ora-07;gwm-ora-5;gwm-ora-good-cat,gwm-ora-good-cat,"gwm.ora_03 (SIBLING, UNAVAILABLE) | gwm.poer_sahar (CONTRADICTION, WEAK, corr -0.483 ratio 0.014)",,,,
112,2,high-volume legacy PROPOSED row,2;4,,0.7758,"Is Ice 'Aion V' (AION, aion-aion-v) the same vehicle as TDR 'Aion V' (aion.aion_v)? Verdict applies to the candidate shown on this row.",aion-aion-v,Aion V,AION,settled,SUV,aion.aion_v,Aion V,Aion,CURRENT,CROSSOVER,LEGACY_CANDIDATE;LEGACY_STORED;V1_POOL;V1_PRIMARY,PROPOSED,NAME,68,0.940667625349209,0.947538860103627,1.0,2025-01,2026-09,21,1,2026-09,EQUIVALENT,EXACT,EQUAL,1.0,STRONG,,0.999998,0.999089,1.0,20,20,8786.0,8778.0,2025-01,2026-08,4,BRND_EXACT;NAME_EQUAL;SER_STRONG,SER_MISSING_ROW_SEMANTICS_UNCONFIRMED,,,PROPOSE,PROPOSE_SERIES_STRONG_CAPPED,aion.aion_v,EQUIVALENT,true,STRONG_FLIPS;CORRELATION,false,NEW_RENAME,RENAME:AION|AION V 505 PREMIUM>aion-aion-v 100%,NOOP:LIN_ALREADY_APPLIED,9264,5606,8786,2025-01,2026-09,8778,5601,8778,aion-aion-v,aion-aion-v,,,,,
113,2,high-volume legacy PROPOSED row,2;4,,0.7783,"Is Ice 'Geely EX2' (GEELY, geely-geely-ex2) the same vehicle as TDR 'Geely EX2' (geely.geely_ex2)? Verdict applies to the candidate shown on this row.",geely-geely-ex2,Geely EX2,GEELY,settled,Hatchback,geely.geely_ex2,Geely EX2,Geely,CURRENT,CROSSOVER,LEGACY_CANDIDATE;LEGACY_STORED;V1_POOL;V1_PRIMARY,PROPOSED,NAME,62,0.7243846676551725,0.8323164918970448,1.0,2026-02,2026-09,8,1,2026-09,EQUIVALENT,EXACT,EQUAL,1.0,STRONG,,1.0,1.0,1.0,7,7,8731.0,8731.0,2026-02,2026-08,17,BRND_EXACT;NAME_EQUAL;SER_STRONG,SER_OVERLAP_BELOW_AUTO_MIN;SER_MISSING_ROW_SEMANTICS_UNCONFIRMED;ATTR_BODY_MISMATCH,,,PROPOSE,PROPOSE_SERIES_STRONG_CAPPED,geely.geely_ex2,EQUIVALENT,true,STRONG_FLIPS;CORRELATION;RATIO,false,,,,10490,8731,8731,2026-02,2026-09,8731,8731,8731,geely-geely-ex2,geely-geely-ex2,"geely.geely_ex5 (CONTRADICTION, WEAK, corr 0.358 ratio 0.244)",,,,
114,2,high-volume legacy PROPOSED row,2;4;6,,0.7931,"Is Ice 'Mazda2' (MAZDA, mazda-mazda2) the same vehicle as TDR 'Mazda2' (mazda.mazda2)? Verdict applies to the candidate shown on this row.",mazda-mazda2,Mazda2,MAZDA,settled,Sedan,mazda.mazda2,Mazda2,Mazda,CURRENT,SEDAN,LEGACY_CANDIDATE;LEGACY_STORED;V1_POOL;V1_PRIMARY,PROPOSED,NAME,15,0.794606720930371,0.9630194881427565,1.0,2024-10,2026-09,24,1,2026-09,EQUIVALENT,EXACT,EQUAL,1.0,STRONG,,1.0,1.0,1.0,24,24,8560.0,8560.0,2024-09,2026-08,0,BRND_EXACT;NAME_EQUAL;SER_STRONG,,,,AUTO,AUTO_ALL_GATES_PASSED,mazda.mazda2,EQUIVALENT,true,STRONG_FLIPS;CORRELATION,true,,,,61313,4453,8560,2021-01,2026-09,60998,4453,8560,mazda-mazda2,mazda-mazda2,"mazda.mazda3 (FUZZY, WEAK, corr 0.164 ratio 0.078) | mazda.mazda6 (FUZZY, WEAK, corr 0.062 ratio 0.048) | mazda.mazda2_hatchback (SUBJECT_COARSER, UNAVAILABLE)",,,,
115,2,high-volume legacy PROPOSED row,2;3;4,deepal_under_changan,0.7959,"Is Ice 'Deepal S07' (CHANGAN, changan-deepal-s07) the same vehicle as TDR 'Deepal S07' (deepal.deepal_s07)? Verdict applies to the candidate shown on this row.",changan-deepal-s07,Deepal S07,CHANGAN,settled,SUV,deepal.deepal_s07,Deepal S07,Deepal,CURRENT,CROSSOVER,LEGACY_CANDIDATE;LEGACY_STORED;V1_POOL;V1_PRIMARY,PROPOSED,SERIES,59,0.9978032126337626,0.9866013913939706,0.46153846153846156,2024-10,2026-09,24,1,2026-09,EQUIVALENT,ALIAS_RELABEL,EQUAL,1.0,STRONG,,0.999996,0.99849,1.0,24,24,7945.0,7933.0,2024-09,2026-08,0,BRND_ALIAS_RELABEL;NAME_EQUAL;SER_STRONG,,,,AUTO,AUTO_ALL_GATES_PASSED,deepal.deepal_s07,EQUIVALENT,false,,true,,,,11650,3201,7945,2024-01,2026-09,11544,3200,7933,changan-deepal-s07,changan-deepal-s07,"deepal.deepal_e07 (CONTRADICTION, WEAK, corr 0.347 ratio 0.053) | deepal.deepal_l07 (CONTRADICTION, WEAK, corr 0.795 ratio 0.129)",,,,
116,2,high-volume legacy PROPOSED row,2;4,,0.8038,"Is Ice 'Veloz' (TOYOTA, toyota-veloz) the same vehicle as TDR 'Veloz' (toyota.veloz)? Verdict applies to the candidate shown on this row.",toyota-veloz,Veloz,TOYOTA,settled,MPV,toyota.veloz,Veloz,Toyota,CURRENT,MPV,LEGACY_CANDIDATE;LEGACY_STORED;V1_POOL;V1_PRIMARY,PROPOSED,NAME,23,0.5962910750014674,0.9577983983729503,1.0,2024-10,2026-09,24,1,2026-09,EQUIVALENT,EXACT,EQUAL,1.0,STRONG,,1.0,1.0,1.0,24,24,7900.0,7900.0,2024-09,2026-08,0,BRND_EXACT;NAME_EQUAL;SER_STRONG,,,,AUTO,AUTO_ALL_GATES_PASSED,toyota.veloz,EQUIVALENT,true,STRONG_FLIPS;CORRELATION,true,,,,32347,3914,7900,2022-03,2026-09,32015,3914,7900,toyota-veloz,toyota-veloz,"toyota.vellfire (CONTRADICTION, WEAK, corr 0.060 ratio 0.377) | toyota.voxy (CONTRADICTION, WEAK, corr 0.425 ratio 0.032) | toyota.avanza (CONTRADICTION, UNAVAILABLE)",,,,
117,2,high-volume legacy PROPOSED row,2;4,,0.8095,"Is Ice 'Alphard' (TOYOTA, toyota-alphard) the same vehicle as TDR 'Alphard' (toyota.alphard)? Verdict applies to the candidate shown on this row.",toyota-alphard,Alphard,TOYOTA,settled,MPV,toyota.alphard,Alphard,Toyota,CURRENT,MPV,LEGACY_CANDIDATE;LEGACY_STORED;V1_POOL;V1_PRIMARY,PROPOSED,NAME,33,0.8219305879526373,0.9619183779568495,1.0,2024-10,2026-09,24,1,2026-09,EQUIVALENT,EXACT,EQUAL,1.0,STRONG,,0.999858,0.997684,1.0,24,24,7771.0,7753.0,2024-09,2026-08,0,BRND_EXACT;NAME_EQUAL;SER_STRONG,GEN_LIFECYCLE_PARTIAL,,,PROPOSE,PROPOSE_SERIES_STRONG_CAPPED,toyota.alphard,EQUIVALENT,true,STRONG_FLIPS;CORRELATION,false,,,,23985,3330,7771,2021-01,2026-09,23676,3323,7753,toyota-alphard,toyota-alphard,"toyota.harrier (CONTRADICTION, WEAK, corr 0.596 ratio 0.008) | toyota.c_hr (CONTRADICTION, WEAK, corr -0.339 ratio 0.014) | toyota.noah (CONTRADICTION, WEAK, corr 0.585 ratio 0.011)",,,,
118,2,high-volume legacy PROPOSED row,2,,0.817,"Is Ice 'Corolla Altis' (TOYOTA, toyota-corolla-altis) the same vehicle as TDR 'Corolla Altis' (toyota.corolla_altis)? Verdict applies to the candidate shown on this row.",toyota-corolla-altis,Corolla Altis,TOYOTA,settled,Sedan,toyota.corolla_altis,Corolla Altis,Toyota,CURRENT,SEDAN,LEGACY_CANDIDATE;LEGACY_STORED;V1_POOL;V1_PRIMARY,PROPOSED,NAME,25,0.9270188467968886,0.7260312151616499,1.0,2024-10,2026-09,24,1,2026-09,EQUIVALENT,EXACT,EQUAL,1.0,WEAK,,0.947142,0.740645,0.625,24,24,7376.0,5463.0,2024-09,2026-08,0,BRND_EXACT;NAME_EQUAL,NAME_ONLY_NOT_AUTO;LIN_EVIDENCE_QUARANTINE;SER_CORRELATION_BELOW_STRONG;SER_RATIO_OUT_OF_BAND,,,PROPOSE,PROPOSE_NAME_MATCH_SERIES_NOT_STRONG,toyota.corolla_altis,EQUIVALENT,false,,false,NEW_SPLIT,SPLIT:toyota-corolla-cross>toyota-corolla-altis 23%,NOOP:LIN_SPLIT_PARENT_RETAINED;QUARANTINE:LIN_EVIDENCE_QUARANTINE,31043,2651,7376,2021-01,2026-09,25846,2231,5463,toyota-corolla-altis;toyota-gr-corolla,toyota-corolla-altis,"toyota.corolla_cross (SIBLING, WEAK, corr 0.030 ratio 4.076)",,,,
119,2,high-volume legacy PROPOSED row,2;4;6,,0.8201,"Is Ice 'Tesla Model 3' (TESLA, tesla-tesla-model-3) the same vehicle as TDR 'Model 3' (tesla.model3)? Verdict applies to the candidate shown on this row.",tesla-tesla-model-3,Tesla Model 3,TESLA,settled,Sedan,tesla.model3,Model 3,Tesla,CURRENT,SEDAN,LEGACY_CANDIDATE;LEGACY_STORED;V1_POOL;V1_PRIMARY,PROPOSED,NAME,48,0.927750404524217,0.9282178217821783,1.0,2024-10,2026-09,24,1,2026-09,EQUIVALENT,EXACT,EQUAL,1.0,STRONG,,1.0,1.0,1.0,24,24,7073.0,7073.0,2024-09,2026-08,0,BRND_EXACT;NAME_EQUAL;SER_STRONG,,,,AUTO,AUTO_ALL_GATES_PASSED,tesla.model3,EQUIVALENT,true,STRONG_FLIPS;CORRELATION,true,,,,12594,5200,7073,2021-01,2026-09,12072,5200,7073,tesla-tesla-model-3,tesla-tesla-model-3,"tesla.modely (SIBLING, WEAK, corr 0.247 ratio 0.957)",,,,
120,2,high-volume legacy PROPOSED row,2;4,,0.8219,"Is Ice 'Chery V23' (CHERY, chery-chery-v23) the same vehicle as TDR 'Chery V23' (chery.chery_v23)? Verdict applies to the candidate shown on this row.",chery-chery-v23,Chery V23,CHERY,settled,SUV,chery.chery_v23,Chery V23,Chery,CURRENT,CROSSOVER,LEGACY_CANDIDATE;LEGACY_STORED;V1_POOL;V1_PRIMARY,PROPOSED,NAME,71,0.8904301364983122,0.9153157826481649,1.0,2025-11,2026-09,11,1,2026-09,EQUIVALENT,EXACT,EQUAL,1.0,STRONG,,1.0,1.0,1.0,10,10,7058.0,7058.0,2025-11,2026-08,14,BRND_EXACT;NAME_EQUAL;SER_STRONG,SER_OVERLAP_BELOW_AUTO_MIN;SER_MISSING_ROW_SEMANTICS_UNCONFIRMED,,,PROPOSE,PROPOSE_SERIES_STRONG_CAPPED,chery.chery_v23,EQUIVALENT,true,STRONG_FLIPS;CORRELATION,false,,,,7711,7058,7058,2025-11,2026-09,7058,7058,7058,chery-chery-v23,chery-chery-v23,,,,,
121,2,high-volume legacy PROPOSED row,2;4;6,,0.8254,"Is Ice 'Tesla Model Y' (TESLA, tesla-tesla-model-y) the same vehicle as TDR 'Model Y' (tesla.modely)? Verdict applies to the candidate shown on this row.",tesla-tesla-model-y,Tesla Model Y,TESLA,settled,SUV,tesla.modely,Model Y,Tesla,CURRENT,CROSSOVER,LEGACY_CANDIDATE;LEGACY_STORED;V1_POOL;V1_PRIMARY,PROPOSED,NAME,45,0.9237356154595668,0.9180214935243869,1.0,2024-10,2026-09,24,1,2026-09,EQUIVALENT,EXACT,EQUAL,1.0,STRONG,,1.0,1.0,1.0,24,24,6766.0,6766.0,2024-09,2026-08,0,BRND_EXACT;NAME_EQUAL;SER_STRONG,,,,AUTO,AUTO_ALL_GATES_PASSED,tesla.modely,EQUIVALENT,true,STRONG_FLIPS;CORRELATION,true,,,,14168,4128,6766,2021-11,2026-09,13573,4128,6766,tesla-tesla-model;tesla-tesla-model-y,tesla-tesla-model-y,"tesla.model3 (SIBLING, WEAK, corr 0.247 ratio 1.045)",,,,
122,2,high-volume legacy PROPOSED row,2,,0.8277,"Is Ice 'Aion Y Plus' (AION, aion-aion-y-plus) the same vehicle as TDR 'Aion Y Plus' (aion.aion_y_plus)? Verdict applies to the candidate shown on this row.",aion-aion-y-plus,Aion Y Plus,AION,settled,SUV,aion.aion_y_plus,Aion Y Plus,Aion,CURRENT,CROSSOVER,LEGACY_CANDIDATE;LEGACY_STORED;V1_POOL;V1_PRIMARY,PROPOSED,NAME,65,0.9285879759514049,0.5964478764478764,1.0,2024-10,2026-09,24,1,2026-09,EQUIVALENT,EXACT,EQUAL,1.0,WEAK,,0.933236,0.634042,0.416667,24,24,6539.0,4146.0,2024-09,2026-08,0,BRND_EXACT;NAME_EQUAL,NAME_ONLY_NOT_AUTO;SER_CORRELATION_BELOW_STRONG;SER_RATIO_OUT_OF_BAND,,,PROPOSE,PROPOSE_NAME_MATCH_SERIES_NOT_STRONG,aion.aion_y_plus,EQUIVALENT,false,,false,,,,9720,3123,6539,2023-09,2026-09,7072,1574,4146,aion-aion-y-plus,aion-aion-y-plus,,,,,
123,2,high-volume legacy PROPOSED row,2;6,,0.8301,"Is Ice 'Hiace' (TOYOTA, toyota-hiace) the same vehicle as TDR 'Hiace Majesty' (toyota.hiace_majesty)? Verdict applies to the candidate shown on this row.",toyota-hiace,Hiace,TOYOTA,settled,Van,toyota.hiace_majesty,Hiace Majesty,Toyota,CURRENT,VAN,LEGACY_CANDIDATE;LEGACY_STORED;V1_POOL,PROPOSED,NAME,64,0.9310952144993958,0.707198268085874,0.5555555555555556,2024-10,2026-09,24,1,2026-09,EQUIVALENT,EXACT,SUBJECT_COARSER,0.666667,WEAK,,0.970045,0.723877,0.375,24,24,5675.0,4108.0,2024-09,2026-08,0,BRND_EXACT,NAME_CONTAINMENT_SUBJECT_COARSER;NAME_ONLY_NOT_AUTO;SER_CORRELATION_BELOW_STRONG;SER_RATIO_OUT_OF_BAND,,,PROPOSE,PROPOSE_COMPOSED_OF,toyota.hiace+toyota.hiace_majesty,COMPOSED_OF,false,,false,,,,9986,2356,5675,2021-01,2026-09,6244,1655,4108,TOYOTA|ACV40R JEAGKT A1;TOYOTA|ACV41R JEPNKT AB;TOYOTA|ACV51R JEPEKT AA;TOYOTA|ACV51R JEPEKT AB;TOYOTA|ACV51R JEPEKT AC;toyota-hiace,toyota-hiace,"toyota.hiace+toyota.hiace_majesty (SUBJECT_COARSER, STRONG, corr 1.000 ratio 1.000) | toyota.hiace (EQUAL, WEAK, corr 0.709 ratio 0.276) | toyota.harrier (CONTRADICTION, WEAK, corr 0.612 ratio 0.012)",,,,
124,2,high-volume legacy PROPOSED row,2;6,,0.833,"Is Ice 'Seal' (BYD, byd-seal) the same vehicle as TDR 'Seal' (byd.seal)? Verdict applies to the candidate shown on this row.",byd-seal,Seal,BYD,settled,Sedan,byd.seal,Seal,BYD,CURRENT,SEDAN,LEGACY_CANDIDATE;LEGACY_STORED;V1_POOL,PROPOSED,NAME,56,0.7892146821749625,0.5964648364046634,1.0,2024-10,2026-09,24,1,2026-09,EQUIVALENT,EXACT,EQUAL,1.0,WEAK,,0.786989,0.622898,0.583333,24,24,5293.0,3297.0,2024-09,2026-08,0,BRND_EXACT;NAME_EQUAL,NAME_ONLY_NOT_AUTO;SER_CORRELATION_BELOW_STRONG;SER_RATIO_OUT_OF_BAND,,,PROPOSE,PROPOSE_COMPOSED_OF,byd.seal+byd.seal_5_dmi,COMPOSED_OF,false,,false,,,,11798,3606,5293,2023-11,2026-09,9652,1610,3297,byd-seal,byd-seal,"byd.seal+byd.seal_5_dmi (SUBJECT_COARSER, STRONG, corr 1.000 ratio 0.998) | byd.sealion7 (CONTRADICTION, WEAK, corr 0.245 ratio 2.353) | byd.seal_5_dmi (SUBJECT_COARSER, WEAK, corr 0.453 ratio 0.552)",,,,
125,2,high-volume legacy PROPOSED row,2;4,,0.8384,"Is Ice 'Attrage' (MITSUBISHI, mitsubishi-attrage) the same vehicle as TDR 'Attrage' (mitsubishi.attrage)? Verdict applies to the candidate shown on this row.",mitsubishi-attrage,Attrage,MITSUBISHI,settled,Sedan,mitsubishi.attrage,Attrage,Mitsubishi,CURRENT,SEDAN,LEGACY_CANDIDATE;LEGACY_STORED;V1_POOL;V1_PRIMARY,PROPOSED,NAME,35,0.9787638410971196,0.9848966613672496,1.0,2024-10,2026-09,24,1,2026-09,EQUIVALENT,EXACT,EQUAL,1.0,STRONG,,0.999993,1.00019,1.0,24,24,5251.0,5252.0,2024-09,2026-08,0,BRND_EXACT;NAME_EQUAL;SER_STRONG,,,,AUTO,AUTO_ALL_GATES_PASSED,mitsubishi.attrage,EQUIVALENT,true,STRONG_FLIPS,true,,,,22492,2369,5251,2021-01,2026-09,22416,2369,5252,MITSUBISHI|A03AXTHHRU;MITSUBISHI|A03AXTMHRU;MITSUBISHI|A13ASTMHRU;MITSUBISHI|CY3ASTHHRU;mitsubishi-attrage;mitsubishi-mitsubishi-cy4astxhru,mitsubishi-attrage,"mitsubishi.mirage (CONTRADICTION, WEAK, corr 0.518 ratio 0.925) | mitsubishi.triton_cab (CONTRADICTION, WEAK, corr 0.154 ratio 1.399)",,,,
126,2,high-volume legacy PROPOSED row,2;4,,0.8489,"Is Ice 'Almera' (NISSAN, nissan-almera) the same vehicle as TDR 'Almera' (nissan.almera)? Verdict applies to the candidate shown on this row.",nissan-almera,Almera,NISSAN,settled,Sedan,nissan.almera,Almera,Nissan,CURRENT,SEDAN,LEGACY_CANDIDATE;LEGACY_STORED;V1_POOL;V1_PRIMARY,PROPOSED,NAME,20,0.9601315324886397,0.9750608272506083,1.0,2024-10,2026-09,24,1,2026-09,EQUIVALENT,EXACT,EQUAL,1.0,STRONG,,1.0,1.0,1.0,24,24,5022.0,5022.0,2024-09,2026-08,0,BRND_EXACT;NAME_EQUAL;SER_STRONG,,,,AUTO,AUTO_ALL_GATES_PASSED,nissan.almera,EQUIVALENT,true,STRONG_FLIPS,true,,,,43660,1793,5022,2021-01,2026-09,43537,1793,5022,NISSAN|BDBARGZL33MHA A;nissan-almera;nissan-nissan-fairlady,nissan-almera,"nissan.terra (CONTRADICTION, WEAK, corr 0.893 ratio 0.141) | nissan.serena (CONTRADICTION, WEAK, corr -0.379 ratio 0.848) | nissan.navara_cab (CONTRADICTION, WEAK, corr 0.451 ratio 0.301)",,,,
127,2,high-volume legacy PROPOSED row,2;4;6,,0.853,"Is Ice 'BMW 3 Series' (BMW, bmw-bmw-3-series) the same vehicle as TDR '3 Series' (bmw.bmw_3)? Verdict applies to the candidate shown on this row.",bmw-bmw-3-series,BMW 3 Series,BMW,settled,Sedan,bmw.bmw_3,3 Series,BMW,CURRENT,SEDAN,LEGACY_CANDIDATE;LEGACY_STORED;V1_POOL;V1_PRIMARY,PROPOSED,NAME,42,0.8990665480316442,1.0109935697987968,1.0,2024-10,2026-09,24,1,2026-09,EQUIVALENT,EXACT,EQUAL,1.0,STRONG,,0.998664,1.043202,1.0,24,24,4884.0,5095.0,2024-09,2026-08,0,BRND_EXACT;NAME_EQUAL;SER_STRONG,,,,AUTO,AUTO_ALL_GATES_PASSED,bmw.bmw_3,EQUIVALENT,true,STRONG_FLIPS;CORRELATION,true,,,,16645,1994,4884,2021-01,2026-09,17136,2094,5095,BMW|328I M SPORT;BMW|530I LIMOUSINE RHD;BMW|I8 HYBRID;BMW|I8 ROADSTER;bmw-840d-xdrive__provisional;bmw-840i-convertible__provisional;bmw-alpina-d3-s-touring__provisional;bmw-bmw-3-series,bmw-bmw-3-series,"bmw.4_series (CONTRADICTION, WEAK, corr 0.573 ratio 0.083) | bmw.7_series (CONTRADICTION, WEAK, corr 0.662 ratio 0.057) | bmw.bmw_5 (CONTRADICTION, WEAK, corr 0.854 ratio 0.597)",,,,
128,2,high-volume legacy PROPOSED row,2;4,,0.8576,"Is Ice 'Mirage' (MITSUBISHI, mitsubishi-mirage) the same vehicle as TDR 'Mirage' (mitsubishi.mirage)? Verdict applies to the candidate shown on this row.",mitsubishi-mirage,Mirage,MITSUBISHI,settled,Hatchback,mitsubishi.mirage,Mirage,Mitsubishi,CURRENT,HATCHBACK,LEGACY_CANDIDATE;LEGACY_STORED;V1_POOL;V1_PRIMARY,PROPOSED,NAME,39,0.9059907562734862,0.9665404040404041,1.0,2024-10,2026-09,24,1,2026-09,EQUIVALENT,EXACT,EQUAL,1.0,STRONG,,0.999979,1.000618,1.0,24,24,4854.0,4857.0,2024-09,2026-08,0,BRND_EXACT;NAME_EQUAL;SER_STRONG,,,,AUTO,AUTO_ALL_GATES_PASSED,mitsubishi.mirage,EQUIVALENT,true,STRONG_FLIPS;CORRELATION,true,,,,19028,1815,4854,2021-01,2026-09,18869,1818,4857,mitsubishi-mirage,mitsubishi-mirage,"mitsubishi.attrage (CONTRADICTION, WEAK, corr 0.520 ratio 1.082)",,,,
129,2,high-volume legacy PROPOSED row,2;4,,0.8587,"Is Ice 'Xpeng G6' (XPENG, xpeng-xpeng-g6) the same vehicle as TDR 'XPeng G6' (xpeng.xpeng_g6)? Verdict applies to the candidate shown on this row.",xpeng-xpeng-g6,Xpeng G6,XPENG,settled,SUV,xpeng.xpeng_g6,XPeng G6,XPeng,CURRENT,CROSSOVER,LEGACY_CANDIDATE;LEGACY_STORED;V1_POOL;V1_PRIMARY,PROPOSED,NAME,87,0.865108668125307,0.9320222317229585,1.0,2024-10,2026-09,24,1,2026-09,EQUIVALENT,EXACT,EQUAL,1.0,STRONG,,1.0,1.0,1.0,24,24,4361.0,4361.0,2024-09,2026-08,0,BRND_EXACT;NAME_EQUAL;SER_STRONG,,,,AUTO,AUTO_ALL_GATES_PASSED,xpeng.xpeng_g6,EQUIVALENT,true,STRONG_FLIPS;CORRELATION,true,,,,4679,3213,4361,2024-09,2026-09,4361,3213,4361,xpeng-xpeng-g6,xpeng-xpeng-g6,,,,,
130,2,high-volume legacy PROPOSED row,2;4,,0.8631,"Is Ice 'Kicks e-Power' (NISSAN, nissan-kicks-e-power) the same vehicle as TDR 'Kicks e-Power' (nissan.kicks)? Verdict applies to the candidate shown on this row.",nissan-kicks-e-power,Kicks e-Power,NISSAN,settled,SUV,nissan.kicks,Kicks e-Power,Nissan,CURRENT,CROSSOVER,LEGACY_CANDIDATE;LEGACY_STORED;V1_POOL;V1_PRIMARY,PROPOSED,NAME,40,0.6889770809040465,0.9118334892422825,1.0,2024-10,2026-09,24,1,2026-09,EQUIVALENT,EXACT,EQUAL,1.0,WEAK,,0.969065,0.965127,0.958333,24,24,4244.0,4096.0,2024-09,2026-08,0,BRND_EXACT;NAME_EQUAL,NAME_ONLY_NOT_AUTO;SER_CORRELATION_BELOW_STRONG,,,PROPOSE,PROPOSE_NAME_MATCH_SERIES_NOT_STRONG,nissan.kicks,EQUIVALENT,true,CORRELATION,false,,,,18388,2274,4244,2021-01,2026-09,18010,2126,4096,nissan-kicks-e-power,nissan-kicks-e-power,,,,,
131,2,high-volume legacy PROPOSED row,2;4,,0.8642,"Is Ice 'Geely EX5' (GEELY, geely-geely-ex5) the same vehicle as TDR 'Geely EX5' (geely.geely_ex5)? Verdict applies to the candidate shown on this row.",geely-geely-ex5,Geely EX5,GEELY,settled,SUV,geely.geely_ex5,Geely EX5,Geely,CURRENT,CROSSOVER,LEGACY_CANDIDATE;LEGACY_STORED;V1_POOL;V1_PRIMARY,PROPOSED,NAME,91,0.922795950848723,0.956051541647492,1.0,2025-04,2026-09,18,1,2026-09,EQUIVALENT,EXACT,EQUAL,1.0,STRONG,,0.999997,1.000241,1.0,17,17,4154.0,4155.0,2025-04,2026-08,7,BRND_EXACT;NAME_EQUAL;SER_STRONG,SER_MISSING_ROW_SEMANTICS_UNCONFIRMED,,,PROPOSE,PROPOSE_SERIES_STRONG_CAPPED,geely.geely_ex5,EQUIVALENT,true,STRONG_FLIPS;CORRELATION,false,,,,4346,3297,4154,2025-04,2026-09,4155,3297,4155,geely-geely-ex5,geely-geely-ex5,"geely.geely_ex2 (CONTRADICTION, WEAK, corr 0.358 ratio 4.093)",,,,
132,2,high-volume legacy PROPOSED row,2;4,,0.8652,"Is Ice 'Chery C5 EV (Omoda E5)' (CHERY, chery-chery-c5-ev-omoda-e5) the same vehicle as TDR 'Omoda C5' (chery.omoda_c5)? Verdict applies to the candidate shown on this row.",chery-chery-c5-ev-omoda-e5,Chery C5 EV (Omoda E5),CHERY,settled,SUV,chery.omoda_c5,Omoda C5,Chery,CURRENT,CROSSOVER,LEGACY_CANDIDATE;LEGACY_STORED;V1_POOL,PROPOSED,NAME,89,,0.0,0.6363636363636364,2024-11,2026-09,23,23,2024-11;2024-12;2025-01;2025-02;2025-03;2025-04;2025-05;2025-06;2025-07;2025-08;2025-09;2025-10;2025-11;2025-12;2026-01;2026-02;2026-03;2026-04;2026-05;2026-06;2026-07;2026-08;2026-09,EQUIVALENT,EXACT,SUBJECT_FINER,0.666667,UNAVAILABLE,SER_NO_COMMON_WINDOW,,,,0,0,0,0,,,0,BRND_EXACT,NAME_CONTAINMENT_SUBJECT_FINER;NAME_ONLY_NOT_AUTO,,SER_NO_COMMON_WINDOW,INSUFFICIENT_DATA,INSUFFICIENT_DATA_NO_BASIS,,,false,,true,,,,4459,2767,4114,2024-11,2026-09,0,0,0,chery-chery-c5-ev-omoda-e5,,,,,,
133,2,high-volume legacy PROPOSED row,2;4,,0.8663,"Is Ice 'Hyptec HT' (AION, aion-hyptec-ht) the same vehicle as TDR 'Hyptec HT' (aion.hyptec_ht)? Verdict applies to the candidate shown on this row.",aion-hyptec-ht,Hyptec HT,AION,settled,SUV,aion.hyptec_ht,Hyptec HT,Aion,CURRENT,CROSSOVER,LEGACY_CANDIDATE;LEGACY_STORED;V1_POOL;V1_PRIMARY,PROPOSED,NAME,94,0.9783618023376333,0.9664844307107202,1.0,2024-10,2026-09,24,1,2026-09,EQUIVALENT,EXACT,EQUAL,1.0,STRONG,,1.0,1.0,1.0,23,23,4066.0,4066.0,2024-10,2026-08,1,BRND_EXACT;NAME_EQUAL;SER_STRONG,SER_MISSING_ROW_SEMANTICS_UNCONFIRMED,,,PROPOSE,PROPOSE_SERIES_STRONG_CAPPED,aion.hyptec_ht,EQUIVALENT,true,STRONG_FLIPS,false,,,,4207,2163,4066,2024-10,2026-09,4066,2163,4066,aion-hyptec-ht,aion-hyptec-ht,,,,,
134,2,high-volume legacy PROPOSED row,2;4,,0.8672,"Is Ice 'Zeekr 009' (ZEEKR, zeekr-zeekr-009) the same vehicle as TDR 'Zeekr 009' (zeekr.zeekr_009)? Verdict applies to the candidate shown on this row.",zeekr-zeekr-009,Zeekr 009,ZEEKR,settled,MPV,zeekr.zeekr_009,Zeekr 009,Zeekr,CURRENT,MPV,LEGACY_CANDIDATE;LEGACY_STORED;V1_POOL;V1_PRIMARY,PROPOSED,NAME,100,0.8692805794621535,0.9504925486233897,1.0,2024-12,2026-09,22,1,2026-09,EQUIVALENT,EXACT,EQUAL,1.0,STRONG,,1.0,1.0,1.0,21,21,3763.0,3763.0,2024-12,2026-08,3,BRND_EXACT;NAME_EQUAL;SER_STRONG,SER_MISSING_ROW_SEMANTICS_UNCONFIRMED,,,PROPOSE,PROPOSE_SERIES_STRONG_CAPPED,zeekr.zeekr_009,EQUIVALENT,true,STRONG_FLIPS;CORRELATION,false,,,,3959,2403,3763,2024-12,2026-09,3763,2403,3763,zeekr-zeekr-009,zeekr-zeekr-009,,,,,
135,2,high-volume legacy PROPOSED row,2;4,,0.8714,"Is Ice 'Accord' (HONDA, honda-accord) the same vehicle as TDR 'Accord' (honda.accord)? Verdict applies to the candidate shown on this row.",honda-accord,Accord,HONDA,settled,Sedan,honda.accord,Accord,Honda,CURRENT,SEDAN,LEGACY_CANDIDATE;LEGACY_STORED;V1_POOL;V1_PRIMARY,PROPOSED,NAME,41,0.5564475475913646,0.9529346622369879,1.0,2024-10,2026-09,24,1,2026-09,EQUIVALENT,EXACT,EQUAL,1.0,STRONG,,1.0,1.0,1.0,24,24,3685.0,3685.0,2024-09,2026-08,0,BRND_EXACT;NAME_EQUAL;SER_STRONG,GEN_LIFECYCLE_PARTIAL,,,PROPOSE,PROPOSE_SERIES_STRONG_CAPPED,honda.accord,EQUIVALENT,true,STRONG_FLIPS;CORRELATION,false,,,,17222,1741,3685,2021-01,2026-09,17052,1741,3685,honda-accord;honda-honda-freed,honda-accord,"honda.crv (CONTRADICTION, WEAK, corr 0.460 ratio 3.787) | honda.civic (CONTRADICTION, WEAK, corr 0.121 ratio 5.912)",,,,
136,2,high-volume legacy PROPOSED row,2;3;4,ranger_granularity,0.8745,"Is Ice 'Ford Ranger Raptor' (FORD, ford-ford-ranger-raptor) the same vehicle as TDR 'Ranger Cab' (ford.ranger_cab)? Verdict applies to the candidate shown on this row.",ford-ford-ranger-raptor,Ford Ranger Raptor,FORD,settled,Pickup,ford.ranger_cab,Ranger Cab,Ford,CURRENT,PICKUP,LEGACY_CANDIDATE;LEGACY_STORED;V1_POOL,PROPOSED,NAME,47,0.5079126025129663,0.5069577080491132,0.6956521739130435,2024-10,2026-09,24,2,2026-08;2026-09,EQUIVALENT,EXACT,SIBLING,0.5,WEAK,,0.464458,0.577855,0.291667,24,24,3757.0,2171.0,2024-08,2026-07,1,BRND_EXACT,NAME_ONLY_NOT_AUTO;SER_MISSING_ROW_SEMANTICS_UNCONFIRMED;SER_CORRELATION_BELOW_STRONG;SER_RATIO_OUT_OF_BAND,NAME_SIBLING_VARIANT;SERIES_DECISIVELY_WRONG,,NO_CANDIDATE,NO_CANDIDATE_ALL_EXCLUDED,,,true,RATIO,true,,,,12839,1672,3670,2021-01,2026-09,27109,550,1999,ford-ford-ranger-raptor,,"ford.ranger_double_cab (SIBLING, WEAK, corr 0.469 ratio 5.619)",,,,
137,2,high-volume legacy PROPOSED row,2;4,,0.8756,"Is Ice 'Ora 5' (GWM, gwm-ora-5) the same vehicle as TDR 'Ora Good Cat' (gwm.ora_good_cat)? Verdict applies to the candidate shown on this row.",gwm-ora-5,Ora 5,GWM,settled,Hatchback,gwm.ora_good_cat,Ora Good Cat,GWM,HISTORICAL,HATCHBACK,LEGACY_CANDIDATE;LEGACY_STORED;V1_POOL,PROPOSED,NAME,86,0.8429849898619477,0.7625285922229154,0.47058823529411764,2026-06,2026-09,4,1,2026-09,EQUIVALENT,EXACT,SIBLING,0.4,UNAVAILABLE,SER_OVERLAP_BELOW_PROPOSE_MIN,,,,3,3,3666.0,3667.0,2026-06,2026-08,21,BRND_EXACT,NAME_ONLY_NOT_AUTO;SER_MISSING_ROW_SEMANTICS_UNCONFIRMED,NAME_SIBLING_VARIANT,SER_OVERLAP_BELOW_PROPOSE_MIN,NO_CANDIDATE,NO_CANDIDATE_ALL_EXCLUDED,,,true,AVAILABILITY,true,,,,4809,3666,3666,2026-06,2026-09,26185,7810,13566,gwm-ora-07;gwm-ora-5;gwm-ora-good-cat,gwm-ora-good-cat,"gwm.ora_03 (SIBLING, UNAVAILABLE) | gwm.tank500 (CONTRADICTION, UNAVAILABLE) | gwm.poer_sahar (CONTRADICTION, UNAVAILABLE)",,,,
138,2,high-volume legacy PROPOSED row,2;4,,0.882,"Is Ice 'Pajero Sport' (MITSUBISHI, mitsubishi-pajero-sport) the same vehicle as TDR 'Pajero Sport' (mitsubishi.pajero_sport)? Verdict applies to the candidate shown on this row.",mitsubishi-pajero-sport,Pajero Sport,MITSUBISHI,settled,PPV,mitsubishi.pajero_sport,Pajero Sport,Mitsubishi,CURRENT,PPV,LEGACY_CANDIDATE;LEGACY_STORED;V1_POOL;V1_PRIMARY,PROPOSED,NAME,31,0.8030159165682736,0.9560530679933665,1.0,2024-10,2026-09,24,1,2026-09,EQUIVALENT,EXACT,EQUAL,1.0,STRONG,,0.999366,0.994259,1.0,24,24,3658.0,3637.0,2024-09,2026-08,0,BRND_EXACT;NAME_EQUAL;SER_STRONG,,,,AUTO,AUTO_ALL_GATES_PASSED,mitsubishi.pajero_sport,EQUIVALENT,true,STRONG_FLIPS;CORRELATION,true,,,,26287,1639,3658,2021-01,2026-09,26094,1626,3637,mitsubishi-pajero;mitsubishi-pajero-sport,mitsubishi-pajero-sport,"mitsubishi.xpander_cross (CONTRADICTION, WEAK, corr 0.661 ratio 2.310) | mitsubishi.xpander (CONTRADICTION, WEAK, corr 0.459 ratio 1.611) | mitsubishi.outlander_phev (CONTRADICTION, WEAK, corr 0.056 ratio 0.011)",,,,
139,2,high-volume legacy PROPOSED row,2;3;4,pickup_cab_granularity,0.8878,"Is Ice 'Navara' (NISSAN, nissan-navara) the same vehicle as TDR 'Navara Double Cab' (nissan.navara_double_cab)? Verdict applies to the candidate shown on this row.",nissan-navara,Navara,NISSAN,settled,Pickup,nissan.navara_double_cab,Navara Double Cab,Nissan,CURRENT,PICKUP,LEGACY_CANDIDATE;LEGACY_STORED;V1_POOL,PROPOSED,NAME,32,0.8473013407464884,0.5350223546944859,0.5217391304347826,2024-10,2026-09,24,2,2026-08;2026-09,EQUIVALENT,EXACT,SUBJECT_COARSER,0.5,WEAK,,0.782171,0.551454,0.0,24,24,3576.0,1972.0,2024-08,2026-07,1,BRND_EXACT,NAME_CONTAINMENT_SUBJECT_COARSER;NAME_ONLY_NOT_AUTO;SER_MISSING_ROW_SEMANTICS_UNCONFIRMED;SER_CORRELATION_BELOW_STRONG;SER_RATIO_OUT_OF_BAND,,,PROPOSE,PROPOSE_COMPOSED_OF,nissan.navara_cab+nissan.navara_double_cab,COMPOSED_OF,true,CORRELATION,false,,,,23988,1485,3452,2021-01,2026-09,8900,795,1886,NISSAN|ADB2RCYD23IHL C;nissan-navara,nissan-navara,"nissan.navara_cab+nissan.navara_double_cab (SUBJECT_COARSER, STRONG, corr 0.998 ratio 0.989) | nissan.navara_cab (SUBJECT_COARSER, WEAK, corr 0.829 ratio 0.437) | nissan.almera (CONTRADICTION, WEAK, corr 0.544 ratio 1.455)",,,,
140,2,high-volume legacy PROPOSED row,2;4,,0.8886,"Is Ice 'Serena' (NISSAN, nissan-serena) the same vehicle as TDR 'Serena' (nissan.serena)? Verdict applies to the candidate shown on this row.",nissan-serena,Serena,NISSAN,settled,MPV,nissan.serena,Serena,Nissan,CURRENT,MPV,LEGACY_CANDIDATE;LEGACY_STORED;V1_POOL;V1_PRIMARY,PROPOSED,NAME,106,0.9740440576035094,0.9654688377316114,1.0,2023-02,2026-09,24,1,2026-09,EQUIVALENT,EXACT,EQUAL,1.0,STRONG,,0.999997,0.999709,1.0,20,20,3436.0,3435.0,2025-01,2026-08,4,BRND_EXACT;NAME_EQUAL;SER_STRONG,SER_MISSING_ROW_SEMANTICS_UNCONFIRMED,,,PROPOSE,PROPOSE_SERIES_STRONG_CAPPED,nissan.serena,EQUIVALENT,true,STRONG_FLIPS,false,,,,3585,2608,3436,2021-01,2026-09,3462,2607,3435,nissan-serena,nissan-serena,"nissan.teana (CONTRADICTION, UNAVAILABLE) | nissan.terra (CONTRADICTION, WEAK, corr -0.514 ratio 0.167) | nissan.almera (CONTRADICTION, WEAK, corr -0.379 ratio 1.180)",,,,
141,2,high-volume legacy PROPOSED row,2;4;6,,0.8915,"Is Ice 'BMW X1' (BMW, bmw-bmw-x1) the same vehicle as TDR 'X1' (bmw.bmw_x1)? Verdict applies to the candidate shown on this row.",bmw-bmw-x1,BMW X1,BMW,settled,SUV,bmw.bmw_x1,X1,BMW,CURRENT,CROSSOVER,LEGACY_CANDIDATE;LEGACY_STORED;V1_POOL;V1_PRIMARY,PROPOSED,NAME,57,0.8541945782641072,0.9658923845927668,1.0,2024-10,2026-09,24,1,2026-09,EQUIVALENT,EXACT,EQUAL,1.0,STRONG,,1.0,1.0,1.0,24,24,3426.0,3426.0,2024-09,2026-08,0,BRND_EXACT;NAME_EQUAL;SER_STRONG,GEN_LIFECYCLE_PARTIAL,,,PROPOSE,PROPOSE_SERIES_STRONG_CAPPED,bmw.bmw_x1,EQUIVALENT,true,STRONG_FLIPS;CORRELATION,false,,,,11743,1509,3426,2021-01,2026-09,11627,1509,3426,bmw-bmw-x1,bmw-bmw-x1,"bmw.ix1 (CONTRADICTION, WEAK, corr 0.631 ratio 0.395) | bmw.bmw_x3 (CONTRADICTION, WEAK, corr -0.099 ratio 0.477) | bmw.ix (CONTRADICTION, WEAK, corr -0.022 ratio 0.101)",,,,
142,2,high-volume legacy PROPOSED row,2;4,,0.8983,"Is Ice 'MG5' (MG, mg-mg5) the same vehicle as TDR 'MG5' (mg.mg5)? Verdict applies to the candidate shown on this row.",mg-mg5,MG5,MG,settled,Sedan,mg.mg5,MG5,MG,CURRENT,SEDAN,LEGACY_CANDIDATE;LEGACY_STORED;V1_POOL;V1_PRIMARY,PROPOSED,NAME,30,0.9392751414051571,0.97347316471314,1.0,2024-10,2026-09,24,1,2026-09,EQUIVALENT,EXACT,EQUAL,1.0,STRONG,,1.0,1.0,1.0,24,24,3398.0,3398.0,2024-09,2026-08,0,BRND_EXACT;NAME_EQUAL;SER_STRONG,,,,AUTO,AUTO_ALL_GATES_PASSED,mg.mg5,EQUIVALENT,true,STRONG_FLIPS;CORRELATION,true,,,,28194,1287,3398,2021-01,2026-09,28108,1287,3398,mg-mg5,mg-mg5,"mg.mg_im5 (CONTRADICTION, UNAVAILABLE)",,,,
143,2,high-volume legacy PROPOSED row,2,,0.9012,"Is Ice 'MG EP' (MG, mg-mg-ep) the same vehicle as TDR 'MG EP' (mg.mg_ep)? Verdict applies to the candidate shown on this row.",mg-mg-ep,MG EP,MG,settled,Wagon,mg.mg_ep,MG EP,MG,CURRENT,WAGON,LEGACY_CANDIDATE;LEGACY_STORED;V1_POOL;V1_PRIMARY,PROPOSED,NAME,53,0.8995608539051506,0.2964352720450281,1.0,2024-10,2026-09,24,3,2026-06;2026-07;2026-09,EQUIVALENT,EXACT,EQUAL,1.0,WEAK,,0.881894,0.304793,0.136364,22,22,3317.0,1011.0,2024-09,2026-08,2,BRND_EXACT;NAME_EQUAL,NAME_ONLY_NOT_AUTO;SER_MISSING_ROW_SEMANTICS_UNCONFIRMED;SER_CORRELATION_BELOW_STRONG;SER_RATIO_OUT_OF_BAND,,,PROPOSE,PROPOSE_NAME_MATCH_SERIES_NOT_STRONG,mg.mg_ep,EQUIVALENT,false,,false,,,,12009,1904,3321,2021-01,2026-09,8909,581,1011,mg-mg-ep,mg-mg-ep,"mg.mg_es (CONTRADICTION, UNAVAILABLE)",,,,
144,2,high-volume legacy PROPOSED row,2;4,,0.9027,"Is Ice 'Innova' (TOYOTA, toyota-innova) the same vehicle as TDR 'Innova Zenix' (toyota.innova_zenix)? Verdict applies to the candidate shown on this row.",toyota-innova,Innova,TOYOTA,settled,MPV,toyota.innova_zenix,Innova Zenix,Toyota,CURRENT,MPV,LEGACY_CANDIDATE;LEGACY_STORED;V1_POOL;V1_PRIMARY,PROPOSED,NAME,75,0.8713638645253695,0.9644772117962467,0.6666666666666666,2024-10,2026-09,24,1,2026-09,EQUIVALENT,EXACT,SUBJECT_COARSER,0.666667,STRONG,,0.999832,0.996429,1.0,24,24,3080.0,3069.0,2024-09,2026-08,0,BRND_EXACT;SER_STRONG,NAME_CONTAINMENT_SUBJECT_COARSER,,,PROPOSE,PROPOSE_SERIES_STRONG_CAPPED,toyota.innova_zenix,EQUIVALENT,true,STRONG_FLIPS;CORRELATION,false,,,,6394,1393,3080,2021-01,2026-09,6260,1390,3069,toyota-innova,toyota-innova,"toyota.noah (CONTRADICTION, WEAK, corr 0.412 ratio 0.029) | toyota.hiace (CONTRADICTION, WEAK, corr 0.482 ratio 0.509)",,,,
145,2,high-volume legacy PROPOSED row,2;4,,0.9035,"Is Ice 'Xpeng X9' (XPENG, xpeng-xpeng-x9) the same vehicle as TDR 'XPeng X9' (xpeng.xpeng_x9)? Verdict applies to the candidate shown on this row.",xpeng-xpeng-x9,Xpeng X9,XPENG,settled,MPV,xpeng.xpeng_x9,XPeng X9,XPeng,CURRENT,MPV,LEGACY_CANDIDATE;LEGACY_STORED;V1_POOL;V1_PRIMARY,PROPOSED,NAME,108,0.7497343870739445,0.9188609920391917,1.0,2025-04,2026-09,18,1,2026-09,EQUIVALENT,EXACT,EQUAL,1.0,STRONG,,0.999997,0.999667,1.0,17,17,3002.0,3001.0,2025-04,2026-08,7,BRND_EXACT;NAME_EQUAL;SER_STRONG,SER_MISSING_ROW_SEMANTICS_UNCONFIRMED,,,PROPOSE,PROPOSE_SERIES_STRONG_CAPPED,xpeng.xpeng_x9,EQUIVALENT,true,STRONG_FLIPS;CORRELATION,false,,,,3266,2285,3002,2025-04,2026-09,3001,2284,3001,xpeng-xpeng-x9,xpeng-xpeng-x9,,,,,
146,2,high-volume legacy PROPOSED row,2;4,,0.9045,"Is Ice 'Vellfire' (TOYOTA, toyota-vellfire) the same vehicle as TDR 'Vellfire' (toyota.vellfire)? Verdict applies to the candidate shown on this row.",toyota-vellfire,Vellfire,TOYOTA,settled,MPV,toyota.vellfire,Vellfire,Toyota,CURRENT,MPV,LEGACY_CANDIDATE;LEGACY_STORED;V1_POOL;V1_PRIMARY,PROPOSED,NAME,93,0.6134335098842846,0.939119170984456,1.0,2024-10,2026-09,24,1,2026-09,EQUIVALENT,EXACT,EQUAL,1.0,STRONG,,0.999988,0.999664,1.0,24,24,2976.0,2975.0,2024-09,2026-08,0,BRND_EXACT;NAME_EQUAL;SER_STRONG,,,,AUTO,AUTO_ALL_GATES_PASSED,toyota.vellfire,EQUIVALENT,true,STRONG_FLIPS;CORRELATION,true,,,,4266,1752,2976,2021-01,2026-09,4077,1751,2975,toyota-esquire-gi__provisional;toyota-vellfire;toyota-vitz-grmn__provisional,toyota-vellfire,"toyota.veloz (CONTRADICTION, WEAK, corr 0.059 ratio 2.655) | toyota.fortuner (CONTRADICTION, WEAK, corr 0.473 ratio 9.273)",,,,
147,2,high-volume legacy PROPOSED row,2;4,,0.9066,"Is Ice 'MG3' (MG, mg-mg3) the same vehicle as TDR 'MG3' (mg.mg3)? Verdict applies to the candidate shown on this row.",mg-mg3,MG3,MG,settled,Hatchback,mg.mg3,MG3,MG,CURRENT,HATCHBACK,LEGACY_CANDIDATE;LEGACY_STORED;V1_POOL;V1_PRIMARY,PROPOSED,NAME,69,0.9247119735126489,0.965196416264645,1.0,2024-10,2026-09,24,1,2026-09,EQUIVALENT,EXACT,EQUAL,1.0,STRONG,,0.999877,0.996443,1.0,23,23,2811.0,2801.0,2024-10,2026-08,1,BRND_EXACT;NAME_EQUAL;SER_STRONG,SER_MISSING_ROW_SEMANTICS_UNCONFIRMED;GEN_LIFECYCLE_PARTIAL,,,PROPOSE,PROPOSE_SERIES_STRONG_CAPPED,mg.mg3,EQUIVALENT,true,STRONG_FLIPS;CORRELATION,false,,,,8405,1303,2811,2021-01,2026-09,2812,1298,2801,mg-mg3,mg-mg3,,,,,
148,2,high-volume legacy PROPOSED row,2;4,,0.9073,"Is Ice 'Zeekr 7X' (ZEEKR, zeekr-zeekr-7x) the same vehicle as TDR 'Zeekr X' (zeekr.zeekr_x)? Verdict applies to the candidate shown on this row.",zeekr-zeekr-7x,Zeekr 7X,ZEEKR,settled,SUV,zeekr.zeekr_x,Zeekr X,Zeekr,CURRENT,CROSSOVER,LEGACY_CANDIDATE;LEGACY_STORED;V1_POOL,PROPOSED,NAME,111,0.15735833423707413,0.25345781466113415,0.6666666666666666,2025-09,2026-09,13,1,2026-09,EQUIVALENT,EXACT,CONTRADICTION,0.0,WEAK,,0.176694,0.277336,0.166667,12,12,2643.0,733.0,2025-09,2026-08,12,BRND_EXACT,NAME_ONLY_NOT_AUTO;SER_MISSING_ROW_SEMANTICS_UNCONFIRMED;SER_CORRELATION_BELOW_STRONG;SER_RATIO_OUT_OF_BAND,NAME_CONTRADICTION;SERIES_DECISIVELY_WRONG,,NO_CANDIDATE,NO_CANDIDATE_ALL_EXCLUDED,,,false,,true,,,,2892,2643,2643,2025-09,2026-09,1229,733,1229,zeekr-zeekr-7x;zeekr-zeekr-x,zeekr-zeekr-x,,,,,
149,2,high-volume legacy PROPOSED row,2;4;6,,0.9128,"Is Ice 'Mazda CX-30' (MAZDA, mazda-mazda-cx-30) the same vehicle as TDR 'CX-30' (mazda.cx30)? Verdict applies to the candidate shown on this row.",mazda-mazda-cx-30,Mazda CX-30,MAZDA,settled,SUV,mazda.cx30,CX-30,Mazda,CURRENT,CROSSOVER,LEGACY_CANDIDATE;LEGACY_STORED;V1_POOL;V1_PRIMARY,PROPOSED,NAME,34,0.7321468368940193,0.9567251461988304,1.0,2024-10,2026-09,24,1,2026-09,EQUIVALENT,EXACT,EQUAL,1.0,STRONG,,1.0,1.0,1.0,24,24,2596.0,2596.0,2024-09,2026-08,0,BRND_EXACT;NAME_EQUAL;SER_STRONG,LIN_EVIDENCE_QUARANTINE,,,PROPOSE,PROPOSE_SERIES_STRONG_CAPPED,mazda.cx30,EQUIVALENT,true,STRONG_FLIPS;CORRELATION,false,NEW_SPLIT,SPLIT:mazda-mazda-cx-3>mazda-mazda-cx-30 60.45%,NOOP:LIN_SPLIT_PARENT_RETAINED;QUARANTINE:LIN_EVIDENCE_QUARANTINE,22782,1306,2596,2021-01,2026-09,22670,1306,2596,mazda-mazda-bt-50;mazda-mazda-cx-30;mazda-mazda-mx-30,mazda-mazda-cx-30,"mazda.cx3 (SIBLING, WEAK, corr -0.069 ratio 0.829) | mazda.cx5 (SIBLING, WEAK, corr -0.133 ratio 0.498) | mazda.cx8 (SIBLING, WEAK, corr 0.402 ratio 0.156)",,,,
150,2,high-volume legacy PROPOSED row,2;4,,0.9157,"Is Ice 'Haval H6' (GWM, gwm-haval-h6) the same vehicle as TDR 'Haval H6' (gwm.haval_h6)? Verdict applies to the candidate shown on this row.",gwm-haval-h6,Haval H6,GWM,settled,SUV,gwm.haval_h6,Haval H6,GWM,CURRENT,CROSSOVER,LEGACY_CANDIDATE;LEGACY_STORED;V1_POOL;V1_PRIMARY,PROPOSED,NAME,50,0.9048012204761835,0.9648263579697239,1.0,2024-10,2026-09,24,1,2026-09,EQUIVALENT,EXACT,EQUAL,1.0,STRONG,,1.0,1.0,1.0,24,24,2242.0,2242.0,2024-09,2026-08,0,BRND_EXACT;NAME_EQUAL;SER_STRONG,,,,AUTO,AUTO_ALL_GATES_PASSED,gwm.haval_h6,EQUIVALENT,true,STRONG_FLIPS;CORRELATION,true,,,,12225,1221,2242,2021-08,2026-09,12146,1221,2242,gwm-haval-h6,gwm-haval-h6,"gwm.haval_jolion (SIBLING, WEAK, corr -0.236 ratio 0.790)",,,,
151,2,high-volume legacy PROPOSED row,2;6,,0.9228,"Is Ice 'MG ZS' (MG, mg-mg-zs) the same vehicle as TDR 'MG ZS EV' (mg.mg_zs_ev)? Verdict applies to the candidate shown on this row.",mg-mg-zs,MG ZS,MG,settled,SUV,mg.mg_zs_ev,MG ZS EV,MG,CURRENT,CROSSOVER,LEGACY_CANDIDATE;LEGACY_STORED;V1_POOL,PROPOSED,NAME,27,0.9532943008441843,0.41272118603538976,0.5714285714285714,2024-10,2026-09,24,5,2026-04;2026-05;2026-06;2026-07;2026-09,EQUIVALENT,EXACT,SUBJECT_COARSER,0.666667,WEAK,,0.941388,0.451442,0.05,20,20,2080.0,939.0,2024-09,2026-08,4,BRND_EXACT,NAME_CONTAINMENT_SUBJECT_COARSER;NAME_ONLY_NOT_AUTO;SER_MISSING_ROW_SEMANTICS_UNCONFIRMED;SER_CORRELATION_BELOW_STRONG;SER_RATIO_OUT_OF_BAND,SERIES_DECISIVELY_WRONG,,PROPOSE,PROPOSE_COMPOSED_OF,mg.mg_zs+mg.mg_zs_ev,COMPOSED_OF,false,,false,,,,29506,652,2228,2021-01,2026-09,4504,203,939,maxus-maxus-v80;mg-mg-urban-ev;mg-mg-zs,mg-mg-zs,"mg.mg_zs+mg.mg_zs_ev (SUBJECT_COARSER, STRONG, corr 1.000 ratio 0.999) | mg.mg_zs (EQUAL, WEAK, corr 0.823 ratio 0.577) | mg.mg_es (CONTRADICTION, UNAVAILABLE)",,,,
152,2,high-volume legacy PROPOSED row,2;4,,0.9234,"Is Ice 'Riddara RD6' (RIDDARA, riddara-riddara-rd6) the same vehicle as TDR 'Riddara RD6 Double Cab' (riddara.riddara_rd6_double_cab)? Verdict applies to the candidate shown on this row.",riddara-riddara-rd6,Riddara RD6,RIDDARA,settled,Pickup,riddara.riddara_rd6_double_cab,Riddara RD6 Double Cab,Riddara,CURRENT,PICKUP,LEGACY_CANDIDATE;LEGACY_STORED;V1_POOL,PROPOSED,NAME,119,0.9200845718930118,0.6905187835420393,0.35294117647058826,2025-01,2026-09,21,1,2026-09,EQUIVALENT,EXACT,SUBJECT_COARSER,0.5,WEAK,,0.993352,0.750243,0.5,20,20,2058.0,1544.0,2025-01,2026-08,4,BRND_EXACT,NAME_CONTAINMENT_SUBJECT_COARSER;NAME_ONLY_NOT_AUTO;SER_MISSING_ROW_SEMANTICS_UNCONFIRMED;SER_RATIO_OUT_OF_BAND,,,INSUFFICIENT_DATA,INSUFFICIENT_DATA_NO_BASIS,,,true,CORRELATION,true,NEW_RENAME,RENAME:riddara-riddara-horizon>riddara-riddara-rd6 100%,NOOP:LIN_ALREADY_APPLIED,2236,1572,2058,2025-01,2026-09,1544,1229,1544,riddara-riddara-rd6,,,,,,
153,2,high-volume legacy PROPOSED row,2;4,,0.9256,"Is Ice 'Staria' (HYUNDAI, hyundai-staria) the same vehicle as TDR 'Staria' (hyundai.staria)? Verdict applies to the candidate shown on this row.",hyundai-staria,Staria,HYUNDAI,settled,MPV,hyundai.staria,Staria,Hyundai,CURRENT,MPV,LEGACY_CANDIDATE;LEGACY_STORED;V1_POOL;V1_PRIMARY,PROPOSED,NAME,67,0.9536560855850669,0.9786910197869102,1.0,2024-10,2026-09,24,1,2026-09,EQUIVALENT,EXACT,EQUAL,1.0,STRONG,,1.0,1.0,1.0,24,24,2026.0,2026.0,2024-09,2026-08,0,BRND_EXACT;NAME_EQUAL;SER_STRONG,,,,AUTO,AUTO_ALL_GATES_PASSED,hyundai.staria,EQUIVALENT,true,STRONG_FLIPS,true,,,,9315,901,2026,2021-08,2026-09,9273,901,2026,hyundai-staria,hyundai-staria,"hyundai.stargazer (CONTRADICTION, WEAK, corr 0.399 ratio 0.443) | hyundai.grand_starex (CONTRADICTION, UNAVAILABLE) | hyundai.palisade (CONTRADICTION, WEAK, corr 0.480 ratio 0.218)",,,,
154,2,high-volume legacy PROPOSED row,2;4,,0.9273,"Is Ice 'Carnival' (KIA, kia-carnival) the same vehicle as TDR 'Carnival' (kia.carnival)? Verdict applies to the candidate shown on this row.",kia-carnival,Carnival,KIA,settled,MPV,kia.carnival,Carnival,Kia,CURRENT,MPV,LEGACY_CANDIDATE;LEGACY_STORED;V1_POOL;V1_PRIMARY,PROPOSED,NAME,72,0.9330171199641897,0.9694783573806881,1.0,2024-10,2026-09,24,1,2026-09,EQUIVALENT,EXACT,EQUAL,1.0,STRONG,,0.999451,0.995621,1.0,24,24,1827.0,1819.0,2024-09,2026-08,0,BRND_EXACT;NAME_EQUAL;SER_STRONG,,,,AUTO,AUTO_ALL_GATES_PASSED,kia.carnival,EQUIVALENT,true,STRONG_FLIPS;CORRELATION,true,,,,6862,915,1827,2021-01,2026-09,5870,913,1819,KIA|CANIVAL;kia-carnival,KIA|CANIVAL;kia-carnival,,,,,
155,2,high-volume legacy PROPOSED row,2;4,,0.9284,"Is Ice 'Porsche Cayenne' (PORSCHE, porsche-porsche-cayenne) the same vehicle as TDR 'Cayenne' (porsche.cayenne)? Verdict applies to the candidate shown on this row.",porsche-porsche-cayenne,Porsche Cayenne,PORSCHE,settled,SUV,porsche.cayenne,Cayenne,Porsche,CURRENT,CROSSOVER,LEGACY_CANDIDATE;LEGACY_STORED;V1_POOL;V1_PRIMARY,PROPOSED,NAME,88,0.7981144402145108,0.9617728531855956,1.0,2024-10,2026-09,24,1,2026-09,EQUIVALENT,EXACT,EQUAL,1.0,STRONG,,1.0,1.0,1.0,24,24,1815.0,1815.0,2024-09,2026-08,0,BRND_EXACT;NAME_EQUAL;SER_STRONG,,,,AUTO,AUTO_ALL_GATES_PASSED,porsche.cayenne,EQUIVALENT,true,STRONG_FLIPS;CORRELATION,true,,,,4635,856,1815,2021-01,2026-09,4566,856,1815,porsche-cayman-pdk__provisional;porsche-porsche-cayenne,porsche-porsche-cayenne,"porsche.macan (CONTRADICTION, WEAK, corr 0.244 ratio 0.181) | porsche.taycan (CONTRADICTION, WEAK, corr 0.559 ratio 0.174) | porsche.panamera (CONTRADICTION, WEAK, corr 0.433 ratio 0.209)",,,,
156,2,high-volume legacy PROPOSED row,2;4;6,,0.9296,"Is Ice 'BMW X3' (BMW, bmw-bmw-x3) the same vehicle as TDR 'X3' (bmw.bmw_x3)? Verdict applies to the candidate shown on this row.",bmw-bmw-x3,BMW X3,BMW,settled,SUV,bmw.bmw_x3,X3,BMW,CURRENT,CROSSOVER,LEGACY_CANDIDATE;LEGACY_STORED;V1_POOL;V1_PRIMARY,PROPOSED,NAME,84,0.8894785341880845,0.9596577017114915,1.0,2024-10,2026-09,24,1,2026-09,EQUIVALENT,EXACT,EQUAL,1.0,STRONG,,1.0,1.0,1.0,24,24,1634.0,1634.0,2024-09,2026-08,0,BRND_EXACT;NAME_EQUAL;SER_STRONG,GEN_LIFECYCLE_PARTIAL,,,PROPOSE,PROPOSE_SERIES_STRONG_CAPPED,bmw.bmw_x3,EQUIVALENT,true,STRONG_FLIPS;CORRELATION,false,,,,5079,1017,1634,2021-01,2026-09,5013,1017,1634,BMW|I3;bmw-bmw-x3;bmw-x2,bmw-bmw-x3,"bmw.bmw_ix3 (CONTRADICTION, WEAK, corr -0.594 ratio 0.451) | bmw.bmw_x1 (CONTRADICTION, WEAK, corr -0.099 ratio 2.097) | bmw.i3 (CONTRADICTION, UNAVAILABLE)",,,,
157,2,high-volume legacy PROPOSED row,2;4,,0.9302,"Is Ice 'Aion ES' (AION, aion-aion-es) the same vehicle as TDR 'Aion ES' (aion.aion_es)? Verdict applies to the candidate shown on this row.",aion-aion-es,Aion ES,AION,settled,Sedan,aion.aion_es,Aion ES,Aion,CURRENT,SEDAN,LEGACY_CANDIDATE;LEGACY_STORED;V1_POOL;V1_PRIMARY,PROPOSED,NAME,116,0.7587202810445411,0.22675980655561526,1.0,2024-06,2026-09,24,7,2024-08;2025-04;2025-05;2026-05;2026-06;2026-07;2026-09,EQUIVALENT,EXACT,EQUAL,1.0,WEAK,,0.787421,0.31737,0.333333,15,15,1232.0,391.0,2024-09,2026-08,9,BRND_EXACT;NAME_EQUAL,NAME_ONLY_NOT_AUTO;SER_MISSING_ROW_SEMANTICS_UNCONFIRMED;SER_CORRELATION_BELOW_STRONG;SER_RATIO_OUT_OF_BAND,,,PROPOSE,PROPOSE_NAME_MATCH_SERIES_NOT_STRONG,aion.aion_es,EQUIVALENT,true,RATIO,false,,,,2437,1034,1479,2024-01,2026-09,447,312,391,aion-aion-es,aion-aion-es,,,,,
158,2,high-volume legacy PROPOSED row,2;4;6,,0.9315,"Is Ice 'BMW 5 Series' (BMW, bmw-bmw-5-series) the same vehicle as TDR '5 Series' (bmw.bmw_5)? Verdict applies to the candidate shown on this row.",bmw-bmw-5-series,BMW 5 Series,BMW,settled,Sedan,bmw.bmw_5,5 Series,BMW,CURRENT,SEDAN,LEGACY_CANDIDATE;LEGACY_STORED;V1_POOL;V1_PRIMARY,PROPOSED,NAME,83,0.7694877655978063,2.024908424908425,1.0,2024-10,2026-09,24,1,2026-09,EQUIVALENT,EXACT,EQUAL,1.0,WEAK,,0.885211,2.069602,0.0,24,24,1408.0,2914.0,2024-09,2026-08,0,BRND_EXACT;NAME_EQUAL,NAME_ONLY_NOT_AUTO;GEN_LIFECYCLE_PARTIAL;SER_CORRELATION_BELOW_STRONG;SER_RATIO_OUT_OF_BAND,,,PROPOSE,PROPOSE_NAME_MATCH_SERIES_NOT_STRONG,bmw.bmw_5,EQUIVALENT,true,CORRELATION,false,,,,5091,604,1408,2021-01,2026-09,10508,1272,2914,BMW|525D CELEBRATION EDITION;BMW|525D M SPORT;bmw-bmw-5-series;bmw-m850i-xdrive-rhd__provisional,bmw-bmw-5-series,"bmw.4_series (CONTRADICTION, WEAK, corr 0.753 ratio 0.289) | bmw.7_series (CONTRADICTION, WEAK, corr 0.603 ratio 0.196) | bmw.bmw_3 (CONTRADICTION, WEAK, corr 0.719 ratio 3.619)",,,,
159,2,high-volume legacy PROPOSED row,2;4;6,,0.9327,"Is Ice 'BMW 2 Series' (BMW, bmw-bmw-2-series) the same vehicle as TDR '2 Series Gran Coupe' (bmw.2_series_gran_coupe)? Verdict applies to the candidate shown on this row.",bmw-bmw-2-series,BMW 2 Series,BMW,settled,Sedan,bmw.2_series_gran_coupe,2 Series Gran Coupe,BMW,CURRENT,SEDAN,LEGACY_CANDIDATE;LEGACY_STORED;V1_POOL;V1_PRIMARY,PROPOSED,NAME,81,0.8981101699960051,0.9685393258426966,0.5925925925925926,2024-10,2026-09,24,1,2026-09,EQUIVALENT,EXACT,SUBJECT_COARSER,0.5,STRONG,,0.999918,0.999265,1.0,24,24,1360.0,1359.0,2024-09,2026-08,0,BRND_EXACT;SER_STRONG,NAME_CONTAINMENT_SUBJECT_COARSER;GEN_LIFECYCLE_PARTIAL,,,PROPOSE,PROPOSE_SERIES_STRONG_CAPPED,bmw.2_series_gran_coupe,EQUIVALENT,true,STRONG_FLIPS;CORRELATION,false,,,,5192,639,1360,2021-01,2026-09,5197,639,1359,BMW|318D M SPORT SALOON MANUAL;BMW|I8 ROADSTER RHD;bmw-420d-coupe-rhd__provisional;bmw-420d-gran-coupe-rhd__provisional;bmw-840d-xdrive-coupe__provisional;bmw-840d-xdrive-m-coupe__provisional;bmw-840i-m-sport-coupe__provisional;bmw-840i-m-sport-gran-coupe__provisional;bmw-bmw-2-series;bmw-m8-competition-coupe__provisional;bmw-m8-coupe-rhd__provisional;bmw-m8-gran-coupe-rhd__provisional;bmw-m850i-xdrive-coupe-rhd__provisional,bmw-bmw-2-series,"bmw.4_series (CONTRADICTION, WEAK, corr 0.553 ratio 0.299) | bmw.7_series (CONTRADICTION, WEAK, corr 0.332 ratio 0.203) | bmw.bmw_3 (CONTRADICTION, WEAK, corr 0.662 ratio 3.746)",,,,
160,2,high-volume legacy PROPOSED row,2;4,,0.9356,"Is Ice 'MG Extender' (MG, mg-mg-extender) the same vehicle as TDR 'MG Extender Cab' (mg.mg_extender_cab)? Verdict applies to the candidate shown on this row.",mg-mg-extender,MG Extender,MG,settled,Pickup,mg.mg_extender_cab,MG Extender Cab,MG,CURRENT,PICKUP,LEGACY_CANDIDATE;LEGACY_STORED;V1_POOL,PROPOSED,NAME,55,,0.0,0.8,2024-10,2026-09,24,24,2024-10;2024-11;2024-12;2025-01;2025-02;2025-03;2025-04;2025-05;2025-06;2025-07;2025-08;2025-09;2025-10;2025-11;2025-12;2026-01;2026-02;2026-03;2026-04;2026-05;2026-06;2026-07;2026-08;2026-09,EQUIVALENT,EXACT,SUBJECT_COARSER,0.666667,UNAVAILABLE,SER_NO_COMMON_WINDOW,,,,0,0,0,0,,,0,BRND_EXACT,NAME_CONTAINMENT_SUBJECT_COARSER;NAME_ONLY_NOT_AUTO,,SER_NO_COMMON_WINDOW,INSUFFICIENT_DATA,INSUFFICIENT_DATA_NO_BASIS,,,false,,true,,,,11882,207,1354,2021-01,2026-09,0,0,0,mg-mg-extender,,"mg.mg_extender_double_cab (SUBJECT_COARSER, UNAVAILABLE)",,,,
161,2,high-volume legacy PROPOSED row,2;4,,0.9359,"Is Ice 'Kia EV5' (KIA, kia-kia-ev5) the same vehicle as TDR 'EV5' (kia.ev5)? Verdict applies to the candidate shown on this row.",kia-kia-ev5,Kia EV5,KIA,settled,SUV,kia.ev5,EV5,Kia,CURRENT,CROSSOVER,LEGACY_CANDIDATE;LEGACY_STORED;V1_POOL;V1_PRIMARY,PROPOSED,NAME,135,0.9762258932467163,0.9771428571428571,1.0,2024-10,2026-09,24,1,2026-09,EQUIVALENT,EXACT,EQUAL,1.0,STRONG,,1.0,1.0,1.0,24,24,1352.0,1352.0,2024-09,2026-08,0,BRND_EXACT;NAME_EQUAL;SER_STRONG,GEN_LIFECYCLE_PARTIAL,,,PROPOSE,PROPOSE_SERIES_STRONG_CAPPED,kia.ev5,EQUIVALENT,true,STRONG_FLIPS,false,,,,1409,428,1352,2024-08,2026-09,1381,428,1352,KIA|SOUL EV;kia-kia-ev5,kia-kia-ev5,"kia.ev6 (CONTRADICTION, UNAVAILABLE) | kia.ev9 (CONTRADICTION, WEAK, corr 0.682 ratio 0.068) | kia.kia_pv5 (CONTRADICTION, UNAVAILABLE)",,,,
162,2,high-volume legacy PROPOSED row,2;4,,0.9369,"Is Ice 'Mazda CX-5' (MAZDA, mazda-mazda-cx-5) the same vehicle as TDR 'CX-5' (mazda.cx5)? Verdict applies to the candidate shown on this row.",mazda-mazda-cx-5,Mazda CX-5,MAZDA,settled,SUV,mazda.cx5,CX-5,Mazda,CURRENT,CROSSOVER,LEGACY_CANDIDATE;LEGACY_STORED;V1_POOL;V1_PRIMARY,PROPOSED,NAME,95,0.854837528328935,0.9600307455803229,1.0,2024-10,2026-09,24,1,2026-09,EQUIVALENT,EXACT,EQUAL,1.0,STRONG,,1.0,1.0,1.0,24,24,1294.0,1294.0,2024-09,2026-08,0,BRND_EXACT;NAME_EQUAL;SER_STRONG,,,,AUTO,AUTO_ALL_GATES_PASSED,mazda.cx5,EQUIVALENT,true,STRONG_FLIPS;CORRELATION,true,,,,4168,620,1294,2021-01,2026-09,4116,620,1294,mazda-mazda-cx-5,mazda-mazda-cx-5,"mazda.cx3 (SIBLING, WEAK, corr 0.561 ratio 1.664) | mazda.cx8 (SIBLING, WEAK, corr -0.216 ratio 0.313) | mazda.mx_5 (SIBLING, WEAK, corr -0.077 ratio 0.067)",,,,
163,2,high-volume legacy PROPOSED row,2;4,,0.9382,"Is Ice 'Volvo XC40/EX40' (VOLVO, volvo-volvo-xc40ex40) the same vehicle as TDR 'EX40' (volvo.ex40)? Verdict applies to the candidate shown on this row.",volvo-volvo-xc40ex40,Volvo XC40/EX40,VOLVO,settled,SUV,volvo.ex40,EX40,Volvo,CURRENT,CROSSOVER,LEGACY_CANDIDATE;LEGACY_STORED;V1_POOL,PROPOSED,NAME,80,0.7601431171959084,0.7530662305805397,0.6153846153846154,2024-10,2026-09,24,1,2026-09,EQUIVALENT,EXACT,SUBJECT_FINER,0.666667,WEAK,,0.617674,0.740827,0.625,24,24,1281.0,949.0,2024-09,2026-08,0,BRND_EXACT,NAME_CONTAINMENT_SUBJECT_FINER;NAME_ONLY_NOT_AUTO;GEN_LIFECYCLE_PARTIAL;SER_CORRELATION_BELOW_STRONG;SER_RATIO_OUT_OF_BAND,,,INSUFFICIENT_DATA,INSUFFICIENT_DATA_NO_BASIS,,,true,CORRELATION,true,,,,5426,556,1281,2021-01,2026-09,963,507,949,volvo-volvo-xc40ex40,,"volvo.xc40 (SUBJECT_FINER, WEAK, corr 0.752 ratio 0.259) | volvo.ec40 (CONTRADICTION, WEAK, corr 0.431 ratio 0.543) | volvo.ex30 (CONTRADICTION, WEAK, corr 0.605 ratio 1.039)",,,,
164,2,high-volume legacy PROPOSED row,2;4,,0.9408,"Is Ice 'Carry' (SUZUKI, suzuki-carry) the same vehicle as TDR 'Suzuki Carry' (suzuki.suzuki_carry)? Verdict applies to the candidate shown on this row.",suzuki-carry,Carry,SUZUKI,settled,Pickup,suzuki.suzuki_carry,Suzuki Carry,Suzuki,CURRENT,TRUCK,LEGACY_CANDIDATE;LEGACY_STORED;V1_POOL;V1_PRIMARY,PROPOSED,NAME,61,0.9341178101378935,0.9735755573905863,1.0,2024-10,2026-09,24,1,2026-09,EQUIVALENT,EXACT,EQUAL,1.0,STRONG,,1.0,1.0,1.0,24,24,1253.0,1253.0,2024-09,2026-08,0,BRND_EXACT;NAME_EQUAL;SER_STRONG,ATTR_BODY_MISMATCH,,,PROPOSE,PROPOSE_SERIES_STRONG_CAPPED,suzuki.suzuki_carry,EQUIVALENT,true,STRONG_FLIPS;CORRELATION,false,,,,10815,516,1253,2021-01,2026-09,10781,516,1253,suzuki-carry,suzuki-carry,"suzuki.ciaz (CONTRADICTION, WEAK, corr 0.406 ratio 0.079)",,,,
165,2,high-volume legacy PROPOSED row,2;4,,0.9412,"Is Ice 'Zeekr X' (ZEEKR, zeekr-zeekr-x) the same vehicle as TDR 'Zeekr X' (zeekr.zeekr_x)? Verdict applies to the candidate shown on this row.",zeekr-zeekr-x,Zeekr X,ZEEKR,settled,SUV,zeekr.zeekr_x,Zeekr X,Zeekr,CURRENT,CROSSOVER,LEGACY_CANDIDATE;LEGACY_STORED;V1_POOL;V1_PRIMARY,PROPOSED,NAME,134,0.7918602550482611,0.8602993585174625,1.0,2024-10,2026-09,24,1,2026-09,EQUIVALENT,EXACT,EQUAL,1.0,STRONG,,1.0,1.0,1.0,24,24,1229.0,1229.0,2024-09,2026-08,0,BRND_EXACT;NAME_EQUAL;SER_STRONG,,,,AUTO,AUTO_ALL_GATES_PASSED,zeekr.zeekr_x,EQUIVALENT,true,STRONG_FLIPS;CORRELATION;RATIO,true,,,,1425,733,1229,2024-09,2026-09,1229,733,1229,zeekr-zeekr-7x;zeekr-zeekr-x,zeekr-zeekr-x,,,,,
166,2,high-volume legacy PROPOSED row,2;4;6,,0.9415,"Is Ice 'Atto 2' (BYD, byd-atto-2) the same vehicle as TDR 'Atto 2' (byd.atto2)? Verdict applies to the candidate shown on this row.",byd-atto-2,Atto 2,BYD,settled,SUV,byd.atto2,Atto 2,BYD,CURRENT,CROSSOVER,LEGACY_CANDIDATE;LEGACY_STORED;V1_POOL;V1_PRIMARY,PROPOSED,NAME,136,0.9790455467906833,0.9273700305810397,1.0,2026-04,2026-09,6,1,2026-09,EQUIVALENT,EXACT,EQUAL,1.0,UNAVAILABLE,SER_OVERLAP_BELOW_PROPOSE_MIN,,,,5,5,1213.0,1213.0,2026-04,2026-08,19,BRND_EXACT;NAME_EQUAL,NAME_ONLY_NOT_AUTO;SER_MISSING_ROW_SEMANTICS_UNCONFIRMED,,SER_OVERLAP_BELOW_PROPOSE_MIN,PROPOSE,PROPOSE_NAME_MATCH_SERIES_NOT_STRONG,byd.atto2,EQUIVALENT,true,AVAILABILITY,false,,,,1308,1213,1213,2026-04,2026-09,1213,1213,1213,byd-atto-1;byd-atto-2,byd-atto-2,"byd.atto1 (SIBLING, UNAVAILABLE) | byd.atto3 (SIBLING, UNAVAILABLE) | byd.sealion7 (CONTRADICTION, UNAVAILABLE)",,,,
167,2,high-volume legacy PROPOSED row,2;4,,0.9418,"Is Ice 'Avatr 11' (AVATR, avatr-avatr-11) the same vehicle as TDR 'Avatr 11' (avatr.avatr_11)? Verdict applies to the candidate shown on this row.",avatr-avatr-11,Avatr 11,AVATR,settled,SUV,avatr.avatr_11,Avatr 11,Avatr,CURRENT,CROSSOVER,LEGACY_CANDIDATE;LEGACY_STORED;V1_POOL;V1_PRIMARY,PROPOSED,NAME,139,0.9002538372662704,0.9554140127388535,1.0,2024-12,2026-09,22,1,2026-09,EQUIVALENT,EXACT,EQUAL,1.0,STRONG,,1.0,1.0,1.0,21,21,1200.0,1200.0,2024-12,2026-08,3,BRND_EXACT;NAME_EQUAL;SER_STRONG,SER_MISSING_ROW_SEMANTICS_UNCONFIRMED,,,PROPOSE,PROPOSE_SERIES_STRONG_CAPPED,avatr.avatr_11,EQUIVALENT,true,STRONG_FLIPS;CORRELATION,false,,,,1256,633,1200,2024-12,2026-09,1200,633,1200,avatr-avatr-11,avatr-avatr-11,,,,,
168,2,high-volume legacy PROPOSED row,2;4,,0.9424,"Is Ice 'MG Urban EV' (MG, mg-mg-urban-ev) the same vehicle as TDR 'MG ZS EV' (mg.mg_zs_ev)? Verdict applies to the candidate shown on this row.",mg-mg-urban-ev,MG Urban EV,MG,settled,Hatchback,mg.mg_zs_ev,MG ZS EV,MG,CURRENT,CROSSOVER,LEGACY_CANDIDATE;LEGACY_STORED;V1_POOL,PROPOSED,NAME,115,0.44432273928815663,0.0004043671653861706,0.46153846153846156,2026-07,2026-09,3,2,2026-07;2026-09,EQUIVALENT,EXACT,SIBLING,0.5,UNAVAILABLE,SER_OVERLAP_BELOW_PROPOSE_MIN,,,,1,1,1190.0,1.0,2026-08,2026-08,23,BRND_EXACT,NAME_ONLY_NOT_AUTO;SER_MISSING_ROW_SEMANTICS_UNCONFIRMED;ATTR_BODY_MISMATCH,NAME_SIBLING_VARIANT,SER_OVERLAP_BELOW_PROPOSE_MIN,INSUFFICIENT_DATA,INSUFFICIENT_DATA_NO_BASIS,,,true,AVAILABILITY,true,,,,2473,1193,1193,2026-07,2026-09,4504,203,939,maxus-maxus-v80;mg-mg-urban-ev;mg-mg-zs,mg-mg-zs,"mg.mg_urban (SUBJECT_FINER, UNAVAILABLE) | mg.mg_s5_ev (SIBLING, UNAVAILABLE) | mg.mg_vs_hev (CONTRADICTION, UNAVAILABLE)",,,,
169,2,high-volume legacy PROPOSED row,2;4,,0.9429,"Is Ice 'Changan Nevo Q05' (CHANGAN, changan-changan-nevo-q05) the same vehicle as TDR 'Changan Nevo Q05' (changan.nevo_q05)? Verdict applies to the candidate shown on this row.",changan-changan-nevo-q05,Changan Nevo Q05,CHANGAN,settled,SUV,changan.nevo_q05,Changan Nevo Q05,Changan,CURRENT,CROSSOVER,LEGACY_CANDIDATE;LEGACY_STORED;V1_POOL;V1_PRIMARY,PROPOSED,NAME,120,0.43599998793513234,0.5503947979563399,1.0,2026-07,2026-09,3,1,2026-09,EQUIVALENT,EXACT,EQUAL,1.0,UNAVAILABLE,SER_OVERLAP_BELOW_PROPOSE_MIN,,,,2,2,1185.0,1185.0,2026-07,2026-08,22,BRND_EXACT;NAME_EQUAL,NAME_ONLY_NOT_AUTO;SER_MISSING_ROW_SEMANTICS_UNCONFIRMED,,SER_OVERLAP_BELOW_PROPOSE_MIN,PROPOSE,PROPOSE_NAME_MATCH_SERIES_NOT_STRONG,changan.nevo_q05,EQUIVALENT,true,AVAILABILITY,false,,,,2153,1185,1185,2026-07,2026-09,1185,1185,1185,changan-changan-nevo-q05,changan-changan-nevo-q05,"deepal.deepal_hunter_k50 (CONTRADICTION, UNAVAILABLE) | deepal.deepal_e07 (CONTRADICTION, UNAVAILABLE) | deepal.deepal_s05 (CONTRADICTION, UNAVAILABLE)",,,,
170,2,high-volume legacy PROPOSED row,2;4;5,,0.9434,"Is Ice 'Mini Cooper EV' (MINI, mini-mini-cooper-ev) a part of (narrower than) TDR 'Cooper' (mini.mini_cooper)? Verdict applies to the candidate shown on this row.",mini-mini-cooper-ev,Mini Cooper EV,MINI,settled,Hatchback,mini.mini_cooper,Cooper,MINI,CURRENT,HATCHBACK,LEGACY_CANDIDATE;LEGACY_STORED;V1_POOL;V1_PRIMARY,PROPOSED,NAME,125,0.7226435786309793,1.1273666092943202,0.8,2024-10,2026-09,24,1,2026-09,PART_OF,EXACT,SUBJECT_FINER,0.666667,WEAK,,0.924498,1.197842,0.666667,24,24,1112.0,1332.0,2024-09,2026-08,0,BRND_EXACT;GRAN_PROVIDER_FINER,NAME_CONTAINMENT_SUBJECT_FINER;GEN_LIFECYCLE_PARTIAL;LIN_EVIDENCE_QUARANTINE,,,PROPOSE,PROPOSE_PART_OF,mini.mini_cooper,PART_OF,true,CORRELATION,false,NEW_SPLIT;OLD_SPLIT,SPLIT:mini-mini-cooper-ev>mini-countryman 48.96% | SPLIT:mini-mini-cooper-ev>mini-cooper 12.67% | SPLIT:mini-mini-cooper-ev>mini-clubman 5.46% | SPLIT:mini-mini-cooper-ev>mini-mini-jcw-rhd 5.4% | SPLIT:mini-mini-cooper-ev>mini-mini-jcw-convertible 1.07% | SPLIT:mini-mini-jcw-convertible>mini-mini-cooper-ev 7.14%,NOOP:LIN_SPLIT_PARENT_RETAINED;QUARANTINE:LIN_EVIDENCE_QUARANTINE,1772,633,1112,2021-01,2026-09,2860,670,1332,mini-mini-cooper-ev;mini-mini-jcw-convertible,mini-cooper;mini-mini-cooper-ev,"mini.jcw_e (CONTRADICTION, WEAK, corr 0.246 ratio 0.237)",,,,
171,2,high-volume legacy PROPOSED row,2;4,,0.9437,"Is Ice 'Land Cruiser FJ' (TOYOTA, toyota-land-cruiser-fj) the same vehicle as TDR 'Land Cruiser 300' (toyota.land_cruiser_300)? Verdict applies to the candidate shown on this row.",toyota-land-cruiser-fj,Land Cruiser FJ,TOYOTA,settled,PPV,toyota.land_cruiser_300,Land Cruiser 300,Toyota,CURRENT,OFFROAD,LEGACY_CANDIDATE;LEGACY_STORED;V1_POOL,PROPOSED,NAME,133,0.5489147648086732,0.8328804347826086,0.8387096774193549,2026-05,2026-09,5,1,2026-09,EQUIVALENT,EXACT,SIBLING,0.666667,UNAVAILABLE,SER_OVERLAP_BELOW_PROPOSE_MIN,,,,4,4,1111.0,1226.0,2026-05,2026-08,20,BRND_EXACT,NAME_ONLY_NOT_AUTO;SER_MISSING_ROW_SEMANTICS_UNCONFIRMED,NAME_SIBLING_VARIANT,SER_OVERLAP_BELOW_PROPOSE_MIN,NO_CANDIDATE,NO_CANDIDATE_ALL_EXCLUDED,,,true,AVAILABILITY,true,,,,1472,1111,1111,2026-05,2026-09,1860,1360,1551,TOYOTA|KUN15R CRMSHT A3;toyota-land-cruiser;toyota-land-cruiser-fj,,"toyota.harrier (CONTRADICTION, UNAVAILABLE) | toyota.corolla_cross (CONTRADICTION, UNAVAILABLE) | toyota.yaris (CONTRADICTION, UNAVAILABLE)",,,,
172,2,high-volume legacy PROPOSED row,2;4,,0.944,"Is Ice 'Jaecoo J7' (JAECOO, jaecoo-jaecoo-j7) the same vehicle as TDR 'Jaecoo 7' (jaecoo.jaecoo_7)? Verdict applies to the candidate shown on this row.",jaecoo-jaecoo-j7,Jaecoo J7,JAECOO,settled,SUV,jaecoo.jaecoo_7,Jaecoo 7,Jaecoo,CURRENT,CROSSOVER,LEGACY_CANDIDATE;LEGACY_STORED;V1_POOL,PROPOSED,SERIES,148,0.9980091052900429,0.9871677360219981,0.6666666666666666,2025-07,2026-09,15,1,2026-09,EQUIVALENT,EXACT,CONTRADICTION,0.0,STRONG,,1.0,1.0,1.0,14,14,1077.0,1077.0,2025-07,2026-08,10,BRND_EXACT;SER_STRONG,SER_MISSING_ROW_SEMANTICS_UNCONFIRMED,NAME_CONTRADICTION,,NO_CANDIDATE,NO_CANDIDATE_ALL_EXCLUDED,,,false,,true,,,,1091,1047,1077,2025-07,2026-09,1077,1047,1077,jaecoo-jaecoo-j7,,,,,,
173,2,high-volume legacy PROPOSED row,2;6,,0.9448,"Is Ice 'BMW iX' (BMW, bmw-bmw-ix) the same vehicle as TDR 'iX3' (bmw.bmw_ix3)? Verdict applies to the candidate shown on this row.",bmw-bmw-ix,BMW iX,BMW,settled,SUV,bmw.bmw_ix3,iX3,BMW,CURRENT,CROSSOVER,LEGACY_CANDIDATE;LEGACY_STORED;V1_POOL,PROPOSED,NAME,107,0.899861483080802,0.6676413255360624,0.8,2024-10,2026-09,24,1,2026-09,EQUIVALENT,EXACT,CONTRADICTION,0.0,WEAK,,0.907406,0.690075,0.416667,24,24,1068.0,737.0,2024-09,2026-08,0,BRND_EXACT,NAME_ONLY_NOT_AUTO;SER_CORRELATION_BELOW_STRONG;SER_RATIO_OUT_OF_BAND,NAME_CONTRADICTION,,PROPOSE,PROPOSE_NAME_MATCH_SERIES_NOT_STRONG,bmw.ix,EQUIVALENT,false,,false,,,,3399,344,1068,2022-01,2026-09,2326,200,737,BMW|I8;bmw-bmw-ix,,"bmw.ix (EQUAL, WEAK, corr 0.702 ratio 0.312) | bmw.ix1 (CONTRADICTION, WEAK, corr -0.497 ratio 1.733) | bmw.ix2 (CONTRADICTION, WEAK, corr 0.392 ratio 0.080)",,,,
174,2,high-volume legacy PROPOSED row,2;4,,0.9452,"Is Ice 'Darion' (WULING, wuling-darion) the same vehicle as TDR 'Wuling Darion EV' (wuling.wuling_darion)? Verdict applies to the candidate shown on this row.",wuling-darion,Darion,WULING,settled,SUV,wuling.wuling_darion,Wuling Darion EV,Wuling,CURRENT,MPV,LEGACY_CANDIDATE;LEGACY_STORED;V1_POOL,PROPOSED,NAME,130,0.7851059383528822,0.6721938775510204,0.8,2026-07,2026-09,3,1,2026-09,EQUIVALENT,EXACT,SUBJECT_COARSER,0.666667,UNAVAILABLE,SER_OVERLAP_BELOW_PROPOSE_MIN,,,,2,2,1054.0,1054.0,2026-07,2026-08,22,BRND_EXACT,NAME_CONTAINMENT_SUBJECT_COARSER;NAME_ONLY_NOT_AUTO;SER_MISSING_ROW_SEMANTICS_UNCONFIRMED;ATTR_BODY_MISMATCH,,SER_OVERLAP_BELOW_PROPOSE_MIN,INSUFFICIENT_DATA,INSUFFICIENT_DATA_NO_BASIS,,,true,AVAILABILITY,true,,,,1568,1054,1054,2026-07,2026-09,1054,1054,1054,wuling-darion;wuling-wuling-porta-ev,,"wuling.wuling_bingo (CONTRADICTION, UNAVAILABLE)",,,,
175,2,high-volume legacy PROPOSED row,2;4,,0.9458,"Is Ice 'Volvo EC40 (C40)' (VOLVO, volvo-volvo-ec40-c40) the same vehicle as TDR 'XC40' (volvo.xc40)? Verdict applies to the candidate shown on this row.",volvo-volvo-ec40-c40,Volvo EC40 (C40),VOLVO,settled,Coupe SUV,volvo.xc40,XC40,Volvo,CURRENT,CROSSOVER,LEGACY_CANDIDATE;LEGACY_STORED;V1_POOL,PROPOSED,NAME,113,0.8301207079872781,0.2936918304033092,0.5,2024-10,2026-09,24,1,2026-09,EQUIVALENT,EXACT,CONTRADICTION,0.0,WEAK,,0.865487,0.323272,0.0,24,24,1027.0,332.0,2024-09,2026-08,0,BRND_EXACT,NAME_ONLY_NOT_AUTO;SER_CORRELATION_BELOW_STRONG;SER_RATIO_OUT_OF_BAND,NAME_CONTRADICTION;SERIES_DECISIVELY_WRONG,,NO_CANDIDATE,NO_CANDIDATE_ALL_EXCLUDED,,,true,RATIO,true,,,,2572,388,1027,2022-11,2026-09,4445,49,332,VOLVO|V40;volvo-volvo-ec40-c40,,"volvo.ec40 (SUBJECT_FINER, WEAK, corr 0.365 ratio 0.677) | volvo.ex40 (CONTRADICTION, WEAK, corr 0.198 ratio 0.924)",,,,
176,2,high-volume legacy PROPOSED row,2;4,,0.946,"Is Ice 'Mini Aceman EV' (MINI, mini-mini-aceman-ev) the same vehicle as TDR 'Aceman' (mini.aceman)? Verdict applies to the candidate shown on this row.",mini-mini-aceman-ev,Mini Aceman EV,MINI,settled,SUV,mini.aceman,Aceman,MINI,CURRENT,CROSSOVER,LEGACY_CANDIDATE;LEGACY_STORED;V1_POOL;V1_PRIMARY,PROPOSED,NAME,150,0.8267520580444253,0.9536423841059603,0.8,2024-11,2026-09,23,1,2026-09,EQUIVALENT,EXACT,SUBJECT_FINER,0.666667,STRONG,,1.0,1.0,1.0,22,22,1008.0,1008.0,2024-11,2026-08,2,BRND_EXACT;SER_STRONG,NAME_CONTAINMENT_SUBJECT_FINER;SER_MISSING_ROW_SEMANTICS_UNCONFIRMED,,,PROPOSE,PROPOSE_SERIES_STRONG_CAPPED,mini.aceman,EQUIVALENT,true,STRONG_FLIPS;CORRELATION,false,,,,1057,592,1008,2024-11,2026-09,1008,592,1008,mini-mini-aceman-ev,mini-mini-aceman-ev,"mini.jcw_e (CONTRADICTION, WEAK, corr 0.067 ratio 0.229) | mini.countryman (CONTRADICTION, WEAK, corr -0.391 ratio 0.668)",,,,
177,3,suspicious known case,3;4;5,dmax_vs_mux,0.946,"Is Ice 'Isuzu D-Max' (ISUZU, isuzu-isuzu-d-max) made up of TDR 'D-Max Cab + D-Max Double Cab' (isuzu.dmax_cab+isuzu.dmax_double_cab)? Verdict applies to the candidate shown on this row.",isuzu-isuzu-d-max,Isuzu D-Max,ISUZU,settled,Pickup,isuzu.dmax_cab+isuzu.dmax_double_cab,D-Max Cab + D-Max Double Cab,Isuzu,CURRENT,PICKUP,V1_POOL;V1_PRIMARY,,,,0.6733381103844425,0.9186844604584219,,2024-10,2026-09,24,2,2026-08;2026-09,COMPOSED_OF,EXACT,SUBJECT_COARSER,0.666667,STRONG,,0.999791,0.996098,1.0,24,24,102759.0,102358.0,2024-08,2026-07,1,BRND_EXACT;SER_BUNDLE_STRONG;GRAN_PROVIDER_COARSER,NAME_CONTAINMENT_SUBJECT_COARSER;SER_MISSING_ROW_SEMANTICS_UNCONFIRMED,,,PROPOSE,PROPOSE_COMPOSED_OF,isuzu.dmax_cab+isuzu.dmax_double_cab,COMPOSED_OF,true,STRONG_FLIPS;CORRELATION,false,,,,615360,49705,102459,2021-01,2026-09,605397,45403,97946,,isuzu-isuzu-d-max,"isuzu.dmax_cab (SUBJECT_COARSER, WEAK, corr 0.918 ratio 0.475) | isuzu.dmax_double_cab (SUBJECT_COARSER, WEAK, corr 0.929 ratio 0.522) | isuzu.mux (CONTRADICTION, WEAK, corr 0.932 ratio 0.236)",,,,
178,3,suspicious known case,3;4;5;6,hilux_granularity,0.946,"Is Ice 'Hilux Revo' (TOYOTA, toyota-hilux-revo) made up of TDR 'Hilux Revo Cab + Hilux Revo Double Cab' (toyota.hilux_revo_cab+toyota.hilux_revo_double_cab)? Verdict applies to the candidate shown on this row.",toyota-hilux-revo,Hilux Revo,TOYOTA,settled,Pickup,toyota.hilux_revo_cab+toyota.hilux_revo_double_cab,Hilux Revo Cab + Hilux Revo Double Cab,Toyota,CURRENT,PICKUP,V1_POOL;V1_PRIMARY,,,,0.9225369319387801,0.9245903661520116,,2024-10,2026-09,24,2,2026-08;2026-09,COMPOSED_OF,EXACT,SUBJECT_COARSER,0.666667,STRONG,,0.999656,0.974797,1.0,24,24,104312.0,101683.0,2024-08,2026-07,1,BRND_EXACT;SER_BUNDLE_STRONG;GRAN_PROVIDER_COARSER,NAME_CONTAINMENT_SUBJECT_COARSER;SER_MISSING_ROW_SEMANTICS_UNCONFIRMED,,,PROPOSE,PROPOSE_COMPOSED_OF,toyota.hilux_revo_cab+toyota.hilux_revo_double_cab,COMPOSED_OF,true,STRONG_FLIPS;CORRELATION,false,,,,550946,37324,100638,2021-01,2026-09,537144,34121,95611,,toyota-hilux-revo,"toyota.hilux_revo_cab (SUBJECT_COARSER, WEAK, corr 0.956 ratio 0.621) | toyota.hilux_travo_cab (SIBLING, WEAK, corr -0.751 ratio 0.307) | toyota.hilux_revo_double_cab (SUBJECT_COARSER, WEAK, corr 0.962 ratio 0.353)",,,,
179,3,suspicious known case,3;4;5;6,hilux_granularity,0.946,"Is Ice 'Hilux Travo' (TOYOTA, toyota-hilux-travo) made up of TDR 'Hilux Travo Cab + Hilux Travo Double Cab' (toyota.hilux_travo_cab+toyota.hilux_travo_double_cab)? Verdict applies to the candidate shown on this row.",toyota-hilux-travo,Hilux Travo,TOYOTA,settled,Pickup,toyota.hilux_travo_cab+toyota.hilux_travo_double_cab,Hilux Travo Cab + Hilux Travo Double Cab,Toyota,CURRENT,PICKUP,V1_POOL;V1_PRIMARY,,,,0.5506870968497402,0.73651183638235,,2025-11,2026-09,11,2,2026-08;2026-09,COMPOSED_OF,EXACT,SUBJECT_COARSER,0.666667,STRONG,,0.999819,0.951488,1.0,9,9,23314.0,22183.0,2025-11,2026-07,15,BRND_EXACT;SER_BUNDLE_STRONG;GRAN_PROVIDER_COARSER,NAME_CONTAINMENT_SUBJECT_COARSER;SER_OVERLAP_BELOW_AUTO_MIN;SER_MISSING_ROW_SEMANTICS_UNCONFIRMED,,,PROPOSE,PROPOSE_COMPOSED_OF,toyota.hilux_travo_cab+toyota.hilux_travo_double_cab,COMPOSED_OF,true,STRONG_FLIPS;CORRELATION;RATIO,false,,,,30119,26933,26933,2025-11,2026-09,22183,22183,22183,,toyota-hilux-travo,"toyota.hilux_travo_cab (SUBJECT_COARSER, WEAK, corr 0.941 ratio 0.329) | toyota.hilux_revo_cab (SIBLING, WEAK, corr 0.227 ratio 0.771) | toyota.hilux_travo_double_cab (SUBJECT_COARSER, WEAK, corr 0.981 ratio 0.622)",,,,
180,3,suspicious known case,3;4;5,pickup_cab_granularity,0.946,"Is Ice 'Triton' (MITSUBISHI, mitsubishi-triton) made up of TDR 'Triton Cab + Triton Double Cab' (mitsubishi.triton_cab+mitsubishi.triton_double_cab)? Verdict applies to the candidate shown on this row.",mitsubishi-triton,Triton,MITSUBISHI,settled,Pickup,mitsubishi.triton_cab+mitsubishi.triton_double_cab,Triton Cab + Triton Double Cab,Mitsubishi,CURRENT,PICKUP,V1_POOL;V1_PRIMARY,,,,0.8395471027884057,0.9323048277696502,,2024-10,2026-09,24,2,2026-08;2026-09,COMPOSED_OF,EXACT,SUBJECT_COARSER,0.5,STRONG,,0.999856,0.995419,1.0,24,24,15280.0,15210.0,2024-08,2026-07,1,BRND_EXACT;SER_BUNDLE_STRONG;GRAN_PROVIDER_COARSER,NAME_CONTAINMENT_SUBJECT_COARSER;SER_MISSING_ROW_SEMANTICS_UNCONFIRMED;GEN_LIFECYCLE_PARTIAL,,,PROPOSE,PROPOSE_COMPOSED_OF,mitsubishi.triton_cab+mitsubishi.triton_double_cab,COMPOSED_OF,true,STRONG_FLIPS;CORRELATION,false,,,,81068,6547,15134,2021-01,2026-09,79869,6091,14637,,mitsubishi-triton,"mitsubishi.triton_cab (SUBJECT_COARSER, WEAK, corr 0.571 ratio 0.495) | mitsubishi.triton_double_cab (SUBJECT_COARSER, WEAK, corr 0.918 ratio 0.500)",,,,
181,3,suspicious known case,3;4;5,pickup_cab_granularity,0.946,"Is Ice 'Navara' (NISSAN, nissan-navara) made up of TDR 'Navara Cab + Navara Double Cab' (nissan.navara_cab+nissan.navara_double_cab)? Verdict applies to the candidate shown on this row.",nissan-navara,Navara,NISSAN,settled,Pickup,nissan.navara_cab+nissan.navara_double_cab,Navara Cab + Navara Double Cab,Nissan,CURRENT,PICKUP,V1_POOL;V1_PRIMARY,,,,0.9230195194101961,0.940983606557377,,2024-10,2026-09,24,2,2026-08;2026-09,COMPOSED_OF,EXACT,SUBJECT_COARSER,0.5,STRONG,,0.998181,0.988535,1.0,24,24,3576.0,3535.0,2024-08,2026-07,1,BRND_EXACT;SER_BUNDLE_STRONG;GRAN_PROVIDER_COARSER,NAME_CONTAINMENT_SUBJECT_COARSER;SER_MISSING_ROW_SEMANTICS_UNCONFIRMED,,,PROPOSE,PROPOSE_COMPOSED_OF,nissan.navara_cab+nissan.navara_double_cab,COMPOSED_OF,true,STRONG_FLIPS;CORRELATION,false,,,,23988,1485,3452,2021-01,2026-09,23201,1390,3339,,nissan-navara,"nissan.navara_cab (SUBJECT_COARSER, WEAK, corr 0.829 ratio 0.437) | nissan.navara_double_cab (SUBJECT_COARSER, WEAK, corr 0.782 ratio 0.551) | nissan.almera (CONTRADICTION, WEAK, corr 0.544 ratio 1.455)",,,,
182,3,suspicious known case,3,deepal_under_changan,0.9464,"Is Ice 'Deepal L07' (CHANGAN, changan-deepal-l07) the same vehicle as TDR 'Deepal L07' (deepal.deepal_l07)? Verdict applies to the candidate shown on this row.",changan-deepal-l07,Deepal L07,CHANGAN,settled,Sedan,deepal.deepal_l07,Deepal L07,Deepal,CURRENT,SEDAN,LEGACY_CANDIDATE;LEGACY_STORED;V1_POOL;V1_PRIMARY,PROPOSED,NAME,132,0.974405938392919,0.9469424460431655,0.46153846153846156,2024-08,2026-07,24,0,,EQUIVALENT,ALIAS_RELABEL,EQUAL,1.0,WEAK,,0.974406,0.946942,0.958333,24,24,1112.0,1053.0,2024-08,2026-07,1,BRND_ALIAS_RELABEL;NAME_EQUAL,NAME_ONLY_NOT_AUTO;SER_MISSING_ROW_SEMANTICS_UNCONFIRMED;SER_CORRELATION_BELOW_STRONG,,,PROPOSE,PROPOSE_NAME_MATCH_SERIES_NOT_STRONG,deepal.deepal_l07,EQUIVALENT,false,,false,,,,1512,344,974,2024-01,2026-07,1449,342,915,changan-deepal-l07,changan-deepal-l07,"deepal.deepal_e07 (CONTRADICTION, WEAK, corr 0.390 ratio 0.455)",,,,
183,3,suspicious known case,3;4,maxus_mifa_under_mg,0.9466,"Is Ice 'Mifa 7' (MG, maxus-mifa-7) the same vehicle as TDR 'MG Maxus 7' (mg.mg_maxus_7)? Verdict applies to the candidate shown on this row.",maxus-mifa-7,Mifa 7,MG,settled,MPV,mg.mg_maxus_7,MG Maxus 7,MG,CURRENT,MPV,LEGACY_CANDIDATE;LEGACY_STORED;V1_POOL,PROPOSED,NAME,157,0.9136438082762821,0.9025695931477516,0.6153846153846154,2024-11,2026-09,23,1,2026-09,EQUIVALENT,EXACT,SIBLING,0.5,STRONG,,0.982594,0.961231,0.954545,22,22,877.0,843.0,2024-11,2026-08,2,BRND_EXACT;SER_STRONG,SER_MISSING_ROW_SEMANTICS_UNCONFIRMED,NAME_SIBLING_VARIANT,,NO_CANDIDATE,NO_CANDIDATE_ALL_EXCLUDED,,,true,STRONG_FLIPS;CORRELATION,true,,,,934,659,877,2024-11,2026-09,843,627,843,maxus-mifa-7,,"mg.mg_maxus_9 (CONTRADICTION, WEAK, corr 0.394 ratio 0.609)",,,,
184,3,suspicious known case,3;4,maxus_mifa_under_mg,0.9471,"Is Ice 'Mifa 9' (MG, maxus-mifa-9) the same vehicle as TDR 'MG Maxus 9' (mg.mg_maxus_9)? Verdict applies to the candidate shown on this row.",maxus-mifa-9,Mifa 9,MG,settled,MPV,mg.mg_maxus_9,MG Maxus 9,MG,CURRENT,MPV,LEGACY_CANDIDATE;LEGACY_STORED;V1_POOL;V1_PRIMARY,PROPOSED,NAME,123,0.9576307561584709,0.957983193277311,0.6153846153846154,2024-10,2026-09,24,1,2026-09,EQUIVALENT,EXACT,SUBJECT_FINER,0.666667,STRONG,,0.99966,0.996683,1.0,24,24,603.0,601.0,2024-09,2026-08,0,BRND_EXACT;SER_STRONG,NAME_CONTAINMENT_SUBJECT_FINER,,,PROPOSE,PROPOSE_SERIES_STRONG_CAPPED,mg.mg_maxus_9,EQUIVALENT,true,STRONG_FLIPS,false,,,,1963,347,603,2023-06,2026-09,1932,347,601,maxus-mifa-9,maxus-mifa-9,"mg.mg_maxus_7 (CONTRADICTION, WEAK, corr 0.456 ratio 1.573)",,,,
185,3,suspicious known case,3,deepal_under_changan,0.9472,"Is Ice 'Deepal E07' (CHANGAN, changan-deepal-e07) the same vehicle as TDR 'Deepal E07' (deepal.deepal_e07)? Verdict applies to the candidate shown on this row.",changan-deepal-e07,Deepal E07,CHANGAN,settled,SUV,deepal.deepal_e07,Deepal E07,Deepal,CURRENT,CROSSOVER,LEGACY_CANDIDATE;LEGACY_STORED;V1_POOL;V1_PRIMARY,PROPOSED,SERIES,208,0.9998329918182722,0.9965397923875432,0.46153846153846156,2025-02,2026-09,20,1,2026-09,EQUIVALENT,ALIAS_RELABEL,EQUAL,1.0,STRONG,,1.0,1.0,1.0,19,19,288.0,288.0,2025-02,2026-08,5,BRND_ALIAS_RELABEL;NAME_EQUAL;SER_STRONG,SER_MISSING_ROW_SEMANTICS_UNCONFIRMED,,,PROPOSE,PROPOSE_SERIES_STRONG_CAPPED,deepal.deepal_e07,EQUIVALENT,false,,false,,,,289,106,288,2025-02,2026-09,288,106,288,changan-deepal-e07,changan-deepal-e07,"deepal.deepal_l07 (CONTRADICTION, WEAK, corr 0.251 ratio 2.000)",,,,
186,3,suspicious known case,3;4,pickup_cab_granularity,0.9484,"Is Ice 'Mazda BT-50' (MAZDA, mazda-mazda-bt-50) the same vehicle as TDR 'CX-30' (mazda.cx30)? Verdict applies to the candidate shown on this row.",mazda-mazda-bt-50,Mazda BT-50,MAZDA,settled,Pickup,mazda.cx30,CX-30,Mazda,CURRENT,CROSSOVER,LEGACY_CANDIDATE;LEGACY_STORED;V1_POOL,PROPOSED,NAME,82,0.31883286643935616,10.016326530612245,0.4,2024-10,2026-09,24,1,2026-09,EQUIVALENT,EXACT,CONTRADICTION,0.0,WEAK,,0.345104,9.108772,0.0,24,24,285.0,2596.0,2024-09,2026-08,0,BRND_EXACT,NAME_ONLY_NOT_AUTO;ATTR_BODY_MISMATCH;SER_CORRELATION_BELOW_STRONG;SER_RATIO_OUT_OF_BAND,NAME_CONTRADICTION;SERIES_DECISIVELY_WRONG,,INSUFFICIENT_DATA,INSUFFICIENT_DATA_NO_BASIS,,,false,,true,,,,5170,81,285,2021-01,2026-09,22670,1306,2596,mazda-mazda-bt-50;mazda-mazda-cx-30;mazda-mazda-mx-30,mazda-mazda-cx-30,"mazda.bt50_cab (SUBJECT_COARSER, UNAVAILABLE) | mazda.bt50_double_cab (SUBJECT_COARSER, UNAVAILABLE) | mazda.cx5 (CONTRADICTION, WEAK, corr -0.110 ratio 4.540)",,,,
187,3,suspicious known case,3;4,deepal_under_changan,0.9484,"Is Ice 'Deepal Hunter' (CHANGAN, changan-deepal-hunter) the same vehicle as TDR 'Deepal Hunter K50' (deepal.deepal_hunter_k50)? Verdict applies to the candidate shown on this row.",changan-deepal-hunter,Deepal Hunter,CHANGAN,settled,Pickup,deepal.deepal_hunter_k50,Deepal Hunter K50,Deepal,CURRENT,PICKUP,LEGACY_CANDIDATE;LEGACY_STORED;V1_POOL;V1_PRIMARY,PROPOSED,NAME,284,0.9501010543656432,0.9393939393939394,0.5217391304347826,2025-07,2026-09,12,1,2026-09,EQUIVALENT,ALIAS_RELABEL,SUBJECT_COARSER,0.666667,STRONG,,1.0,1.0,1.0,11,11,31.0,31.0,2025-07,2026-08,13,BRND_ALIAS_RELABEL;SER_STRONG,NAME_CONTAINMENT_SUBJECT_COARSER;SER_OVERLAP_BELOW_AUTO_MIN;SER_VOLUME_BELOW_AUTO_MIN;SER_MISSING_ROW_SEMANTICS_UNCONFIRMED,,,PROPOSE,PROPOSE_SERIES_STRONG_CAPPED,deepal.deepal_hunter_k50,EQUIVALENT,true,STRONG_FLIPS,false,,,,33,26,31,2025-07,2026-09,31,26,31,CHANGAN|STAR TRUCK 1 0 5MT;CHANGAN|STAR TRUCK 1 3 5MT;changan-deepal-hunter,changan-deepal-hunter,,,,,
188,3,suspicious known case,3;4,pickup_cab_granularity,0.9494,"Is Ice 'Nissan March' (NISSAN, nissan-nissan-march) the same vehicle as TDR 'Navara Cab' (nissan.navara_cab)? Verdict applies to the candidate shown on this row.",nissan-nissan-march,Nissan March,NISSAN,settled,Hatchback,nissan.navara_cab,Navara Cab,Nissan,CURRENT,PICKUP,LEGACY_CANDIDATE;LEGACY_STORED;V1_POOL,PROPOSED,NAME,99,0.8398611695222878,10.381418092909536,0.4,2022-06,2026-08,24,1,2026-08,EQUIVALENT,EXACT,CONTRADICTION,0.0,UNAVAILABLE,SER_OVERLAP_BELOW_PROPOSE_MIN,,,,3,3,3.0,186.0,2025-02,2026-06,21,BRND_EXACT,NAME_ONLY_NOT_AUTO;SER_MISSING_ROW_SEMANTICS_UNCONFIRMED;ATTR_BODY_MISMATCH,NAME_CONTRADICTION,SER_OVERLAP_BELOW_PROPOSE_MIN,NO_CANDIDATE,NO_CANDIDATE_ALL_EXCLUDED,,,true,AVAILABILITY,true,,,,4000,2,4,2021-01,2026-08,14301,595,1453,NISSAN|BDRAREZL33MHA B;NISSAN|BDSARGZB172HA A;NISSAN|BDTARGZB172HA B;NISSAN|BDWARBZN17XHA B;NISSAN|BDWARBZN17XHAF B;NISSAN|BDWARBZN17XHAFA B;NISSAN|BLGURGWJ32EHAA CA;NISSAN|CVL2RTLD23FHP A A;NISSAN|SAKURA G;nissan-nissan-march,nissan-navara,"nissan.almera (CONTRADICTION, UNAVAILABLE)",,,,
189,3,suspicious known case,3;4,city_hatchback,0.9494,"Is Ice 'Honda Acty' (HONDA, honda-honda-acty) the same vehicle as TDR 'City' (honda.city)? Verdict applies to the candidate shown on this row.",honda-honda-acty,Honda Acty,HONDA,settled,Pickup,honda.city,City,Honda,CURRENT,SEDAN,LEGACY_CANDIDATE;LEGACY_STORED;V1_POOL,PROPOSED,NAME,323,,1513.857142857143,0.75,2022-02,2026-03,7,0,,EQUIVALENT,EXACT,CONTRADICTION,0.0,UNAVAILABLE,SER_OVERLAP_BELOW_PROPOSE_MIN,,,,4,4,4.0,5007.0,2025-01,2026-03,20,BRND_EXACT,NAME_ONLY_NOT_AUTO;SER_MISSING_ROW_SEMANTICS_UNCONFIRMED;ATTR_BODY_MISMATCH,NAME_CONTRADICTION,SER_OVERLAP_BELOW_PROPOSE_MIN,NO_CANDIDATE,NO_CANDIDATE_ALL_EXCLUDED,,,false,,true,,,,7,2,4,2022-02,2026-03,108621,10696,24147,honda-city;honda-honda-acty;honda-honda-fit,honda-city,"honda.accord (CONTRADICTION, UNAVAILABLE)",,,,
190,3,suspicious known case,3;4,maxus_mifa_under_mg,0.9494,"Is Ice 'Maxus V80' (MG, maxus-maxus-v80) the same vehicle as TDR 'MG ZS EV' (mg.mg_zs_ev)? Verdict applies to the candidate shown on this row.",maxus-maxus-v80,Maxus V80,MG,settled,Van,mg.mg_zs_ev,MG ZS EV,MG,CURRENT,CROSSOVER,LEGACY_CANDIDATE;LEGACY_STORED;V1_POOL,PROPOSED,NAME,242,-0.0598992578154066,25.982758620689655,0.42857142857142855,2021-06,2026-07,24,1,2026-07,EQUIVALENT,EXACT,CONTRADICTION,0.0,UNAVAILABLE,SER_VOLUME_BELOW_PROPOSE_MIN,,,,9,9,14.0,1065.0,2023-02,2025-01,22,BRND_EXACT,NAME_ONLY_NOT_AUTO;SER_MISSING_ROW_SEMANTICS_UNCONFIRMED;ATTR_BODY_MISMATCH,NAME_CONTRADICTION,SER_VOLUME_BELOW_PROPOSE_MIN,NO_CANDIDATE,NO_CANDIDATE_ALL_EXCLUDED,,,true,AVAILABILITY,true,NEW_RENAME,RENAME:MG|V80>maxus-maxus-v80 100%,NOOP:LIN_ALREADY_APPLIED,135,1,3,2021-01,2026-07,4504,203,939,maxus-maxus-v80;mg-mg-urban-ev;mg-mg-zs,mg-mg-zs,"mg.mg_maxus_7 (CONTRADICTION, UNAVAILABLE) | mg.mg_maxus_9 (CONTRADICTION, UNAVAILABLE) | mg.mg_s5_ev (CONTRADICTION, UNAVAILABLE)",,,,
191,3,suspicious known case,3;4,hilux_granularity,0.9494,"Is Ice 'Toyota D-CAB' (TOYOTA, toyota-toyota-d-cab) the same vehicle as TDR 'Hilux Revo Cab' (toyota.hilux_revo_cab)? Verdict applies to the candidate shown on this row.",toyota-toyota-d-cab,Toyota D-CAB,TOYOTA,settled,Pickup,toyota.hilux_revo_cab,Hilux Revo Cab,Toyota,CURRENT,PICKUP,LEGACY_CANDIDATE;LEGACY_STORED;V1_POOL,PROPOSED,NAME,293,0.18525505600825667,3678.52,0.42105263157894735,2021-03,2026-01,17,0,,EQUIVALENT,EXACT,SIBLING,0.4,UNAVAILABLE,SER_OVERLAP_BELOW_PROPOSE_MIN,,,,4,4,4.0,11046.0,2024-07,2026-01,21,BRND_EXACT,NAME_ONLY_NOT_AUTO;SER_MISSING_ROW_SEMANTICS_UNCONFIRMED,NAME_SIBLING_VARIANT,SER_OVERLAP_BELOW_PROPOSE_MIN,NO_CANDIDATE,NO_CANDIDATE_ALL_EXCLUDED,,,true,AVAILABILITY,true,,,,25,2,3,2021-03,2026-01,345385,23789,61184,TOYOTA|2 7V A T;TOYOTA|HILUK;TOYOTA|KDH202R RDMDYE A1;TOYOTA|LN152R CRMSSTA;TOYOTA|NSP152R AHXRKT CA;TOYOTA|ZVW30R AHXEBT CB;toyota-hilux;toyota-toyota-d-cab,toyota-hilux-revo,"toyota.camry (CONTRADICTION, UNAVAILABLE) | toyota.hilux_travo_cab (SIBLING, UNAVAILABLE) | toyota.hilux_revo_double_cab (SIBLING, UNAVAILABLE)",,,,
192,3,suspicious known case,3;4,dmax_vs_mux,0.9494,"Is Ice 'Isuzu CAB4' (ISUZU, isuzu-isuzu-cab4) the same vehicle as TDR 'D-Max Cab' (isuzu.dmax_cab)? Verdict applies to the candidate shown on this row.",isuzu-isuzu-cab4,Isuzu CAB4,ISUZU,settled,Pickup,isuzu.dmax_cab,D-Max Cab,Isuzu,CURRENT,PICKUP,LEGACY_CANDIDATE;LEGACY_STORED;V1_POOL,PROPOSED,NAME,328,,3652.0,0.46153846153846156,2022-11,2026-01,6,0,,EQUIVALENT,EXACT,CONTRADICTION,0.0,UNAVAILABLE,SER_OVERLAP_BELOW_PROPOSE_MIN,,,,2,2,2.0,3641.0,2025-10,2026-01,22,BRND_EXACT,NAME_ONLY_NOT_AUTO;SER_MISSING_ROW_SEMANTICS_UNCONFIRMED,NAME_CONTRADICTION,SER_OVERLAP_BELOW_PROPOSE_MIN,NO_CANDIDATE,NO_CANDIDATE_ALL_EXCLUDED,,,false,,true,,,,6,2,2,2022-11,2026-01,297464,20407,46356,isuzu-isuzu-cab4,isuzu-isuzu-d-max,,,,,
193,3,suspicious known case,3;4,city_hatchback,0.9494,"Is Ice 'Honda FIT' (HONDA, honda-honda-fit) the same vehicle as TDR 'City' (honda.city)? Verdict applies to the candidate shown on this row.",honda-honda-fit,Honda FIT,HONDA,settled,Hatchback,honda.city,City,Honda,CURRENT,SEDAN,LEGACY_CANDIDATE;LEGACY_STORED;V1_POOL,PROPOSED,NAME,383,,948.0,0.5714285714285714,2025-11,2026-02,2,0,,EQUIVALENT,EXACT,CONTRADICTION,0.0,UNAVAILABLE,SER_OVERLAP_BELOW_PROPOSE_MIN,,,,2,2,2.0,1896.0,2025-11,2026-02,22,BRND_EXACT,NAME_ONLY_NOT_AUTO;SER_MISSING_ROW_SEMANTICS_UNCONFIRMED;ATTR_BODY_MISMATCH,NAME_CONTRADICTION,SER_OVERLAP_BELOW_PROPOSE_MIN,NO_CANDIDATE,NO_CANDIDATE_ALL_EXCLUDED,,,false,,true,,,,2,2,2,2025-11,2026-02,108621,10696,24147,honda-city;honda-honda-acty;honda-honda-fit,honda-city,,,,,
194,3,suspicious known case,3;4,pickup_cab_granularity,0.9494,"Is Ice 'BDRAREZL33MHA---B-' (NISSAN, NISSAN|BDRAREZL33MHA B) the same vehicle as TDR 'Navara Cab' (nissan.navara_cab)? Verdict applies to the candidate shown on this row.",NISSAN|BDRAREZL33MHA B,BDRAREZL33MHA---B-,NISSAN,unmapped_name,,nissan.navara_cab,Navara Cab,Nissan,CURRENT,PICKUP,LEGACY_CANDIDATE;LEGACY_STORED;V1_POOL,PROPOSED,NAME,330,,284.4,0.4,2021-02,2024-12,5,0,,EQUIVALENT,EXACT,CONTRADICTION,0.0,UNAVAILABLE,SER_OVERLAP_BELOW_PROPOSE_MIN,,,,3,3,3.0,326.0,2023-07,2024-12,23,BRND_EXACT,NAME_ONLY_NOT_AUTO;SER_MISSING_ROW_SEMANTICS_UNCONFIRMED;SUBJ_UNMAPPED_NAME,NAME_CONTRADICTION,SER_OVERLAP_BELOW_PROPOSE_MIN;ATTR_BODY_UNKNOWN,NO_CANDIDATE,NO_CANDIDATE_ALL_EXCLUDED,,,false,,true,,,,5,0,1,2021-02,2024-12,14301,595,1453,NISSAN|BDRAREZL33MHA B;NISSAN|BDSARGZB172HA A;NISSAN|BDTARGZB172HA B;NISSAN|BDWARBZN17XHA B;NISSAN|BDWARBZN17XHAF B;NISSAN|BDWARBZN17XHAFA B;NISSAN|BLGURGWJ32EHAA CA;NISSAN|CVL2RTLD23FHP A A;NISSAN|SAKURA G;nissan-nissan-march,nissan-navara,,,,,
195,3,suspicious known case,3;4,pickup_cab_granularity,0.9494,"Is Ice 'SAKURA G' (NISSAN, NISSAN|SAKURA G) the same vehicle as TDR 'Navara Cab' (nissan.navara_cab)? Verdict applies to the candidate shown on this row.",NISSAN|SAKURA G,SAKURA G,NISSAN,unmapped_name,,nissan.navara_cab,Navara Cab,Nissan,CURRENT,PICKUP,LEGACY_CANDIDATE;LEGACY_STORED;V1_POOL,PROPOSED,NAME,331,0.5150814479588144,97.4,0.4444444444444444,2023-09,2025-10,4,0,,EQUIVALENT,EXACT,CONTRADICTION,0.0,UNAVAILABLE,SER_OVERLAP_BELOW_PROPOSE_MIN,,,,2,2,2.0,179.0,2023-11,2025-10,23,BRND_EXACT,NAME_ONLY_NOT_AUTO;SER_MISSING_ROW_SEMANTICS_UNCONFIRMED;SUBJ_UNMAPPED_NAME,NAME_CONTRADICTION,SER_OVERLAP_BELOW_PROPOSE_MIN;ATTR_BODY_UNKNOWN,NO_CANDIDATE,NO_CANDIDATE_ALL_EXCLUDED,,,true,AVAILABILITY,true,,,,5,1,1,2023-09,2025-10,14301,595,1453,NISSAN|BDRAREZL33MHA B;NISSAN|BDSARGZB172HA A;NISSAN|BDTARGZB172HA B;NISSAN|BDWARBZN17XHA B;NISSAN|BDWARBZN17XHAF B;NISSAN|BDWARBZN17XHAFA B;NISSAN|BLGURGWJ32EHAA CA;NISSAN|CVL2RTLD23FHP A A;NISSAN|SAKURA G;nissan-nissan-march,nissan-navara,"nissan.almera (CONTRADICTION, UNAVAILABLE) | nissan.serena (CONTRADICTION, UNAVAILABLE)",,,,
196,3,suspicious known case,3;4,hilux_granularity,0.9494,"Is Ice 'Hilux' (TOYOTA, toyota-hilux) the same vehicle as TDR 'Hilux Revo Cab' (toyota.hilux_revo_cab)? Verdict applies to the candidate shown on this row.",toyota-hilux,Hilux,TOYOTA,settled,Pickup,toyota.hilux_revo_cab,Hilux Revo Cab,Toyota,CURRENT,PICKUP,LEGACY_CANDIDATE;LEGACY_STORED;V1_POOL,PROPOSED,NAME,356,,5501.0,0.5263157894736842,2022-09,2025-05,3,0,,EQUIVALENT,EXACT,SUBJECT_COARSER,0.5,UNAVAILABLE,SER_OVERLAP_BELOW_PROPOSE_MIN,,,,2,2,2.0,9289.0,2023-08,2025-05,23,BRND_EXACT,NAME_CONTAINMENT_SUBJECT_COARSER;NAME_ONLY_NOT_AUTO;SER_MISSING_ROW_SEMANTICS_UNCONFIRMED,,SER_OVERLAP_BELOW_PROPOSE_MIN,INSUFFICIENT_DATA,INSUFFICIENT_DATA_NO_BASIS,,,false,,true,,,,3,0,1,2022-09,2025-05,345385,23789,61184,TOYOTA|2 7V A T;TOYOTA|HILUK;TOYOTA|KDH202R RDMDYE A1;TOYOTA|LN152R CRMSSTA;TOYOTA|NSP152R AHXRKT CA;TOYOTA|ZVW30R AHXEBT CB;toyota-hilux;toyota-toyota-d-cab,toyota-hilux-revo,"toyota.hilux_champ (SUBJECT_COARSER, UNAVAILABLE) | toyota.hilux_travo_cab (SUBJECT_COARSER, UNAVAILABLE) | toyota.hiace (CONTRADICTION, UNAVAILABLE)",,,,
197,3,suspicious known case,3;4,hilux_granularity,0.9494,"Is Ice 'KDH202R-RDMDYE A1' (TOYOTA, TOYOTA|KDH202R RDMDYE A1) the same vehicle as TDR 'Hilux Revo Cab' (toyota.hilux_revo_cab)? Verdict applies to the candidate shown on this row.",TOYOTA|KDH202R RDMDYE A1,KDH202R-RDMDYE A1,TOYOTA,unmapped_name,,toyota.hilux_revo_cab,Hilux Revo Cab,Toyota,CURRENT,PICKUP,LEGACY_CANDIDATE;LEGACY_STORED;V1_POOL,PROPOSED,NAME,369,,3421.5,0.3870967741935484,2024-07,2024-11,2,0,,EQUIVALENT,EXACT,CONTRADICTION,0.0,UNAVAILABLE,SER_OVERLAP_BELOW_PROPOSE_MIN,,,,2,2,2.0,6843.0,2024-07,2024-11,23,BRND_EXACT,NAME_ONLY_NOT_AUTO;SER_MISSING_ROW_SEMANTICS_UNCONFIRMED;SUBJ_UNMAPPED_NAME,NAME_CONTRADICTION,SER_OVERLAP_BELOW_PROPOSE_MIN;ATTR_BODY_UNKNOWN,NO_CANDIDATE,NO_CANDIDATE_ALL_EXCLUDED,,,false,,true,,,,2,0,1,2024-07,2024-11,345385,23789,61184,TOYOTA|2 7V A T;TOYOTA|HILUK;TOYOTA|KDH202R RDMDYE A1;TOYOTA|LN152R CRMSSTA;TOYOTA|NSP152R AHXRKT CA;TOYOTA|ZVW30R AHXEBT CB;toyota-hilux;toyota-toyota-d-cab,toyota-hilux-revo,"toyota.hilux_revo_double_cab (CONTRADICTION, UNAVAILABLE) | toyota.hilux_travo_double_cab (CONTRADICTION, UNAVAILABLE)",,,,
198,3,suspicious known case,3;4,pickup_cab_granularity,0.9494,"Is Ice 'LANCER EVOLUTION X FINAL' (MITSUBISHI, MITSUBISHI|LANCER EVOLUTION X FINAL) the same vehicle as TDR 'Triton Cab' (mitsubishi.triton_cab)? Verdict applies to the candidate shown on this row.",MITSUBISHI|LANCER EVOLUTION X FINAL,LANCER EVOLUTION X FINAL,MITSUBISHI,unmapped_name,,mitsubishi.triton_cab,Triton Cab,Mitsubishi,CURRENT,PICKUP,LEGACY_CANDIDATE;LEGACY_STORED;V1_POOL,PROPOSED,NAME,417,,353.0,0.35294117647058826,2025-03,2025-03,1,0,,EQUIVALENT,EXACT,CONTRADICTION,0.0,UNAVAILABLE,SER_OVERLAP_BELOW_PROPOSE_MIN,,,,1,1,1.0,353.0,2025-03,2025-03,23,BRND_EXACT,NAME_ONLY_NOT_AUTO;SER_MISSING_ROW_SEMANTICS_UNCONFIRMED;SUBJ_UNMAPPED_NAME,NAME_CONTRADICTION,SER_OVERLAP_BELOW_PROPOSE_MIN;ATTR_BODY_UNKNOWN,NO_CANDIDATE,NO_CANDIDATE_ALL_EXCLUDED,,,false,,true,,,,1,0,1,2025-03,2025-03,44300,3405,7300,MITSUBISHI|LANCER EVOLUTION X FINAL;MITSUBISHI|MINICAB MIEV,mitsubishi-triton,"mitsubishi.outlander_phev (CONTRADICTION, UNAVAILABLE)",,,,
199,3,suspicious known case,3;4,pickup_cab_granularity,0.9494,"Is Ice 'BDWARBZN17XHAF---B' (NISSAN, NISSAN|BDWARBZN17XHAF B) the same vehicle as TDR 'Navara Cab' (nissan.navara_cab)? Verdict applies to the candidate shown on this row.",NISSAN|BDWARBZN17XHAF B,BDWARBZN17XHAF---B,NISSAN,unmapped_name,,nissan.navara_cab,Navara Cab,Nissan,CURRENT,PICKUP,LEGACY_CANDIDATE;LEGACY_STORED;V1_POOL,PROPOSED,NAME,421,,61.0,0.38461538461538464,2025-09,2025-09,1,0,,EQUIVALENT,EXACT,CONTRADICTION,0.0,UNAVAILABLE,SER_OVERLAP_BELOW_PROPOSE_MIN,,,,1,1,1.0,61.0,2025-09,2025-09,23,BRND_EXACT,NAME_ONLY_NOT_AUTO;SER_MISSING_ROW_SEMANTICS_UNCONFIRMED;SUBJ_UNMAPPED_NAME,NAME_CONTRADICTION,SER_OVERLAP_BELOW_PROPOSE_MIN;ATTR_BODY_UNKNOWN,NO_CANDIDATE,NO_CANDIDATE_ALL_EXCLUDED,,,false,,true,,,,1,1,1,2025-09,2025-09,14301,595,1453,NISSAN|BDRAREZL33MHA B;NISSAN|BDSARGZB172HA A;NISSAN|BDTARGZB172HA B;NISSAN|BDWARBZN17XHA B;NISSAN|BDWARBZN17XHAF B;NISSAN|BDWARBZN17XHAFA B;NISSAN|BLGURGWJ32EHAA CA;NISSAN|CVL2RTLD23FHP A A;NISSAN|SAKURA G;nissan-nissan-march,nissan-navara,,,,,
200,3,suspicious known case,3;4,pickup_cab_granularity,0.9494,"Is Ice 'BDWARBZN17XHAFA--B' (NISSAN, NISSAN|BDWARBZN17XHAFA B) the same vehicle as TDR 'Navara Cab' (nissan.navara_cab)? Verdict applies to the candidate shown on this row.",NISSAN|BDWARBZN17XHAFA B,BDWARBZN17XHAFA--B,NISSAN,unmapped_name,,nissan.navara_cab,Navara Cab,Nissan,CURRENT,PICKUP,LEGACY_CANDIDATE;LEGACY_STORED;V1_POOL,PROPOSED,NAME,422,,83.0,0.37037037037037035,2024-10,2024-10,1,0,,EQUIVALENT,EXACT,CONTRADICTION,0.0,UNAVAILABLE,SER_OVERLAP_BELOW_PROPOSE_MIN,,,,1,1,1.0,83.0,2024-10,2024-10,23,BRND_EXACT,NAME_ONLY_NOT_AUTO;SER_MISSING_ROW_SEMANTICS_UNCONFIRMED;SUBJ_UNMAPPED_NAME,NAME_CONTRADICTION,SER_OVERLAP_BELOW_PROPOSE_MIN;ATTR_BODY_UNKNOWN,NO_CANDIDATE,NO_CANDIDATE_ALL_EXCLUDED,,,false,,true,,,,1,0,1,2024-10,2024-10,14301,595,1453,NISSAN|BDRAREZL33MHA B;NISSAN|BDSARGZB172HA A;NISSAN|BDTARGZB172HA B;NISSAN|BDWARBZN17XHA B;NISSAN|BDWARBZN17XHAF B;NISSAN|BDWARBZN17XHAFA B;NISSAN|BLGURGWJ32EHAA CA;NISSAN|CVL2RTLD23FHP A A;NISSAN|SAKURA G;nissan-nissan-march,nissan-navara,,,,,
201,3,suspicious known case,3;4,pickup_cab_granularity,0.9494,"Is Ice 'MINICAB MIEV' (MITSUBISHI, MITSUBISHI|MINICAB MIEV) the same vehicle as TDR 'Triton Cab' (mitsubishi.triton_cab)? Verdict applies to the candidate shown on this row.",MITSUBISHI|MINICAB MIEV,MINICAB MIEV,MITSUBISHI,unmapped_name,,mitsubishi.triton_cab,Triton Cab,Mitsubishi,CURRENT,PICKUP,LEGACY_CANDIDATE;LEGACY_STORED;V1_POOL,PROPOSED,NAME,325,,419.1666666666667,0.45454545454545453,2021-11,2022-06,2,0,,EQUIVALENT,EXACT,CONTRADICTION,0.0,UNAVAILABLE,SER_OVERLAP_BELOW_PROPOSE_MIN,,,,2,2,6.0,2515.0,2021-11,2022-06,24,BRND_EXACT,NAME_ONLY_NOT_AUTO;SER_MISSING_ROW_SEMANTICS_UNCONFIRMED;SUBJ_UNMAPPED_NAME,NAME_CONTRADICTION;GEN_LIFECYCLE_DISJOINT,SER_OVERLAP_BELOW_PROPOSE_MIN;ATTR_BODY_UNKNOWN,NO_CANDIDATE,NO_CANDIDATE_ALL_EXCLUDED,,,false,,true,,,,6,0,0,2021-11,2022-06,44300,3405,7300,MITSUBISHI|LANCER EVOLUTION X FINAL;MITSUBISHI|MINICAB MIEV,mitsubishi-triton,"mitsubishi.mirage (CONTRADICTION, UNAVAILABLE)",,,,
202,3,suspicious known case,3;4,hilux_granularity,0.9494,"Is Ice 'KUN15R-TRMDHT  B8' (TOYOTA, TOYOTA|KUN15R TRMDHT B8) the same vehicle as TDR 'Hilux Travo Cab' (toyota.hilux_travo_cab)? Verdict applies to the candidate shown on this row.",TOYOTA|KUN15R TRMDHT B8,KUN15R-TRMDHT  B8,TOYOTA,unmapped_name,,toyota.hilux_travo_cab,Hilux Travo Cab,Toyota,CURRENT,PICKUP,LEGACY_CANDIDATE;LEGACY_STORED;V1_POOL,PROPOSED,NAME,349,,0.0,0.3870967741935484,2021-09,2024-07,3,3,2021-09;2023-02;2024-07,EQUIVALENT,EXACT,CONTRADICTION,0.0,UNAVAILABLE,SER_NO_COMMON_WINDOW,,,,0,0,0,0,,,24,BRND_EXACT,NAME_ONLY_NOT_AUTO;SER_MISSING_ROW_SEMANTICS_UNCONFIRMED;SUBJ_UNMAPPED_NAME,NAME_CONTRADICTION;GEN_LIFECYCLE_DISJOINT,SER_NO_COMMON_WINDOW;ATTR_BODY_UNKNOWN,NO_CANDIDATE,NO_CANDIDATE_ALL_EXCLUDED,,,false,,true,,,,3,0,0,2021-09,2024-07,7672,7672,7672,TOYOTA|KUN15R TRMDHT B8;TOYOTA|KUN15R TRMDYT B6;toyota-hilux-travo,toyota-hilux-travo,,,,,
203,3,suspicious known case,3;4,pickup_cab_granularity,0.9495,"Is Ice 'BDSARGZB172HA---A-' (NISSAN, NISSAN|BDSARGZB172HA A) the same vehicle as TDR 'Navara Cab' (nissan.navara_cab)? Verdict applies to the candidate shown on this row.",NISSAN|BDSARGZB172HA A,BDSARGZB172HA---A-,NISSAN,unmapped_name,,nissan.navara_cab,Navara Cab,Nissan,CURRENT,PICKUP,LEGACY_CANDIDATE;LEGACY_STORED;V1_POOL,PROPOSED,NAME,363,,410.5,0.4,2021-03,2022-07,2,0,,EQUIVALENT,EXACT,CONTRADICTION,0.0,UNAVAILABLE,SER_OVERLAP_BELOW_PROPOSE_MIN,,,,2,2,2.0,821.0,2021-03,2022-07,24,BRND_EXACT,NAME_ONLY_NOT_AUTO;SER_MISSING_ROW_SEMANTICS_UNCONFIRMED;SUBJ_UNMAPPED_NAME,NAME_CONTRADICTION,SER_OVERLAP_BELOW_PROPOSE_MIN;ATTR_BODY_UNKNOWN,NO_CANDIDATE,NO_CANDIDATE_ALL_EXCLUDED,,,false,,true,,,,2,0,0,2021-03,2022-07,14301,595,1453,NISSAN|BDRAREZL33MHA B;NISSAN|BDSARGZB172HA A;NISSAN|BDTARGZB172HA B;NISSAN|BDWARBZN17XHA B;NISSAN|BDWARBZN17XHAF B;NISSAN|BDWARBZN17XHAFA B;NISSAN|BLGURGWJ32EHAA CA;NISSAN|CVL2RTLD23FHP A A;NISSAN|SAKURA G;nissan-nissan-march,nissan-navara,,,,,
204,3,suspicious known case,3;4,hilux_granularity,0.9495,"Is Ice '2.7V A/T' (TOYOTA, TOYOTA|2 7V A T) the same vehicle as TDR 'Hilux Revo Cab' (toyota.hilux_revo_cab)? Verdict applies to the candidate shown on this row.",TOYOTA|2 7V A T,2.7V A/T,TOYOTA,unmapped_name,,toyota.hilux_revo_cab,Hilux Revo Cab,Toyota,CURRENT,PICKUP,LEGACY_CANDIDATE;LEGACY_STORED;V1_POOL,PROPOSED,NAME,366,,7785.0,0.36363636363636365,2021-05,2021-07,2,0,,EQUIVALENT,EXACT,CONTRADICTION,0.0,UNAVAILABLE,SER_OVERLAP_BELOW_PROPOSE_MIN,,,,2,2,2.0,15570.0,2021-05,2021-07,24,BRND_EXACT,NAME_ONLY_NOT_AUTO;SER_MISSING_ROW_SEMANTICS_UNCONFIRMED;SUBJ_UNMAPPED_NAME,NAME_CONTRADICTION,SER_OVERLAP_BELOW_PROPOSE_MIN;ATTR_BODY_UNKNOWN,NO_CANDIDATE,NO_CANDIDATE_ALL_EXCLUDED,,,false,,true,,,,2,0,0,2021-05,2021-07,345385,23789,61184,TOYOTA|2 7V A T;TOYOTA|HILUK;TOYOTA|KDH202R RDMDYE A1;TOYOTA|LN152R CRMSSTA;TOYOTA|NSP152R AHXRKT CA;TOYOTA|ZVW30R AHXEBT CB;toyota-hilux;toyota-toyota-d-cab,toyota-hilux-revo,,,,,
205,3,suspicious known case,3;4,hilux_granularity,0.9495,"Is Ice 'LN152R-CRMSSTA' (TOYOTA, TOYOTA|LN152R CRMSSTA) the same vehicle as TDR 'Hilux Revo Cab' (toyota.hilux_revo_cab)? Verdict applies to the candidate shown on this row.",TOYOTA|LN152R CRMSSTA,LN152R-CRMSSTA,TOYOTA,unmapped_name,,toyota.hilux_revo_cab,Hilux Revo Cab,Toyota,CURRENT,PICKUP,LEGACY_CANDIDATE;LEGACY_STORED;V1_POOL,PROPOSED,NAME,372,,6689.0,0.35714285714285715,2021-10,2023-03,2,0,,EQUIVALENT,EXACT,CONTRADICTION,0.0,UNAVAILABLE,SER_OVERLAP_BELOW_PROPOSE_MIN,,,,2,2,2.0,13378.0,2021-10,2023-03,24,BRND_EXACT,NAME_ONLY_NOT_AUTO;SER_MISSING_ROW_SEMANTICS_UNCONFIRMED;SUBJ_UNMAPPED_NAME,NAME_CONTRADICTION,SER_OVERLAP_BELOW_PROPOSE_MIN;ATTR_BODY_UNKNOWN,NO_CANDIDATE,NO_CANDIDATE_ALL_EXCLUDED,,,false,,true,,,,2,0,0,2021-10,2023-03,345385,23789,61184,TOYOTA|2 7V A T;TOYOTA|HILUK;TOYOTA|KDH202R RDMDYE A1;TOYOTA|LN152R CRMSSTA;TOYOTA|NSP152R AHXRKT CA;TOYOTA|ZVW30R AHXEBT CB;toyota-hilux;toyota-toyota-d-cab,toyota-hilux-revo,"toyota.yaris_cross (CONTRADICTION, UNAVAILABLE) | toyota.corolla_cross (CONTRADICTION, UNAVAILABLE) | toyota.land_cruiser_300 (CONTRADICTION, UNAVAILABLE)",,,,
206,3,suspicious known case,3;4,hilux_granularity,0.9495,"Is Ice 'ZVW30R-AHXEBT  CB' (TOYOTA, TOYOTA|ZVW30R AHXEBT CB) the same vehicle as TDR 'Hilux Revo Cab' (toyota.hilux_revo_cab)? Verdict applies to the candidate shown on this row.",TOYOTA|ZVW30R AHXEBT CB,ZVW30R-AHXEBT  CB,TOYOTA,unmapped_name,,toyota.hilux_revo_cab,Hilux Revo Cab,Toyota,CURRENT,PICKUP,LEGACY_CANDIDATE;LEGACY_STORED;V1_POOL,PROPOSED,NAME,375,,6418.0,0.4,2022-05,2024-06,2,0,,EQUIVALENT,EXACT,CONTRADICTION,0.0,UNAVAILABLE,SER_OVERLAP_BELOW_PROPOSE_MIN,,,,1,1,1.0,4075.0,2024-06,2024-06,24,BRND_EXACT,NAME_ONLY_NOT_AUTO;SER_MISSING_ROW_SEMANTICS_UNCONFIRMED;SUBJ_UNMAPPED_NAME,NAME_CONTRADICTION,SER_OVERLAP_BELOW_PROPOSE_MIN;ATTR_BODY_UNKNOWN,NO_CANDIDATE,NO_CANDIDATE_ALL_EXCLUDED,,,false,,true,,,,2,0,0,2022-05,2024-06,345385,23789,61184,TOYOTA|2 7V A T;TOYOTA|HILUK;TOYOTA|KDH202R RDMDYE A1;TOYOTA|LN152R CRMSSTA;TOYOTA|NSP152R AHXRKT CA;TOYOTA|ZVW30R AHXEBT CB;toyota-hilux;toyota-toyota-d-cab,toyota-hilux-revo,"toyota.hilux_travo_cab (CONTRADICTION, UNAVAILABLE) | toyota.hilux_revo_double_cab (CONTRADICTION, UNAVAILABLE)",,,,
207,3,suspicious known case,3;4,deepal_under_changan,0.9495,"Is Ice 'STAR TRUCK 1.0 5MT' (CHANGAN, CHANGAN|STAR TRUCK 1 0 5MT) the same vehicle as TDR 'Deepal Hunter K50' (deepal.deepal_hunter_k50)? Verdict applies to the candidate shown on this row.",CHANGAN|STAR TRUCK 1 0 5MT,STAR TRUCK 1.0 5MT,CHANGAN,unmapped_name,,deepal.deepal_hunter_k50,Deepal Hunter K50,Deepal,CURRENT,PICKUP,LEGACY_CANDIDATE;LEGACY_STORED;V1_POOL,PROPOSED,NAME,397,,0.0,0.35714285714285715,2021-12,2021-12,1,1,2021-12,EQUIVALENT,ALIAS_RELABEL,CONTRADICTION,0.0,UNAVAILABLE,SER_NO_COMMON_WINDOW,,,,0,0,0,0,,,24,BRND_ALIAS_RELABEL,NAME_ONLY_NOT_AUTO;SER_MISSING_ROW_SEMANTICS_UNCONFIRMED;SUBJ_UNMAPPED_NAME,NAME_CONTRADICTION;GEN_LIFECYCLE_DISJOINT,SER_NO_COMMON_WINDOW;ATTR_BODY_UNKNOWN,NO_CANDIDATE,NO_CANDIDATE_ALL_EXCLUDED,,,false,,true,,,,1,0,0,2021-12,2021-12,31,26,31,CHANGAN|STAR TRUCK 1 0 5MT;CHANGAN|STAR TRUCK 1 3 5MT;changan-deepal-hunter,changan-deepal-hunter,,,,,
208,3,suspicious known case,3;4,deepal_under_changan,0.9495,"Is Ice 'STAR TRUCK 1.3 5MT' (CHANGAN, CHANGAN|STAR TRUCK 1 3 5MT) the same vehicle as TDR 'Deepal Hunter K50' (deepal.deepal_hunter_k50)? Verdict applies to the candidate shown on this row.",CHANGAN|STAR TRUCK 1 3 5MT,STAR TRUCK 1.3 5MT,CHANGAN,unmapped_name,,deepal.deepal_hunter_k50,Deepal Hunter K50,Deepal,CURRENT,PICKUP,LEGACY_CANDIDATE;LEGACY_STORED;V1_POOL,PROPOSED,NAME,398,,0.0,0.35714285714285715,2023-04,2023-04,1,1,2023-04,EQUIVALENT,ALIAS_RELABEL,CONTRADICTION,0.0,UNAVAILABLE,SER_NO_COMMON_WINDOW,,,,0,0,0,0,,,24,BRND_ALIAS_RELABEL,NAME_ONLY_NOT_AUTO;SER_MISSING_ROW_SEMANTICS_UNCONFIRMED;SUBJ_UNMAPPED_NAME,NAME_CONTRADICTION;GEN_LIFECYCLE_DISJOINT,SER_NO_COMMON_WINDOW;ATTR_BODY_UNKNOWN,NO_CANDIDATE,NO_CANDIDATE_ALL_EXCLUDED,,,false,,true,,,,1,0,0,2023-04,2023-04,31,26,31,CHANGAN|STAR TRUCK 1 0 5MT;CHANGAN|STAR TRUCK 1 3 5MT;changan-deepal-hunter,changan-deepal-hunter,,,,,
209,3,suspicious known case,3;4,pickup_cab_granularity,0.9495,"Is Ice 'ADB2RCYD23IHL---C-' (NISSAN, NISSAN|ADB2RCYD23IHL C) the same vehicle as TDR 'Navara Double Cab' (nissan.navara_double_cab)? Verdict applies to the candidate shown on this row.",NISSAN|ADB2RCYD23IHL C,ADB2RCYD23IHL---C-,NISSAN,unmapped_name,,nissan.navara_double_cab,Navara Double Cab,Nissan,CURRENT,PICKUP,LEGACY_CANDIDATE;LEGACY_STORED;V1_POOL,PROPOSED,NAME,418,,197.0,0.375,2021-06,2021-06,1,0,,EQUIVALENT,EXACT,CONTRADICTION,0.0,UNAVAILABLE,SER_OVERLAP_BELOW_PROPOSE_MIN,,,,1,1,1.0,197.0,2021-06,2021-06,24,BRND_EXACT,NAME_ONLY_NOT_AUTO;SER_MISSING_ROW_SEMANTICS_UNCONFIRMED;SUBJ_UNMAPPED_NAME,NAME_CONTRADICTION,SER_OVERLAP_BELOW_PROPOSE_MIN;ATTR_BODY_UNKNOWN,NO_CANDIDATE,NO_CANDIDATE_ALL_EXCLUDED,,,false,,true,,,,1,0,0,2021-06,2021-06,8900,795,1886,NISSAN|ADB2RCYD23IHL C;nissan-navara,nissan-navara,,,,,
210,3,suspicious known case,3;4,pickup_cab_granularity,0.9495,"Is Ice 'BDTARGZB172HA----B' (NISSAN, NISSAN|BDTARGZB172HA B) the same vehicle as TDR 'Navara Cab' (nissan.navara_cab)? Verdict applies to the candidate shown on this row.",NISSAN|BDTARGZB172HA B,BDTARGZB172HA----B,NISSAN,unmapped_name,,nissan.navara_cab,Navara Cab,Nissan,CURRENT,PICKUP,LEGACY_CANDIDATE;LEGACY_STORED;V1_POOL,PROPOSED,NAME,419,,359.0,0.4,2022-08,2022-08,1,0,,EQUIVALENT,EXACT,CONTRADICTION,0.0,UNAVAILABLE,SER_OVERLAP_BELOW_PROPOSE_MIN,,,,1,1,1.0,359.0,2022-08,2022-08,24,BRND_EXACT,NAME_ONLY_NOT_AUTO;SER_MISSING_ROW_SEMANTICS_UNCONFIRMED;SUBJ_UNMAPPED_NAME,NAME_CONTRADICTION,SER_OVERLAP_BELOW_PROPOSE_MIN;ATTR_BODY_UNKNOWN,NO_CANDIDATE,NO_CANDIDATE_ALL_EXCLUDED,,,false,,true,,,,1,0,0,2022-08,2022-08,14301,595,1453,NISSAN|BDRAREZL33MHA B;NISSAN|BDSARGZB172HA A;NISSAN|BDTARGZB172HA B;NISSAN|BDWARBZN17XHA B;NISSAN|BDWARBZN17XHAF B;NISSAN|BDWARBZN17XHAFA B;NISSAN|BLGURGWJ32EHAA CA;NISSAN|CVL2RTLD23FHP A A;NISSAN|SAKURA G;nissan-nissan-march,nissan-navara,,,,,
211,3,suspicious known case,3;4,pickup_cab_granularity,0.9495,"Is Ice 'BDWARBZN17XHA----B' (NISSAN, NISSAN|BDWARBZN17XHA B) the same vehicle as TDR 'Navara Cab' (nissan.navara_cab)? Verdict applies to the candidate shown on this row.",NISSAN|BDWARBZN17XHA B,BDWARBZN17XHA----B,NISSAN,unmapped_name,,nissan.navara_cab,Navara Cab,Nissan,CURRENT,PICKUP,LEGACY_CANDIDATE;LEGACY_STORED;V1_POOL,PROPOSED,NAME,420,,673.0,0.4,2021-05,2021-05,1,0,,EQUIVALENT,EXACT,CONTRADICTION,0.0,UNAVAILABLE,SER_OVERLAP_BELOW_PROPOSE_MIN,,,,1,1,1.0,673.0,2021-05,2021-05,24,BRND_EXACT,NAME_ONLY_NOT_AUTO;SER_MISSING_ROW_SEMANTICS_UNCONFIRMED;SUBJ_UNMAPPED_NAME,NAME_CONTRADICTION,SER_OVERLAP_BELOW_PROPOSE_MIN;ATTR_BODY_UNKNOWN,NO_CANDIDATE,NO_CANDIDATE_ALL_EXCLUDED,,,false,,true,,,,1,0,0,2021-05,2021-05,14301,595,1453,NISSAN|BDRAREZL33MHA B;NISSAN|BDSARGZB172HA A;NISSAN|BDTARGZB172HA B;NISSAN|BDWARBZN17XHA B;NISSAN|BDWARBZN17XHAF B;NISSAN|BDWARBZN17XHAFA B;NISSAN|BLGURGWJ32EHAA CA;NISSAN|CVL2RTLD23FHP A A;NISSAN|SAKURA G;nissan-nissan-march,nissan-navara,,,,,
212,3,suspicious known case,3;4,pickup_cab_granularity,0.9495,"Is Ice 'BLGURGWJ32EHAA--CA' (NISSAN, NISSAN|BLGURGWJ32EHAA CA) the same vehicle as TDR 'Navara Cab' (nissan.navara_cab)? Verdict applies to the candidate shown on this row.",NISSAN|BLGURGWJ32EHAA CA,BLGURGWJ32EHAA--CA,NISSAN,unmapped_name,,nissan.navara_cab,Navara Cab,Nissan,CURRENT,PICKUP,LEGACY_CANDIDATE;LEGACY_STORED;V1_POOL,PROPOSED,NAME,423,,366.0,0.37037037037037035,2021-10,2021-10,1,0,,EQUIVALENT,EXACT,CONTRADICTION,0.0,UNAVAILABLE,SER_OVERLAP_BELOW_PROPOSE_MIN,,,,1,1,1.0,366.0,2021-10,2021-10,24,BRND_EXACT,NAME_ONLY_NOT_AUTO;SER_MISSING_ROW_SEMANTICS_UNCONFIRMED;SUBJ_UNMAPPED_NAME,NAME_CONTRADICTION,SER_OVERLAP_BELOW_PROPOSE_MIN;ATTR_BODY_UNKNOWN,NO_CANDIDATE,NO_CANDIDATE_ALL_EXCLUDED,,,false,,true,,,,1,0,0,2021-10,2021-10,14301,595,1453,NISSAN|BDRAREZL33MHA B;NISSAN|BDSARGZB172HA A;NISSAN|BDTARGZB172HA B;NISSAN|BDWARBZN17XHA B;NISSAN|BDWARBZN17XHAF B;NISSAN|BDWARBZN17XHAFA B;NISSAN|BLGURGWJ32EHAA CA;NISSAN|CVL2RTLD23FHP A A;NISSAN|SAKURA G;nissan-nissan-march,nissan-navara,"nissan.navara_double_cab (CONTRADICTION, UNAVAILABLE)",,,,
213,3,suspicious known case,3;4,pickup_cab_granularity,0.9495,"Is Ice 'CVL2RTLD23FHP--A-A' (NISSAN, NISSAN|CVL2RTLD23FHP A A) the same vehicle as TDR 'Navara Cab' (nissan.navara_cab)? Verdict applies to the candidate shown on this row.",NISSAN|CVL2RTLD23FHP A A,CVL2RTLD23FHP--A-A,NISSAN,unmapped_name,,nissan.navara_cab,Navara Cab,Nissan,CURRENT,PICKUP,LEGACY_CANDIDATE;LEGACY_STORED;V1_POOL,PROPOSED,NAME,424,,148.0,0.37037037037037035,2023-09,2023-09,1,0,,EQUIVALENT,EXACT,CONTRADICTION,0.0,UNAVAILABLE,SER_OVERLAP_BELOW_PROPOSE_MIN,,,,1,1,1.0,148.0,2023-09,2023-09,24,BRND_EXACT,NAME_ONLY_NOT_AUTO;SER_MISSING_ROW_SEMANTICS_UNCONFIRMED;SUBJ_UNMAPPED_NAME,NAME_CONTRADICTION,SER_OVERLAP_BELOW_PROPOSE_MIN;ATTR_BODY_UNKNOWN,NO_CANDIDATE,NO_CANDIDATE_ALL_EXCLUDED,,,false,,true,,,,1,0,0,2023-09,2023-09,14301,595,1453,NISSAN|BDRAREZL33MHA B;NISSAN|BDSARGZB172HA A;NISSAN|BDTARGZB172HA B;NISSAN|BDWARBZN17XHA B;NISSAN|BDWARBZN17XHAF B;NISSAN|BDWARBZN17XHAFA B;NISSAN|BLGURGWJ32EHAA CA;NISSAN|CVL2RTLD23FHP A A;NISSAN|SAKURA G;nissan-nissan-march,nissan-navara,,,,,
214,3,suspicious known case,3;4,hilux_granularity,0.9495,"Is Ice 'HILUK' (TOYOTA, TOYOTA|HILUK) the same vehicle as TDR 'Hilux Revo Cab' (toyota.hilux_revo_cab)? Verdict applies to the candidate shown on this row.",TOYOTA|HILUK,HILUK,TOYOTA,unmapped_name,,toyota.hilux_revo_cab,Hilux Revo Cab,Toyota,CURRENT,PICKUP,LEGACY_CANDIDATE;LEGACY_STORED;V1_POOL,PROPOSED,NAME,440,,7352.0,0.42105263157894735,2021-11,2021-11,1,0,,EQUIVALENT,EXACT,CONTRADICTION,0.0,UNAVAILABLE,SER_OVERLAP_BELOW_PROPOSE_MIN,,,,1,1,1.0,7352.0,2021-11,2021-11,24,BRND_EXACT,NAME_ONLY_NOT_AUTO;SER_MISSING_ROW_SEMANTICS_UNCONFIRMED;SUBJ_UNMAPPED_NAME,NAME_CONTRADICTION,SER_OVERLAP_BELOW_PROPOSE_MIN;ATTR_BODY_UNKNOWN,NO_CANDIDATE,NO_CANDIDATE_ALL_EXCLUDED,,,false,,true,,,,1,0,0,2021-11,2021-11,345385,23789,61184,TOYOTA|2 7V A T;TOYOTA|HILUK;TOYOTA|KDH202R RDMDYE A1;TOYOTA|LN152R CRMSSTA;TOYOTA|NSP152R AHXRKT CA;TOYOTA|ZVW30R AHXEBT CB;toyota-hilux;toyota-toyota-d-cab,toyota-hilux-revo,"toyota.hilux_champ (CONTRADICTION, UNAVAILABLE) | toyota.hiace (CONTRADICTION, UNAVAILABLE) | toyota.hilux_travo_cab (CONTRADICTION, UNAVAILABLE)",,,,
215,3,suspicious known case,3;4,hilux_granularity,0.9495,"Is Ice 'KUN15R-TRMDYT  B6' (TOYOTA, TOYOTA|KUN15R TRMDYT B6) the same vehicle as TDR 'Hilux Travo Cab' (toyota.hilux_travo_cab)? Verdict applies to the candidate shown on this row.",TOYOTA|KUN15R TRMDYT B6,KUN15R-TRMDYT  B6,TOYOTA,unmapped_name,,toyota.hilux_travo_cab,Hilux Travo Cab,Toyota,CURRENT,PICKUP,LEGACY_CANDIDATE;LEGACY_STORED;V1_POOL,PROPOSED,NAME,442,,0.0,0.3870967741935484,2021-12,2021-12,1,1,2021-12,EQUIVALENT,EXACT,CONTRADICTION,0.0,UNAVAILABLE,SER_NO_COMMON_WINDOW,,,,0,0,0,0,,,24,BRND_EXACT,NAME_ONLY_NOT_AUTO;SER_MISSING_ROW_SEMANTICS_UNCONFIRMED;SUBJ_UNMAPPED_NAME,NAME_CONTRADICTION;GEN_LIFECYCLE_DISJOINT,SER_NO_COMMON_WINDOW;ATTR_BODY_UNKNOWN,NO_CANDIDATE,NO_CANDIDATE_ALL_EXCLUDED,,,false,,true,,,,1,0,0,2021-12,2021-12,7672,7672,7672,TOYOTA|KUN15R TRMDHT B8;TOYOTA|KUN15R TRMDYT B6;toyota-hilux-travo,toyota-hilux-travo,,,,,
216,3,suspicious known case,3;4,hilux_granularity,0.9495,"Is Ice 'NSP152R-AHXRKT CA' (TOYOTA, TOYOTA|NSP152R AHXRKT CA) the same vehicle as TDR 'Hilux Revo Cab' (toyota.hilux_revo_cab)? Verdict applies to the candidate shown on this row.",TOYOTA|NSP152R AHXRKT CA,NSP152R-AHXRKT CA,TOYOTA,unmapped_name,,toyota.hilux_revo_cab,Hilux Revo Cab,Toyota,CURRENT,PICKUP,LEGACY_CANDIDATE;LEGACY_STORED;V1_POOL,PROPOSED,NAME,452,,6658.0,0.3870967741935484,2023-02,2023-02,1,0,,EQUIVALENT,EXACT,CONTRADICTION,0.0,UNAVAILABLE,SER_OVERLAP_BELOW_PROPOSE_MIN,,,,1,1,1.0,6658.0,2023-02,2023-02,24,BRND_EXACT,NAME_ONLY_NOT_AUTO;SER_MISSING_ROW_SEMANTICS_UNCONFIRMED;SUBJ_UNMAPPED_NAME,NAME_CONTRADICTION,SER_OVERLAP_BELOW_PROPOSE_MIN;ATTR_BODY_UNKNOWN,NO_CANDIDATE,NO_CANDIDATE_ALL_EXCLUDED,,,false,,true,,,,1,0,0,2023-02,2023-02,345385,23789,61184,TOYOTA|2 7V A T;TOYOTA|HILUK;TOYOTA|KDH202R RDMDYE A1;TOYOTA|LN152R CRMSSTA;TOYOTA|NSP152R AHXRKT CA;TOYOTA|ZVW30R AHXEBT CB;toyota-hilux;toyota-toyota-d-cab,toyota-hilux-revo,"toyota.hilux_travo_cab (CONTRADICTION, UNAVAILABLE) | toyota.hilux_champ (CONTRADICTION, UNAVAILABLE)",,,,
217,4,outcome changes materially under the common-overlap window,4,,0.9553,"Is Ice 'Jaecoo J5' (JAECOO, jaecoo-jaecoo-j5) the same vehicle as TDR 'Jaecoo 5 EV' (jaecoo.jaecoo_5_ev)? Verdict applies to the candidate shown on this row.",jaecoo-jaecoo-j5,Jaecoo J5,JAECOO,settled,SUV,jaecoo.jaecoo_5_ev,Jaecoo 5 EV,Jaecoo,CURRENT,CROSSOVER,V1_POOL,,,,0.9378679340595794,0.9012268662923685,0.3333333333333333,2025-09,2026-09,13,1,2026-09,EQUIVALENT,EXACT,CONTRADICTION,0.0,STRONG,,0.999999,0.998341,1.0,12,12,21706.0,21670.0,2025-09,2026-08,12,BRND_EXACT;SER_STRONG,SER_MISSING_ROW_SEMANTICS_UNCONFIRMED,NAME_CONTRADICTION,,NO_CANDIDATE,NO_CANDIDATE_ALL_EXCLUDED,,,true,STRONG_FLIPS;CORRELATION;RATIO,false,,,,24045,21706,21706,2025-09,2026-09,21670,21670,21670,,,,,,,
218,4,outcome changes materially under the common-overlap window,4;5;6,,0.9553,"Is Ice 'Xpander' (MITSUBISHI, mitsubishi-xpander) made up of TDR 'Xpander + Xpander Cross' (mitsubishi.xpander+mitsubishi.xpander_cross)? Verdict applies to the candidate shown on this row.",mitsubishi-xpander,Xpander,MITSUBISHI,settled,MPV,mitsubishi.xpander+mitsubishi.xpander_cross,Xpander + Xpander Cross,Mitsubishi,CURRENT,MPV,V1_POOL;V1_PRIMARY,,,,0.9262293866588678,0.9619200466880654,,2024-10,2026-09,24,1,2026-09,COMPOSED_OF,EXACT,SUBJECT_COARSER,0.666667,STRONG,,0.999978,0.996873,1.0,24,24,14389.0,14344.0,2024-09,2026-08,0,BRND_EXACT;SER_BUNDLE_STRONG;GRAN_PROVIDER_COARSER,NAME_CONTAINMENT_SUBJECT_COARSER,,,PROPOSE,PROPOSE_COMPOSED_OF,mitsubishi.xpander+mitsubishi.xpander_cross,COMPOSED_OF,true,STRONG_FLIPS;CORRELATION,false,,,,53534,5217,14389,2021-01,2026-09,52994,5198,14344,,mitsubishi-xpander,"mitsubishi.xpander (EQUAL, WEAK, corr 0.969 ratio 0.410) | mitsubishi.xpander_cross (SUBJECT_COARSER, WEAK, corr 0.307 ratio 0.587) | mitsubishi.outlander_phev (CONTRADICTION, WEAK, corr 0.656 ratio 0.003)",,,,
219,4,outcome changes materially under the common-overlap window,4,,0.9573,"Is Ice 'Jaecoo J6' (JAECOO, jaecoo-jaecoo-j6) the same vehicle as TDR 'Jaecoo 6 EV' (jaecoo.jaecoo_6_ev)? Verdict applies to the candidate shown on this row.",jaecoo-jaecoo-j6,Jaecoo J6,JAECOO,settled,SUV,jaecoo.jaecoo_6_ev,Jaecoo 6 EV,Jaecoo,CURRENT,CROSSOVER,V1_POOL,,,,0.7245172473765848,0.8115255803210533,0.3333333333333333,2024-12,2026-09,22,1,2026-09,EQUIVALENT,EXACT,CONTRADICTION,0.0,STRONG,,0.993846,0.918322,1.0,21,21,7652.0,7027.0,2024-12,2026-08,3,BRND_EXACT;SER_STRONG,SER_MISSING_ROW_SEMANTICS_UNCONFIRMED,NAME_CONTRADICTION,,NO_CANDIDATE,NO_CANDIDATE_ALL_EXCLUDED,,,true,STRONG_FLIPS;CORRELATION;RATIO,false,,,,8659,6125,7652,2024-12,2026-09,7027,5503,7027,,,,,,,
220,4,outcome changes materially under the common-overlap window,4;5;6,,0.9573,"Is Ice 'Hiace' (TOYOTA, toyota-hiace) made up of TDR 'Hiace + Hiace Majesty' (toyota.hiace+toyota.hiace_majesty)? Verdict applies to the candidate shown on this row.",toyota-hiace,Hiace,TOYOTA,settled,Van,toyota.hiace+toyota.hiace_majesty,Hiace + Hiace Majesty,Toyota,CURRENT,VAN,V1_POOL;V1_PRIMARY,,,,0.9322911033985244,0.9740212881111312,,2024-10,2026-09,24,1,2026-09,COMPOSED_OF,EXACT,SUBJECT_COARSER,0.666667,STRONG,,1.0,1.0,1.0,24,24,5675.0,5675.0,2024-09,2026-08,0,BRND_EXACT;SER_BUNDLE_STRONG;GRAN_PROVIDER_COARSER,NAME_CONTAINMENT_SUBJECT_COARSER,,,PROPOSE,PROPOSE_COMPOSED_OF,toyota.hiace+toyota.hiace_majesty,COMPOSED_OF,true,STRONG_FLIPS;CORRELATION,false,,,,9986,2356,5675,2021-01,2026-09,9842,2356,5675,,toyota-hiace,"toyota.hiace (EQUAL, WEAK, corr 0.709 ratio 0.276) | toyota.hiace_majesty (SUBJECT_COARSER, WEAK, corr 0.970 ratio 0.724) | toyota.harrier (CONTRADICTION, WEAK, corr 0.612 ratio 0.012)",,,,
221,4,outcome changes materially under the common-overlap window,4,,0.9598,"Is Ice 'Mercedes GLC' (MERCEDES BENZ, mercedes-benz-mercedes-glc) the same vehicle as TDR 'GLC' (mercedes_benz.mb_glc)? Verdict applies to the candidate shown on this row.",mercedes-benz-mercedes-glc,Mercedes GLC,MERCEDES BENZ,settled,SUV,mercedes_benz.mb_glc,GLC,Mercedes-Benz,CURRENT,CROSSOVER,V1_POOL;V1_PRIMARY,,,,0.83585229310643,0.9317235636969192,0.4,2024-10,2026-09,24,1,2026-09,EQUIVALENT,EXACT,EQUAL,1.0,STRONG,,0.992049,0.967453,1.0,24,24,2458.0,2378.0,2024-09,2026-08,0,BRND_EXACT;NAME_EQUAL;SER_STRONG,GEN_LIFECYCLE_PARTIAL;LIN_EVIDENCE_QUARANTINE,,,PROPOSE,PROPOSE_SERIES_STRONG_CAPPED,mercedes_benz.mb_glc,EQUIVALENT,true,STRONG_FLIPS;CORRELATION,true,NEW_SPLIT,SPLIT:mercedes-benz-mercedes-benz-c350>mercedes-benz-mercedes-glc 42.76% | SPLIT:mercedes-benz-mercedes-benz-amg-g>mercedes-benz-mercedes-glc 38.18% | SPLIT:mercedes-benz-mercedes-benz-c250>mercedes-benz-mercedes-glc 82.96%,NOOP:LIN_SPLIT_PARENT_RETAINED;QUARANTINE:LIN_EVIDENCE_QUARANTINE;REDIRECT:LIN_REDIRECT_RETIRED_SPLIT,10029,989,2458,2021-01,2026-09,9418,963,2378,,mercedes-benz-mercedes-glc,,,,,
222,4,outcome changes materially under the common-overlap window,4,,0.9611,"Is Ice 'Mercedes-Benz E-Class' (MERCEDES BENZ, mercedes-benz-mercedes-benz-e-class) the same vehicle as TDR 'E-Class' (mercedes_benz.mb_e_class)? Verdict applies to the candidate shown on this row.",mercedes-benz-mercedes-benz-e-class,Mercedes-Benz E-Class,MERCEDES BENZ,settled,Sedan,mercedes_benz.mb_e_class,E-Class,Mercedes-Benz,CURRENT,SEDAN,V1_POOL;V1_PRIMARY,,,,0.5680980354712242,1.1120869928900041,1.0,2024-10,2026-09,24,1,2026-09,EQUIVALENT,EXACT,EQUAL,1.0,WEAK,,0.805755,1.194811,0.708333,24,24,2351.0,2809.0,2024-09,2026-08,0,BRND_EXACT;NAME_EQUAL,NAME_ONLY_NOT_AUTO;GEN_LIFECYCLE_PARTIAL;LIN_EVIDENCE_QUARANTINE;SER_CORRELATION_BELOW_STRONG;SER_RATIO_OUT_OF_BAND,,,PROPOSE,PROPOSE_NAME_MATCH_SERIES_NOT_STRONG,mercedes_benz.mb_e_class,EQUIVALENT,true,CORRELATION,true,NEW_SPLIT,SPLIT:mercedes-benz-mercedes-benz-amg-cls>mercedes-benz-mercedes-benz-e-class 70.25%,QUARANTINE:LIN_EVIDENCE_QUARANTINE;REDIRECT:LIN_REDIRECT_RETIRED_SPLIT,5660,1100,2351,2021-01,2026-09,9829,1183,2809,,mercedes-benz-mercedes-benz-e-class,,,,,
223,4,outcome changes materially under the common-overlap window,4,,0.9637,"Is Ice 'Mercedes-Benz C-Class' (MERCEDES BENZ, mercedes-benz-mercedes-benz-c-class) the same vehicle as TDR 'C-Class' (mercedes_benz.mb_c_class)? Verdict applies to the candidate shown on this row.",mercedes-benz-mercedes-benz-c-class,Mercedes-Benz C-Class,MERCEDES BENZ,settled,Sedan,mercedes_benz.mb_c_class,C-Class,Mercedes-Benz,CURRENT,SEDAN,V1_POOL;V1_PRIMARY,,,,0.8486267197457201,1.5380631796996376,1.0,2024-10,2026-09,24,1,2026-09,EQUIVALENT,EXACT,EQUAL,1.0,WEAK,,0.961841,1.574148,0.0,24,24,1996.0,3142.0,2024-09,2026-08,0,BRND_EXACT;NAME_EQUAL,NAME_ONLY_NOT_AUTO;SER_CORRELATION_BELOW_STRONG;SER_RATIO_OUT_OF_BAND,,,PROPOSE,PROPOSE_NAME_MATCH_SERIES_NOT_STRONG,mercedes_benz.mb_c_class,EQUIVALENT,true,CORRELATION,true,,,,10733,797,1996,2021-01,2026-09,13763,1294,3142,,mercedes-benz-mercedes-benz-amg-c;mercedes-benz-mercedes-benz-c-class,,,,,
224,4,outcome changes materially under the common-overlap window,4,,0.9649,"Is Ice 'Mercedes-Benz CLS' (MERCEDES BENZ, mercedes-benz-mercedes-benz-cls) the same vehicle as TDR 'CLS' (mercedes_benz.cls)? Verdict applies to the candidate shown on this row.",mercedes-benz-mercedes-benz-cls,Mercedes-Benz CLS,MERCEDES BENZ,settled,Sedan,mercedes_benz.cls,CLS,Mercedes-Benz,CURRENT,COUPE,V1_POOL;V1_PRIMARY,,,,0.9868494180662871,0.981301421091997,1.0,2024-10,2026-09,24,1,2026-09,EQUIVALENT,EXACT,EQUAL,1.0,STRONG,,1.0,1.0,1.0,24,24,1380.0,1380.0,2024-09,2026-08,0,BRND_EXACT;NAME_EQUAL;SER_STRONG,ATTR_BODY_MISMATCH;GEN_LIFECYCLE_PARTIAL,,,PROPOSE,PROPOSE_SERIES_STRONG_CAPPED,mercedes_benz.cls,EQUIVALENT,false,,true,,,,4650,615,1380,2021-01,2026-09,4625,615,1380,,mercedes-benz-mercedes-benz-cls,,,,,
225,4,outcome changes materially under the common-overlap window,4,,0.9664,"Is Ice 'Mercedes GLA' (MERCEDES BENZ, mercedes-benz-mercedes-gla) the same vehicle as TDR 'GLA' (mercedes_benz.mb_gla)? Verdict applies to the candidate shown on this row.",mercedes-benz-mercedes-gla,Mercedes GLA,MERCEDES BENZ,settled,SUV,mercedes_benz.mb_gla,GLA,Mercedes-Benz,CURRENT,CROSSOVER,V1_POOL;V1_PRIMARY,,,,0.8608119845455863,0.9215686274509803,0.4,2024-10,2026-09,24,1,2026-09,EQUIVALENT,EXACT,EQUAL,1.0,STRONG,,0.987657,0.950281,1.0,24,24,1247.0,1185.0,2024-09,2026-08,0,BRND_EXACT;NAME_EQUAL;SER_STRONG,LIN_EVIDENCE_QUARANTINE,,,PROPOSE,PROPOSE_SERIES_STRONG_CAPPED,mercedes_benz.mb_gla,EQUIVALENT,true,STRONG_FLIPS;CORRELATION,true,NEW_SPLIT,SPLIT:mercedes-benz-mercedes-benz-amg-g>mercedes-benz-mercedes-gla 27.68%,QUARANTINE:LIN_EVIDENCE_QUARANTINE,6443,498,1247,2021-01,2026-09,6023,488,1185,,mercedes-benz-mercedes-gla,,,,,
226,4,outcome changes materially under the common-overlap window,4;6,,0.9664,"Is Ice 'BMW iX' (BMW, bmw-bmw-ix) the same vehicle as TDR 'iX' (bmw.ix)? Verdict applies to the candidate shown on this row.",bmw-bmw-ix,BMW iX,BMW,settled,SUV,bmw.ix,iX,BMW,CURRENT,CROSSOVER,LEGACY_CANDIDATE;V1_POOL;V1_PRIMARY,,,,0.7658877206433955,0.310916179337232,1.0,2024-10,2026-09,24,2,2026-07;2026-09,EQUIVALENT,EXACT,EQUAL,1.0,WEAK,,0.70194,0.312264,0.0,23,23,1060.0,331.0,2024-09,2026-08,1,BRND_EXACT;NAME_EQUAL,NAME_ONLY_NOT_AUTO;SER_MISSING_ROW_SEMANTICS_UNCONFIRMED;SER_CORRELATION_BELOW_STRONG;SER_RATIO_OUT_OF_BAND,,,PROPOSE,PROPOSE_NAME_MATCH_SERIES_NOT_STRONG,bmw.ix,EQUIVALENT,true,CORRELATION,false,,,,3399,344,1068,2022-01,2026-09,1051,144,331,,bmw-bmw-ix,"bmw.bmw_ix3 (CONTRADICTION, WEAK, corr 0.907 ratio 0.690) | bmw.ix1 (CONTRADICTION, WEAK, corr -0.497 ratio 1.733) | bmw.ix2 (CONTRADICTION, WEAK, corr 0.392 ratio 0.080)",,,,
227,4,outcome changes materially under the common-overlap window,4,,0.9668,"Is Ice 'Ora 07' (GWM, gwm-ora-07) the same vehicle as TDR 'Ora Good Cat' (gwm.ora_good_cat)? Verdict applies to the candidate shown on this row.",gwm-ora-07,Ora 07,GWM,settled,Sedan,gwm.ora_good_cat,Ora Good Cat,GWM,HISTORICAL,HATCHBACK,LEGACY_CANDIDATE;LEGACY_STORED;V1_POOL,PROPOSED,NAME,126,0.04257853666739723,7.52154046997389,0.4444444444444444,2024-03,2026-02,24,0,,EQUIVALENT,EXACT,SIBLING,0.4,WEAK,,0.042579,7.52154,0.041667,24,24,1532.0,11523.0,2024-03,2026-02,6,BRND_EXACT,NAME_ONLY_NOT_AUTO;SER_MISSING_ROW_SEMANTICS_UNCONFIRMED;ATTR_BODY_MISMATCH;SER_CORRELATION_BELOW_STRONG;SER_RATIO_OUT_OF_BAND,NAME_SIBLING_VARIANT;SERIES_DECISIVELY_WRONG,,NO_CANDIDATE,NO_CANDIDATE_ALL_EXCLUDED,,,false,,true,NEW_RENAME,RENAME:gwm-ora-07__provisional>gwm-ora-07 100%,NOOP:LIN_ALREADY_APPLIED,1698,216,975,2023-12,2026-02,26185,7810,13566,gwm-ora-07;gwm-ora-5;gwm-ora-good-cat,gwm-ora-good-cat,"gwm.ora_03 (SIBLING, UNAVAILABLE) | gwm.tank300 (CONTRADICTION, WEAK, corr -0.381 ratio 4.797) | gwm.tank500 (CONTRADICTION, WEAK, corr -0.339 ratio 0.554)",,,,
228,4,outcome changes materially under the common-overlap window,4,,0.9677,"Is Ice 'BMW X5' (BMW, bmw-bmw-x5) the same vehicle as TDR 'X5' (bmw.x5)? Verdict applies to the candidate shown on this row.",bmw-bmw-x5,BMW X5,BMW,settled,SUV,bmw.x5,X5,BMW,CURRENT,CROSSOVER,LEGACY_CANDIDATE;LEGACY_STORED;V1_POOL;V1_PRIMARY,PROPOSED,NAME,105,0.8111954246681738,0.9606741573033708,1.0,2024-10,2026-09,24,1,2026-09,EQUIVALENT,EXACT,EQUAL,1.0,STRONG,,1.0,1.0,1.0,24,24,904.0,904.0,2024-09,2026-08,0,BRND_EXACT;NAME_EQUAL;SER_STRONG,GEN_LIFECYCLE_PARTIAL,,,PROPOSE,PROPOSE_SERIES_STRONG_CAPPED,bmw.x5,EQUIVALENT,true,STRONG_FLIPS;CORRELATION,false,,,,3628,393,904,2021-01,2026-09,3593,393,904,bmw-bmw-m5;bmw-bmw-x5,bmw-bmw-x5,"bmw.bmw_x1 (CONTRADICTION, WEAK, corr 0.632 ratio 3.790) | bmw.bmw_x3 (CONTRADICTION, WEAK, corr -0.134 ratio 1.808) | bmw.i5 (CONTRADICTION, WEAK, corr -0.284 ratio 0.577)",,,,
229,4,outcome changes materially under the common-overlap window,4,,0.9684,"Is Ice 'Stargazer' (HYUNDAI, hyundai-stargazer) the same vehicle as TDR 'Stargazer' (hyundai.stargazer)? Verdict applies to the candidate shown on this row.",hyundai-stargazer,Stargazer,HYUNDAI,settled,MPV,hyundai.stargazer,Stargazer,Hyundai,CURRENT,MPV,LEGACY_CANDIDATE;LEGACY_STORED;V1_POOL;V1_PRIMARY,PROPOSED,NAME,109,0.9719533505747728,0.9728132387706856,1.0,2024-10,2026-09,24,1,2026-09,EQUIVALENT,EXACT,EQUAL,1.0,STRONG,,1.0,1.0,1.0,24,24,898.0,898.0,2024-09,2026-08,0,BRND_EXACT;NAME_EQUAL;SER_STRONG,,,,AUTO,AUTO_ALL_GATES_PASSED,hyundai.stargazer,EQUIVALENT,true,STRONG_FLIPS,true,,,,3083,363,898,2023-05,2026-09,3060,363,898,HYUNDAI|VELOSTER;hyundai-stargazer,hyundai-stargazer,"hyundai.staria (CONTRADICTION, WEAK, corr 0.399 ratio 2.256) | hyundai.grand_starex (CONTRADICTION, UNAVAILABLE) | hyundai.santa_fe (CONTRADICTION, WEAK, corr -0.340 ratio 0.609)",,,,
230,4,outcome changes materially under the common-overlap window,4,,0.9687,"Is Ice 'Mercedes-Benz CLE-Class' (MERCEDES BENZ, mercedes-benz-mercedes-benz-cle-class) the same vehicle as TDR 'CLE' (mercedes_benz.cle)? Verdict applies to the candidate shown on this row.",mercedes-benz-mercedes-benz-cle-class,Mercedes-Benz CLE-Class,MERCEDES BENZ,settled,Sedan,mercedes_benz.cle,CLE,Mercedes-Benz,CURRENT,COUPE,V1_POOL;V1_PRIMARY,,,,0.6671617132917207,0.9427645788336934,0.5,2024-10,2026-09,24,1,2026-09,EQUIVALENT,EXACT,EQUAL,1.0,STRONG,,1.0,1.0,1.0,23,23,873.0,873.0,2024-10,2026-08,1,BRND_EXACT;NAME_EQUAL;SER_STRONG,SER_MISSING_ROW_SEMANTICS_UNCONFIRMED;ATTR_BODY_MISMATCH;LIN_EVIDENCE_QUARANTINE,,,PROPOSE,PROPOSE_SERIES_STRONG_CAPPED,mercedes_benz.cle,EQUIVALENT,true,STRONG_FLIPS;CORRELATION,true,NEW_SPLIT,SPLIT:mercedes-benz-mercedes-benz-e300>mercedes-benz-mercedes-benz-cle-class 8.35% | SPLIT:mercedes-benz-mercedes-benz-amg-c>mercedes-benz-mercedes-benz-cle-class 38.84%,NOOP:LIN_SPLIT_PARENT_RETAINED;QUARANTINE:LIN_EVIDENCE_QUARANTINE,926,512,873,2024-10,2026-09,873,512,873,,mercedes-benz-mercedes-benz-cle-class,,,,,
231,4,outcome changes materially under the common-overlap window,4;6,,0.9689,"Is Ice 'Atto 1' (BYD, byd-atto-1) the same vehicle as TDR 'Atto 2' (byd.atto2)? Verdict applies to the candidate shown on this row.",byd-atto-1,Atto 1,BYD,settled,Hatchback,byd.atto2,Atto 2,BYD,CURRENT,CROSSOVER,LEGACY_CANDIDATE;LEGACY_STORED;V1_POOL,PROPOSED,NAME,153,0.8468237041530635,1.2392638036809815,0.8333333333333334,2026-05,2026-09,5,1,2026-09,EQUIVALENT,EXACT,SIBLING,0.5,UNAVAILABLE,SER_OVERLAP_BELOW_PROPOSE_MIN,,,,4,4,871.0,1212.0,2026-05,2026-08,20,BRND_EXACT,NAME_ONLY_NOT_AUTO;SER_MISSING_ROW_SEMANTICS_UNCONFIRMED;ATTR_BODY_MISMATCH,NAME_SIBLING_VARIANT,SER_OVERLAP_BELOW_PROPOSE_MIN,PROPOSE,PROPOSE_NAME_MATCH_SERIES_NOT_STRONG,byd.atto1,EQUIVALENT,true,AVAILABILITY,false,,,,978,871,871,2026-05,2026-09,1213,1213,1213,byd-atto-1;byd-atto-2,byd-atto-2,"byd.atto1 (EQUAL, UNAVAILABLE) | byd.atto3 (SIBLING, UNAVAILABLE) | byd.sealion7 (CONTRADICTION, UNAVAILABLE)",,,,
232,4,outcome changes materially under the common-overlap window,4,,0.9694,"Is Ice 'Lexus LM' (LEXUS, lexus-lexus-lm) the same vehicle as TDR 'LM' (lexus.lexus_lm)? Verdict applies to the candidate shown on this row.",lexus-lexus-lm,Lexus LM,LEXUS,settled,MPV,lexus.lexus_lm,LM,Lexus,CURRENT,MPV,LEGACY_CANDIDATE;LEGACY_STORED;V1_POOL;V1_PRIMARY,PROPOSED,NAME,124,0.7499394443470006,0.9482758620689655,1.0,2024-10,2026-09,24,1,2026-09,EQUIVALENT,EXACT,EQUAL,1.0,STRONG,,1.0,1.0,1.0,24,24,820.0,820.0,2024-09,2026-08,0,BRND_EXACT;NAME_EQUAL;SER_STRONG,GEN_LIFECYCLE_PARTIAL,,,PROPOSE,PROPOSE_SERIES_STRONG_CAPPED,lexus.lexus_lm,EQUIVALENT,true,STRONG_FLIPS;CORRELATION,false,,,,1946,408,820,2021-01,2026-09,1903,408,820,lexus-lexus-lc;lexus-lexus-lm;lexus-lexus-ls,lexus-lexus-lm,"lexus.lc (CONTRADICTION, UNAVAILABLE) | lexus.lexus_ls (CONTRADICTION, UNAVAILABLE) | lexus.lx (CONTRADICTION, UNAVAILABLE)",,,,
233,4,outcome changes materially under the common-overlap window,4,,0.9703,"Is Ice 'MINI Countryman' (MINI, mini-countryman) the same vehicle as TDR 'Countryman' (mini.countryman)? Verdict applies to the candidate shown on this row.",mini-countryman,MINI Countryman,MINI,settled,SUV,mini.countryman,Countryman,MINI,CURRENT,CROSSOVER,LEGACY_CANDIDATE;LEGACY_STORED;V1_POOL;V1_PRIMARY,PROPOSED,NAME,104,0.920660960188302,0.964095744680851,1.0,2024-10,2026-09,24,1,2026-09,EQUIVALENT,EXACT,EQUAL,1.0,STRONG,,0.999595,0.996164,1.0,24,24,782.0,779.0,2024-09,2026-08,0,BRND_EXACT;NAME_EQUAL;SER_STRONG,GEN_LIFECYCLE_PARTIAL;LIN_EVIDENCE_QUARANTINE,,,PROPOSE,PROPOSE_SERIES_STRONG_CAPPED,mini.countryman,EQUIVALENT,true,STRONG_FLIPS;CORRELATION,false,NEW_MERGE;NEW_SPLIT,SPLIT:mini-mini-cooper-ev>mini-countryman 48.96% | MERGE:mini-countryman-s-all4__provisional>mini-countryman 100% | SPLIT:mini-mini-jcw-rhd>mini-countryman 10.25%,NOOP:LIN_ALREADY_APPLIED;NOOP:LIN_SPLIT_PARENT_RETAINED;QUARANTINE:LIN_EVIDENCE_QUARANTINE,3659,310,782,2021-01,2026-09,3582,310,779,mini-clubman;mini-cooper;mini-countryman,mini-countryman,"mini.aceman (CONTRADICTION, WEAK, corr -0.391 ratio 1.491) | mini.mini_cooper (CONTRADICTION, WEAK, corr 0.138 ratio 1.703)",,,,
234,4,outcome changes materially under the common-overlap window,4,,0.9706,"Is Ice 'Step WGN' (HONDA, honda-step-wgn) the same vehicle as TDR 'Step WGN' (honda.step_wgn)? Verdict applies to the candidate shown on this row.",honda-step-wgn,Step WGN,HONDA,settled,MPV,honda.step_wgn,Step WGN,Honda,CURRENT,MPV,LEGACY_CANDIDATE;LEGACY_STORED;V1_POOL;V1_PRIMARY,PROPOSED,NAME,137,0.7773476383009505,0.9002557544757033,1.0,2024-10,2026-09,24,1,2026-09,EQUIVALENT,EXACT,EQUAL,1.0,STRONG,,1.0,1.0,1.0,24,24,731.0,731.0,2024-09,2026-08,0,BRND_EXACT;NAME_EQUAL;SER_STRONG,,,,AUTO,AUTO_ALL_GATES_PASSED,honda.step_wgn,EQUIVALENT,true,STRONG_FLIPS;CORRELATION;RATIO,true,,,,1288,475,731,2021-01,2026-09,1210,475,731,HONDA|N VAN TEN STYLE FUN;HONDA|NSX TYPE S;honda-honda-stepwagon;honda-step-wgn;honda-super-one,honda-step-wgn,"honda.en1 (CONTRADICTION, WEAK, corr -0.123 ratio 0.837) | honda.en2 (CONTRADICTION, WEAK, corr 0.320 ratio 0.128)",,,,
235,4,outcome changes materially under the common-overlap window,4,,0.9708,"Is Ice 'Fronx' (SUZUKI, suzuki-fronx) the same vehicle as TDR 'Fronx' (suzuki.fronx)? Verdict applies to the candidate shown on this row.",suzuki-fronx,Fronx,SUZUKI,settled,SUV,suzuki.fronx,Fronx,Suzuki,CURRENT,CROSSOVER,LEGACY_CANDIDATE;LEGACY_STORED;V1_POOL;V1_PRIMARY,PROPOSED,NAME,158,0.3212996326498083,0.8013392857142857,1.0,2025-08,2026-09,14,1,2026-09,EQUIVALENT,EXACT,EQUAL,1.0,STRONG,,1.0,1.0,1.0,13,13,718.0,718.0,2025-08,2026-08,11,BRND_EXACT;NAME_EQUAL;SER_STRONG,SER_MISSING_ROW_SEMANTICS_UNCONFIRMED,,,PROPOSE,PROPOSE_SERIES_STRONG_CAPPED,suzuki.fronx,EQUIVALENT,true,STRONG_FLIPS;CORRELATION;RATIO,false,,,,896,716,718,2025-08,2026-09,718,716,718,suzuki-fronx,suzuki-fronx,,,,,
236,4,outcome changes materially under the common-overlap window,4,,0.971,"Is Ice 'Sealion 5' (BYD, byd-sealion-5) the same vehicle as TDR 'Shark 6' (byd.shark6)? Verdict applies to the candidate shown on this row.",byd-sealion-5,Sealion 5,BYD,settled,SUV,byd.shark6,Shark 6,BYD,CURRENT,PICKUP,LEGACY_CANDIDATE;LEGACY_STORED;V1_POOL,PROPOSED,NAME,155,0.6100305022876906,0.0010570824524312897,0.375,2026-06,2026-09,4,3,2026-06;2026-08;2026-09,EQUIVALENT,EXACT,CONTRADICTION,0.0,UNAVAILABLE,SER_OVERLAP_BELOW_PROPOSE_MIN,,,,1,1,267.0,1.0,2026-07,2026-07,23,BRND_EXACT,NAME_ONLY_NOT_AUTO;SER_MISSING_ROW_SEMANTICS_UNCONFIRMED;ATTR_BODY_MISMATCH,NAME_CONTRADICTION,SER_OVERLAP_BELOW_PROPOSE_MIN,INSUFFICIENT_DATA,INSUFFICIENT_DATA_NO_BASIS,,,true,AVAILABILITY,true,,,,946,709,709,2026-06,2026-09,1,1,1,byd-sealion-5,,"byd.sealion7 (SIBLING, UNAVAILABLE) | byd.sealion5 (SUBJECT_COARSER, UNAVAILABLE) | byd.sealion6 (SIBLING, UNAVAILABLE)",,,,
237,4,outcome changes materially under the common-overlap window,4,,0.9719,"Is Ice 'Mercedes-Benz A-Class' (MERCEDES BENZ, mercedes-benz-mercedes-benz-a-class) the same vehicle as TDR 'A-Class' (mercedes_benz.a_class)? Verdict applies to the candidate shown on this row.",mercedes-benz-mercedes-benz-a-class,Mercedes-Benz A-Class,MERCEDES BENZ,settled,Hatchback,mercedes_benz.a_class,A-Class,Mercedes-Benz,CURRENT,HATCHBACK,V1_POOL;V1_PRIMARY,,,,0.9856219484332156,0.984375,1.0,2024-10,2026-09,24,1,2026-09,EQUIVALENT,EXACT,EQUAL,1.0,STRONG,,1.0,1.0,1.0,24,24,661.0,661.0,2024-09,2026-08,0,BRND_EXACT;NAME_EQUAL;SER_STRONG,GEN_LIFECYCLE_PARTIAL;LIN_EVIDENCE_QUARANTINE,,,PROPOSE,PROPOSE_SERIES_STRONG_CAPPED,mercedes_benz.a_class,EQUIVALENT,false,,true,NEW_SPLIT,SPLIT:mercedes-benz-mercedes-benz-amg-cls>mercedes-benz-mercedes-benz-a-class 9.92%,QUARANTINE:LIN_EVIDENCE_QUARANTINE,3685,261,661,2021-01,2026-09,3663,261,661,,mercedes-benz-mercedes-benz-a-class,,,,,
238,4,outcome changes materially under the common-overlap window,4,,0.9721,"Is Ice 'Mercedes-Benz EQE-Class' (MERCEDES BENZ, mercedes-benz-mercedes-benz-eqe-class) the same vehicle as TDR 'EQE' (mercedes_benz.eqe)? Verdict applies to the candidate shown on this row.",mercedes-benz-mercedes-benz-eqe-class,Mercedes-Benz EQE-Class,MERCEDES BENZ,settled,SUV,mercedes_benz.eqe,EQE,Mercedes-Benz,CURRENT,SEDAN,V1_POOL;V1_PRIMARY,,,,0.9780108610659208,0.9625748502994012,0.5,2024-10,2026-09,24,1,2026-09,EQUIVALENT,EXACT,EQUAL,1.0,STRONG,,1.0,1.0,1.0,24,24,645.0,645.0,2024-09,2026-08,0,BRND_EXACT;NAME_EQUAL;SER_STRONG,ATTR_BODY_MISMATCH,,,PROPOSE,PROPOSE_SERIES_STRONG_CAPPED,mercedes_benz.eqe,EQUIVALENT,true,STRONG_FLIPS,true,,,,766,534,645,2023-03,2026-09,741,534,645,,mercedes-benz-mercedes-benz-eqe-class,,,,,
239,4,outcome changes materially under the common-overlap window,4,,0.9723,"Is Ice 'MG IM5' (MG, mg-mg-im5) the same vehicle as TDR 'MG IM5' (mg.mg_im5)? Verdict applies to the candidate shown on this row.",mg-mg-im5,MG IM5,MG,settled,Sedan,mg.mg_im5,MG IM5,MG,CURRENT,SEDAN,LEGACY_CANDIDATE;LEGACY_STORED;V1_POOL;V1_PRIMARY,PROPOSED,NAME,166,0.9111651385299561,0.863697705802969,1.0,2026-05,2026-09,5,1,2026-09,EQUIVALENT,EXACT,EQUAL,1.0,UNAVAILABLE,SER_OVERLAP_BELOW_PROPOSE_MIN,,,,4,4,640.0,640.0,2026-05,2026-08,20,BRND_EXACT;NAME_EQUAL,NAME_ONLY_NOT_AUTO;SER_MISSING_ROW_SEMANTICS_UNCONFIRMED,,SER_OVERLAP_BELOW_PROPOSE_MIN,PROPOSE,PROPOSE_NAME_MATCH_SERIES_NOT_STRONG,mg.mg_im5,EQUIVALENT,true,AVAILABILITY,false,,,,741,640,640,2026-05,2026-09,640,640,640,mg-mg-im5,mg-mg-im5,"mg.mg_im6 (CONTRADICTION, UNAVAILABLE) | mg.mg5 (CONTRADICTION, UNAVAILABLE)",,,,
240,4,outcome changes materially under the common-overlap window,4,,0.9729,"Is Ice 'Mercedes GLE' (MERCEDES BENZ, mercedes-benz-mercedes-gle) the same vehicle as TDR 'GLE' (mercedes_benz.gle)? Verdict applies to the candidate shown on this row.",mercedes-benz-mercedes-gle,Mercedes GLE,MERCEDES BENZ,settled,SUV,mercedes_benz.gle,GLE,Mercedes-Benz,CURRENT,CROSSOVER,V1_POOL;V1_PRIMARY,,,,0.8543313655806701,0.9586776859504132,0.4,2024-10,2026-09,24,1,2026-09,EQUIVALENT,EXACT,EQUAL,1.0,STRONG,,1.0,1.0,1.0,24,24,614.0,614.0,2024-09,2026-08,0,BRND_EXACT;NAME_EQUAL;SER_STRONG,GEN_LIFECYCLE_PARTIAL;LIN_EVIDENCE_QUARANTINE,,,PROPOSE,PROPOSE_SERIES_STRONG_CAPPED,mercedes_benz.gle,EQUIVALENT,true,STRONG_FLIPS;CORRELATION,true,NEW_SPLIT,SPLIT:mercedes-benz-mercedes-benz-e300>mercedes-benz-mercedes-gle 22.21% | SPLIT:mercedes-benz-mercedes-benz-amg-g>mercedes-benz-mercedes-gle 29.66%,NOOP:LIN_SPLIT_PARENT_RETAINED;QUARANTINE:LIN_EVIDENCE_QUARANTINE,2513,255,614,2021-01,2026-09,2479,255,614,,mercedes-benz-mercedes-gle,,,,,
241,4,outcome changes materially under the common-overlap window,4;6,,0.973,"Is Ice 'BMW iX1' (BMW, bmw-bmw-ix1) the same vehicle as TDR 'iX1' (bmw.ix1)? Verdict applies to the candidate shown on this row.",bmw-bmw-ix1,BMW iX1,BMW,settled,SUV,bmw.ix1,iX1,BMW,CURRENT,CROSSOVER,LEGACY_CANDIDATE;LEGACY_STORED;V1_POOL;V1_PRIMARY,PROPOSED,NAME,171,0.776307309753628,0.882962962962963,1.0,2025-09,2026-09,13,1,2026-09,EQUIVALENT,EXACT,EQUAL,1.0,STRONG,,1.0,1.0,1.0,12,12,596.0,596.0,2025-09,2026-08,12,BRND_EXACT;NAME_EQUAL;SER_STRONG,SER_MISSING_ROW_SEMANTICS_UNCONFIRMED,,,PROPOSE,PROPOSE_SERIES_STRONG_CAPPED,bmw.ix1,EQUIVALENT,true,STRONG_FLIPS;CORRELATION;RATIO,false,,,,675,596,596,2025-09,2026-09,596,596,596,bmw-bmw-ix1,bmw-bmw-ix1,"bmw.bmw_x1 (CONTRADICTION, WEAK, corr 0.631 ratio 2.532) | bmw.ix (CONTRADICTION, WEAK, corr -0.480 ratio 0.269) | bmw.bmw_ix3 (CONTRADICTION, WEAK, corr -0.485 ratio 0.336)",,,,
242,4,outcome changes materially under the common-overlap window,4,,0.9732,"Is Ice 'Santa Fe' (HYUNDAI, hyundai-santa-fe) the same vehicle as TDR 'Santa Fe' (hyundai.santa_fe)? Verdict applies to the candidate shown on this row.",hyundai-santa-fe,Santa Fe,HYUNDAI,settled,SUV,hyundai.santa_fe,Santa Fe,Hyundai,CURRENT,CROSSOVER,LEGACY_CANDIDATE;LEGACY_STORED;V1_POOL;V1_PRIMARY,PROPOSED,NAME,178,0.9520210573883473,0.9528795811518325,1.0,2024-10,2026-09,24,1,2026-09,EQUIVALENT,EXACT,EQUAL,1.0,STRONG,,1.0,1.0,1.0,24,24,547.0,547.0,2024-09,2026-08,0,BRND_EXACT;NAME_EQUAL;SER_STRONG,,,,AUTO,AUTO_ALL_GATES_PASSED,hyundai.santa_fe,EQUIVALENT,true,STRONG_FLIPS,true,,,,580,454,547,2024-07,2026-09,553,454,547,HYUNDAI|SONATA2 4GLSEXECUTIV;hyundai-elantra-n__provisional;hyundai-elantra__provisional;hyundai-santa-fe,hyundai-santa-fe,"hyundai.grand_starex (CONTRADICTION, UNAVAILABLE) | hyundai.stargazer (CONTRADICTION, WEAK, corr -0.340 ratio 1.642) | hyundai.staria (CONTRADICTION, WEAK, corr -0.224 ratio 3.704)",,,,
243,4,outcome changes materially under the common-overlap window,4,,0.9733,"Is Ice 'BMW i5' (BMW, bmw-bmw-i5) the same vehicle as TDR 'i5' (bmw.i5)? Verdict applies to the candidate shown on this row.",bmw-bmw-i5,BMW i5,BMW,settled,Sedan,bmw.i5,i5,BMW,CURRENT,SEDAN,LEGACY_CANDIDATE;LEGACY_STORED;V1_POOL;V1_PRIMARY,PROPOSED,NAME,173,0.9634548039865221,0.9696969696969697,1.0,2024-10,2026-09,24,1,2026-09,EQUIVALENT,EXACT,EQUAL,1.0,STRONG,,1.0,1.0,1.0,24,24,522.0,522.0,2024-09,2026-08,0,BRND_EXACT;NAME_EQUAL;SER_STRONG,,,,AUTO,AUTO_ALL_GATES_PASSED,bmw.i5,EQUIVALENT,true,STRONG_FLIPS,true,,,,645,330,522,2023-12,2026-09,629,330,522,bmw-bmw-i5,bmw-bmw-i5,"bmw.bmw_i4 (CONTRADICTION, WEAK, corr -0.039 ratio 0.347) | bmw.i3 (CONTRADICTION, UNAVAILABLE) | bmw.i7 (CONTRADICTION, WEAK, corr 0.458 ratio 0.400)",,,,
244,4,outcome changes materially under the common-overlap window,4,,0.9735,"Is Ice 'Avatr 07' (AVATR, avatr-avatr-07) the same vehicle as TDR 'Avatr 07' (avatr.avatr_07)? Verdict applies to the candidate shown on this row.",avatr-avatr-07,Avatr 07,AVATR,settled,SUV,avatr.avatr_07,Avatr 07,Avatr,CURRENT,CROSSOVER,LEGACY_CANDIDATE;LEGACY_STORED;V1_POOL;V1_PRIMARY,PROPOSED,NAME,180,0.8199543654434802,0.8599290780141844,1.0,2026-04,2026-09,6,1,2026-09,EQUIVALENT,EXACT,EQUAL,1.0,UNAVAILABLE,SER_OVERLAP_BELOW_PROPOSE_MIN,,,,5,5,485.0,485.0,2026-04,2026-08,19,BRND_EXACT;NAME_EQUAL,NAME_ONLY_NOT_AUTO;SER_MISSING_ROW_SEMANTICS_UNCONFIRMED,,SER_OVERLAP_BELOW_PROPOSE_MIN,PROPOSE,PROPOSE_NAME_MATCH_SERIES_NOT_STRONG,avatr.avatr_07,EQUIVALENT,true,AVAILABILITY,false,,,,564,485,485,2026-04,2026-09,485,485,485,avatr-avatr-07,avatr-avatr-07,,,,,
245,4,outcome changes materially under the common-overlap window,4,,0.974,"Is Ice 'Volvo XC60' (VOLVO, volvo-volvo-xc60) the same vehicle as TDR 'XC60' (volvo.xc60)? Verdict applies to the candidate shown on this row.",volvo-volvo-xc60,Volvo XC60,VOLVO,settled,SUV,volvo.xc60,XC60,Volvo,CURRENT,CROSSOVER,LEGACY_CANDIDATE;LEGACY_STORED;V1_POOL;V1_PRIMARY,PROPOSED,NAME,117,0.9534095942579098,0.9733924611973392,1.0,2024-10,2026-09,24,1,2026-09,EQUIVALENT,EXACT,EQUAL,1.0,STRONG,,1.0,1.0,1.0,24,24,475.0,475.0,2024-09,2026-08,0,BRND_EXACT;NAME_EQUAL;SER_STRONG,,,,AUTO,AUTO_ALL_GATES_PASSED,volvo.xc60,EQUIVALENT,true,STRONG_FLIPS,true,,,,2432,222,475,2021-01,2026-09,2420,222,475,volvo-volvo-xc60,volvo-volvo-xc60,"volvo.xc40 (CONTRADICTION, WEAK, corr 0.648 ratio 0.699) | volvo.xc90 (CONTRADICTION, WEAK, corr 0.324 ratio 0.524) | volvo.s60 (CONTRADICTION, WEAK, corr 0.422 ratio 0.280)",,,,
246,4,outcome changes materially under the common-overlap window,4,,0.9743,"Is Ice 'Jimny' (SUZUKI, suzuki-jimny) the same vehicle as TDR 'Jimny' (suzuki.jimny)? Verdict applies to the candidate shown on this row.",suzuki-jimny,Jimny,SUZUKI,settled,SUV,suzuki.jimny,Jimny,Suzuki,CURRENT,OFFROAD,LEGACY_CANDIDATE;LEGACY_STORED;V1_POOL;V1_PRIMARY,PROPOSED,NAME,154,0.8039694032905437,0.9487750556792873,1.0,2024-10,2026-09,24,1,2026-09,EQUIVALENT,EXACT,EQUAL,1.0,STRONG,,1.0,1.0,1.0,24,24,449.0,449.0,2024-09,2026-08,0,BRND_EXACT;NAME_EQUAL;SER_STRONG,,,,AUTO,AUTO_ALL_GATES_PASSED,suzuki.jimny,EQUIVALENT,true,STRONG_FLIPS;CORRELATION,true,,,,974,264,449,2021-01,2026-09,951,264,449,suzuki-jimny,suzuki-jimny,,,,,
247,4,outcome changes materially under the common-overlap window,4,,0.9745,"Is Ice 'Land Cruiser' (TOYOTA, toyota-land-cruiser) the same vehicle as TDR 'Land Cruiser 300' (toyota.land_cruiser_300)? Verdict applies to the candidate shown on this row.",toyota-land-cruiser,Land Cruiser,TOYOTA,settled,SUV,toyota.land_cruiser_300,Land Cruiser 300,Toyota,CURRENT,OFFROAD,LEGACY_CANDIDATE;LEGACY_STORED;V1_POOL,PROPOSED,NAME,163,0.5233562707948516,3.383259911894273,0.8571428571428571,2024-10,2026-09,24,1,2026-09,EQUIVALENT,EXACT,SUBJECT_COARSER,0.8,WEAK,,0.579139,3.517007,0.833333,24,24,441.0,1551.0,2024-09,2026-08,0,BRND_EXACT,NAME_CONTAINMENT_SUBJECT_COARSER;NAME_ONLY_NOT_AUTO;SER_CORRELATION_BELOW_STRONG;SER_RATIO_OUT_OF_BAND,SERIES_DECISIVELY_WRONG,,NO_CANDIDATE,NO_CANDIDATE_ALL_EXCLUDED,,,true,CORRELATION,true,,,,790,249,441,2021-01,2026-09,1860,1360,1551,TOYOTA|KUN15R CRMSHT A3;toyota-land-cruiser;toyota-land-cruiser-fj,,"toyota.harrier (CONTRADICTION, WEAK, corr 0.034 ratio 0.148) | toyota.corolla_cross (CONTRADICTION, WEAK, corr 0.638 ratio 68.179) | toyota.yaris (CONTRADICTION, WEAK, corr -0.150 ratio 23.531)",,,,
248,4,outcome changes materially under the common-overlap window,4,,0.9748,"Is Ice 'Porsche 911' (PORSCHE, porsche-porsche-911) the same vehicle as TDR '911' (porsche.porsche_911)? Verdict applies to the candidate shown on this row.",porsche-porsche-911,Porsche 911,PORSCHE,settled,Coupe/Convertible,porsche.porsche_911,911,Porsche,CURRENT,COUPE,LEGACY_CANDIDATE;LEGACY_STORED;V1_POOL;V1_PRIMARY,PROPOSED,NAME,141,0.9216965427055155,0.9693877551020408,1.0,2024-10,2026-09,24,1,2026-09,EQUIVALENT,EXACT,EQUAL,1.0,STRONG,,1.0,1.0,1.0,24,24,407.0,407.0,2024-09,2026-08,0,BRND_EXACT;NAME_EQUAL;SER_STRONG,,,,AUTO,AUTO_ALL_GATES_PASSED,porsche.porsche_911,EQUIVALENT,true,STRONG_FLIPS;CORRELATION,true,,,,1233,196,407,2021-01,2026-09,1221,196,407,porsche-porsche-911,porsche-porsche-911,,,,,
249,4,outcome changes materially under the common-overlap window,4,,0.9759,"Is Ice 'Mazda CX-8' (MAZDA, mazda-mazda-cx-8) the same vehicle as TDR 'CX-8' (mazda.cx8)? Verdict applies to the candidate shown on this row.",mazda-mazda-cx-8,Mazda CX-8,MAZDA,settled,SUV,mazda.cx8,CX-8,Mazda,CURRENT,CROSSOVER,LEGACY_CANDIDATE;LEGACY_STORED;V1_POOL;V1_PRIMARY,PROPOSED,NAME,85,0.7540209997891605,0.9358974358974359,1.0,2024-10,2026-09,24,1,2026-09,EQUIVALENT,EXACT,EQUAL,1.0,STRONG,,1.0,1.0,1.0,24,24,405.0,405.0,2024-09,2026-08,0,BRND_EXACT;NAME_EQUAL;SER_STRONG,,,,AUTO,AUTO_ALL_GATES_PASSED,mazda.cx8,EQUIVALENT,true,STRONG_FLIPS;CORRELATION,true,,,,4823,134,405,2021-01,2026-09,4798,134,405,mazda-mazda-cx-8,mazda-mazda-cx-8,"mazda.cx3 (SIBLING, WEAK, corr -0.010 ratio 5.316) | mazda.cx5 (SIBLING, WEAK, corr -0.216 ratio 3.195) | mazda.cx30 (SIBLING, WEAK, corr 0.402 ratio 6.410)",,,,
250,4,outcome changes materially under the common-overlap window,4;6,,0.9761,"Is Ice 'Ioniq 5' (HYUNDAI, hyundai-ioniq-5) the same vehicle as TDR 'Ioniq 5' (hyundai.ioniq5)? Verdict applies to the candidate shown on this row.",hyundai-ioniq-5,Ioniq 5,HYUNDAI,settled,SUV,hyundai.ioniq5,Ioniq 5,Hyundai,CURRENT,CROSSOVER,LEGACY_CANDIDATE;LEGACY_STORED;V1_POOL;V1_PRIMARY,PROPOSED,NAME,175,0.8677076345436181,0.7556818181818182,1.0,2024-09,2026-09,24,1,2026-09,EQUIVALENT,EXACT,EQUAL,1.0,STRONG,,0.999982,0.995012,1.0,23,23,401.0,399.0,2024-09,2026-08,1,BRND_EXACT;NAME_EQUAL;SER_STRONG,SER_MISSING_ROW_SEMANTICS_UNCONFIRMED,,,PROPOSE,PROPOSE_SERIES_STRONG_CAPPED,hyundai.ioniq5,EQUIVALENT,true,STRONG_FLIPS;CORRELATION;RATIO,false,,,,604,306,401,2021-01,2026-09,457,304,399,hyundai-ioniq-5;hyundai-kona,hyundai-ioniq-5,"hyundai.ioniq6 (SIBLING, WEAK, corr 0.089 ratio 0.152)",,,,
251,4,outcome changes materially under the common-overlap window,4,,0.9764,"Is Ice 'Porsche Panamera' (PORSCHE, porsche-porsche-panamera) the same vehicle as TDR 'Panamera' (porsche.panamera)? Verdict applies to the candidate shown on this row.",porsche-porsche-panamera,Porsche Panamera,PORSCHE,settled,Sedan,porsche.panamera,Panamera,Porsche,CURRENT,SEDAN,LEGACY_CANDIDATE;LEGACY_STORED;V1_POOL;V1_PRIMARY,PROPOSED,NAME,145,0.9150995424764731,0.9558441558441558,1.0,2024-10,2026-09,24,1,2026-09,EQUIVALENT,EXACT,EQUAL,1.0,STRONG,,0.985685,0.987013,1.0,24,24,385.0,380.0,2024-09,2026-08,0,BRND_EXACT;NAME_EQUAL;SER_STRONG,GEN_LIFECYCLE_PARTIAL,,,PROPOSE,PROPOSE_SERIES_STRONG_CAPPED,porsche.panamera,EQUIVALENT,true,STRONG_FLIPS;CORRELATION,false,,,,1162,198,385,2021-01,2026-09,1145,193,380,porsche-porsche-panamera,porsche-porsche-panamera,,,,,
252,4,outcome changes materially under the common-overlap window,4,,0.9765,"Is Ice 'Palisade' (HYUNDAI, hyundai-palisade) the same vehicle as TDR 'Palisade' (hyundai.palisade)? Verdict applies to the candidate shown on this row.",hyundai-palisade,Palisade,HYUNDAI,settled,SUV,hyundai.palisade,Palisade,Hyundai,CURRENT,CROSSOVER,LEGACY_CANDIDATE;LEGACY_STORED;V1_POOL;V1_PRIMARY,PROPOSED,NAME,191,0.7308351026404308,0.9228915662650602,1.0,2022-08,2026-09,23,1,2026-09,EQUIVALENT,EXACT,EQUAL,1.0,STRONG,,1.0,1.0,1.0,21,21,382.0,382.0,2024-12,2026-08,3,BRND_EXACT;NAME_EQUAL;SER_STRONG,SER_MISSING_ROW_SEMANTICS_UNCONFIRMED,,,PROPOSE,PROPOSE_SERIES_STRONG_CAPPED,hyundai.palisade,EQUIVALENT,true,STRONG_FLIPS;CORRELATION,false,,,,415,224,382,2022-08,2026-09,383,224,382,hyundai-palisade,hyundai-palisade,"hyundai.santa_fe (CONTRADICTION, WEAK, corr 0.233 ratio 1.414) | hyundai.stargazer (CONTRADICTION, WEAK, corr 0.038 ratio 1.835)",,,,
253,4,outcome changes materially under the common-overlap window,4,,0.9766,"Is Ice 'Mercedes-Benz EQS-Class' (MERCEDES BENZ, mercedes-benz-mercedes-benz-eqs-class) the same vehicle as TDR 'EQS' (mercedes_benz.mb_eqs)? Verdict applies to the candidate shown on this row.",mercedes-benz-mercedes-benz-eqs-class,Mercedes-Benz EQS-Class,MERCEDES BENZ,settled,Sedan,mercedes_benz.mb_eqs,EQS,Mercedes-Benz,CURRENT,SEDAN,V1_POOL;V1_PRIMARY,,,,0.7307518853942301,0.8825136612021858,0.5,2024-10,2026-09,24,1,2026-09,EQUIVALENT,EXACT,EQUAL,1.0,WEAK,,0.867524,0.934473,0.958333,24,24,351.0,328.0,2024-09,2026-08,0,BRND_EXACT;NAME_EQUAL,NAME_ONLY_NOT_AUTO;SER_CORRELATION_BELOW_STRONG,,,PROPOSE,PROPOSE_NAME_MATCH_SERIES_NOT_STRONG,mercedes_benz.mb_eqs,EQUIVALENT,true,CORRELATION,true,,,,521,220,351,2022-08,2026-09,478,217,328,,mercedes-benz-mercedes-benz-eqs-class,,,,,
254,4,outcome changes materially under the common-overlap window,4,,0.9769,"Is Ice 'Mercedes-Benz S-Class' (MERCEDES BENZ, mercedes-benz-mercedes-benz-s-class) the same vehicle as TDR 'S-Class' (mercedes_benz.s_class)? Verdict applies to the candidate shown on this row.",mercedes-benz-mercedes-benz-s-class,Mercedes-Benz S-Class,MERCEDES BENZ,settled,Sedan,mercedes_benz.s_class,S-Class,Mercedes-Benz,CURRENT,SEDAN,V1_POOL;V1_PRIMARY,,,,0.5413839325089216,1.1616766467065869,1.0,2024-10,2026-09,24,1,2026-09,EQUIVALENT,EXACT,EQUAL,1.0,WEAK,,0.901658,1.229607,0.625,24,24,331.0,407.0,2024-09,2026-08,0,BRND_EXACT;NAME_EQUAL,NAME_ONLY_NOT_AUTO;GEN_LIFECYCLE_PARTIAL;LIN_EVIDENCE_QUARANTINE;SER_CORRELATION_BELOW_STRONG;SER_RATIO_OUT_OF_BAND,,,PROPOSE,PROPOSE_NAME_MATCH_SERIES_NOT_STRONG,mercedes_benz.s_class,EQUIVALENT,true,CORRELATION,true,NEW_MERGE;NEW_SPLIT,MERGE:MERCEDES BENZ|S 560 E>mercedes-benz-mercedes-benz-s-class 100% | SPLIT:mercedes-benz-mercedes-benz-amg-cls>mercedes-benz-mercedes-benz-s-class 8.26%,NOOP:LIN_ALREADY_APPLIED;QUARANTINE:LIN_EVIDENCE_QUARANTINE,1423,156,331,2021-01,2026-09,1863,187,407,,mercedes-benz-mercedes-benz-s-class,,,,,
255,4,outcome changes materially under the common-overlap window,4,,0.9772,"Is Ice 'Porsche Macan' (PORSCHE, porsche-porsche-macan) the same vehicle as TDR 'Macan' (porsche.macan)? Verdict applies to the candidate shown on this row.",porsche-porsche-macan,Porsche Macan,PORSCHE,settled,SUV,porsche.macan,Macan,Porsche,CURRENT,CROSSOVER,LEGACY_CANDIDATE;LEGACY_STORED;V1_POOL;V1_PRIMARY,PROPOSED,NAME,149,0.9639081638667923,0.968944099378882,1.0,2024-10,2026-09,24,1,2026-09,EQUIVALENT,EXACT,EQUAL,1.0,STRONG,,1.0,1.0,1.0,24,24,329.0,329.0,2024-09,2026-08,0,BRND_EXACT;NAME_EQUAL;SER_STRONG,,,,AUTO,AUTO_ALL_GATES_PASSED,porsche.macan,EQUIVALENT,true,STRONG_FLIPS,true,,,,1067,131,329,2021-01,2026-09,1057,131,329,porsche-porsche-macan,porsche-porsche-macan,"porsche.taycan (CONTRADICTION, WEAK, corr 0.152 ratio 0.960) | porsche.cayenne (CONTRADICTION, WEAK, corr 0.244 ratio 5.517)",,,,
256,4,outcome changes materially under the common-overlap window,4,,0.9773,"Is Ice 'GAC M8' (GAC, gac-gac-m8) the same vehicle as TDR 'GAC M8' (gac.gac_m8)? Verdict applies to the candidate shown on this row.",gac-gac-m8,GAC M8,GAC,settled,MPV,gac.gac_m8,GAC M8,GAC,CURRENT,MPV,LEGACY_CANDIDATE;LEGACY_STORED;V1_POOL;V1_PRIMARY,PROPOSED,NAME,195,0.8263635730386142,0.9114285714285715,1.0,2025-09,2026-09,13,1,2026-09,EQUIVALENT,EXACT,EQUAL,1.0,STRONG,,0.998976,0.993769,1.0,12,12,321.0,319.0,2025-09,2026-08,12,BRND_EXACT;NAME_EQUAL;SER_STRONG,SER_MISSING_ROW_SEMANTICS_UNCONFIRMED,,,PROPOSE,PROPOSE_SERIES_STRONG_CAPPED,gac.gac_m8,EQUIVALENT,true,STRONG_FLIPS;CORRELATION,false,NEW_RENAME,RENAME:gac-gn8-phev-premium__provisional>gac-gac-m8 100%,NOOP:LIN_ALREADY_APPLIED,350,321,321,2025-09,2026-09,319,319,319,gac-gac-m8,gac-gac-m8,,,,,
257,4,outcome changes materially under the common-overlap window,4,,0.9776,"Is Ice 'Porsche Taycan' (PORSCHE, porsche-porsche-taycan) the same vehicle as TDR 'Taycan' (porsche.taycan)? Verdict applies to the candidate shown on this row.",porsche-porsche-taycan,Porsche Taycan,PORSCHE,settled,Sedan,porsche.taycan,Taycan,Porsche,CURRENT,SEDAN,LEGACY_CANDIDATE;LEGACY_STORED;V1_POOL;V1_PRIMARY,PROPOSED,NAME,140,0.7938931926643226,0.9516129032258065,1.0,2024-10,2026-09,24,1,2026-09,EQUIVALENT,EXACT,EQUAL,1.0,STRONG,,1.0,1.0,1.0,24,24,316.0,316.0,2024-09,2026-08,0,BRND_EXACT;NAME_EQUAL;SER_STRONG,,,,AUTO,AUTO_ALL_GATES_PASSED,porsche.taycan,EQUIVALENT,true,STRONG_FLIPS;CORRELATION,true,,,,1245,139,316,2021-01,2026-09,1230,139,316,porsche-porsche-taycan,porsche-porsche-taycan,"porsche.macan (CONTRADICTION, WEAK, corr 0.152 ratio 1.041) | porsche.cayenne (CONTRADICTION, WEAK, corr 0.559 ratio 5.744)",,,,
258,4,outcome changes materially under the common-overlap window,4,,0.9778,"Is Ice 'BMW X6' (BMW, bmw-bmw-x6) the same vehicle as TDR 'X6' (bmw.x6)? Verdict applies to the candidate shown on this row.",bmw-bmw-x6,BMW X6,BMW,settled,SUV,bmw.x6,X6,BMW,CURRENT,CROSSOVER,LEGACY_CANDIDATE;LEGACY_STORED;V1_POOL;V1_PRIMARY,PROPOSED,NAME,159,0.9692476431690819,0.9795918367346939,1.0,2024-10,2026-09,24,1,2026-09,EQUIVALENT,EXACT,EQUAL,1.0,STRONG,,1.0,1.0,1.0,24,24,305.0,305.0,2024-09,2026-08,0,BRND_EXACT;NAME_EQUAL;SER_STRONG,,,,AUTO,AUTO_ALL_GATES_PASSED,bmw.x6,EQUIVALENT,true,STRONG_FLIPS,true,,,,893,131,305,2021-01,2026-09,887,131,305,bmw-bmw-x6,bmw-bmw-x6,"bmw.bmw_x1 (CONTRADICTION, WEAK, corr 0.440 ratio 11.233) | bmw.bmw_x3 (CONTRADICTION, WEAK, corr -0.346 ratio 5.357) | bmw.ix (CONTRADICTION, WEAK, corr -0.161 ratio 1.118)",,,,
259,4,outcome changes materially under the common-overlap window,4,,0.9781,"Is Ice 'BMW X7' (BMW, bmw-bmw-x7) the same vehicle as TDR 'X7' (bmw.x7)? Verdict applies to the candidate shown on this row.",bmw-bmw-x7,BMW X7,BMW,settled,SUV,bmw.x7,X7,BMW,CURRENT,CROSSOVER,LEGACY_CANDIDATE;LEGACY_STORED;V1_POOL;V1_PRIMARY,PROPOSED,NAME,142,0.9734278271192214,0.978494623655914,1.0,2024-10,2026-09,24,1,2026-09,EQUIVALENT,EXACT,EQUAL,1.0,STRONG,,1.0,1.0,1.0,24,24,290.0,290.0,2024-09,2026-08,0,BRND_EXACT;NAME_EQUAL;SER_STRONG,,,,AUTO,AUTO_ALL_GATES_PASSED,bmw.x7,EQUIVALENT,true,STRONG_FLIPS,true,,,,1191,113,290,2021-01,2026-09,1185,113,290,bmw-bmw-x7,bmw-bmw-x7,"bmw.bmw_x1 (CONTRADICTION, WEAK, corr 0.445 ratio 11.814) | bmw.bmw_x3 (CONTRADICTION, WEAK, corr -0.361 ratio 5.634) | bmw.i7 (CONTRADICTION, WEAK, corr -0.375 ratio 0.721)",,,,
260,4,outcome changes materially under the common-overlap window,4,,0.9782,"Is Ice 'Wey G9' (GWM, gwm-wey-g9) the same vehicle as TDR 'Wey G9' (gwm.wey_g9)? Verdict applies to the candidate shown on this row.",gwm-wey-g9,Wey G9,GWM,settled,SUV,gwm.wey_g9,Wey G9,GWM,CURRENT,CROSSOVER,LEGACY_CANDIDATE;LEGACY_STORED;V1_POOL;V1_PRIMARY,PROPOSED,NAME,199,0.8754502497245057,0.8678678678678678,1.0,2026-03,2026-09,7,1,2026-09,EQUIVALENT,EXACT,EQUAL,1.0,STRONG,,1.0,1.0,1.0,6,6,289.0,289.0,2026-03,2026-08,18,BRND_EXACT;NAME_EQUAL;SER_STRONG,SER_OVERLAP_BELOW_AUTO_MIN;SER_MISSING_ROW_SEMANTICS_UNCONFIRMED,,,PROPOSE,PROPOSE_SERIES_STRONG_CAPPED,gwm.wey_g9,EQUIVALENT,true,STRONG_FLIPS;CORRELATION;RATIO,false,,,,333,289,289,2026-03,2026-09,289,289,289,gwm-wey-g9,gwm-wey-g9,,,,,
261,4,outcome changes materially under the common-overlap window,4,,0.9783,"Is Ice 'Mazda6e' (MAZDA, mazda-mazda6e) the same vehicle as TDR 'Mazda6' (mazda.mazda6)? Verdict applies to the candidate shown on this row.",mazda-mazda6e,Mazda6e,MAZDA,settled,Sedan,mazda.mazda6,Mazda6,Mazda,CURRENT,SEDAN,LEGACY_CANDIDATE;LEGACY_STORED;V1_POOL;V1_PRIMARY,PROPOSED,NAME,176,-0.028809760327560847,0.47516556291390727,0.6666666666666666,2026-07,2026-09,3,1,2026-09,EQUIVALENT,EXACT,FUZZY,1.0,UNAVAILABLE,SER_OVERLAP_BELOW_PROPOSE_MIN,,,,2,2,287.0,287.0,2026-07,2026-08,22,BRND_EXACT,NAME_FUZZY_TOKEN;NAME_ONLY_NOT_AUTO;SER_MISSING_ROW_SEMANTICS_UNCONFIRMED,,SER_OVERLAP_BELOW_PROPOSE_MIN,PROPOSE,PROPOSE_NAME_MATCH_SERIES_NOT_STRONG,mazda.mazda6,EQUIVALENT,true,AVAILABILITY,false,,,,604,287,287,2026-07,2026-09,315,299,314,mazda-mazda6;mazda-mazda6e,mazda-mazda6;mazda-mazda6e,,,,,
262,4,outcome changes materially under the common-overlap window,4,,0.9785,"Is Ice 'Lexus RX' (LEXUS, lexus-lexus-rx) the same vehicle as TDR 'RX' (lexus.lexus_rx)? Verdict applies to the candidate shown on this row.",lexus-lexus-rx,Lexus RX,LEXUS,settled,SUV,lexus.lexus_rx,RX,Lexus,CURRENT,CROSSOVER,LEGACY_CANDIDATE;LEGACY_STORED;V1_POOL;V1_PRIMARY,PROPOSED,NAME,169,0.8594385854392852,0.9576923076923077,1.0,2024-10,2026-09,24,1,2026-09,EQUIVALENT,EXACT,EQUAL,1.0,STRONG,,1.0,1.0,1.0,24,24,265.0,265.0,2024-09,2026-08,0,BRND_EXACT;NAME_EQUAL;SER_STRONG,,,,AUTO,AUTO_ALL_GATES_PASSED,lexus.lexus_rx,EQUIVALENT,true,STRONG_FLIPS;CORRELATION,true,,,,690,123,265,2021-01,2026-09,679,123,265,lexus-lexus-rc;lexus-lexus-rx,lexus-lexus-rx,"lexus.lexus_nx (CONTRADICTION, WEAK, corr -0.215 ratio 1.249) | lexus.lx (CONTRADICTION, UNAVAILABLE) | lexus.rz (CONTRADICTION, WEAK, corr 0.399 ratio 0.386)",,,,
263,4,outcome changes materially under the common-overlap window,4,,0.9786,"Is Ice 'Mercedes-Benz Vito' (MERCEDES BENZ, mercedes-benz-mercedes-benz-vito) the same vehicle as TDR 'Vito' (mercedes_benz.vito)? Verdict applies to the candidate shown on this row.",mercedes-benz-mercedes-benz-vito,Mercedes-Benz Vito,MERCEDES BENZ,settled,MPV,mercedes_benz.vito,Vito,Mercedes-Benz,CURRENT,VAN,V1_POOL;V1_PRIMARY,,,,0.9395761644663687,0.9694656488549618,1.0,2024-10,2026-09,24,1,2026-09,EQUIVALENT,EXACT,EQUAL,1.0,STRONG,,1.0,1.0,1.0,24,24,265.0,265.0,2024-09,2026-08,0,BRND_EXACT;NAME_EQUAL;SER_STRONG,ATTR_BODY_MISMATCH,,,PROPOSE,PROPOSE_SERIES_STRONG_CAPPED,mercedes_benz.vito,EQUIVALENT,true,STRONG_FLIPS;CORRELATION,true,,,,631,111,265,2021-02,2026-09,623,111,265,,mercedes-benz-mercedes-benz-vito,,,,,
264,4,outcome changes materially under the common-overlap window,4,,0.9787,"Is Ice 'Leapmotor B10' (LEAPMOTOR, leapmotor-leapmotor-b10) the same vehicle as TDR 'Leapmotor B10' (leapmotor.leapmotor_b10)? Verdict applies to the candidate shown on this row.",leapmotor-leapmotor-b10,Leapmotor B10,LEAPMOTOR,settled,SUV,leapmotor.leapmotor_b10,Leapmotor B10,Leapmotor,CURRENT,CROSSOVER,LEGACY_CANDIDATE;LEGACY_STORED;V1_POOL;V1_PRIMARY,PROPOSED,NAME,211,0.9699917522551286,0.9558823529411765,1.0,2025-11,2026-09,11,1,2026-09,EQUIVALENT,EXACT,EQUAL,1.0,STRONG,,1.0,1.0,1.0,10,10,260.0,260.0,2025-11,2026-08,14,BRND_EXACT;NAME_EQUAL;SER_STRONG,SER_OVERLAP_BELOW_AUTO_MIN;SER_MISSING_ROW_SEMANTICS_UNCONFIRMED,,,PROPOSE,PROPOSE_SERIES_STRONG_CAPPED,leapmotor.leapmotor_b10,EQUIVALENT,true,STRONG_FLIPS,false,,,,272,260,260,2025-11,2026-09,260,260,260,leapmotor-leapmotor-b10,leapmotor-leapmotor-b10,"leapmotor.leapmotor_c10 (CONTRADICTION, WEAK, corr 0.765 ratio 0.477)",,,,
265,4,outcome changes materially under the common-overlap window,4,,0.9788,"Is Ice 'MINI JCW RHD' (MINI, mini-mini-jcw-rhd) the same vehicle as TDR 'JCW E' (mini.jcw_e)? Verdict applies to the candidate shown on this row.",mini-mini-jcw-rhd,MINI JCW RHD,MINI,settled,Hatchback,mini.jcw_e,JCW E,MINI,CURRENT,HATCHBACK,LEGACY_CANDIDATE;LEGACY_STORED;V1_POOL,PROPOSED,NAME,177,0.9247451571433908,0.7186311787072244,0.6666666666666666,2024-10,2026-09,24,8,2024-10;2024-11;2024-12;2025-01;2025-02;2025-03;2025-04;2026-09,EQUIVALENT,EXACT,SIBLING,0.5,WEAK,,0.943647,0.851351,0.875,16,16,222.0,189.0,2025-05,2026-08,8,BRND_EXACT,NAME_ONLY_NOT_AUTO;SER_MISSING_ROW_SEMANTICS_UNCONFIRMED;GEN_LIFECYCLE_PARTIAL;LIN_EVIDENCE_QUARANTINE;SER_CORRELATION_BELOW_STRONG;SER_RATIO_OUT_OF_BAND,NAME_SIBLING_VARIANT,,NO_CANDIDATE,NO_CANDIDATE_ALL_EXCLUDED,,,true,RATIO,true,NEW_SPLIT;OLD_SPLIT,SPLIT:mini-mini-cooper-ev>mini-mini-jcw-rhd 5.4% | SPLIT:mini-mini-jcw-rhd>mini-countryman 10.25%,NOOP:LIN_SPLIT_PARENT_RETAINED;QUARANTINE:LIN_EVIDENCE_QUARANTINE,581,182,258,2021-01,2026-09,189,159,189,mini-mini-jcw-rhd,,,,,,
266,4,outcome changes materially under the common-overlap window,4,,0.9789,"Is Ice 'Sorento' (KIA, kia-sorento) the same vehicle as TDR 'Sorento' (kia.sorento)? Verdict applies to the candidate shown on this row.",kia-sorento,Sorento,KIA,settled,SUV,kia.sorento,Sorento,Kia,CURRENT,CROSSOVER,LEGACY_CANDIDATE;LEGACY_STORED;V1_POOL;V1_PRIMARY,PROPOSED,NAME,207,0.9564069093438266,0.9647577092511013,1.0,2024-10,2026-09,24,1,2026-09,EQUIVALENT,EXACT,EQUAL,1.0,STRONG,,1.0,1.0,1.0,24,24,235.0,235.0,2024-09,2026-08,0,BRND_EXACT;NAME_EQUAL;SER_STRONG,,,,AUTO,AUTO_ALL_GATES_PASSED,kia.sorento,EQUIVALENT,true,STRONG_FLIPS,true,,,,292,94,235,2024-07,2026-09,284,94,235,KIA|SOUL;kia-sorento,kia-sorento,,,,,
267,4,outcome changes materially under the common-overlap window,4,,0.979,"Is Ice 'Mercedes-Benz G-Class' (MERCEDES BENZ, mercedes-benz-mercedes-benz-g-class) the same vehicle as TDR 'G-Class' (mercedes_benz.g_class)? Verdict applies to the candidate shown on this row.",mercedes-benz-mercedes-benz-g-class,Mercedes-Benz G-Class,MERCEDES BENZ,settled,SUV,mercedes_benz.g_class,G-Class,Mercedes-Benz,CURRENT,OFFROAD,V1_POOL;V1_PRIMARY,,,,0.7382302242560713,1.0384615384615385,1.0,2024-10,2026-09,24,1,2026-09,EQUIVALENT,EXACT,EQUAL,1.0,WEAK,,0.943759,1.128889,0.875,24,24,225.0,254.0,2024-09,2026-08,0,BRND_EXACT;NAME_EQUAL,NAME_ONLY_NOT_AUTO;LIN_EVIDENCE_QUARANTINE;SER_CORRELATION_BELOW_STRONG;SER_RATIO_OUT_OF_BAND,,,PROPOSE,PROPOSE_NAME_MATCH_SERIES_NOT_STRONG,mercedes_benz.g_class,EQUIVALENT,true,CORRELATION,true,NEW_SPLIT,SPLIT:mercedes-benz-mercedes-benz-amg-g>mercedes-benz-mercedes-benz-g-class 0.88%,QUARANTINE:LIN_EVIDENCE_QUARANTINE,529,136,225,2021-01,2026-09,615,154,254,,mercedes-benz-mercedes-benz-g-class,,,,,
268,4,outcome changes materially under the common-overlap window,4,,0.9792,"Is Ice 'BMW M3' (BMW, bmw-bmw-m3) the same vehicle as TDR 'XM' (bmw.xm)? Verdict applies to the candidate shown on this row.",bmw-bmw-m3,BMW M3,BMW,settled,Sedan,bmw.xm,XM,BMW,CURRENT,CROSSOVER,LEGACY_CANDIDATE;LEGACY_STORED;V1_POOL,PROPOSED,NAME,174,0.14774102081679746,0.591304347826087,0.5,2024-10,2026-09,24,1,2026-09,EQUIVALENT,EXACT,CONTRADICTION,0.0,WEAK,,0.311367,0.647321,0.541667,24,24,224.0,145.0,2024-09,2026-08,0,BRND_EXACT,NAME_ONLY_NOT_AUTO;ATTR_BODY_MISMATCH;SER_CORRELATION_BELOW_STRONG;SER_RATIO_OUT_OF_BAND,NAME_CONTRADICTION;SERIES_DECISIVELY_WRONG,,NO_CANDIDATE,NO_CANDIDATE_ALL_EXCLUDED,,,true,CORRELATION,true,,,,639,108,224,2021-05,2026-09,212,56,145,bmw-bmw-m3;bmw-bmw-xm,bmw-bmw-xm,"bmw.bmw_x3 (CONTRADICTION, WEAK, corr -0.103 ratio 7.295) | bmw.i3 (CONTRADICTION, UNAVAILABLE) | bmw.bmw_ix3 (CONTRADICTION, WEAK, corr -0.037 ratio 3.290)",,,,
269,4,outcome changes materially under the common-overlap window,4,,0.9793,"Is Ice 'BMW i7' (BMW, bmw-bmw-i7) the same vehicle as TDR 'i7' (bmw.i7)? Verdict applies to the candidate shown on this row.",bmw-bmw-i7,BMW i7,BMW,settled,Sedan,bmw.i7,i7,BMW,CURRENT,SEDAN,LEGACY_CANDIDATE;LEGACY_STORED;V1_POOL;V1_PRIMARY,PROPOSED,NAME,192,0.960168092351394,0.9354838709677419,1.0,2024-10,2026-09,24,1,2026-09,EQUIVALENT,EXACT,EQUAL,1.0,STRONG,,0.980365,0.963134,0.958333,24,24,217.0,209.0,2024-09,2026-08,0,BRND_EXACT;NAME_EQUAL;SER_STRONG,,,,AUTO,AUTO_ALL_GATES_PASSED,bmw.i7,EQUIVALENT,true,STRONG_FLIPS,true,,,,385,143,217,2023-02,2026-09,367,142,209,bmw-bmw-i7,bmw-bmw-i7,"bmw.bmw_i4 (CONTRADICTION, WEAK, corr -0.095 ratio 0.834) | bmw.i3 (CONTRADICTION, UNAVAILABLE) | bmw.i5 (CONTRADICTION, WEAK, corr 0.442 ratio 2.406)",,,,
270,4,outcome changes materially under the common-overlap window,4,,0.9793,"Is Ice 'GWM Poer' (GWM, gwm-gwm-poer) the same vehicle as TDR 'Poer Sahar' (gwm.poer_sahar)? Verdict applies to the candidate shown on this row.",gwm-gwm-poer,GWM Poer,GWM,settled,Pickup,gwm.poer_sahar,Poer Sahar,GWM,CURRENT,PICKUP,LEGACY_CANDIDATE;LEGACY_STORED;V1_POOL;V1_PRIMARY,PROPOSED,NAME,218,0.8948976694946361,0.8922413793103449,0.5714285714285714,2023-12,2026-09,21,1,2026-09,EQUIVALENT,EXACT,SUBJECT_COARSER,0.666667,STRONG,,1.0,1.0,1.0,18,18,205.0,205.0,2024-12,2026-08,6,BRND_EXACT;SER_STRONG,NAME_CONTAINMENT_SUBJECT_COARSER;SER_MISSING_ROW_SEMANTICS_UNCONFIRMED,,,PROPOSE,PROPOSE_SERIES_STRONG_CAPPED,gwm.poer_sahar,EQUIVALENT,true,STRONG_FLIPS;CORRELATION;RATIO,false,NEW_MERGE,MERGE:gwm-sahar-hybrid__provisional>gwm-gwm-poer 100% | MERGE:gwm-sahar__provisional>gwm-gwm-poer 100%,NOOP:LIN_ALREADY_APPLIED,232,187,205,2023-12,2026-09,207,187,205,gwm-gwm-poer,gwm-gwm-poer,"gwm.ora_03 (CONTRADICTION, UNAVAILABLE)",,,,
271,4,outcome changes materially under the common-overlap window,4,,0.9794,"Is Ice 'Leapmotor C10' (LEAPMOTOR, leapmotor-leapmotor-c10) the same vehicle as TDR 'Leapmotor C10' (leapmotor.leapmotor_c10)? Verdict applies to the candidate shown on this row.",leapmotor-leapmotor-c10,Leapmotor C10,LEAPMOTOR,settled,SUV,leapmotor.leapmotor_c10,Leapmotor C10,Leapmotor,CURRENT,CROSSOVER,LEGACY_CANDIDATE;LEGACY_STORED;V1_POOL;V1_PRIMARY,PROPOSED,NAME,222,0.945583516401891,0.9665071770334929,1.0,2025-01,2026-09,21,1,2026-09,EQUIVALENT,EXACT,EQUAL,1.0,STRONG,,1.0,1.0,1.0,20,20,202.0,202.0,2025-01,2026-08,4,BRND_EXACT;NAME_EQUAL;SER_STRONG,SER_MISSING_ROW_SEMANTICS_UNCONFIRMED,,,PROPOSE,PROPOSE_SERIES_STRONG_CAPPED,leapmotor.leapmotor_c10,EQUIVALENT,true,STRONG_FLIPS;CORRELATION,false,,,,209,142,202,2025-01,2026-09,202,142,202,leapmotor-leapmotor-c10,leapmotor-leapmotor-c10,"leapmotor.leapmotor_b10 (CONTRADICTION, WEAK, corr 0.765 ratio 2.097)",,,,
272,4,outcome changes materially under the common-overlap window,4,,0.9795,"Is Ice 'Porsche 718' (PORSCHE, porsche-porsche-718) the same vehicle as TDR '718' (porsche.718)? Verdict applies to the candidate shown on this row.",porsche-porsche-718,Porsche 718,PORSCHE,settled,Coupe/Convertible,porsche.718,718,Porsche,CURRENT,COUPE,LEGACY_CANDIDATE;LEGACY_STORED;V1_POOL;V1_PRIMARY,PROPOSED,NAME,188,0.9630821894158552,0.9726775956284153,1.0,2024-10,2026-09,24,1,2026-09,EQUIVALENT,EXACT,EQUAL,1.0,STRONG,,1.0,1.0,1.0,24,24,183.0,183.0,2024-09,2026-08,0,BRND_EXACT;NAME_EQUAL;SER_STRONG,,,,AUTO,AUTO_ALL_GATES_PASSED,porsche.718,EQUIVALENT,true,STRONG_FLIPS,true,,,,477,87,183,2021-01,2026-09,476,87,183,porsche-porsche-718,porsche-porsche-718,,,,,
273,4,outcome changes materially under the common-overlap window,4,,0.9796,"Is Ice 'GR86' (TOYOTA, toyota-gr86) the same vehicle as TDR 'GR86' (toyota.gr86)? Verdict applies to the candidate shown on this row.",toyota-gr86,GR86,TOYOTA,settled,Coupe/Convertible,toyota.gr86,GR86,Toyota,CURRENT,COUPE,LEGACY_CANDIDATE;LEGACY_STORED;V1_POOL;V1_PRIMARY,PROPOSED,NAME,196,0.4907869922445271,0.9130434782608695,1.0,2024-10,2026-09,24,1,2026-09,EQUIVALENT,EXACT,EQUAL,1.0,STRONG,,1.0,1.0,1.0,24,24,171.0,171.0,2024-09,2026-08,0,BRND_EXACT;NAME_EQUAL;SER_STRONG,LIN_EVIDENCE_QUARANTINE,,,PROPOSE,PROPOSE_SERIES_STRONG_CAPPED,toyota.gr86,EQUIVALENT,true,STRONG_FLIPS;CORRELATION,false,NEW_SPLIT,SPLIT:toyota-toyota-gr>toyota-gr86 80.84%,QUARANTINE:LIN_EVIDENCE_QUARANTINE;REDIRECT:LIN_REDIRECT_RETIRED_SPLIT,350,99,171,2022-03,2026-09,334,99,171,TOYOTA|GT86 RACING;toyota-86__provisional;toyota-gr86,toyota-gr86,,,,,
274,4,outcome changes materially under the common-overlap window,4;6,,0.9797,"Is Ice 'Audi Q8' (AUDI, audi-audi-q8) the same vehicle as TDR 'Audi Q8 e-tron' (audi.q8_etron)? Verdict applies to the candidate shown on this row.",audi-audi-q8,Audi Q8,AUDI,settled,SUV,audi.q8_etron,Audi Q8 e-tron,Audi,CURRENT,CROSSOVER,LEGACY_CANDIDATE;LEGACY_STORED;V1_POOL,PROPOSED,NAME,201,0.7903154569030625,0.46745562130177515,0.36363636363636365,2024-10,2026-09,24,4,2026-02;2026-07;2026-08;2026-09,EQUIVALENT,EXACT,SUBJECT_COARSER,0.5,WEAK,,0.680321,0.491329,0.409091,22,22,173.0,85.0,2024-07,2026-06,4,BRND_EXACT,NAME_CONTAINMENT_SUBJECT_COARSER;NAME_ONLY_NOT_AUTO;SER_MISSING_ROW_SEMANTICS_UNCONFIRMED;SER_CORRELATION_BELOW_STRONG;SER_RATIO_OUT_OF_BAND,SERIES_DECISIVELY_WRONG,,PROPOSE,PROPOSE_COMPOSED_OF,audi.q8+audi.q8_etron,COMPOSED_OF,true,CORRELATION,false,,,,327,69,170,2021-01,2026-09,121,33,79,AUDI|R8 SPYDER V10;audi-audi-e-tron;audi-audi-q8;audi-r8-coupe-v10-performance__provisional;audi-r8-coupe-v10__provisional;audi-r8-spyder-v10-performance__provisional;audi-sq8-vorsprung-tdi-quattro__provisional,audi-audi-q8,"audi.q8+audi.q8_etron (SUBJECT_COARSER, STRONG, corr 1.000 ratio 1.000) | audi.q8 (EQUAL, WEAK, corr 0.662 ratio 0.535) | audi.a8 (CONTRADICTION, UNAVAILABLE)",,,,
275,4,outcome changes materially under the common-overlap window,4,,0.9798,"Is Ice 'Mercedes-Benz Sprinter' (MERCEDES BENZ, mercedes-benz-mercedes-benz-sprinter) the same vehicle as TDR 'Sprinter' (mercedes_benz.sprinter)? Verdict applies to the candidate shown on this row.",mercedes-benz-mercedes-benz-sprinter,Mercedes-Benz Sprinter,MERCEDES BENZ,settled,Van,mercedes_benz.sprinter,Sprinter,Mercedes-Benz,CURRENT,VAN,V1_POOL;V1_PRIMARY,,,,0.9627130032001293,0.975,1.0,2024-10,2026-09,24,1,2026-09,EQUIVALENT,EXACT,EQUAL,1.0,STRONG,,1.0,1.0,1.0,24,24,165.0,165.0,2024-09,2026-08,0,BRND_EXACT;NAME_EQUAL;SER_STRONG,GEN_LIFECYCLE_PARTIAL,,,PROPOSE,PROPOSE_SERIES_STRONG_CAPPED,mercedes_benz.sprinter,EQUIVALENT,true,STRONG_FLIPS,true,,,,409,89,165,2021-01,2026-09,405,89,165,,mercedes-benz-mercedes-benz-sprinter,,,,,
276,4,outcome changes materially under the common-overlap window,4,,0.9798,"Is Ice 'BMW M2' (BMW, bmw-bmw-m2) the same vehicle as TDR 'iX2' (bmw.ix2)? Verdict applies to the candidate shown on this row.",bmw-bmw-m2,BMW M2,BMW,settled,Sedan,bmw.ix2,iX2,BMW,CURRENT,CROSSOVER,LEGACY_CANDIDATE;LEGACY_STORED;V1_POOL,PROPOSED,NAME,203,0.12512528495361014,0.5,0.4,2024-10,2026-09,24,4,2026-01;2026-02;2026-04;2026-09,EQUIVALENT,EXACT,CONTRADICTION,0.0,WEAK,,0.038095,0.571429,0.47619,21,21,140.0,80.0,2024-09,2026-08,3,BRND_EXACT,NAME_ONLY_NOT_AUTO;SER_MISSING_ROW_SEMANTICS_UNCONFIRMED;ATTR_BODY_MISMATCH;SER_CORRELATION_BELOW_STRONG;SER_RATIO_OUT_OF_BAND,NAME_CONTRADICTION;SERIES_DECISIVELY_WRONG,,NO_CANDIDATE,NO_CANDIDATE_ALL_EXCLUDED,,,true,CORRELATION;RATIO,true,,,,300,72,155,2021-01,2026-09,106,19,80,bmw-bmw-ix2;bmw-bmw-m2,bmw-bmw-ix2,"bmw.xm (CONTRADICTION, WEAK, corr -0.003 ratio 0.935)",,,,
277,4,outcome changes materially under the common-overlap window,4,,0.98,"Is Ice 'Mercedes-Benz V-Class' (MERCEDES BENZ, mercedes-benz-mercedes-benz-v-class) the same vehicle as TDR 'V-Class' (mercedes_benz.v_class)? Verdict applies to the candidate shown on this row.",mercedes-benz-mercedes-benz-v-class,Mercedes-Benz V-Class,MERCEDES BENZ,settled,MPV,mercedes_benz.v_class,V-Class,Mercedes-Benz,CURRENT,VAN,V1_POOL;V1_PRIMARY,,,,0.9293904307807026,0.934640522875817,1.0,2024-10,2026-09,24,1,2026-09,EQUIVALENT,EXACT,EQUAL,1.0,STRONG,,1.0,1.0,1.0,24,24,147.0,147.0,2024-09,2026-08,0,BRND_EXACT;NAME_EQUAL;SER_STRONG,ATTR_BODY_MISMATCH;GEN_LIFECYCLE_PARTIAL;LIN_EVIDENCE_QUARANTINE,,,PROPOSE,PROPOSE_SERIES_STRONG_CAPPED,mercedes_benz.v_class,EQUIVALENT,true,STRONG_FLIPS;CORRELATION,true,NEW_SPLIT,SPLIT:mercedes-benz-mercedes-benz-amg-cls>mercedes-benz-mercedes-benz-v-class 1.65%,QUARANTINE:LIN_EVIDENCE_QUARANTINE,517,81,147,2021-01,2026-09,479,81,147,,mercedes-benz-mercedes-benz-v-class,,,,,
278,4,outcome changes materially under the common-overlap window,4,,0.9801,"Is Ice 'Mercedes GLS' (MERCEDES BENZ, mercedes-benz-mercedes-gls) the same vehicle as TDR 'GLS' (mercedes_benz.gls)? Verdict applies to the candidate shown on this row.",mercedes-benz-mercedes-gls,Mercedes GLS,MERCEDES BENZ,settled,SUV,mercedes_benz.gls,GLS,Mercedes-Benz,CURRENT,CROSSOVER,V1_POOL;V1_PRIMARY,,,,0.9618202930437632,0.9361702127659575,0.4,2024-10,2026-09,24,3,2025-04;2026-02;2026-09,EQUIVALENT,EXACT,EQUAL,1.0,STRONG,,0.996099,0.985294,1.0,22,22,136.0,134.0,2024-09,2026-08,2,BRND_EXACT;NAME_EQUAL;SER_STRONG,SER_MISSING_ROW_SEMANTICS_UNCONFIRMED;GEN_LIFECYCLE_PARTIAL;LIN_EVIDENCE_QUARANTINE,,,PROPOSE,PROPOSE_SERIES_STRONG_CAPPED,mercedes_benz.gls,EQUIVALENT,true,STRONG_FLIPS,true,NEW_MERGE;NEW_SPLIT,SPLIT:mercedes-benz-mercedes-benz-s350d>mercedes-benz-mercedes-gls 44.06% | MERGE:mercedes-benz-mercedes-benz-gls-class>mercedes-benz-mercedes-gls 100%,NOOP:LIN_ALREADY_APPLIED;NOOP:LIN_SPLIT_PARENT_RETAINED;QUARANTINE:LIN_EVIDENCE_QUARANTINE,549,53,139,2021-03,2026-09,527,52,134,,mercedes-benz-mercedes-gls,,,,,
279,4,outcome changes materially under the common-overlap window,4,,0.9802,"Is Ice 'Daihatsu Hijet' (DAIHATSU, daihatsu-daihatsu-hijet) the same vehicle as TDR 'Hijet' (daihatsu.hijet)? Verdict applies to the candidate shown on this row.",daihatsu-daihatsu-hijet,Daihatsu Hijet,DAIHATSU,settled,Van,daihatsu.hijet,Hijet,Daihatsu,CURRENT,VAN,LEGACY_CANDIDATE;LEGACY_STORED;V1_POOL;V1_PRIMARY,PROPOSED,NAME,193,0.9304809966971385,0.9632352941176471,1.0,2024-10,2026-09,24,1,2026-09,EQUIVALENT,EXACT,EQUAL,1.0,STRONG,,1.0,1.0,1.0,24,24,136.0,136.0,2024-09,2026-08,0,BRND_EXACT;NAME_EQUAL;SER_STRONG,,,,AUTO,AUTO_ALL_GATES_PASSED,daihatsu.hijet,EQUIVALENT,true,STRONG_FLIPS;CORRELATION,true,,,,369,62,136,2021-01,2026-09,364,62,136,daihatsu-daihatsu-hijet,daihatsu-daihatsu-hijet,,,,,
280,4,outcome changes materially under the common-overlap window,4,,0.9803,"Is Ice 'Mercedes-Benz CLA-Class' (MERCEDES BENZ, mercedes-benz-mercedes-benz-cla-class) the same vehicle as TDR 'CLA' (mercedes_benz.cla)? Verdict applies to the candidate shown on this row.",mercedes-benz-mercedes-benz-cla-class,Mercedes-Benz CLA-Class,MERCEDES BENZ,settled,Sedan,mercedes_benz.cla,CLA,Mercedes-Benz,CURRENT,SEDAN,V1_POOL;V1_PRIMARY,,,,0.6953234558485879,0.6015037593984962,0.5,2023-02,2026-09,24,5,2023-04;2024-01;2024-04;2025-08;2026-09,EQUIVALENT,EXACT,EQUAL,1.0,STRONG,,1.0,1.0,1.0,6,6,131.0,131.0,2025-01,2026-08,18,BRND_EXACT;NAME_EQUAL;SER_STRONG,SER_OVERLAP_BELOW_AUTO_MIN;SER_MISSING_ROW_SEMANTICS_UNCONFIRMED;GEN_LIFECYCLE_PARTIAL;LIN_EVIDENCE_QUARANTINE,,,PROPOSE,PROPOSE_SERIES_STRONG_CAPPED,mercedes_benz.cla,EQUIVALENT,true,STRONG_FLIPS;CORRELATION;RATIO,true,NEW_MERGE;NEW_SPLIT,MERGE:mercedes-benz-mercedes-acla>mercedes-benz-mercedes-benz-cla-class 100% | SPLIT:mercedes-benz-mercedes-benz-amg-c>mercedes-benz-mercedes-benz-cla-class 6.11% | MERGE:MERCEDES BENZ|CLA200>mercedes-benz-mercedes-benz-cla-class 100%,NOOP:LIN_ALREADY_APPLIED;NOOP:LIN_SPLIT_PARENT_RETAINED;QUARANTINE:LIN_EVIDENCE_QUARANTINE,429,128,132,2021-01,2026-09,274,128,131,,mercedes-benz-mercedes-benz-cla-class,,,,,
281,4,outcome changes materially under the common-overlap window,4,,0.9803,"Is Ice 'Volvo ES90' (VOLVO, volvo-volvo-es90) the same vehicle as TDR 'EC40' (volvo.ec40)? Verdict applies to the candidate shown on this row.",volvo-volvo-es90,Volvo ES90,VOLVO,settled,Sedan,volvo.ec40,EC40,Volvo,CURRENT,CROSSOVER,LEGACY_CANDIDATE;LEGACY_STORED;V1_POOL,PROPOSED,NAME,240,0.43631299496168363,1.186206896551724,0.5,2026-03,2026-09,7,1,2026-09,EQUIVALENT,EXACT,CONTRADICTION,0.0,WEAK,,0.487014,1.34375,0.5,6,6,128.0,172.0,2026-03,2026-08,18,BRND_EXACT,NAME_ONLY_NOT_AUTO;SER_MISSING_ROW_SEMANTICS_UNCONFIRMED;ATTR_BODY_MISMATCH;SER_CORRELATION_BELOW_STRONG;SER_RATIO_OUT_OF_BAND,NAME_CONTRADICTION;SERIES_DECISIVELY_WRONG,,NO_CANDIDATE,NO_CANDIDATE_ALL_EXCLUDED,,,true,CORRELATION;RATIO,true,,,,145,128,128,2026-03,2026-09,698,335,695,volvo-volvo-es90,,"volvo.s90 (CONTRADICTION, UNAVAILABLE) | volvo.ex90 (CONTRADICTION, WEAK, corr 0.298 ratio 0.266) | volvo.s60 (CONTRADICTION, UNAVAILABLE)",,,,
282,4,outcome changes materially under the common-overlap window,4,,0.9804,"Is Ice 'X-Trail' (NISSAN, nissan-x-trail) the same vehicle as TDR 'X-Trail' (nissan.x_trail)? Verdict applies to the candidate shown on this row.",nissan-x-trail,X-Trail,NISSAN,settled,SUV,nissan.x_trail,X-Trail,Nissan,CURRENT,CROSSOVER,LEGACY_CANDIDATE;LEGACY_STORED;V1_POOL;V1_PRIMARY,PROPOSED,NAME,212,0.6289534910201735,1.2650602409638554,1.0,2023-01,2026-09,24,1,2026-09,EQUIVALENT,EXACT,EQUAL,1.0,WEAK,,0.612997,1.536,0.818182,11,11,125.0,192.0,2025-03,2026-08,13,BRND_EXACT;NAME_EQUAL,NAME_ONLY_NOT_AUTO;SER_MISSING_ROW_SEMANTICS_UNCONFIRMED;GEN_LIFECYCLE_PARTIAL;SER_CORRELATION_BELOW_STRONG;SER_RATIO_OUT_OF_BAND,,,PROPOSE,PROPOSE_NAME_MATCH_SERIES_NOT_STRONG,nissan.x_trail,EQUIVALENT,true,RATIO,false,,,,266,121,125,2021-01,2026-09,391,269,273,nissan-x-trail,nissan-x-trail,"nissan.terra (CONTRADICTION, WEAK, corr -0.505 ratio 3.206) | nissan.gtr (CONTRADICTION, UNAVAILABLE)",,,,
283,4,outcome changes materially under the common-overlap window,4,,0.9805,"Is Ice 'BMW Z4' (BMW, bmw-bmw-z4) the same vehicle as TDR 'Z4' (bmw.z4)? Verdict applies to the candidate shown on this row.",bmw-bmw-z4,BMW Z4,BMW,settled,Coupe/Convertible,bmw.z4,Z4,BMW,CURRENT,COUPE,LEGACY_CANDIDATE;LEGACY_STORED;V1_POOL;V1_PRIMARY,PROPOSED,NAME,181,0.8462958079988776,0.9482758620689655,1.0,2024-10,2026-09,24,1,2026-09,EQUIVALENT,EXACT,EQUAL,1.0,STRONG,,1.0,1.0,1.0,24,24,121.0,121.0,2024-09,2026-08,0,BRND_EXACT;NAME_EQUAL;SER_STRONG,GEN_LIFECYCLE_PARTIAL,,,PROPOSE,PROPOSE_SERIES_STRONG_CAPPED,bmw.z4,EQUIVALENT,true,STRONG_FLIPS;CORRELATION,false,,,,562,48,121,2021-01,2026-09,556,48,121,bmw-bmw-m4;bmw-bmw-z4,bmw-bmw-z4,"bmw.bmw_i4 (CONTRADICTION, WEAK, corr 0.439 ratio 1.496) | bmw.x4 (CONTRADICTION, WEAK, corr 0.438 ratio 4.876)",,,,
284,4,outcome changes materially under the common-overlap window,4,,0.9806,"Is Ice 'e6' (BYD, byd-e6) the same vehicle as TDR 'BYD M6' (byd.byd_m6)? Verdict applies to the candidate shown on this row.",byd-e6,e6,BYD,settled,MPV,byd.byd_m6,BYD M6,BYD,CURRENT,MPV,LEGACY_CANDIDATE;LEGACY_STORED;V1_POOL,PROPOSED,NAME,190,-0.007594753996298786,8.875,0.5,2023-09,2026-07,24,1,2024-07,EQUIVALENT,EXACT,CONTRADICTION,0.0,WEAK,,0.364631,24.084746,0.066667,15,15,118.0,2842.0,2024-08,2026-07,10,BRND_EXACT,NAME_ONLY_NOT_AUTO;SER_MISSING_ROW_SEMANTICS_UNCONFIRMED;GEN_LIFECYCLE_PARTIAL;SER_CORRELATION_BELOW_STRONG;SER_RATIO_OUT_OF_BAND,NAME_CONTRADICTION;SERIES_DECISIVELY_WRONG,,NO_CANDIDATE,NO_CANDIDATE_ALL_EXCLUDED,,,true,CORRELATION;RATIO,true,,,,420,94,112,2021-10,2026-07,3934,1402,3812,BYD|M3;byd-e6;byd-m6,byd-m6,,,,,
285,4,outcome changes materially under the common-overlap window,4,,0.9806,"Is Ice 'JAC HFC1040EV3' (JAC, jac-jac-hfc1040ev3) the same vehicle as TDR 'JAC Truck' (jac.jac_truck)? Verdict applies to the candidate shown on this row.",jac-jac-hfc1040ev3,JAC HFC1040EV3,JAC,settled,Truck,jac.jac_truck,JAC Truck,JAC,CURRENT,TRUCK,LEGACY_CANDIDATE;LEGACY_STORED;V1_POOL,PROPOSED,SERIES,253,0.9999999999999998,1.0,0.13333333333333333,2024-10,2026-08,18,0,,EQUIVALENT,EXACT,CONTRADICTION,0.0,STRONG,,1.0,1.0,1.0,18,18,97.0,97.0,2024-10,2026-08,6,BRND_EXACT;SER_STRONG,SER_VOLUME_BELOW_AUTO_MIN;SER_MISSING_ROW_SEMANTICS_UNCONFIRMED,NAME_CONTRADICTION,,NO_CANDIDATE,NO_CANDIDATE_ALL_EXCLUDED,,,false,,true,,,,97,30,97,2024-10,2026-08,99,31,98,jac-jac-hfc1040ev3,,,,,,
286,4,outcome changes materially under the common-overlap window,4,,0.9807,"Is Ice 'Land Rover Defender' (LAND ROVER, land-rover-land-rover-defender) the same vehicle as TDR 'Defender' (land_rover.defender)? Verdict applies to the candidate shown on this row.",land-rover-land-rover-defender,Land Rover Defender,LAND ROVER,settled,SUV,land_rover.defender,Defender,Land Rover,CURRENT,CROSSOVER,LEGACY_CANDIDATE;LEGACY_STORED;V1_POOL;V1_PRIMARY,PROPOSED,NAME,209,0.9496256677057823,0.9545454545454546,1.0,2024-08,2026-09,24,1,2026-09,EQUIVALENT,EXACT,EQUAL,1.0,STRONG,,1.0,1.0,1.0,22,22,83.0,83.0,2024-09,2026-08,2,BRND_EXACT;NAME_EQUAL;SER_STRONG,SER_VOLUME_BELOW_AUTO_MIN;SER_MISSING_ROW_SEMANTICS_UNCONFIRMED,,,PROPOSE,PROPOSE_SERIES_STRONG_CAPPED,land_rover.defender,EQUIVALENT,true,STRONG_FLIPS;CORRELATION,false,,,,280,46,83,2021-01,2026-09,276,46,83,land-rover-land-rover-defender,land-rover-land-rover-defender,,,,,
287,4,outcome changes materially under the common-overlap window,4,,0.9807,"Is Ice 'Volvo EX90' (VOLVO, volvo-volvo-ex90) the same vehicle as TDR 'EX90' (volvo.ex90)? Verdict applies to the candidate shown on this row.",volvo-volvo-ex90,Volvo EX90,VOLVO,settled,SUV,volvo.ex90,EX90,Volvo,CURRENT,CROSSOVER,LEGACY_CANDIDATE;LEGACY_STORED;V1_POOL;V1_PRIMARY,PROPOSED,NAME,258,0.9078451123113266,0.9431818181818182,1.0,2025-04,2026-09,18,1,2026-09,EQUIVALENT,EXACT,EQUAL,1.0,STRONG,,1.0,1.0,1.0,17,17,83.0,83.0,2025-04,2026-08,7,BRND_EXACT;NAME_EQUAL;SER_STRONG,SER_VOLUME_BELOW_AUTO_MIN;SER_MISSING_ROW_SEMANTICS_UNCONFIRMED,,,PROPOSE,PROPOSE_SERIES_STRONG_CAPPED,volvo.ex90,EQUIVALENT,true,STRONG_FLIPS;CORRELATION,false,,,,88,59,83,2025-04,2026-09,83,59,83,volvo-volvo-ex90,volvo-volvo-ex90,"volvo.ex30 (CONTRADICTION, WEAK, corr -0.314 ratio 9.590) | volvo.ex40 (CONTRADICTION, WEAK, corr 0.085 ratio 8.277) | volvo.xc90 (CONTRADICTION, WEAK, corr -0.253 ratio 2.000)",,,,
288,4,outcome changes materially under the common-overlap window,4,,0.9808,"Is Ice 'Wuling Porta EV' (WULING, wuling-wuling-porta-ev) the same vehicle as TDR 'Wuling Darion EV' (wuling.wuling_darion)? Verdict applies to the candidate shown on this row.",wuling-wuling-porta-ev,Wuling Porta EV,WULING,settled,Van,wuling.wuling_darion,Wuling Darion EV,Wuling,CURRENT,MPV,LEGACY_CANDIDATE;LEGACY_STORED;V1_POOL,PROPOSED,NAME,226,-0.4951366161520353,5.728260869565218,0.47058823529411764,2026-07,2026-09,3,1,2026-09,EQUIVALENT,EXACT,SIBLING,0.5,UNAVAILABLE,SER_OVERLAP_BELOW_PROPOSE_MIN,,,,2,2,79.0,1054.0,2026-07,2026-08,22,BRND_EXACT,NAME_ONLY_NOT_AUTO;SER_MISSING_ROW_SEMANTICS_UNCONFIRMED;ATTR_BODY_MISMATCH,NAME_SIBLING_VARIANT,SER_OVERLAP_BELOW_PROPOSE_MIN,PROPOSE,PROPOSE_NAME_MATCH_SERIES_NOT_STRONG,wuling.wuling_porta,EQUIVALENT,true,AVAILABILITY,false,,,,184,79,79,2026-07,2026-09,1054,1054,1054,wuling-darion;wuling-wuling-porta-ev,,"wuling.wuling_porta (EQUAL, UNAVAILABLE) | wuling.wuling_air_ev (SIBLING, UNAVAILABLE)",,,,
289,4,outcome changes materially under the common-overlap window,4,,0.9808,"Is Ice 'Wuling Porta EV' (WULING, wuling-wuling-porta-ev) the same vehicle as TDR 'Wuling Porta EV' (wuling.wuling_porta)? Verdict applies to the candidate shown on this row.",wuling-wuling-porta-ev,Wuling Porta EV,WULING,settled,Van,wuling.wuling_porta,Wuling Porta EV,Wuling,CURRENT,VAN,LEGACY_CANDIDATE;V1_POOL;V1_PRIMARY,,,,-0.901367984607647,0.42934782608695654,1.0,2026-07,2026-09,3,1,2026-09,EQUIVALENT,EXACT,EQUAL,1.0,UNAVAILABLE,SER_OVERLAP_BELOW_PROPOSE_MIN,,,,2,2,79.0,79.0,2026-07,2026-08,22,BRND_EXACT;NAME_EQUAL,NAME_ONLY_NOT_AUTO;SER_MISSING_ROW_SEMANTICS_UNCONFIRMED,,SER_OVERLAP_BELOW_PROPOSE_MIN,PROPOSE,PROPOSE_NAME_MATCH_SERIES_NOT_STRONG,wuling.wuling_porta,EQUIVALENT,true,AVAILABILITY,false,,,,184,79,79,2026-07,2026-09,79,79,79,,wuling-wuling-porta-ev,"wuling.wuling_air_ev (SIBLING, UNAVAILABLE) | wuling.wuling_darion (SIBLING, UNAVAILABLE)",,,,
290,4,outcome changes materially under the common-overlap window,4,,0.9808,"Is Ice 'Peugeot 408' (PEUGEOT, peugeot-peugeot-408) the same vehicle as TDR 'Peugeot 3008' (peugeot.peugeot_3008)? Verdict applies to the candidate shown on this row.",peugeot-peugeot-408,Peugeot 408,PEUGEOT,settled,SUV,peugeot.peugeot_3008,Peugeot 3008,Peugeot,CURRENT,CROSSOVER,LEGACY_CANDIDATE;LEGACY_STORED;V1_POOL,PROPOSED,NAME,264,0.4931102480085352,0.6708860759493671,0.5714285714285714,2024-10,2026-08,15,2,2025-07;2026-08,EQUIVALENT,EXACT,CONTRADICTION,0.0,WEAK,,0.482494,0.726027,0.538462,13,13,73.0,53.0,2024-10,2026-03,11,BRND_EXACT,NAME_ONLY_NOT_AUTO;SER_MISSING_ROW_SEMANTICS_UNCONFIRMED;SER_CORRELATION_BELOW_STRONG;SER_RATIO_OUT_OF_BAND,NAME_CONTRADICTION;SERIES_DECISIVELY_WRONG,,NO_CANDIDATE,NO_CANDIDATE_ALL_EXCLUDED,,,false,,true,,,,79,6,79,2024-10,2026-08,939,39,86,peugeot-peugeot-3008;peugeot-peugeot-408;peugeot-peugeot-5008,peugeot-peugeot-3008,"peugeot.peugeot_2008 (CONTRADICTION, WEAK, corr 0.121 ratio 0.671)",,,,
291,4,outcome changes materially under the common-overlap window,4,,0.9808,"Is Ice 'Nissan GT-R' (NISSAN, nissan-nissan-gt-r) the same vehicle as TDR 'Nissan GT-R' (nissan.gtr)? Verdict applies to the candidate shown on this row.",nissan-nissan-gt-r,Nissan GT-R,NISSAN,settled,Coupe/Convertible,nissan.gtr,Nissan GT-R,Nissan,CURRENT,COUPE,LEGACY_CANDIDATE;LEGACY_STORED;V1_POOL;V1_PRIMARY,PROPOSED,NAME,223,0.8641837871775979,0.9135802469135802,1.0,2024-09,2026-09,24,1,2026-09,EQUIVALENT,EXACT,EQUAL,1.0,STRONG,,0.989456,0.973684,1.0,23,23,76.0,74.0,2024-09,2026-08,1,BRND_EXACT;NAME_EQUAL;SER_STRONG,SER_VOLUME_BELOW_AUTO_MIN;SER_MISSING_ROW_SEMANTICS_UNCONFIRMED,,,PROPOSE,PROPOSE_SERIES_STRONG_CAPPED,nissan.gtr,EQUIVALENT,true,STRONG_FLIPS;CORRELATION,false,,,,194,42,76,2021-01,2026-09,183,41,74,nissan-nissan-gt-r,nissan-nissan-gt-r,"nissan.terra (CONTRADICTION, WEAK, corr -0.074 ratio 8.714) | nissan.x_trail (CONTRADICTION, WEAK, corr 0.103 ratio 7.556)",,,,
292,4,outcome changes materially under the common-overlap window,4,,0.9809,"Is Ice 'MINI Clubman' (MINI, mini-clubman) the same vehicle as TDR 'Countryman' (mini.countryman)? Verdict applies to the candidate shown on this row.",mini-clubman,MINI Clubman,MINI,settled,Wagon,mini.countryman,Countryman,MINI,CURRENT,CROSSOVER,LEGACY_CANDIDATE;LEGACY_STORED;V1_POOL,PROPOSED,NAME,194,0.7028459913098745,7.078313253012048,0.5882352941176471,2024-01,2026-09,24,1,2026-09,EQUIVALENT,EXACT,CONTRADICTION,0.0,WEAK,,0.690882,8.055556,0.0,17,17,90.0,725.0,2024-07,2026-06,9,BRND_EXACT,NAME_ONLY_NOT_AUTO;SER_MISSING_ROW_SEMANTICS_UNCONFIRMED;ATTR_BODY_MISMATCH;GEN_LIFECYCLE_PARTIAL;LIN_EVIDENCE_QUARANTINE;SER_CORRELATION_BELOW_STRONG;SER_RATIO_OUT_OF_BAND,NAME_CONTRADICTION;SERIES_DECISIVELY_WRONG,,NO_CANDIDATE,NO_CANDIDATE_ALL_EXCLUDED,,,true,RATIO,true,NEW_SPLIT,SPLIT:mini-mini-cooper-ev>mini-clubman 5.46%,NOOP:LIN_SPLIT_PARENT_RETAINED;QUARANTINE:LIN_EVIDENCE_QUARANTINE,366,6,70,2021-01,2026-09,3582,310,779,mini-clubman;mini-cooper;mini-countryman,mini-countryman,"mini.aceman (CONTRADICTION, WEAK, corr -0.237 ratio 10.741)",,,,
293,4,outcome changes materially under the common-overlap window,4,,0.9811,"Is Ice 'Ford Mustang' (FORD, ford-ford-mustang) the same vehicle as TDR 'Mustang' (ford.mustang)? Verdict applies to the candidate shown on this row.",ford-ford-mustang,Ford Mustang,FORD,settled,Coupe/Convertible,ford.mustang,Mustang,Ford,CURRENT,COUPE,LEGACY_CANDIDATE;LEGACY_STORED;V1_POOL;V1_PRIMARY,PROPOSED,NAME,184,0.9745384716972071,0.9726027397260274,1.0,2024-08,2026-09,24,1,2026-09,EQUIVALENT,EXACT,EQUAL,1.0,STRONG,,1.0,1.0,1.0,23,23,71.0,71.0,2024-08,2026-07,2,BRND_EXACT;NAME_EQUAL;SER_STRONG,SER_VOLUME_BELOW_AUTO_MIN;SER_MISSING_ROW_SEMANTICS_UNCONFIRMED;GEN_LIFECYCLE_PARTIAL,,,PROPOSE,PROPOSE_SERIES_STRONG_CAPPED,ford.mustang,EQUIVALENT,true,STRONG_FLIPS,false,,,,508,26,66,2021-01,2026-09,506,26,66,ford-ford-mustang,ford-ford-mustang,"ford.ranger_cab (CONTRADICTION, WEAK, corr 0.427 ratio 29.338)",,,,
294,4,outcome changes materially under the common-overlap window,4,,0.9811,"Is Ice 'Toyota Harrier' (TOYOTA, toyota-toyota-harrier) the same vehicle as TDR 'Harrier' (toyota.harrier)? Verdict applies to the candidate shown on this row.",toyota-toyota-harrier,Toyota Harrier,TOYOTA,settled,SUV,toyota.harrier,Harrier,Toyota,CURRENT,CROSSOVER,LEGACY_CANDIDATE;LEGACY_STORED;V1_POOL;V1_PRIMARY,PROPOSED,NAME,214,0.8424699845848252,0.927536231884058,1.0,2024-09,2026-09,24,1,2026-09,EQUIVALENT,EXACT,EQUAL,1.0,STRONG,,1.0,1.0,1.0,23,23,64.0,64.0,2024-09,2026-08,1,BRND_EXACT;NAME_EQUAL;SER_STRONG,SER_VOLUME_BELOW_AUTO_MIN;SER_MISSING_ROW_SEMANTICS_UNCONFIRMED;GEN_LIFECYCLE_PARTIAL,,,PROPOSE,PROPOSE_SERIES_STRONG_CAPPED,toyota.harrier,EQUIVALENT,true,STRONG_FLIPS;CORRELATION,false,,,,261,20,64,2021-01,2026-09,256,20,64,TOYOTA|ESTIMA HYBRID AERAS;toyota-toyota-harrier,toyota-toyota-harrier,"toyota.hiace (CONTRADICTION, WEAK, corr 0.392 ratio 23.531) | toyota.yaris (CONTRADICTION, WEAK, corr 0.728 ratio 156.531) | toyota.yaris_cross (CONTRADICTION, WEAK, corr 0.338 ratio 1044.922)",,,,
295,4,outcome changes materially under the common-overlap window,4;6,,0.9811,"Is Ice 'Lexus LBX' (LEXUS, lexus-lexus-lbx) the same vehicle as TDR 'LBX' (lexus.lbx)? Verdict applies to the candidate shown on this row.",lexus-lexus-lbx,Lexus LBX,LEXUS,settled,SUV,lexus.lbx,LBX,Lexus,CURRENT,CROSSOVER,LEGACY_CANDIDATE;LEGACY_STORED;V1_POOL;V1_PRIMARY,PROPOSED,NAME,269,0.9703986050941796,0.9705882352941176,1.0,2024-06,2026-09,22,1,2026-09,EQUIVALENT,EXACT,EQUAL,1.0,STRONG,,1.0,1.0,1.0,18,18,60.0,60.0,2024-09,2026-08,6,BRND_EXACT;NAME_EQUAL;SER_STRONG,SER_VOLUME_BELOW_AUTO_MIN;SER_MISSING_ROW_SEMANTICS_UNCONFIRMED,,,PROPOSE,PROPOSE_SERIES_STRONG_CAPPED,lexus.lbx,EQUIVALENT,true,STRONG_FLIPS,false,,,,68,23,60,2024-06,2026-09,66,23,60,lexus-lexus-lbx,lexus-lexus-lbx,"lexus.lx (CONTRADICTION, UNAVAILABLE) | lexus.lc (CONTRADICTION, UNAVAILABLE) | lexus.lexus_lm (CONTRADICTION, WEAK, corr 0.380 ratio 10.750)",,,,
296,4,outcome changes materially under the common-overlap window,4,,0.9811,"Is Ice 'Farizon SV' (FARIZON, farizon-farizon-sv) the same vehicle as TDR 'Farizon SV' (farizon.farizon_sv)? Verdict applies to the candidate shown on this row.",farizon-farizon-sv,Farizon SV,FARIZON,settled,Van,farizon.farizon_sv,Farizon SV,Farizon,CURRENT,VAN,LEGACY_CANDIDATE;LEGACY_STORED;V1_POOL;V1_PRIMARY,PROPOSED,NAME,271,0.6567779796555603,0.5,1.0,2025-09,2026-09,9,2,2026-02;2026-09,EQUIVALENT,EXACT,EQUAL,1.0,WEAK,,0.669474,0.581818,0.571429,7,7,55.0,32.0,2025-09,2026-08,17,BRND_EXACT;NAME_EQUAL,NAME_ONLY_NOT_AUTO;SER_MISSING_ROW_SEMANTICS_UNCONFIRMED;SER_CORRELATION_BELOW_STRONG;SER_RATIO_OUT_OF_BAND,,,PROPOSE,PROPOSE_NAME_MATCH_SERIES_NOT_STRONG,farizon.farizon_sv,EQUIVALENT,true,RATIO,false,NEW_MERGE,MERGE:FARIZON|FARIZON SUPERVAN SV6>farizon-farizon-sv 100% | MERGE:FARIZON|SUPERVAN SV>farizon-farizon-sv 100% | MERGE:FARIZON|SUPERVAN SV9>farizon-farizon-sv 100%,NOOP:LIN_ALREADY_APPLIED,64,58,58,2025-09,2026-09,32,32,32,farizon-farizon-mpv-sv6;farizon-farizon-sv,farizon-farizon-sv,,,,,
297,4,outcome changes materially under the common-overlap window,4,,0.9812,"Is Ice 'Lamborghini Huracan' (LAMBORGHINI, lamborghini-lamborghini-huracan) the same vehicle as TDR 'Huracan' (lamborghini.huracan)? Verdict applies to the candidate shown on this row.",lamborghini-lamborghini-huracan,Lamborghini Huracan,LAMBORGHINI,settled,Coupe/Convertible,lamborghini.huracan,Huracan,Lamborghini,CURRENT,COUPE,LEGACY_CANDIDATE;LEGACY_STORED;V1_POOL;V1_PRIMARY,PROPOSED,NAME,230,0.8770587958444761,0.9482758620689655,1.0,2024-10,2026-09,24,1,2026-09,EQUIVALENT,EXACT,EQUAL,1.0,STRONG,,1.0,1.0,1.0,24,24,57.0,57.0,2024-09,2026-08,0,BRND_EXACT;NAME_EQUAL;SER_STRONG,SER_VOLUME_BELOW_AUTO_MIN,,,PROPOSE,PROPOSE_SERIES_STRONG_CAPPED,lamborghini.huracan,EQUIVALENT,true,STRONG_FLIPS;CORRELATION,false,,,,175,28,57,2021-02,2026-09,172,28,57,lamborghini-lamborghini-huracan,lamborghini-lamborghini-huracan,"lamborghini.urus (CONTRADICTION, WEAK, corr 0.258 ratio 1.000)",,,,
298,4,outcome changes materially under the common-overlap window,4,,0.9812,"Is Ice 'BMW M4' (BMW, bmw-bmw-m4) the same vehicle as TDR 'Z4' (bmw.z4)? Verdict applies to the candidate shown on this row.",bmw-bmw-m4,BMW M4,BMW,settled,Sedan,bmw.z4,Z4,BMW,CURRENT,COUPE,LEGACY_CANDIDATE;LEGACY_STORED;V1_POOL,PROPOSED,NAME,239,-0.10172157202849127,2.087719298245614,0.5,2024-08,2026-09,24,1,2026-09,EQUIVALENT,EXACT,CONTRADICTION,0.0,WEAK,,0.012407,2.173077,0.590909,22,22,52.0,113.0,2024-09,2026-08,2,BRND_EXACT,NAME_ONLY_NOT_AUTO;SER_MISSING_ROW_SEMANTICS_UNCONFIRMED;ATTR_BODY_MISMATCH;GEN_LIFECYCLE_PARTIAL;SER_CORRELATION_BELOW_STRONG;SER_RATIO_OUT_OF_BAND,NAME_CONTRADICTION;SERIES_DECISIVELY_WRONG,,NO_CANDIDATE,NO_CANDIDATE_ALL_EXCLUDED,,,true,CORRELATION,true,,,,147,31,52,2021-01,2026-09,556,48,121,bmw-bmw-m4;bmw-bmw-z4,bmw-bmw-z4,"bmw.bmw_i4 (CONTRADICTION, WEAK, corr -0.094 ratio 3.308) | bmw.x4 (CONTRADICTION, WEAK, corr -0.352 ratio 10.654) | bmw.xm (CONTRADICTION, WEAK, corr -0.194 ratio 2.635)",,,,
299,4,outcome changes materially under the common-overlap window,4,,0.9813,"Is Ice 'Bentley Flying' (BENTLEY, bentley-bentley-flying) the same vehicle as TDR 'Flying Spur' (bentley.flying_spur)? Verdict applies to the candidate shown on this row.",bentley-bentley-flying,Bentley Flying,BENTLEY,settled,Sedan,bentley.flying_spur,Flying Spur,Bentley,CURRENT,SEDAN,LEGACY_CANDIDATE;LEGACY_STORED;V1_POOL;V1_PRIMARY,PROPOSED,NAME,229,0.977271810602144,0.9705882352941176,0.7058823529411765,2024-05,2026-09,24,1,2026-09,EQUIVALENT,EXACT,SUBJECT_COARSER,0.666667,STRONG,,1.0,1.0,1.0,20,20,53.0,53.0,2024-08,2026-07,5,BRND_EXACT;SER_STRONG,NAME_CONTAINMENT_SUBJECT_COARSER;SER_VOLUME_BELOW_AUTO_MIN;SER_MISSING_ROW_SEMANTICS_UNCONFIRMED,,,PROPOSE,PROPOSE_SERIES_STRONG_CAPPED,bentley.flying_spur,EQUIVALENT,true,STRONG_FLIPS,false,,,,182,12,50,2021-02,2026-09,180,12,50,BENTLEY|MULSANNE SPEED;bentley-bentley-flying,bentley-bentley-flying,,,,,
300,4,outcome changes materially under the common-overlap window,4,,0.9813,"Is Ice 'e:N2' (HONDA, honda-en2) the same vehicle as TDR 'e:N2' (honda.en2)? Verdict applies to the candidate shown on this row.",honda-en2,e:N2,HONDA,settled,SUV,honda.en2,e:N2,Honda,CURRENT,CROSSOVER,LEGACY_CANDIDATE;LEGACY_STORED;V1_POOL;V1_PRIMARY,PROPOSED,NAME,273,0.7680600431082182,0.819672131147541,1.0,2026-03,2026-09,7,1,2026-09,EQUIVALENT,EXACT,EQUAL,1.0,STRONG,,1.0,1.0,1.0,6,6,50.0,50.0,2026-03,2026-08,18,BRND_EXACT;NAME_EQUAL;SER_STRONG,SER_OVERLAP_BELOW_AUTO_MIN;SER_VOLUME_BELOW_AUTO_MIN;SER_MISSING_ROW_SEMANTICS_UNCONFIRMED,,,PROPOSE,PROPOSE_SERIES_STRONG_CAPPED,honda.en2,EQUIVALENT,true,STRONG_FLIPS;CORRELATION;RATIO,false,,,,61,50,50,2026-03,2026-09,50,50,50,HONDA|E ADVANCE;honda-en2,honda-en2,"honda.en1 (CONTRADICTION, WEAK, corr 0.811 ratio 2.620) | honda.step_wgn (CONTRADICTION, WEAK, corr 0.320 ratio 7.800)",,,,
301,4,outcome changes materially under the common-overlap window,4,,0.9813,"Is Ice 'Toyota TR' (TOYOTA, toyota-toyota-tr) the same vehicle as TDR 'Commuter' (toyota.commuter)? Verdict applies to the candidate shown on this row.",toyota-toyota-tr,Toyota TR,TOYOTA,settled,PPV,toyota.commuter,Commuter,Toyota,CURRENT,VAN,LEGACY_CANDIDATE;LEGACY_STORED;V1_POOL,PROPOSED,NAME,216,-0.41961848603286717,195.4805194805195,0.4,2023-12,2026-04,24,0,,EQUIVALENT,EXACT,CONTRADICTION,0.0,WEAK,,-0.473497,202.265625,0.0,20,20,64.0,12945.0,2024-05,2026-04,8,BRND_EXACT,NAME_ONLY_NOT_AUTO;SER_MISSING_ROW_SEMANTICS_UNCONFIRMED;ATTR_BODY_MISMATCH;SER_CORRELATION_BELOW_STRONG;SER_RATIO_OUT_OF_BAND,NAME_CONTRADICTION;SERIES_DECISIVELY_WRONG,,NO_CANDIDATE,NO_CANDIDATE_ALL_EXCLUDED,,,true,CORRELATION,true,,,,250,7,48,2021-01,2026-04,36568,7601,15054,toyota-hiace-commuter;toyota-toyota-tr,TOYOTA|COMUTER;toyota-hiace-commuter,,,,,
302,4,outcome changes materially under the common-overlap window,4,,0.9814,"Is Ice 'Lexus IS300H' (LEXUS, lexus-lexus-is300h) the same vehicle as TDR 'IS' (lexus.lexus_is)? Verdict applies to the candidate shown on this row.",lexus-lexus-is300h,Lexus IS300H,LEXUS,settled,Sedan,lexus.lexus_is,IS,Lexus,CURRENT,SEDAN,LEGACY_CANDIDATE;LEGACY_STORED;V1_POOL,PROPOSED,NAME,205,0.5645244107370806,0.8194444444444444,0.5,2024-04,2026-09,24,1,2026-09,EQUIVALENT,EXACT,CONTRADICTION,0.0,STRONG,,1.0,1.0,1.0,19,19,47.0,47.0,2024-09,2026-08,5,BRND_EXACT;SER_STRONG,SER_VOLUME_BELOW_AUTO_MIN;SER_MISSING_ROW_SEMANTICS_UNCONFIRMED,NAME_CONTRADICTION,,NO_CANDIDATE,NO_CANDIDATE_ALL_EXCLUDED,,,true,STRONG_FLIPS;CORRELATION;RATIO,true,,,,295,31,47,2021-02,2026-09,282,31,47,lexus-lexus-is300h,,,,,,
303,4,outcome changes materially under the common-overlap window,4,,0.9814,"Is Ice 'GR Supra' (TOYOTA, toyota-gr-supra) the same vehicle as TDR 'GR Supra' (toyota.gr_supra)? Verdict applies to the candidate shown on this row.",toyota-gr-supra,GR Supra,TOYOTA,settled,Coupe/Convertible,toyota.gr_supra,GR Supra,Toyota,CURRENT,COUPE,LEGACY_CANDIDATE;LEGACY_STORED;V1_POOL;V1_PRIMARY,PROPOSED,NAME,254,0.9183782391495788,0.9375,1.0,2024-08,2026-09,24,1,2026-09,EQUIVALENT,EXACT,EQUAL,1.0,STRONG,,0.983602,0.977273,1.0,22,22,44.0,43.0,2024-09,2026-08,2,BRND_EXACT;NAME_EQUAL;SER_STRONG,SER_VOLUME_BELOW_AUTO_MIN;SER_MISSING_ROW_SEMANTICS_UNCONFIRMED;LIN_EVIDENCE_QUARANTINE,,,PROPOSE,PROPOSE_SERIES_STRONG_CAPPED,toyota.gr_supra,EQUIVALENT,true,STRONG_FLIPS;CORRELATION,false,NEW_SPLIT,SPLIT:toyota-toyota-gr>toyota-gr-supra 12.53%,QUARANTINE:LIN_EVIDENCE_QUARANTINE,97,24,44,2021-01,2026-09,64,24,43,TOYOTA|GUN120R CTTSXT;TOYOTA|KUN15R PRMDYT A3;TOYOTA|KUN25R PRMSHT A4;TOYOTA|KUN26R PRASYT A8;TOYOTA|KUN26R PRPSYT A7;TOYOTA|KUN35R PRMDHT A6;TOYOTA|KUN35R PRMDHT A8;TOYOTA|KUN35R PRMSHT A5;TOYOTA|KUN35R PRMSHT A6;TOYOTA|KUN35R PRMSHT A8;TOYOTA|KUN35R URASHT AJ;TOYOTA|NCP93R BEPRKT A4;TOYOTA|TGN16R PRMSKT A7;TOYOTA|TGN16R PRMSKT A8;TOYOTA|TGN16R TRMDKT A7;TOYOTA|TGN16R URMDMT A7;TOYOTA|TGN16R URMDMT A8;TOYOTA|TGN40R GKPDKT AE;TOYOTA|TGN61R NKPSKT A3;TOYOTA|TGN61R NKPSKT A5;TOYOTA|TGN61R NKPSKT A8;toyota-gr-supra,toyota-gr-supra,"toyota.fortuner (CONTRADICTION, WEAK, corr -0.341 ratio 587.955)",,,,
304,4,outcome changes materially under the common-overlap window,4,,0.9815,"Is Ice 'Lexus ES300H' (LEXUS, lexus-lexus-es300h) the same vehicle as TDR 'ES' (lexus.lexus_es)? Verdict applies to the candidate shown on this row.",lexus-lexus-es300h,Lexus ES300H,LEXUS,settled,Sedan,lexus.lexus_es,ES,Lexus,CURRENT,SEDAN,LEGACY_CANDIDATE;LEGACY_STORED;V1_POOL,PROPOSED,SERIES,200,1.0000000000000002,1.0,0.5,2024-02,2026-08,24,0,,EQUIVALENT,EXACT,CONTRADICTION,0.0,STRONG,,1.0,1.0,1.0,17,17,43.0,43.0,2024-09,2026-08,7,BRND_EXACT;SER_STRONG,SER_VOLUME_BELOW_AUTO_MIN;SER_MISSING_ROW_SEMANTICS_UNCONFIRMED,NAME_CONTRADICTION,,NO_CANDIDATE,NO_CANDIDATE_ALL_EXCLUDED,,,false,,true,,,,332,11,43,2021-01,2026-08,332,11,43,lexus-lexus-es300h;lexus-lexus-es350e;lexus-lexus-es350h,,,,,,
305,4,outcome changes materially under the common-overlap window,4;5,,0.9816,"Is Ice 'Mercedes-Benz AMG C' (MERCEDES BENZ, mercedes-benz-mercedes-benz-amg-c) a part of (narrower than) TDR 'C-Class' (mercedes_benz.mb_c_class)? Verdict applies to the candidate shown on this row.",mercedes-benz-mercedes-benz-amg-c,Mercedes-Benz AMG C,MERCEDES BENZ,settled,Sedan,mercedes_benz.mb_c_class,C-Class,Mercedes-Benz,CURRENT,SEDAN,V1_POOL;V1_PRIMARY,,,,-0.010068846367971162,67.28571428571429,0.3333333333333333,2024-04,2026-09,24,1,2026-09,PART_OF,EXACT,SUBJECT_FINER,0.666667,WEAK,,-0.017155,67.333333,0.0,19,19,39.0,2626.0,2024-09,2026-08,5,BRND_EXACT;GRAN_PROVIDER_FINER,NAME_CONTAINMENT_SUBJECT_FINER;SER_MISSING_ROW_SEMANTICS_UNCONFIRMED;LIN_EVIDENCE_QUARANTINE,,SER_MISSING_ROW_SEMANTICS_UNCONFIRMED,PROPOSE,PROPOSE_PART_OF,mercedes_benz.mb_c_class,PART_OF,false,,true,OLD_SPLIT,SPLIT:mercedes-benz-mercedes-benz-amg-c>mercedes-benz-mercedes-benz-cle-class 38.84% | SPLIT:mercedes-benz-mercedes-benz-amg-c>mercedes-benz-mercedes-benz-cla-class 6.11%,NOOP:LIN_SPLIT_PARENT_RETAINED;QUARANTINE:LIN_EVIDENCE_QUARANTINE,550,12,39,2021-01,2026-09,13763,1294,3142,,mercedes-benz-mercedes-benz-amg-c;mercedes-benz-mercedes-benz-c-class,,,,,
306,4,outcome changes materially under the common-overlap window,4,,0.9817,"Is Ice 'Lexus RZ450E' (LEXUS, lexus-lexus-rz450e) the same vehicle as TDR 'RZ' (lexus.rz)? Verdict applies to the candidate shown on this row.",lexus-lexus-rz450e,Lexus RZ450E,LEXUS,settled,SUV,lexus.rz,RZ,Lexus,CURRENT,CROSSOVER,LEGACY_CANDIDATE;LEGACY_STORED;V1_POOL,PROPOSED,NAME,236,0.9156925656303777,1.09009009009009,0.5,2023-11,2026-09,24,1,2026-09,EQUIVALENT,EXACT,CONTRADICTION,0.0,WEAK,,0.498689,1.22449,0.875,16,16,49.0,60.0,2024-06,2026-05,11,BRND_EXACT,NAME_ONLY_NOT_AUTO;SER_MISSING_ROW_SEMANTICS_UNCONFIRMED;SER_CORRELATION_BELOW_STRONG;SER_RATIO_OUT_OF_BAND,NAME_CONTRADICTION;SERIES_DECISIVELY_WRONG,,NO_CANDIDATE,NO_CANDIDATE_ALL_EXCLUDED,,,true,CORRELATION;RATIO,true,,,,151,4,36,2023-06,2026-09,185,39,71,lexus-lexus-rz350e;lexus-lexus-rz450e;lexus-lexus-rz500e,,,,,,
307,4,outcome changes materially under the common-overlap window,4,,0.9833,"Is Ice 'Vios' (TOYOTA, toyota-vios) the same vehicle as TDR 'Yaris' (toyota.yaris)? Verdict applies to the candidate shown on this row.",toyota-vios,Vios,TOYOTA,settled,Sedan,toyota.yaris,Yaris,Toyota,CURRENT,HATCHBACK,LEGACY_CANDIDATE;LEGACY_STORED;V1_POOL,PROPOSED,NAME,73,0.30102261689152954,94.25092250922509,0.4444444444444444,2022-10,2026-05,24,0,,EQUIVALENT,EXACT,CONTRADICTION,0.0,WEAK,,-0.223831,126.684211,0.0,10,10,38.0,4814.0,2024-07,2026-05,16,BRND_EXACT,NAME_ONLY_NOT_AUTO;SER_MISSING_ROW_SEMANTICS_UNCONFIRMED;ATTR_BODY_MISMATCH;SER_CORRELATION_BELOW_STRONG;SER_RATIO_OUT_OF_BAND,NAME_CONTRADICTION;GEN_LIFECYCLE_DISJOINT;SERIES_DECISIVELY_WRONG,,NO_CANDIDATE,NO_CANDIDATE_ALL_EXCLUDED,,,true,CORRELATION;RATIO,true,,,,6647,8,35,2021-01,2026-05,89336,4289,10377,TOYOTA|MIRAI;toyota-vios;toyota-yaris,toyota-yaris,"toyota.voxy (CONTRADICTION, WEAK, corr -0.508 ratio 3.632) | toyota.prius (CONTRADICTION, UNAVAILABLE) | toyota.veloz (CONTRADICTION, WEAK, corr -0.484 ratio 89.079)",,,,
308,4,outcome changes materially under the common-overlap window,4,,0.9833,"Is Ice 'Seres EC31' (SERES, seres-seres-ec31) the same vehicle as TDR 'Seres 3' (seres.seres_3)? Verdict applies to the candidate shown on this row.",seres-seres-ec31,Seres EC31,SERES,settled,Pickup,seres.seres_3,Seres 3,Seres,CURRENT,CROSSOVER,LEGACY_CANDIDATE;LEGACY_STORED;V1_POOL,PROPOSED,NAME,268,-0.1524340292562768,0.0273972602739726,0.4,2023-12,2026-08,14,12,2023-12;2024-01;2024-06;2024-08;2024-10;2024-11;2024-12;2025-03;2025-04;2025-11;2025-12;2026-03,EQUIVALENT,EXACT,CONTRADICTION,0.0,UNAVAILABLE,SER_OVERLAP_BELOW_PROPOSE_MIN,,,,2,2,6.0,2.0,2026-04,2026-08,22,BRND_EXACT,NAME_ONLY_NOT_AUTO;SER_MISSING_ROW_SEMANTICS_UNCONFIRMED;ATTR_BODY_MISMATCH,NAME_CONTRADICTION,SER_OVERLAP_BELOW_PROPOSE_MIN,NO_CANDIDATE,NO_CANDIDATE_ALL_EXCLUDED,,,true,AVAILABILITY,true,,,,73,11,35,2023-12,2026-08,9,8,9,seres-seres-3;seres-seres-ec31,seres-seres-3,,,,,
309,4,outcome changes materially under the common-overlap window,4,,0.9833,"Is Ice 'Lotus Emeya' (LOTUS, lotus-lotus-emeya) the same vehicle as TDR 'Emeya' (lotus.emeya)? Verdict applies to the candidate shown on this row.",lotus-lotus-emeya,Lotus Emeya,LOTUS,settled,Sedan,lotus.emeya,Emeya,Lotus,CURRENT,COUPE,LEGACY_CANDIDATE;LEGACY_STORED;V1_POOL;V1_PRIMARY,PROPOSED,NAME,279,0.9053526574550954,0.9459459459459459,1.0,2024-11,2026-09,18,1,2026-09,EQUIVALENT,EXACT,EQUAL,1.0,STRONG,,1.0,1.0,1.0,17,17,35.0,35.0,2024-11,2026-08,7,BRND_EXACT;NAME_EQUAL;SER_STRONG,SER_VOLUME_BELOW_AUTO_MIN;SER_MISSING_ROW_SEMANTICS_UNCONFIRMED;ATTR_BODY_MISMATCH,,,PROPOSE,PROPOSE_SERIES_STRONG_CAPPED,lotus.emeya,EQUIVALENT,true,STRONG_FLIPS;CORRELATION,false,,,,37,19,35,2024-11,2026-09,35,19,35,lotus-emira;lotus-emira-v6__provisional;lotus-lotus-emeya,lotus-lotus-emeya,"lotus.eletre (CONTRADICTION, WEAK, corr -0.079 ratio 3.094)",,,,
310,4,outcome changes materially under the common-overlap window,4,,0.9833,"Is Ice 'MINI JCW Convertible' (MINI, mini-mini-jcw-convertible) the same vehicle as TDR 'Cooper' (mini.mini_cooper)? Verdict applies to the candidate shown on this row.",mini-mini-jcw-convertible,MINI JCW Convertible,MINI,settled,Coupe/Convertible,mini.mini_cooper,Cooper,MINI,CURRENT,HATCHBACK,LEGACY_CANDIDATE;LEGACY_STORED;V1_POOL,PROPOSED,NAME,261,-0.028950601574569,27.15909090909091,0.38095238095238093,2023-10,2026-09,24,1,2026-09,EQUIVALENT,EXACT,CONTRADICTION,0.0,WEAK,,0.074462,30.588235,0.0,19,19,34.0,1040.0,2024-09,2026-08,5,BRND_EXACT,NAME_ONLY_NOT_AUTO;SER_MISSING_ROW_SEMANTICS_UNCONFIRMED;ATTR_BODY_MISMATCH;GEN_LIFECYCLE_PARTIAL;LIN_EVIDENCE_QUARANTINE;SER_CORRELATION_BELOW_STRONG;SER_RATIO_OUT_OF_BAND,NAME_CONTRADICTION;SERIES_DECISIVELY_WRONG,,NO_CANDIDATE,NO_CANDIDATE_ALL_EXCLUDED,,,true,CORRELATION;RATIO,true,NEW_SPLIT;OLD_SPLIT,SPLIT:mini-mini-cooper-ev>mini-mini-jcw-convertible 1.07% | SPLIT:mini-mini-jcw-convertible>mini-mini-cooper-ev 7.14%,NOOP:LIN_SPLIT_PARENT_RETAINED;QUARANTINE:LIN_EVIDENCE_QUARANTINE,85,19,34,2021-01,2026-09,2860,670,1332,mini-mini-cooper-ev;mini-mini-jcw-convertible,mini-cooper;mini-mini-cooper-ev,"mini.jcw_e (SIBLING, UNAVAILABLE)",,,,
311,4,outcome changes materially under the common-overlap window,4,,0.9835,"Is Ice 'VOLT Volt' (VOLT, volt-volt-volt) the same vehicle as TDR 'VOLT For Four' (volt.volt_for_four)? Verdict applies to the candidate shown on this row.",volt-volt-volt,VOLT Volt,VOLT,settled,Hatchback,volt.volt_for_four,VOLT For Four,VOLT,CURRENT,HATCHBACK,LEGACY_CANDIDATE;LEGACY_STORED;V1_POOL,PROPOSED,SERIES,187,0.989105122214215,0.9807692307692307,0.16666666666666666,2024-03,2026-06,24,1,2025-03,EQUIVALENT,EXACT,CONTRADICTION,0.0,STRONG,,1.0,1.0,1.0,19,19,38.0,38.0,2024-07,2026-06,7,BRND_EXACT;SER_STRONG,SER_VOLUME_BELOW_AUTO_MIN;SER_MISSING_ROW_SEMANTICS_UNCONFIRMED,NAME_CONTRADICTION,,NO_CANDIDATE,NO_CANDIDATE_ALL_EXCLUDED,,,false,,true,,,,484,11,30,2023-06,2026-06,406,11,29,volt-volt-volt,,"volt.volt_for_two (CONTRADICTION, WEAK, corr 0.893 ratio 0.185)",,,,
312,4,outcome changes materially under the common-overlap window,4,,0.9835,"Is Ice 'Subaru BRZ' (SUBARU, subaru-subaru-brz) the same vehicle as TDR 'BRZ' (subaru.brz)? Verdict applies to the candidate shown on this row.",subaru-subaru-brz,Subaru BRZ,SUBARU,settled,Coupe/Convertible,subaru.brz,BRZ,Subaru,CURRENT,COUPE,LEGACY_CANDIDATE;LEGACY_STORED;V1_POOL;V1_PRIMARY,PROPOSED,NAME,234,0.9729637075125169,0.9661016949152542,1.0,2024-02,2026-09,24,1,2026-09,EQUIVALENT,EXACT,EQUAL,1.0,STRONG,,1.0,1.0,1.0,16,16,30.0,30.0,2024-09,2026-08,8,BRND_EXACT;NAME_EQUAL;SER_STRONG,SER_VOLUME_BELOW_AUTO_MIN;SER_MISSING_ROW_SEMANTICS_UNCONFIRMED,,,PROPOSE,PROPOSE_SERIES_STRONG_CAPPED,subaru.brz,EQUIVALENT,true,STRONG_FLIPS,false,,,,152,16,30,2021-01,2026-09,150,16,30,subaru-subaru-brz,subaru-subaru-brz,,,,,
313,4,outcome changes materially under the common-overlap window,4;6,,0.9835,"Is Ice 'Mazda6' (MAZDA, mazda-mazda6) the same vehicle as TDR 'Mazda6' (mazda.mazda6)? Verdict applies to the candidate shown on this row.",mazda-mazda6,Mazda6,MAZDA,settled,Sedan,mazda.mazda6,Mazda6,Mazda,CURRENT,SEDAN,LEGACY_CANDIDATE;LEGACY_STORED;V1_POOL;V1_PRIMARY,PROPOSED,NAME,290,0.9711125482252048,0.9655172413793104,1.0,2024-08,2026-09,17,1,2026-09,EQUIVALENT,EXACT,EQUAL,1.0,UNAVAILABLE,SER_VOLUME_BELOW_PROPOSE_MIN,,,,16,16,28.0,28.0,2024-08,2026-06,9,BRND_EXACT;NAME_EQUAL,NAME_ONLY_NOT_AUTO;SER_MISSING_ROW_SEMANTICS_UNCONFIRMED,,SER_VOLUME_BELOW_PROPOSE_MIN,PROPOSE,PROPOSE_NAME_MATCH_SERIES_NOT_STRONG,mazda.mazda6,EQUIVALENT,true,AVAILABILITY,false,,,,29,12,27,2024-08,2026-09,315,299,314,mazda-mazda6;mazda-mazda6e,mazda-mazda6;mazda-mazda6e,"mazda.mazda2 (FUZZY, UNAVAILABLE) | mazda.mazda3 (FUZZY, UNAVAILABLE)",,,,
314,4,outcome changes materially under the common-overlap window,4,,0.9835,"Is Ice 'GR Corolla' (TOYOTA, toyota-gr-corolla) the same vehicle as TDR 'Corolla Altis' (toyota.corolla_altis)? Verdict applies to the candidate shown on this row.",toyota-gr-corolla,GR Corolla,TOYOTA,settled,Hatchback,toyota.corolla_altis,Corolla Altis,Toyota,CURRENT,SEDAN,LEGACY_CANDIDATE;LEGACY_STORED;V1_POOL,PROPOSED,NAME,276,0.2623576841227463,156.0487804878049,0.6086956521739131,2023-08,2026-09,24,1,2026-09,EQUIVALENT,EXACT,SIBLING,0.5,UNAVAILABLE,SER_VOLUME_BELOW_PROPOSE_MIN,,,,15,15,24.0,3191.0,2024-09,2026-08,9,BRND_EXACT,NAME_ONLY_NOT_AUTO;SER_MISSING_ROW_SEMANTICS_UNCONFIRMED;ATTR_BODY_MISMATCH;LIN_EVIDENCE_QUARANTINE,NAME_SIBLING_VARIANT,SER_VOLUME_BELOW_PROPOSE_MIN,NO_CANDIDATE,NO_CANDIDATE_ALL_EXCLUDED,,,true,AVAILABILITY,true,NEW_SPLIT,SPLIT:toyota-toyota-gr>toyota-gr-corolla 6.63%,QUARANTINE:LIN_EVIDENCE_QUARANTINE,45,16,24,2023-02,2026-09,25846,2231,5463,toyota-corolla-altis;toyota-gr-corolla,toyota-corolla-altis,"toyota.corolla_cross (SIBLING, UNAVAILABLE) | toyota.gr_supra (SIBLING, UNAVAILABLE) | toyota.yaris_cross (CONTRADICTION, UNAVAILABLE)",,,,
315,4,outcome changes materially under the common-overlap window,4;6,,0.9836,"Is Ice 'AUDI E-TRON' (AUDI, audi-audi-e-tron) the same vehicle as TDR 'Audi e-tron' (audi.etron)? Verdict applies to the candidate shown on this row.",audi-audi-e-tron,AUDI E-TRON,AUDI,settled,Sedan,audi.etron,Audi e-tron,Audi,HISTORICAL,CROSSOVER,LEGACY_CANDIDATE;V1_POOL;V1_PRIMARY,,,,0.17695293947191898,0.23076923076923078,1.0,2024-02,2026-09,24,16,2024-03;2024-05;2024-07;2024-10;2024-11;2024-12;2025-03;2025-05;2025-06;2025-09;2025-10;2025-11;2026-03;2026-04;2026-06;2026-09,EQUIVALENT,EXACT,EQUAL,1.0,UNAVAILABLE,SER_VOLUME_BELOW_PROPOSE_MIN,,,,10,10,21.0,12.0,2023-10,2025-08,20,BRND_EXACT;NAME_EQUAL,NAME_ONLY_NOT_AUTO;SER_MISSING_ROW_SEMANTICS_UNCONFIRMED;ATTR_BODY_MISMATCH,,SER_VOLUME_BELOW_PROPOSE_MIN,PROPOSE,PROPOSE_NAME_MATCH_SERIES_NOT_STRONG,audi.etron,EQUIVALENT,true,AVAILABILITY,false,,,,183,8,23,2021-01,2026-09,108,0,4,audi-s8-tfsi-quattro__provisional,audi-audi-e-tron,"audi.a6_etron (SUBJECT_COARSER, UNAVAILABLE) | audi.etron_gt (SUBJECT_COARSER, UNAVAILABLE) | audi.q6_etron (SUBJECT_COARSER, UNAVAILABLE)",,,,
316,4,outcome changes materially under the common-overlap window,4;6,,0.9836,"Is Ice 'AUDI E-TRON' (AUDI, audi-audi-e-tron) the same vehicle as TDR 'Audi Q8 e-tron' (audi.q8_etron)? Verdict applies to the candidate shown on this row.",audi-audi-e-tron,AUDI E-TRON,AUDI,settled,Sedan,audi.q8_etron,Audi Q8 e-tron,Audi,CURRENT,CROSSOVER,LEGACY_CANDIDATE;LEGACY_STORED;V1_POOL,PROPOSED,NAME,227,0.8202171393473257,2.5128205128205128,0.8,2024-02,2026-09,24,2,2024-09;2026-09,EQUIVALENT,EXACT,SUBJECT_COARSER,0.8,UNAVAILABLE,SER_VOLUME_BELOW_PROPOSE_MIN,,,,17,17,26.0,67.0,2024-07,2026-06,9,BRND_EXACT,NAME_CONTAINMENT_SUBJECT_COARSER;NAME_ONLY_NOT_AUTO;SER_MISSING_ROW_SEMANTICS_UNCONFIRMED;ATTR_BODY_MISMATCH,,SER_VOLUME_BELOW_PROPOSE_MIN,PROPOSE,PROPOSE_NAME_MATCH_SERIES_NOT_STRONG,audi.etron,EQUIVALENT,true,AVAILABILITY,false,,,,183,8,23,2021-01,2026-09,121,33,79,AUDI|R8 SPYDER V10;audi-audi-e-tron;audi-audi-q8;audi-r8-coupe-v10-performance__provisional;audi-r8-coupe-v10__provisional;audi-r8-spyder-v10-performance__provisional;audi-sq8-vorsprung-tdi-quattro__provisional,audi-audi-q8,"audi.etron (EQUAL, UNAVAILABLE) | audi.a6_etron (SUBJECT_COARSER, UNAVAILABLE) | audi.etron_gt (SUBJECT_COARSER, UNAVAILABLE)",,,,
317,4,outcome changes materially under the common-overlap window,4,,0.9836,"Is Ice 'Mazda MX-5' (MAZDA, mazda-mazda-mx-5) the same vehicle as TDR 'MX-5' (mazda.mx_5)? Verdict applies to the candidate shown on this row.",mazda-mazda-mx-5,Mazda MX-5,MAZDA,settled,Coupe/Convertible,mazda.mx_5,MX-5,Mazda,CURRENT,COUPE,LEGACY_CANDIDATE;LEGACY_STORED;V1_POOL;V1_PRIMARY,PROPOSED,NAME,263,0.6141041443188275,2.2093023255813953,1.0,2023-08,2026-06,24,0,,EQUIVALENT,EXACT,EQUAL,1.0,UNAVAILABLE,SER_VOLUME_BELOW_PROPOSE_MIN,,,,17,17,25.0,62.0,2024-07,2026-06,9,BRND_EXACT;NAME_EQUAL,NAME_ONLY_NOT_AUTO;SER_MISSING_ROW_SEMANTICS_UNCONFIRMED,,SER_VOLUME_BELOW_PROPOSE_MIN,PROPOSE,PROPOSE_NAME_MATCH_SERIES_NOT_STRONG,mazda.mx_5,EQUIVALENT,true,AVAILABILITY,false,,,,81,10,23,2021-02,2026-06,172,46,82,mazda-mazda-mx-5,mazda-mazda-mx-5,"mazda.cx5 (SIBLING, UNAVAILABLE) | mazda.cx3 (CONTRADICTION, UNAVAILABLE) | mazda.cx8 (CONTRADICTION, UNAVAILABLE)",,,,
318,4,outcome changes materially under the common-overlap window,4,,0.9836,"Is Ice 'AUDI RS 5' (AUDI, audi-audi-rs-5) the same vehicle as TDR 'RS' (audi.rs)? Verdict applies to the candidate shown on this row.",audi-audi-rs-5,AUDI RS 5,AUDI,settled,Coupe/Convertible,audi.rs,RS,Audi,CURRENT,SEDAN,LEGACY_CANDIDATE;LEGACY_STORED;V1_POOL,PROPOSED,NAME,256,0.35770867160485137,3.55,0.6666666666666666,2023-09,2026-05,24,0,,EQUIVALENT,EXACT,SUBJECT_FINER,0.666667,UNAVAILABLE,SER_VOLUME_BELOW_PROPOSE_MIN,,,,16,16,25.0,85.0,2024-06,2026-05,11,BRND_EXACT,NAME_CONTAINMENT_SUBJECT_FINER;NAME_ONLY_NOT_AUTO;SER_MISSING_ROW_SEMANTICS_UNCONFIRMED;ATTR_BODY_MISMATCH;GEN_LIFECYCLE_PARTIAL,,SER_VOLUME_BELOW_PROPOSE_MIN,INSUFFICIENT_DATA,INSUFFICIENT_DATA_NO_BASIS,,,true,AVAILABILITY,true,,,,94,7,22,2021-08,2026-05,430,51,105,audi-audi-rs-3;audi-audi-rs-4;audi-audi-rs-5;audi-audi-rs-6;audi-audi-rs-7;audi-audi-rs-q3,,,,,,
319,4,outcome changes materially under the common-overlap window,4,,0.9836,"Is Ice 'Lexus RZ350E' (LEXUS, lexus-lexus-rz350e) the same vehicle as TDR 'RZ' (lexus.rz)? Verdict applies to the candidate shown on this row.",lexus-lexus-rz350e,Lexus RZ350E,LEXUS,settled,SUV,lexus.rz,RZ,Lexus,CURRENT,CROSSOVER,LEGACY_CANDIDATE;LEGACY_STORED;V1_POOL,PROPOSED,NAME,292,0.6952699138082211,1.3703703703703705,0.5,2026-02,2026-09,7,1,2026-09,EQUIVALENT,EXACT,CONTRADICTION,0.0,UNAVAILABLE,SER_VOLUME_BELOW_PROPOSE_MIN,,,,6,6,22.0,37.0,2026-02,2026-08,18,BRND_EXACT,NAME_ONLY_NOT_AUTO;SER_MISSING_ROW_SEMANTICS_UNCONFIRMED,NAME_CONTRADICTION,SER_VOLUME_BELOW_PROPOSE_MIN,NO_CANDIDATE,NO_CANDIDATE_ALL_EXCLUDED,,,true,AVAILABILITY,true,,,,27,22,22,2026-02,2026-09,185,39,71,lexus-lexus-rz350e;lexus-lexus-rz450e;lexus-lexus-rz500e,,,,,,
320,4,outcome changes materially under the common-overlap window,4,,0.9836,"Is Ice 'AUDI RS 4' (AUDI, audi-audi-rs-4) the same vehicle as TDR 'RS' (audi.rs)? Verdict applies to the candidate shown on this row.",audi-audi-rs-4,AUDI RS 4,AUDI,settled,Wagon,audi.rs,RS,Audi,CURRENT,SEDAN,LEGACY_CANDIDATE;LEGACY_STORED;V1_POOL,PROPOSED,NAME,250,0.5148563604211202,4.636363636363637,0.6666666666666666,2023-08,2026-08,24,0,,EQUIVALENT,EXACT,SUBJECT_FINER,0.666667,UNAVAILABLE,SER_VOLUME_BELOW_PROPOSE_MIN,,,,15,15,20.0,82.0,2024-10,2026-08,9,BRND_EXACT,NAME_CONTAINMENT_SUBJECT_FINER;NAME_ONLY_NOT_AUTO;SER_MISSING_ROW_SEMANTICS_UNCONFIRMED;ATTR_BODY_MISMATCH;GEN_LIFECYCLE_PARTIAL,,SER_VOLUME_BELOW_PROPOSE_MIN,INSUFFICIENT_DATA,INSUFFICIENT_DATA_NO_BASIS,,,true,AVAILABILITY,true,,,,103,9,20,2021-02,2026-08,430,51,105,audi-audi-rs-3;audi-audi-rs-4;audi-audi-rs-5;audi-audi-rs-6;audi-audi-rs-7;audi-audi-rs-q3,,,,,,
321,4,outcome changes materially under the common-overlap window,4,,0.9836,"Is Ice 'Rolls-Royce Ghost' (ROLLS ROYCE, rolls-royce-rolls-royce-ghost) the same vehicle as TDR 'Ghost' (rolls_royce.ghost)? Verdict applies to the candidate shown on this row.",rolls-royce-rolls-royce-ghost,Rolls-Royce Ghost,ROLLS ROYCE,settled,Sedan,rolls_royce.ghost,Ghost,Rolls-Royce,CURRENT,SEDAN,V1_POOL;V1_PRIMARY,,,,0.9424212936563149,0.9444444444444444,1.0,2023-03,2026-09,24,1,2026-09,EQUIVALENT,EXACT,EQUAL,1.0,UNAVAILABLE,SER_VOLUME_BELOW_PROPOSE_MIN,,,,15,15,21.0,21.0,2024-08,2026-07,10,BRND_EXACT;NAME_EQUAL,NAME_ONLY_NOT_AUTO;SER_MISSING_ROW_SEMANTICS_UNCONFIRMED,,SER_VOLUME_BELOW_PROPOSE_MIN,PROPOSE,PROPOSE_NAME_MATCH_SERIES_NOT_STRONG,rolls_royce.ghost,EQUIVALENT,true,AVAILABILITY,true,,,,59,11,20,2021-03,2026-09,57,11,20,,rolls-royce-rolls-royce-ghost,,,,,
322,4,outcome changes materially under the common-overlap window,4,,0.9837,"Is Ice 'GR Yaris' (TOYOTA, toyota-gr-yaris) the same vehicle as TDR 'Prius' (toyota.prius)? Verdict applies to the candidate shown on this row.",toyota-gr-yaris,GR Yaris,TOYOTA,settled,Hatchback,toyota.prius,Prius,Toyota,CURRENT,HATCHBACK,LEGACY_CANDIDATE;LEGACY_STORED;V1_POOL,PROPOSED,NAME,238,0.7011695914588867,0.027777777777777776,0.46153846153846156,2022-08,2026-09,24,23,2022-08;2022-10;2022-11;2023-01;2023-02;2023-03;2023-05;2023-06;2023-08;2023-10;2024-03;2024-04;2025-01;2025-05;2025-07;2025-09;2025-10;2026-01;2026-02;2026-03;2026-04;2026-08;2026-09,EQUIVALENT,EXACT,CONTRADICTION,0.0,UNAVAILABLE,SER_OVERLAP_BELOW_PROPOSE_MIN,,,,1,1,5.0,1.0,2025-11,2025-11,23,BRND_EXACT,NAME_ONLY_NOT_AUTO;SER_MISSING_ROW_SEMANTICS_UNCONFIRMED,NAME_CONTRADICTION,SER_OVERLAP_BELOW_PROPOSE_MIN,INSUFFICIENT_DATA,INSUFFICIENT_DATA_NO_BASIS,,,true,AVAILABILITY,true,,,,149,16,19,2021-05,2026-09,9,4,6,TOYOTA|2 5 HV PREMIUM;toyota-gr-yaris;toyota-toyota-prius,toyota-toyota-prius,"toyota.yaris (SUBJECT_FINER, UNAVAILABLE) | toyota.yaris_ativ (SIBLING, UNAVAILABLE) | toyota.yaris_cross (SIBLING, UNAVAILABLE)",,,,
323,4,outcome changes materially under the common-overlap window,4,,0.9837,"Is Ice 'AUDI A7' (AUDI, audi-audi-a7) the same vehicle as TDR 'A7' (audi.a7)? Verdict applies to the candidate shown on this row.",audi-audi-a7,AUDI A7,AUDI,settled,Sedan,audi.a7,A7,Audi,CURRENT,SEDAN,LEGACY_CANDIDATE;LEGACY_STORED;V1_POOL;V1_PRIMARY,PROPOSED,NAME,246,0.9702669274213984,0.972972972972973,1.0,2023-08,2026-09,24,1,2026-09,EQUIVALENT,EXACT,EQUAL,1.0,UNAVAILABLE,SER_VOLUME_BELOW_PROPOSE_MIN,,,,13,13,18.0,18.0,2024-09,2026-07,11,BRND_EXACT;NAME_EQUAL,NAME_ONLY_NOT_AUTO;SER_MISSING_ROW_SEMANTICS_UNCONFIRMED;GEN_LIFECYCLE_PARTIAL,,SER_VOLUME_BELOW_PROPOSE_MIN,PROPOSE,PROPOSE_NAME_MATCH_SERIES_NOT_STRONG,audi.a7,EQUIVALENT,true,AVAILABILITY,false,,,,114,12,18,2021-01,2026-09,113,12,18,audi-audi-a7,audi-audi-a7,"audi.a1 (CONTRADICTION, UNAVAILABLE) | audi.a4 (CONTRADICTION, UNAVAILABLE) | audi.a5 (CONTRADICTION, UNAVAILABLE)",,,,
324,4,outcome changes materially under the common-overlap window,4,,0.9838,"Is Ice 'Peugeot 5008' (PEUGEOT, peugeot-peugeot-5008) the same vehicle as TDR 'Peugeot 3008' (peugeot.peugeot_3008)? Verdict applies to the candidate shown on this row.",peugeot-peugeot-5008,Peugeot 5008,PEUGEOT,settled,SUV,peugeot.peugeot_3008,Peugeot 3008,Peugeot,CURRENT,CROSSOVER,LEGACY_CANDIDATE;LEGACY_STORED;V1_POOL,PROPOSED,NAME,202,0.8514173125422387,1.935483870967742,0.75,2023-08,2026-07,24,2,2025-07;2025-12,EQUIVALENT,EXACT,CONTRADICTION,0.0,UNAVAILABLE,SER_VOLUME_BELOW_PROPOSE_MIN,,,,11,11,15.0,49.0,2024-08,2026-07,14,BRND_EXACT,NAME_ONLY_NOT_AUTO;SER_MISSING_ROW_SEMANTICS_UNCONFIRMED,NAME_CONTRADICTION,SER_VOLUME_BELOW_PROPOSE_MIN,NO_CANDIDATE,NO_CANDIDATE_ALL_EXCLUDED,,,true,AVAILABILITY,true,,,,316,4,17,2021-01,2026-07,939,39,86,peugeot-peugeot-3008;peugeot-peugeot-408;peugeot-peugeot-5008,peugeot-peugeot-3008,"peugeot.peugeot_2008 (CONTRADICTION, UNAVAILABLE)",,,,
325,4,outcome changes materially under the common-overlap window,4,,0.9838,"Is Ice 'Bentley Continental' (BENTLEY, bentley-bentley-continental) the same vehicle as TDR 'Bentayga' (bentley.bentayga)? Verdict applies to the candidate shown on this row.",bentley-bentley-continental,Bentley Continental,BENTLEY,settled,Coupe/Convertible,bentley.bentayga,Bentayga,Bentley,CURRENT,SEDAN,LEGACY_CANDIDATE;LEGACY_STORED;V1_POOL,PROPOSED,NAME,245,2.5678334664009762e-17,1.78125,0.42105263157894735,2023-07,2026-09,24,4,2025-07;2026-03;2026-05;2026-09,EQUIVALENT,EXACT,CONTRADICTION,0.0,UNAVAILABLE,SER_VOLUME_BELOW_PROPOSE_MIN,,,,14,14,19.0,33.0,2024-06,2026-04,13,BRND_EXACT,NAME_ONLY_NOT_AUTO;SER_MISSING_ROW_SEMANTICS_UNCONFIRMED;ATTR_BODY_MISMATCH,NAME_CONTRADICTION,SER_VOLUME_BELOW_PROPOSE_MIN,NO_CANDIDATE,NO_CANDIDATE_ALL_EXCLUDED,,,true,AVAILABILITY,true,,,,117,8,17,2021-01,2026-09,294,17,42,bentley-bentley-bentayga;bentley-bentley-continental,bentley-bentley-bentayga,,,,,
326,4,outcome changes materially under the common-overlap window,4,,0.9838,"Is Ice 'AUDI RS Q3' (AUDI, audi-audi-rs-q3) the same vehicle as TDR 'RS' (audi.rs)? Verdict applies to the candidate shown on this row.",audi-audi-rs-q3,AUDI RS Q3,AUDI,settled,SUV,audi.rs,RS,Audi,CURRENT,SEDAN,LEGACY_CANDIDATE;LEGACY_STORED;V1_POOL,PROPOSED,NAME,262,0.567594980165859,4.454545454545454,0.5714285714285714,2023-03,2026-07,24,0,,EQUIVALENT,EXACT,SUBJECT_FINER,0.666667,UNAVAILABLE,SER_VOLUME_BELOW_PROPOSE_MIN,,,,14,14,17.0,72.0,2024-10,2026-07,10,BRND_EXACT,NAME_CONTAINMENT_SUBJECT_FINER;NAME_ONLY_NOT_AUTO;SER_MISSING_ROW_SEMANTICS_UNCONFIRMED;ATTR_BODY_MISMATCH;GEN_LIFECYCLE_PARTIAL,,SER_VOLUME_BELOW_PROPOSE_MIN,INSUFFICIENT_DATA,INSUFFICIENT_DATA_NO_BASIS,,,true,AVAILABILITY,true,,,,81,11,17,2021-08,2026-07,430,51,105,audi-audi-rs-3;audi-audi-rs-4;audi-audi-rs-5;audi-audi-rs-6;audi-audi-rs-7;audi-audi-rs-q3,,"audi.audi_q3 (SUBJECT_FINER, UNAVAILABLE)",,,,
327,4,outcome changes materially under the common-overlap window,4,,0.9838,"Is Ice 'Suzuki Spacia' (SUZUKI, suzuki-suzuki-spacia) the same vehicle as TDR 'Swift' (suzuki.swift)? Verdict applies to the candidate shown on this row.",suzuki-suzuki-spacia,Suzuki Spacia,SUZUKI,settled,MPV,suzuki.swift,Swift,Suzuki,CURRENT,HATCHBACK,LEGACY_CANDIDATE;LEGACY_STORED;V1_POOL,PROPOSED,NAME,265,0.5892145947907419,201.6153846153846,0.36363636363636365,2023-05,2026-06,24,0,,EQUIVALENT,EXACT,CONTRADICTION,0.0,UNAVAILABLE,SER_VOLUME_BELOW_PROPOSE_MIN,,,,14,14,18.0,2735.0,2024-08,2026-06,11,BRND_EXACT,NAME_ONLY_NOT_AUTO;SER_MISSING_ROW_SEMANTICS_UNCONFIRMED;ATTR_BODY_MISMATCH,NAME_CONTRADICTION,SER_VOLUME_BELOW_PROPOSE_MIN,NO_CANDIDATE,NO_CANDIDATE_ALL_EXCLUDED,,,true,AVAILABILITY,true,,,,78,6,15,2021-01,2026-06,31439,2554,4623,suzuki-suzuki-spacia;suzuki-swift,suzuki-swift,"suzuki.ciaz (CONTRADICTION, UNAVAILABLE) | suzuki.suzuki_carry (CONTRADICTION, UNAVAILABLE)",,,,
328,4,outcome changes materially under the common-overlap window,4,,0.9839,"Is Ice 'Nissan Fairlady' (NISSAN, nissan-nissan-fairlady) the same vehicle as TDR 'Almera' (nissan.almera)? Verdict applies to the candidate shown on this row.",nissan-nissan-fairlady,Nissan Fairlady,NISSAN,settled,Coupe/Convertible,nissan.almera,Almera,Nissan,CURRENT,SEDAN,LEGACY_CANDIDATE;LEGACY_STORED;V1_POOL,PROPOSED,NAME,288,0.06408000336556684,251.51612903225808,0.42857142857142855,2023-04,2026-08,23,0,,EQUIVALENT,EXACT,CONTRADICTION,0.0,UNAVAILABLE,SER_VOLUME_BELOW_PROPOSE_MIN,,,,12,12,15.0,2431.0,2024-09,2026-08,12,BRND_EXACT,NAME_ONLY_NOT_AUTO;SER_MISSING_ROW_SEMANTICS_UNCONFIRMED;ATTR_BODY_MISMATCH,NAME_CONTRADICTION,SER_VOLUME_BELOW_PROPOSE_MIN,NO_CANDIDATE,NO_CANDIDATE_ALL_EXCLUDED,,,true,AVAILABILITY,true,,,,31,10,15,2023-04,2026-08,43537,1793,5022,NISSAN|BDBARGZL33MHA A;nissan-almera;nissan-nissan-fairlady,nissan-almera,"nissan.x_trail (CONTRADICTION, UNAVAILABLE)",,,,
329,4,outcome changes materially under the common-overlap window,4,,0.9839,"Is Ice 'Ferrari Purosangue' (FERRARI, ferrari-ferrari-purosangue) the same vehicle as TDR 'Roma' (ferrari.roma)? Verdict applies to the candidate shown on this row.",ferrari-ferrari-purosangue,Ferrari Purosangue,FERRARI,settled,SUV,ferrari.roma,Roma,Ferrari,CURRENT,COUPE,LEGACY_CANDIDATE;LEGACY_STORED;V1_POOL,PROPOSED,NAME,294,0.21133322884776537,0.17391304347826086,0.42857142857142855,2024-03,2026-09,15,11,2024-03;2024-07;2024-10;2025-01;2025-04;2025-05;2025-06;2025-08;2025-11;2026-04;2026-09,EQUIVALENT,EXACT,CONTRADICTION,0.0,UNAVAILABLE,SER_OVERLAP_BELOW_PROPOSE_MIN,,,,4,4,7.0,4.0,2024-08,2026-03,21,BRND_EXACT,NAME_ONLY_NOT_AUTO;SER_MISSING_ROW_SEMANTICS_UNCONFIRMED;ATTR_BODY_MISMATCH,NAME_CONTRADICTION,SER_OVERLAP_BELOW_PROPOSE_MIN,NO_CANDIDATE,NO_CANDIDATE_ALL_EXCLUDED,,,true,AVAILABILITY,true,,,,23,3,15,2024-03,2026-09,34,3,5,ferrari-ferrari-purosangue;ferrari-ferrari-roma,ferrari-ferrari-roma,,,,,
330,4,outcome changes materially under the common-overlap window,4,,0.9845,"Is Ice 'Toyota Sienta' (TOYOTA, toyota-toyota-sienta) the same vehicle as TDR 'Hiace' (toyota.hiace)? Verdict applies to the candidate shown on this row.",toyota-toyota-sienta,Toyota Sienta,TOYOTA,settled,MPV,toyota.hiace,Hiace,Toyota,CURRENT,VAN,LEGACY_CANDIDATE;LEGACY_STORED;V1_POOL,PROPOSED,NAME,112,-0.3942205702263862,5.855421686746988,0.36363636363636365,2023-04,2026-08,24,0,,EQUIVALENT,EXACT,CONTRADICTION,0.0,UNAVAILABLE,SER_VOLUME_BELOW_PROPOSE_MIN,,,,8,8,13.0,441.0,2025-03,2026-08,16,BRND_EXACT,NAME_ONLY_NOT_AUTO;SER_MISSING_ROW_SEMANTICS_UNCONFIRMED;ATTR_BODY_MISMATCH,NAME_CONTRADICTION,SER_VOLUME_BELOW_PROPOSE_MIN,NO_CANDIDATE,NO_CANDIDATE_ALL_EXCLUDED,,,true,AVAILABILITY,true,,,,2645,6,13,2021-01,2026-08,3598,701,1567,toyota-toyota-sienta,toyota-hiace,"toyota.noah (CONTRADICTION, UNAVAILABLE)",,,,
331,4,outcome changes materially under the common-overlap window,4,,0.9845,"Is Ice 'Subaru Outback' (SUBARU, subaru-subaru-outback) the same vehicle as TDR 'Outback' (subaru.outback)? Verdict applies to the candidate shown on this row.",subaru-subaru-outback,Subaru Outback,SUBARU,settled,Wagon,subaru.outback,Outback,Subaru,CURRENT,WAGON,LEGACY_CANDIDATE;LEGACY_STORED;V1_POOL;V1_PRIMARY,PROPOSED,NAME,247,0.9381135942193836,0.95,1.0,2023-01,2026-09,24,1,2026-09,EQUIVALENT,EXACT,EQUAL,1.0,UNAVAILABLE,SER_VOLUME_BELOW_PROPOSE_MIN,,,,14,14,17.0,17.0,2024-06,2026-05,13,BRND_EXACT;NAME_EQUAL,NAME_ONLY_NOT_AUTO;SER_MISSING_ROW_SEMANTICS_UNCONFIRMED,,SER_VOLUME_BELOW_PROPOSE_MIN,PROPOSE,PROPOSE_NAME_MATCH_SERIES_NOT_STRONG,subaru.outback,EQUIVALENT,true,AVAILABILITY,false,,,,107,8,13,2021-07,2026-09,105,8,13,subaru-subaru-outback,subaru-subaru-outback,,,,,
332,4,outcome changes materially under the common-overlap window,4,,0.9845,"Is Ice 'Lexus RZ500E' (LEXUS, lexus-lexus-rz500e) the same vehicle as TDR 'RZ' (lexus.rz)? Verdict applies to the candidate shown on this row.",lexus-lexus-rz500e,Lexus RZ500E,LEXUS,settled,SUV,lexus.rz,RZ,Lexus,CURRENT,CROSSOVER,LEGACY_CANDIDATE;LEGACY_STORED;V1_POOL,PROPOSED,NAME,304,0.3772996273352867,2.3333333333333335,0.5,2026-02,2026-09,6,1,2026-09,EQUIVALENT,EXACT,CONTRADICTION,0.0,UNAVAILABLE,SER_OVERLAP_BELOW_PROPOSE_MIN,,,,5,5,13.0,35.0,2026-02,2026-08,19,BRND_EXACT,NAME_ONLY_NOT_AUTO;SER_MISSING_ROW_SEMANTICS_UNCONFIRMED,NAME_CONTRADICTION,SER_OVERLAP_BELOW_PROPOSE_MIN,NO_CANDIDATE,NO_CANDIDATE_ALL_EXCLUDED,,,true,AVAILABILITY,true,,,,15,13,13,2026-02,2026-09,185,39,71,lexus-lexus-rz350e;lexus-lexus-rz450e;lexus-lexus-rz500e,,,,,,
333,4,outcome changes materially under the common-overlap window,4,,0.9846,"Is Ice 'Chevrolet Colorado' (CHEVROLET, chevrolet-chevrolet-colorado) the same vehicle as TDR 'Colorado C-Cab' (chevrolet.colorado_c_cab)? Verdict applies to the candidate shown on this row.",chevrolet-chevrolet-colorado,Chevrolet Colorado,CHEVROLET,settled,Pickup,chevrolet.colorado_c_cab,Colorado C-Cab,Chevrolet,CURRENT,PICKUP,LEGACY_CANDIDATE;LEGACY_STORED;V1_POOL,PROPOSED,NAME,185,0.8000017482362543,0.32558139534883723,0.7272727272727273,2023-01,2026-02,24,16,2023-02;2023-05;2023-07;2023-11;2024-04;2024-06;2024-07;2024-08;2024-09;2024-11;2025-03;2025-08;2025-09;2025-10;2025-11;2026-02,EQUIVALENT,EXACT,SUBJECT_COARSER,0.5,UNAVAILABLE,SER_VOLUME_BELOW_PROPOSE_MIN,,,,13,13,34.0,24.0,2022-06,2024-05,24,BRND_EXACT,NAME_CONTAINMENT_SUBJECT_COARSER;NAME_ONLY_NOT_AUTO;SER_MISSING_ROW_SEMANTICS_UNCONFIRMED,,SER_VOLUME_BELOW_PROPOSE_MIN,PROPOSE,PROPOSE_COMPOSED_OF,chevrolet.colorado_c_cab+chevrolet.colorado_x_cab,COMPOSED_OF,true,AVAILABILITY,false,,,,499,7,12,2021-01,2026-02,202,0,0,chevrolet-camaro-coupe__provisional;chevrolet-chevrolet-colorado,chevrolet-chevrolet-colorado,"chevrolet.colorado_c_cab+chevrolet.colorado_x_cab (SUBJECT_COARSER, STRONG, corr 0.999 ratio 0.963) | chevrolet.colorado_x_cab (SUBJECT_COARSER, UNAVAILABLE)",,,,
334,4,outcome changes materially under the common-overlap window,4;5,,0.9846,"Is Ice 'Chevrolet Colorado' (CHEVROLET, chevrolet-chevrolet-colorado) made up of TDR 'Colorado C-Cab + Colorado X-Cab' (chevrolet.colorado_c_cab+chevrolet.colorado_x_cab)? Verdict applies to the candidate shown on this row.",chevrolet-chevrolet-colorado,Chevrolet Colorado,CHEVROLET,settled,Pickup,chevrolet.colorado_c_cab+chevrolet.colorado_x_cab,Colorado C-Cab + Colorado X-Cab,Chevrolet,CURRENT,PICKUP,V1_POOL;V1_PRIMARY,,,,0.9135092784529965,0.7906976744186046,,2023-01,2026-02,24,2,2025-03;2026-02,COMPOSED_OF,EXACT,SUBJECT_COARSER,0.5,STRONG,,0.998675,0.963415,1.0,12,12,82.0,79.0,2021-09,2023-08,24,BRND_EXACT;SER_BUNDLE_STRONG;GRAN_PROVIDER_COARSER,NAME_CONTAINMENT_SUBJECT_COARSER;SER_VOLUME_BELOW_AUTO_MIN;SER_MISSING_ROW_SEMANTICS_UNCONFIRMED,,,PROPOSE,PROPOSE_COMPOSED_OF,chevrolet.colorado_c_cab+chevrolet.colorado_x_cab,COMPOSED_OF,true,STRONG_FLIPS;CORRELATION;RATIO,false,,,,499,7,12,2021-01,2026-02,477,3,6,,chevrolet-chevrolet-colorado,"chevrolet.colorado_c_cab (SUBJECT_COARSER, UNAVAILABLE) | chevrolet.colorado_x_cab (SUBJECT_COARSER, UNAVAILABLE)",,,,
335,4,outcome changes materially under the common-overlap window,4,,0.9847,"Is Ice 'Lamborghini Revuelto' (LAMBORGHINI, lamborghini-lamborghini-revuelto) the same vehicle as TDR 'Revuelto' (lamborghini.revuelto)? Verdict applies to the candidate shown on this row.",lamborghini-lamborghini-revuelto,Lamborghini Revuelto,LAMBORGHINI,settled,Coupe/Convertible,lamborghini.revuelto,Revuelto,Lamborghini,CURRENT,COUPE,LEGACY_CANDIDATE;LEGACY_STORED;V1_POOL;V1_PRIMARY,PROPOSED,NAME,308,0.8728715609439694,0.9230769230769231,1.0,2024-11,2026-09,10,1,2026-09,EQUIVALENT,EXACT,EQUAL,1.0,UNAVAILABLE,SER_VOLUME_BELOW_PROPOSE_MIN,,,,9,9,12.0,12.0,2024-11,2026-08,15,BRND_EXACT;NAME_EQUAL,NAME_ONLY_NOT_AUTO;SER_MISSING_ROW_SEMANTICS_UNCONFIRMED,,SER_VOLUME_BELOW_PROPOSE_MIN,PROPOSE,PROPOSE_NAME_MATCH_SERIES_NOT_STRONG,lamborghini.revuelto,EQUIVALENT,true,AVAILABILITY,false,,,,13,9,12,2024-11,2026-09,12,9,12,lamborghini-lamborghini-revuelto,lamborghini-lamborghini-revuelto,,,,,
336,4,outcome changes materially under the common-overlap window,4,,0.9847,"Is Ice 'Honda Stepwagon' (HONDA, honda-honda-stepwagon) the same vehicle as TDR 'Step WGN' (honda.step_wgn)? Verdict applies to the candidate shown on this row.",honda-honda-stepwagon,Honda Stepwagon,HONDA,settled,MPV,honda.step_wgn,Step WGN,Honda,CURRENT,MPV,LEGACY_CANDIDATE;LEGACY_STORED;V1_POOL,PROPOSED,NAME,267,-0.17728294716727397,12.512820512820513,0.8235294117647058,2022-07,2026-04,24,0,,EQUIVALENT,EXACT,CONTRADICTION,0.0,UNAVAILABLE,SER_VOLUME_BELOW_PROPOSE_MIN,,,,12,12,17.0,322.0,2024-05,2026-04,15,BRND_EXACT,NAME_ONLY_NOT_AUTO;SER_MISSING_ROW_SEMANTICS_UNCONFIRMED,NAME_CONTRADICTION,SER_VOLUME_BELOW_PROPOSE_MIN,NO_CANDIDATE,NO_CANDIDATE_ALL_EXCLUDED,,,true,AVAILABILITY,true,,,,73,2,11,2021-03,2026-04,1210,475,731,HONDA|N VAN TEN STYLE FUN;HONDA|NSX TYPE S;honda-honda-stepwagon;honda-step-wgn;honda-super-one,honda-step-wgn,,,,,
337,4,outcome changes materially under the common-overlap window,4,,0.9848,"Is Ice 'Mercedes-Benz GLB-Class' (MERCEDES BENZ, mercedes-benz-mercedes-benz-glb-class) the same vehicle as TDR 'GLB' (mercedes_benz.glb)? Verdict applies to the candidate shown on this row.",mercedes-benz-mercedes-benz-glb-class,Mercedes-Benz GLB-Class,MERCEDES BENZ,settled,SUV,mercedes_benz.glb,GLB,Mercedes-Benz,CURRENT,CROSSOVER,V1_POOL;V1_PRIMARY,,,,1.0000000000000002,1.0,0.5,2022-12,2026-08,24,0,,EQUIVALENT,EXACT,EQUAL,1.0,UNAVAILABLE,SER_VOLUME_BELOW_PROPOSE_MIN,,,,8,8,10.0,10.0,2024-10,2026-08,16,BRND_EXACT;NAME_EQUAL,NAME_ONLY_NOT_AUTO;SER_MISSING_ROW_SEMANTICS_UNCONFIRMED;GEN_LIFECYCLE_PARTIAL,,SER_VOLUME_BELOW_PROPOSE_MIN,PROPOSE,PROPOSE_NAME_MATCH_SERIES_NOT_STRONG,mercedes_benz.glb,EQUIVALENT,true,STRONG_FLIPS;AVAILABILITY,true,,,,374,5,10,2021-01,2026-08,374,5,10,,mercedes-benz-mercedes-benz-glb-class,,,,,
338,4,outcome changes materially under the common-overlap window,4,,0.9848,"Is Ice 'Leaf' (NISSAN, nissan-leaf) the same vehicle as TDR 'Terra' (nissan.terra)? Verdict applies to the candidate shown on this row.",nissan-leaf,Leaf,NISSAN,settled,Hatchback,nissan.terra,Terra,Nissan,CURRENT,PPV,LEGACY_CANDIDATE;LEGACY_STORED;V1_POOL,PROPOSED,NAME,217,0.5427358721958699,12.53956834532374,0.4444444444444444,2022-07,2026-08,24,2,2026-05;2026-08,EQUIVALENT,EXACT,CONTRADICTION,0.0,UNAVAILABLE,SER_VOLUME_BELOW_PROPOSE_MIN,,,,6,6,14.0,191.0,2024-07,2026-06,19,BRND_EXACT,NAME_ONLY_NOT_AUTO;SER_MISSING_ROW_SEMANTICS_UNCONFIRMED;ATTR_BODY_MISMATCH,NAME_CONTRADICTION,SER_VOLUME_BELOW_PROPOSE_MIN,NO_CANDIDATE,NO_CANDIDATE_ALL_EXCLUDED,,,true,AVAILABILITY,true,,,,237,4,10,2021-01,2026-08,4448,81,670,NISSAN|FDTARRZC12MHAA;nissan-leaf;nissan-note;nissan-terra;nissan-urvan,nissan-terra,"nissan.teana (CONTRADICTION, UNAVAILABLE) | nissan.serena (CONTRADICTION, UNAVAILABLE)",,,,
339,4,outcome changes materially under the common-overlap window,4,,0.9848,"Is Ice 'AUDI RS Q8' (AUDI, audi-audi-rs-q8) the same vehicle as TDR 'Q8' (audi.q8)? Verdict applies to the candidate shown on this row.",audi-audi-rs-q8,AUDI RS Q8,AUDI,settled,SUV,audi.q8,Q8,Audi,CURRENT,CROSSOVER,LEGACY_CANDIDATE;LEGACY_STORED;V1_POOL,PROPOSED,NAME,282,0.4778593700355387,2.3823529411764706,0.5714285714285714,2021-04,2026-03,24,3,2021-10;2023-03;2023-10,EQUIVALENT,EXACT,SUBJECT_FINER,0.666667,UNAVAILABLE,SER_VOLUME_BELOW_PROPOSE_MIN,,,,9,9,13.0,42.0,2024-05,2026-03,17,BRND_EXACT,NAME_CONTAINMENT_SUBJECT_FINER;NAME_ONLY_NOT_AUTO;SER_MISSING_ROW_SEMANTICS_UNCONFIRMED;GEN_LIFECYCLE_PARTIAL,,SER_VOLUME_BELOW_PROPOSE_MIN,INSUFFICIENT_DATA,INSUFFICIENT_DATA_NO_BASIS,,,true,AVAILABILITY,true,,,,34,7,10,2021-04,2026-03,203,36,91,audi-audi-rs-q8,audi-audi-q8,"audi.rs (SUBJECT_FINER, UNAVAILABLE) | audi.q8_etron (SIBLING, UNAVAILABLE)",,,,
340,4,outcome changes materially under the common-overlap window,4,,0.9848,"Is Ice 'AUDI S3' (AUDI, audi-audi-s3) the same vehicle as TDR 'Q3' (audi.audi_q3)? Verdict applies to the candidate shown on this row.",audi-audi-s3,AUDI S3,AUDI,settled,Hatchback,audi.audi_q3,Q3,Audi,CURRENT,CROSSOVER,LEGACY_CANDIDATE;LEGACY_STORED;V1_POOL,PROPOSED,NAME,297,0.13582377130286669,9.6,0.5,2022-10,2026-07,17,0,,EQUIVALENT,EXACT,CONTRADICTION,0.0,UNAVAILABLE,SER_VOLUME_BELOW_PROPOSE_MIN,,,,9,9,11.0,55.0,2024-08,2026-07,16,BRND_EXACT,NAME_ONLY_NOT_AUTO;SER_MISSING_ROW_SEMANTICS_UNCONFIRMED;ATTR_BODY_MISMATCH,NAME_CONTRADICTION,SER_VOLUME_BELOW_PROPOSE_MIN,NO_CANDIDATE,NO_CANDIDATE_ALL_EXCLUDED,,,true,AVAILABILITY,true,,,,20,6,10,2022-10,2026-07,757,25,131,audi-audi-q3;audi-audi-s3,audi-audi-q3,"audi.rs (CONTRADICTION, UNAVAILABLE)",,,,
341,4,outcome changes materially under the common-overlap window,4,,0.9848,"Is Ice 'AUDI RS 3' (AUDI, audi-audi-rs-3) the same vehicle as TDR 'RS' (audi.rs)? Verdict applies to the candidate shown on this row.",audi-audi-rs-3,AUDI RS 3,AUDI,settled,Hatchback,audi.rs,RS,Audi,CURRENT,SEDAN,LEGACY_CANDIDATE;LEGACY_STORED;V1_POOL,PROPOSED,NAME,296,0.002522166361526611,5.863636363636363,0.6666666666666666,2022-11,2026-02,17,0,,EQUIVALENT,EXACT,SUBJECT_FINER,0.666667,UNAVAILABLE,SER_VOLUME_BELOW_PROPOSE_MIN,,,,10,10,14.0,66.0,2024-05,2026-02,17,BRND_EXACT,NAME_CONTAINMENT_SUBJECT_FINER;NAME_ONLY_NOT_AUTO;SER_MISSING_ROW_SEMANTICS_UNCONFIRMED;ATTR_BODY_MISMATCH,,SER_VOLUME_BELOW_PROPOSE_MIN,INSUFFICIENT_DATA,INSUFFICIENT_DATA_NO_BASIS,,,true,AVAILABILITY,true,,,,22,5,9,2022-11,2026-02,430,51,105,audi-audi-rs-3;audi-audi-rs-4;audi-audi-rs-5;audi-audi-rs-6;audi-audi-rs-7;audi-audi-rs-q3,,,,,,
342,4,outcome changes materially under the common-overlap window,4,,0.9848,"Is Ice 'Nextem Orca' (NEXTEM, nextem-nextem-orca) the same vehicle as TDR 'Nextem Orca' (nextem.nextem_orca)? Verdict applies to the candidate shown on this row.",nextem-nextem-orca,Nextem Orca,NEXTEM,settled,Truck,nextem.nextem_orca,Nextem Orca,Nextem,CURRENT,VAN,LEGACY_CANDIDATE;LEGACY_STORED;V1_POOL;V1_PRIMARY,PROPOSED,NAME,309,0.9513029883089881,0.9230769230769231,1.0,2024-03,2026-09,7,1,2026-09,EQUIVALENT,EXACT,EQUAL,1.0,UNAVAILABLE,SER_VOLUME_BELOW_PROPOSE_MIN,,,,6,6,12.0,12.0,2024-03,2026-01,19,BRND_EXACT;NAME_EQUAL,NAME_ONLY_NOT_AUTO;SER_MISSING_ROW_SEMANTICS_UNCONFIRMED;ATTR_BODY_MISMATCH,,SER_VOLUME_BELOW_PROPOSE_MIN,PROPOSE,PROPOSE_NAME_MATCH_SERIES_NOT_STRONG,nextem.nextem_orca,EQUIVALENT,true,AVAILABILITY,false,,,,13,3,9,2024-03,2026-09,12,3,9,nextem-nextem-orca,nextem-nextem-orca,,,,,
343,4,outcome changes materially under the common-overlap window,4,,0.9848,"Is Ice 'Seres 3' (SERES, seres-seres-3) the same vehicle as TDR 'Seres 3' (seres.seres_3)? Verdict applies to the candidate shown on this row.",seres-seres-3,Seres 3,SERES,settled,SUV,seres.seres_3,Seres 3,Seres,CURRENT,CROSSOVER,LEGACY_CANDIDATE;LEGACY_STORED;V1_POOL;V1_PRIMARY,PROPOSED,NAME,315,0.8427009716003844,0.9,1.0,2025-07,2026-09,8,1,2026-09,EQUIVALENT,EXACT,EQUAL,1.0,UNAVAILABLE,SER_VOLUME_BELOW_PROPOSE_MIN,,,,7,7,9.0,9.0,2025-07,2026-08,17,BRND_EXACT;NAME_EQUAL,NAME_ONLY_NOT_AUTO;SER_MISSING_ROW_SEMANTICS_UNCONFIRMED,,SER_VOLUME_BELOW_PROPOSE_MIN,PROPOSE,PROPOSE_NAME_MATCH_SERIES_NOT_STRONG,seres.seres_3,EQUIVALENT,true,AVAILABILITY,false,NEW_RENAME,RENAME:seres-seres-3__provisional>seres-seres-3 100%,NOOP:LIN_ALREADY_APPLIED,10,8,9,2025-07,2026-09,9,8,9,seres-seres-3;seres-seres-ec31,seres-seres-3,,,,,
344,4,outcome changes materially under the common-overlap window,4,,0.9849,"Is Ice 'AUDI RS 6' (AUDI, audi-audi-rs-6) the same vehicle as TDR 'RS' (audi.rs)? Verdict applies to the candidate shown on this row.",audi-audi-rs-6,AUDI RS 6,AUDI,settled,Wagon,audi.rs,RS,Audi,CURRENT,SEDAN,LEGACY_CANDIDATE;LEGACY_STORED;V1_POOL,PROPOSED,NAME,277,0.3073162142697172,5.285714285714286,0.6666666666666666,2021-12,2026-03,24,0,,EQUIVALENT,EXACT,SUBJECT_FINER,0.666667,UNAVAILABLE,SER_VOLUME_BELOW_PROPOSE_MIN,,,,9,9,10.0,55.0,2024-05,2026-03,17,BRND_EXACT,NAME_CONTAINMENT_SUBJECT_FINER;NAME_ONLY_NOT_AUTO;SER_MISSING_ROW_SEMANTICS_UNCONFIRMED;ATTR_BODY_MISMATCH;GEN_LIFECYCLE_PARTIAL,,SER_VOLUME_BELOW_PROPOSE_MIN,INSUFFICIENT_DATA,INSUFFICIENT_DATA_NO_BASIS,,,true,AVAILABILITY,true,,,,44,2,8,2021-01,2026-03,430,51,105,audi-audi-rs-3;audi-audi-rs-4;audi-audi-rs-5;audi-audi-rs-6;audi-audi-rs-7;audi-audi-rs-q3,,,,,,
345,4,outcome changes materially under the common-overlap window,4,,0.9849,"Is Ice 'AUDI Q6' (AUDI, audi-audi-q6) the same vehicle as TDR 'Q5' (audi.audi_q5)? Verdict applies to the candidate shown on this row.",audi-audi-q6,AUDI Q6,AUDI,settled,SUV,audi.audi_q5,Q5,Audi,CURRENT,CROSSOVER,LEGACY_CANDIDATE;LEGACY_STORED;V1_POOL,PROPOSED,NAME,322,0.987762965329069,1.4285714285714286,0.5,2026-02,2026-09,6,3,2026-05;2026-08;2026-09,EQUIVALENT,EXACT,CONTRADICTION,0.0,UNAVAILABLE,SER_OVERLAP_BELOW_PROPOSE_MIN,,,,3,3,4.0,10.0,2026-02,2026-06,21,BRND_EXACT,NAME_ONLY_NOT_AUTO;SER_MISSING_ROW_SEMANTICS_UNCONFIRMED,NAME_CONTRADICTION,SER_OVERLAP_BELOW_PROPOSE_MIN,INSUFFICIENT_DATA,INSUFFICIENT_DATA_NO_BASIS,,,true,AVAILABILITY,true,,,,7,6,6,2026-02,2026-09,299,43,128,audi-audi-q5;audi-audi-q6,audi-audi-q5,"audi.a6 (CONTRADICTION, UNAVAILABLE) | audi.audi_q3 (CONTRADICTION, UNAVAILABLE) | audi.q7 (CONTRADICTION, UNAVAILABLE)",,,,
346,4,outcome changes materially under the common-overlap window,4,,0.9849,"Is Ice 'COASTER' (TOYOTA, TOYOTA|COASTER) the same vehicle as TDR 'Noah' (toyota.noah)? Verdict applies to the candidate shown on this row.",TOYOTA|COASTER,COASTER,TOYOTA,unmapped_name,,toyota.noah,Noah,Toyota,CURRENT,MPV,LEGACY_CANDIDATE;LEGACY_STORED;V1_POOL,PROPOSED,NAME,321,0.8660254037844385,0.42857142857142855,0.36363636363636365,2022-05,2024-12,3,1,2022-05,EQUIVALENT,EXACT,CONTRADICTION,0.0,UNAVAILABLE,SER_OVERLAP_BELOW_PROPOSE_MIN,,,,2,2,6.0,3.0,2023-09,2024-12,23,BRND_EXACT,NAME_ONLY_NOT_AUTO;SER_MISSING_ROW_SEMANTICS_UNCONFIRMED;SUBJ_UNMAPPED_NAME,NAME_CONTRADICTION,SER_OVERLAP_BELOW_PROPOSE_MIN;ATTR_BODY_UNKNOWN,NO_CANDIDATE,NO_CANDIDATE_ALL_EXCLUDED,,,true,AVAILABILITY,true,,,,7,0,5,2022-05,2024-12,183,21,79,TOYOTA|COASTER;toyota-toyota-noah,toyota-toyota-noah,"toyota.commuter (CONTRADICTION, UNAVAILABLE) | toyota.fortuner (CONTRADICTION, UNAVAILABLE) | toyota.camry (CONTRADICTION, UNAVAILABLE)",,,,
347,4,outcome changes materially under the common-overlap window,4,,0.9849,"Is Ice 'Ferrari 12CILINDRI' (FERRARI, ferrari-ferrari-12cilindri) the same vehicle as TDR '12Cilindri' (ferrari.12cilindri)? Verdict applies to the candidate shown on this row.",ferrari-ferrari-12cilindri,Ferrari 12CILINDRI,FERRARI,settled,Coupe/Convertible,ferrari.12cilindri,12Cilindri,Ferrari,CURRENT,COUPE,LEGACY_CANDIDATE;LEGACY_STORED;V1_POOL;V1_PRIMARY,PROPOSED,NAME,327,0.9045340337332909,0.8333333333333334,1.0,2025-11,2026-09,4,1,2026-09,EQUIVALENT,EXACT,EQUAL,1.0,UNAVAILABLE,SER_OVERLAP_BELOW_PROPOSE_MIN,,,,3,3,5.0,5.0,2025-11,2026-02,21,BRND_EXACT;NAME_EQUAL,NAME_ONLY_NOT_AUTO;SER_MISSING_ROW_SEMANTICS_UNCONFIRMED,,SER_OVERLAP_BELOW_PROPOSE_MIN,PROPOSE,PROPOSE_NAME_MATCH_SERIES_NOT_STRONG,ferrari.12cilindri,EQUIVALENT,true,AVAILABILITY,false,,,,6,5,5,2025-11,2026-09,5,5,5,FERRARI|812 COMPETIZIONE;FERRARI|812 COMPETIZIONE A;FERRARI|CALIFORNIA T;FERRARI|F12 TDF;ferrari-ferrari-12cilindri,ferrari-ferrari-12cilindri,,,,,
348,4,outcome changes materially under the common-overlap window,4,,0.9857,"Is Ice 'Nissan Note' (NISSAN, nissan-note) the same vehicle as TDR 'Terra' (nissan.terra)? Verdict applies to the candidate shown on this row.",nissan-note,Nissan Note,NISSAN,settled,Hatchback,nissan.terra,Terra,Nissan,CURRENT,PPV,LEGACY_CANDIDATE;LEGACY_STORED;V1_POOL,PROPOSED,NAME,103,0.46096482494357277,4.253258845437617,0.4444444444444444,2022-04,2026-08,24,1,2026-08,EQUIVALENT,EXACT,CONTRADICTION,0.0,UNAVAILABLE,SER_OVERLAP_BELOW_PROPOSE_MIN,,,,4,4,5.0,200.0,2024-01,2025-12,22,BRND_EXACT,NAME_ONLY_NOT_AUTO;SER_MISSING_ROW_SEMANTICS_UNCONFIRMED;ATTR_BODY_MISMATCH,NAME_CONTRADICTION,SER_OVERLAP_BELOW_PROPOSE_MIN,NO_CANDIDATE,NO_CANDIDATE_ALL_EXCLUDED,,,true,AVAILABILITY,true,NEW_RENAME,RENAME:NISSAN|NOTE>nissan-note 100%,NOOP:LIN_ALREADY_APPLIED,3667,2,3,2021-01,2026-08,4448,81,670,NISSAN|FDTARRZC12MHAA;nissan-leaf;nissan-note;nissan-terra;nissan-urvan,nissan-terra,"nissan.teana (CONTRADICTION, UNAVAILABLE)",,,,
349,4,outcome changes materially under the common-overlap window,4,,0.9858,"Is Ice 'Mercedes-Benz EQB-Class' (MERCEDES BENZ, mercedes-benz-mercedes-benz-eqb-class) the same vehicle as TDR 'Mercedes-Benz EQB' (mercedes_benz.eqb)? Verdict applies to the candidate shown on this row.",mercedes-benz-mercedes-benz-eqb-class,Mercedes-Benz EQB-Class,MERCEDES BENZ,settled,SUV,mercedes_benz.eqb,Mercedes-Benz EQB,Mercedes-Benz,CURRENT,CROSSOVER,V1_POOL;V1_PRIMARY,,,,0.9999999999999999,1.0,0.5,2023-07,2025-09,12,0,,EQUIVALENT,EXACT,EQUAL,1.0,STRONG,,1.0,1.0,1.0,9,9,133.0,133.0,2023-10,2025-09,21,BRND_EXACT;NAME_EQUAL;SER_STRONG,SER_OVERLAP_BELOW_AUTO_MIN;SER_MISSING_ROW_SEMANTICS_UNCONFIRMED,,,PROPOSE,PROPOSE_SERIES_STRONG_CAPPED,mercedes_benz.eqb,EQUIVALENT,false,,true,,,,171,1,3,2023-07,2025-09,171,1,3,,mercedes-benz-mercedes-benz-eqb-class,,,,,
350,4,outcome changes materially under the common-overlap window,4,,0.9858,"Is Ice 'JEEP Gladiator' (JEEP, jeep-jeep-gladiator) the same vehicle as TDR 'Wrangler' (jeep.wrangler)? Verdict applies to the candidate shown on this row.",jeep-jeep-gladiator,JEEP Gladiator,JEEP,settled,Pickup,jeep.wrangler,Wrangler,Jeep,CURRENT,OFFROAD,LEGACY_CANDIDATE;LEGACY_STORED;V1_POOL,PROPOSED,NAME,274,-0.04105021068691897,3.4,0.35294117647058826,2021-10,2026-05,24,2,2024-08;2026-05,EQUIVALENT,EXACT,CONTRADICTION,0.0,UNAVAILABLE,SER_VOLUME_BELOW_PROPOSE_MIN,,,,6,6,6.0,42.0,2023-10,2025-08,22,BRND_EXACT,NAME_ONLY_NOT_AUTO;SER_MISSING_ROW_SEMANTICS_UNCONFIRMED;ATTR_BODY_MISMATCH,NAME_CONTRADICTION,SER_VOLUME_BELOW_PROPOSE_MIN,NO_CANDIDATE,NO_CANDIDATE_ALL_EXCLUDED,,,true,AVAILABILITY,true,,,,50,1,3,2021-01,2026-05,264,34,74,jeep-jeep-gladiator;jeep-jeep-grand;jeep-jeep-wrangler,jeep-jeep-wrangler,,,,,
351,4,outcome changes materially under the common-overlap window,4,,0.9858,"Is Ice 'Ferrari 488' (FERRARI, ferrari-ferrari-488) the same vehicle as TDR 'F8' (ferrari.f8)? Verdict applies to the candidate shown on this row.",ferrari-ferrari-488,Ferrari 488,FERRARI,settled,Coupe/Convertible,ferrari.f8,F8,Ferrari,CURRENT,COUPE,LEGACY_CANDIDATE;LEGACY_STORED;V1_POOL,PROPOSED,NAME,281,-0.15984026160451972,1.3428571428571427,0.4,2021-01,2026-03,24,9,2021-01;2021-04;2021-06;2021-10;2021-12;2023-03;2024-02;2025-05;2026-03,EQUIVALENT,EXACT,CONTRADICTION,0.0,UNAVAILABLE,SER_OVERLAP_BELOW_PROPOSE_MIN,,,,2,2,2.0,3.0,2023-07,2025-06,23,BRND_EXACT,NAME_ONLY_NOT_AUTO;SER_MISSING_ROW_SEMANTICS_UNCONFIRMED;GEN_LIFECYCLE_PARTIAL,NAME_CONTRADICTION,SER_OVERLAP_BELOW_PROPOSE_MIN,NO_CANDIDATE,NO_CANDIDATE_ALL_EXCLUDED,,,true,AVAILABILITY,true,,,,35,1,3,2021-01,2026-03,90,2,7,ferrari-ferrari-488;ferrari-ferrari-f8,ferrari-ferrari-f8,,,,,
352,4,outcome changes materially under the common-overlap window,4,,0.9858,"Is Ice 'AUDI RS 7' (AUDI, audi-audi-rs-7) the same vehicle as TDR 'RS' (audi.rs)? Verdict applies to the candidate shown on this row.",audi-audi-rs-7,AUDI RS 7,AUDI,settled,Sedan,audi.rs,RS,Audi,CURRENT,SEDAN,LEGACY_CANDIDATE;LEGACY_STORED;V1_POOL,PROPOSED,NAME,303,0.090547343524926,6.0625,0.6666666666666666,2021-08,2026-01,14,0,,EQUIVALENT,EXACT,SUBJECT_FINER,0.666667,UNAVAILABLE,SER_OVERLAP_BELOW_PROPOSE_MIN,,,,5,5,5.0,36.0,2024-02,2026-01,21,BRND_EXACT,NAME_CONTAINMENT_SUBJECT_FINER;NAME_ONLY_NOT_AUTO;SER_MISSING_ROW_SEMANTICS_UNCONFIRMED,,SER_OVERLAP_BELOW_PROPOSE_MIN,INSUFFICIENT_DATA,INSUFFICIENT_DATA_NO_BASIS,,,true,AVAILABILITY,true,,,,16,2,3,2021-08,2026-01,430,51,105,audi-audi-rs-3;audi-audi-rs-4;audi-audi-rs-5;audi-audi-rs-6;audi-audi-rs-7;audi-audi-rs-q3,,,,,,
353,4,outcome changes materially under the common-overlap window,4,,0.9858,"Is Ice 'A03AXTHHRU' (MITSUBISHI, MITSUBISHI|A03AXTHHRU) the same vehicle as TDR 'Attrage' (mitsubishi.attrage)? Verdict applies to the candidate shown on this row.",MITSUBISHI|A03AXTHHRU,A03AXTHHRU,MITSUBISHI,unmapped_name,,mitsubishi.attrage,Attrage,Mitsubishi,CURRENT,SEDAN,LEGACY_CANDIDATE;LEGACY_STORED;V1_POOL,PROPOSED,NAME,346,-1.0,92.33333333333333,0.35294117647058826,2025-10,2025-12,2,0,,EQUIVALENT,EXACT,CONTRADICTION,0.0,UNAVAILABLE,SER_OVERLAP_BELOW_PROPOSE_MIN,,,,2,2,3.0,277.0,2025-10,2025-12,22,BRND_EXACT,NAME_ONLY_NOT_AUTO;SER_MISSING_ROW_SEMANTICS_UNCONFIRMED;SUBJ_UNMAPPED_NAME,NAME_CONTRADICTION,SER_OVERLAP_BELOW_PROPOSE_MIN;ATTR_BODY_UNKNOWN,NO_CANDIDATE,NO_CANDIDATE_ALL_EXCLUDED,,,true,AVAILABILITY,true,,,,3,3,3,2025-10,2025-12,22416,2369,5252,MITSUBISHI|A03AXTHHRU;MITSUBISHI|A03AXTMHRU;MITSUBISHI|A13ASTMHRU;MITSUBISHI|CY3ASTHHRU;mitsubishi-attrage;mitsubishi-mitsubishi-cy4astxhru,mitsubishi-attrage,,,,,
354,4,outcome changes materially under the common-overlap window,4,,0.9858,"Is Ice 'JEEP Grand' (JEEP, jeep-jeep-grand) the same vehicle as TDR 'Wrangler' (jeep.wrangler)? Verdict applies to the candidate shown on this row.",jeep-jeep-grand,JEEP Grand,JEEP,settled,SUV,jeep.wrangler,Wrangler,Jeep,CURRENT,OFFROAD,LEGACY_CANDIDATE;LEGACY_STORED;V1_POOL,PROPOSED,NAME,353,,4.0,0.46153846153846156,2024-11,2026-07,2,0,,EQUIVALENT,EXACT,CONTRADICTION,0.0,UNAVAILABLE,SER_OVERLAP_BELOW_PROPOSE_MIN,,,,2,2,3.0,12.0,2024-11,2026-07,22,BRND_EXACT,NAME_ONLY_NOT_AUTO;SER_MISSING_ROW_SEMANTICS_UNCONFIRMED,NAME_CONTRADICTION,SER_OVERLAP_BELOW_PROPOSE_MIN,NO_CANDIDATE,NO_CANDIDATE_ALL_EXCLUDED,,,false,,true,,,,3,2,3,2024-11,2026-07,264,34,74,jeep-jeep-gladiator;jeep-jeep-grand;jeep-jeep-wrangler,jeep-jeep-wrangler,,,,,
355,4,outcome changes materially under the common-overlap window,4,,0.9858,"Is Ice 'Brio' (HONDA, honda-brio) the same vehicle as TDR 'Mobilio' (honda.mobilio)? Verdict applies to the candidate shown on this row.",honda-brio,Brio,HONDA,settled,Hatchback,honda.mobilio,Mobilio,Honda,CURRENT,MPV,LEGACY_CANDIDATE;LEGACY_STORED;V1_POOL,PROPOSED,NAME,287,0.5614404338567337,5.451612903225806,0.5454545454545454,2021-02,2026-08,18,3,2023-04;2023-09;2023-10,EQUIVALENT,EXACT,CONTRADICTION,0.0,UNAVAILABLE,SER_OVERLAP_BELOW_PROPOSE_MIN,,,,2,2,2.0,3.0,2024-12,2026-08,22,BRND_EXACT,NAME_ONLY_NOT_AUTO;SER_MISSING_ROW_SEMANTICS_UNCONFIRMED;ATTR_BODY_MISMATCH,NAME_CONTRADICTION,SER_OVERLAP_BELOW_PROPOSE_MIN,NO_CANDIDATE,NO_CANDIDATE_ALL_EXCLUDED,,,true,AVAILABILITY,true,,,,31,1,2,2021-02,2026-08,347,4,6,honda-brio;honda-honda-mobilio,honda-honda-mobilio,"honda.brv (CONTRADICTION, UNAVAILABLE)",,,,
356,4,outcome changes materially under the common-overlap window,4,,0.9858,"Is Ice 'E ADVANCE' (HONDA, HONDA|E ADVANCE) the same vehicle as TDR 'e:N2' (honda.en2)? Verdict applies to the candidate shown on this row.",HONDA|E ADVANCE,E ADVANCE,HONDA,unmapped_name,,honda.en2,e:N2,Honda,CURRENT,CROSSOVER,LEGACY_CANDIDATE;LEGACY_STORED;V1_POOL,PROPOSED,NAME,302,-0.07692307692307693,0.875,0.46153846153846156,2021-03,2026-06,14,13,2021-03;2021-04;2021-05;2022-04;2022-05;2022-07;2022-12;2023-05;2023-08;2023-11;2023-12;2024-02;2025-10,EQUIVALENT,EXACT,CONTRADICTION,0.0,UNAVAILABLE,SER_OVERLAP_BELOW_PROPOSE_MIN,,,,1,1,1.0,14.0,2026-06,2026-06,23,BRND_EXACT,NAME_ONLY_NOT_AUTO;SER_MISSING_ROW_SEMANTICS_UNCONFIRMED;SUBJ_UNMAPPED_NAME,NAME_CONTRADICTION;GEN_LIFECYCLE_DISJOINT,SER_OVERLAP_BELOW_PROPOSE_MIN;ATTR_BODY_UNKNOWN,NO_CANDIDATE,NO_CANDIDATE_ALL_EXCLUDED,,,true,AVAILABILITY,true,,,,16,2,2,2021-03,2026-06,50,50,50,HONDA|E ADVANCE;honda-en2,honda-en2,"honda.en1 (CONTRADICTION, UNAVAILABLE) | honda.step_wgn (CONTRADICTION, UNAVAILABLE)",,,,
357,4,outcome changes materially under the common-overlap window,4,,0.9858,"Is Ice 'MG6' (MG, MG|MG6) the same vehicle as TDR 'MG IM6' (mg.mg_im6)? Verdict applies to the candidate shown on this row.",MG|MG6,MG6,MG,unmapped_name,,mg.mg_im6,MG IM6,MG,CURRENT,CROSSOVER,LEGACY_CANDIDATE;LEGACY_STORED;V1_POOL,PROPOSED,NAME,316,,0.0,0.5,2021-02,2025-02,8,8,2021-02;2021-08;2022-01;2022-05;2023-08;2024-01;2024-12;2025-02,EQUIVALENT,EXACT,CONTRADICTION,0.0,UNAVAILABLE,SER_NO_COMMON_WINDOW,,,,0,0,0,0,,,24,BRND_EXACT,NAME_ONLY_NOT_AUTO;SER_MISSING_ROW_SEMANTICS_UNCONFIRMED;SUBJ_UNMAPPED_NAME,NAME_CONTRADICTION;GEN_LIFECYCLE_DISJOINT,SER_NO_COMMON_WINDOW;ATTR_BODY_UNKNOWN,NO_CANDIDATE,NO_CANDIDATE_ALL_EXCLUDED,,,false,,true,,,,9,0,2,2021-02,2025-02,2501,1787,2501,MG|MG6;mg-mg-im6,mg-mg-im6,,,,,
358,4,outcome changes materially under the common-overlap window,4,,0.9858,"Is Ice 'N VAN TEN STYLE FUN' (HONDA, HONDA|N VAN TEN STYLE FUN) the same vehicle as TDR 'Step WGN' (honda.step_wgn)? Verdict applies to the candidate shown on this row.",HONDA|N VAN TEN STYLE FUN,N VAN TEN STYLE FUN,HONDA,unmapped_name,,honda.step_wgn,Step WGN,Honda,CURRENT,MPV,LEGACY_CANDIDATE;LEGACY_STORED;V1_POOL,PROPOSED,NAME,329,,21.8,0.37037037037037035,2023-11,2025-03,5,0,,EQUIVALENT,EXACT,CONTRADICTION,0.0,UNAVAILABLE,SER_OVERLAP_BELOW_PROPOSE_MIN,,,,5,5,5.0,109.0,2023-11,2025-03,22,BRND_EXACT,NAME_ONLY_NOT_AUTO;SER_MISSING_ROW_SEMANTICS_UNCONFIRMED;SUBJ_UNMAPPED_NAME,NAME_CONTRADICTION,SER_OVERLAP_BELOW_PROPOSE_MIN;ATTR_BODY_UNKNOWN,NO_CANDIDATE,NO_CANDIDATE_ALL_EXCLUDED,,,false,,true,,,,5,0,2,2023-11,2025-03,1210,475,731,HONDA|N VAN TEN STYLE FUN;HONDA|NSX TYPE S;honda-honda-stepwagon;honda-step-wgn;honda-super-one,honda-step-wgn,,,,,
359,4,outcome changes materially under the common-overlap window,4,,0.9858,"Is Ice 'FORD FIESTA' (FORD, FORD|FORD FIESTA) the same vehicle as TDR 'Everest' (ford.everest)? Verdict applies to the candidate shown on this row.",FORD|FORD FIESTA,FORD FIESTA,FORD,unmapped_name,,ford.everest,Everest,Ford,CURRENT,PPV,LEGACY_CANDIDATE;LEGACY_STORED;V1_POOL,PROPOSED,NAME,336,,651.25,0.46153846153846156,2021-03,2025-10,4,0,,EQUIVALENT,EXACT,CONTRADICTION,0.0,UNAVAILABLE,SER_OVERLAP_BELOW_PROPOSE_MIN,,,,3,3,3.0,2032.0,2024-07,2025-10,22,BRND_EXACT,NAME_ONLY_NOT_AUTO;SER_MISSING_ROW_SEMANTICS_UNCONFIRMED;GEN_LIFECYCLE_PARTIAL;SUBJ_UNMAPPED_NAME,NAME_CONTRADICTION,SER_OVERLAP_BELOW_PROPOSE_MIN;ATTR_BODY_UNKNOWN,NO_CANDIDATE,NO_CANDIDATE_ALL_EXCLUDED,,,false,,true,,,,4,1,2,2021-03,2025-10,46948,7025,15069,FORD|ECOSPORT;FORD|FIESTA;FORD|FORD ECOSPORT;FORD|FORD FIESTA;FORD|TERRITORY;ford-ford-everest,ford-ford-everest,"ford.mustang (CONTRADICTION, UNAVAILABLE)",,,,
360,4,outcome changes materially under the common-overlap window,4,,0.9858,"Is Ice 'KA5TNCNUERU' (MITSUBISHI, MITSUBISHI|KA5TNCNUERU) the same vehicle as TDR 'Xpander' (mitsubishi.xpander)? Verdict applies to the candidate shown on this row.",MITSUBISHI|KA5TNCNUERU,KA5TNCNUERU,MITSUBISHI,unmapped_name,,mitsubishi.xpander,Xpander,Mitsubishi,CURRENT,MPV,LEGACY_CANDIDATE;LEGACY_STORED;V1_POOL,PROPOSED,NAME,347,,430.3333333333333,0.4444444444444444,2021-05,2025-11,3,0,,EQUIVALENT,EXACT,CONTRADICTION,0.0,UNAVAILABLE,SER_OVERLAP_BELOW_PROPOSE_MIN,,,,2,2,2.0,288.0,2025-06,2025-11,22,BRND_EXACT,NAME_ONLY_NOT_AUTO;SER_MISSING_ROW_SEMANTICS_UNCONFIRMED;SUBJ_UNMAPPED_NAME,NAME_CONTRADICTION,SER_OVERLAP_BELOW_PROPOSE_MIN;ATTR_BODY_UNKNOWN,NO_CANDIDATE,NO_CANDIDATE_ALL_EXCLUDED,,,false,,true,,,,3,1,2,2021-05,2025-11,41860,1081,5893,MITSUBISHI|KA5TNCNUERU;MITSUBISHI|KA5TXJNHERU;mitsubishi-xpander,mitsubishi-xpander,,,,,
361,4,outcome changes materially under the common-overlap window,4,,0.9858,"Is Ice 'HUSTLER HYBRID G' (SUZUKI, SUZUKI|HUSTLER HYBRID G) the same vehicle as TDR 'Ertiga' (suzuki.ertiga)? Verdict applies to the candidate shown on this row.",SUZUKI|HUSTLER HYBRID G,HUSTLER HYBRID G,SUZUKI,unmapped_name,,suzuki.ertiga,Ertiga,Suzuki,CURRENT,MPV,LEGACY_CANDIDATE;LEGACY_STORED;V1_POOL,PROPOSED,NAME,365,,0.0,0.36363636363636365,2025-12,2025-12,1,1,2025-12,EQUIVALENT,EXACT,CONTRADICTION,0.0,UNAVAILABLE,SER_NO_COMMON_WINDOW,,,,0,0,0,0,,,24,BRND_EXACT,NAME_ONLY_NOT_AUTO;SER_MISSING_ROW_SEMANTICS_UNCONFIRMED;SUBJ_UNMAPPED_NAME,NAME_CONTRADICTION,SER_NO_COMMON_WINDOW;ATTR_BODY_UNKNOWN,NO_CANDIDATE,NO_CANDIDATE_ALL_EXCLUDED,,,false,,true,,,,2,2,2,2025-12,2025-12,3001,17,636,SUZUKI|HUSTLER HYBRID G;suzuki-ertiga,suzuki-ertiga,,,,,
362,4,outcome changes materially under the common-overlap window,4,,0.9858,"Is Ice 'ELANTRA N' (HYUNDAI, hyundai-elantra-n__provisional) the same vehicle as TDR 'Santa Fe' (hyundai.santa_fe)? Verdict applies to the candidate shown on this row.",hyundai-elantra-n__provisional,ELANTRA N,HYUNDAI,provisional,,hyundai.santa_fe,Santa Fe,Hyundai,CURRENT,CROSSOVER,LEGACY_CANDIDATE;LEGACY_STORED;V1_POOL,PROPOSED,NAME,384,,24.5,0.5882352941176471,2025-05,2025-10,2,0,,EQUIVALENT,EXACT,CONTRADICTION,0.0,UNAVAILABLE,SER_OVERLAP_BELOW_PROPOSE_MIN,,,,2,2,2.0,49.0,2025-05,2025-10,22,BRND_EXACT,NAME_ONLY_NOT_AUTO;SER_MISSING_ROW_SEMANTICS_UNCONFIRMED;SUBJ_PROVISIONAL,NAME_CONTRADICTION,SER_OVERLAP_BELOW_PROPOSE_MIN;ATTR_BODY_UNKNOWN;SUBJ_PROVISIONAL,NO_CANDIDATE,NO_CANDIDATE_ALL_EXCLUDED,,,false,,true,,,,2,1,2,2025-05,2025-10,553,454,547,HYUNDAI|SONATA2 4GLSEXECUTIV;hyundai-elantra-n__provisional;hyundai-elantra__provisional;hyundai-santa-fe,hyundai-santa-fe,,,,,
363,4,outcome changes materially under the common-overlap window,4,,0.9858,"Is Ice 'Toyota Roomy' (TOYOTA, toyota-toyota-roomy) the same vehicle as TDR 'Camry' (toyota.camry)? Verdict applies to the candidate shown on this row.",toyota-toyota-roomy,Toyota Roomy,TOYOTA,settled,MPV,toyota.camry,Camry,Toyota,CURRENT,SEDAN,LEGACY_CANDIDATE;LEGACY_STORED;V1_POOL,PROPOSED,NAME,388,,439.5,0.4,2025-10,2026-03,2,0,,EQUIVALENT,EXACT,CONTRADICTION,0.0,UNAVAILABLE,SER_OVERLAP_BELOW_PROPOSE_MIN,,,,2,2,2.0,879.0,2025-10,2026-03,22,BRND_EXACT,NAME_ONLY_NOT_AUTO;SER_MISSING_ROW_SEMANTICS_UNCONFIRMED;ATTR_BODY_MISMATCH,NAME_CONTRADICTION,SER_OVERLAP_BELOW_PROPOSE_MIN,NO_CANDIDATE,NO_CANDIDATE_ALL_EXCLUDED,,,false,,true,,,,2,2,2,2025-10,2026-03,28505,5035,11371,TOYOTA|CENTURY 5 0L;toyota-camry;toyota-toyota-roomy,toyota-camry,"toyota.voxy (CONTRADICTION, UNAVAILABLE) | toyota.crown (CONTRADICTION, UNAVAILABLE)",,,,
364,4,outcome changes materially under the common-overlap window,4,,0.9858,"Is Ice 'BMW X2' (BMW, bmw-x2) the same vehicle as TDR 'X3' (bmw.bmw_x3)? Verdict applies to the candidate shown on this row.",bmw-x2,BMW X2,BMW,settled,SUV,bmw.bmw_x3,X3,BMW,CURRENT,CROSSOVER,LEGACY_CANDIDATE;LEGACY_STORED;V1_POOL,PROPOSED,NAME,270,-0.020277891993328193,29.015625,0.5,2021-01,2024-09,23,0,,EQUIVALENT,EXACT,CONTRADICTION,0.0,UNAVAILABLE,SER_VOLUME_BELOW_PROPOSE_MIN,,,,8,8,11.0,645.0,2022-11,2024-09,23,BRND_EXACT,NAME_ONLY_NOT_AUTO;SER_MISSING_ROW_SEMANTICS_UNCONFIRMED,NAME_CONTRADICTION;GEN_LIFECYCLE_DISJOINT,SER_VOLUME_BELOW_PROPOSE_MIN,NO_CANDIDATE,NO_CANDIDATE_ALL_EXCLUDED,,,true,AVAILABILITY,true,NEW_RENAME,RENAME:bmw-x2-sdrive20i-rhd__provisional>bmw-x2 100%,NOOP:LIN_ALREADY_APPLIED,64,0,1,2021-01,2024-09,5013,1017,1634,BMW|I3;bmw-bmw-x3;bmw-x2,bmw-bmw-x3,"bmw.ix2 (CONTRADICTION, UNAVAILABLE) | bmw.bmw_x1 (CONTRADICTION, UNAVAILABLE) | bmw.ix (CONTRADICTION, UNAVAILABLE)",,,,
365,4,outcome changes materially under the common-overlap window,4;6,,0.9859,"Is Ice 'Tesla Model' (TESLA, tesla-tesla-model) the same vehicle as TDR 'Model Y' (tesla.modely)? Verdict applies to the candidate shown on this row.",tesla-tesla-model,Tesla Model,TESLA,settled,SUV,tesla.modely,Model Y,Tesla,CURRENT,CROSSOVER,LEGACY_CANDIDATE;LEGACY_STORED;V1_POOL,PROPOSED,NAME,285,-0.20109357568258246,47.24242424242424,0.8333333333333334,2021-01,2026-03,15,8,2021-01;2021-02;2021-03;2021-04;2021-05;2021-06;2021-09;2021-10,EQUIVALENT,EXACT,SUBJECT_COARSER,0.666667,UNAVAILABLE,SER_OVERLAP_BELOW_PROPOSE_MIN,,,,2,2,2.0,461.0,2024-06,2026-03,23,BRND_EXACT,NAME_CONTAINMENT_SUBJECT_COARSER;NAME_ONLY_NOT_AUTO;SER_MISSING_ROW_SEMANTICS_UNCONFIRMED,GEN_LIFECYCLE_DISJOINT,SER_OVERLAP_BELOW_PROPOSE_MIN,NO_CANDIDATE,NO_CANDIDATE_ALL_EXCLUDED,,,true,AVAILABILITY,true,,,,33,1,1,2021-01,2026-03,13573,4128,6766,tesla-tesla-model;tesla-tesla-model-y,tesla-tesla-model-y,"tesla.model3 (SUBJECT_COARSER, UNAVAILABLE)",,,,
366,4,outcome changes materially under the common-overlap window,4,,0.9859,"Is Ice 'Kona' (HYUNDAI, hyundai-kona) the same vehicle as TDR 'Ioniq 5' (hyundai.ioniq5)? Verdict applies to the candidate shown on this row.",hyundai-kona,Kona,HYUNDAI,settled,SUV,hyundai.ioniq5,Ioniq 5,Hyundai,CURRENT,CROSSOVER,LEGACY_CANDIDATE;LEGACY_STORED;V1_POOL,PROPOSED,NAME,299,-0.15907119074394438,0.15789473684210525,0.36363636363636365,2021-01,2026-08,9,8,2021-01;2021-04;2021-05;2021-07;2022-06;2022-08;2022-11;2023-09,EQUIVALENT,EXACT,CONTRADICTION,0.0,UNAVAILABLE,SER_OVERLAP_BELOW_PROPOSE_MIN,,,,1,1,1.0,3.0,2026-08,2026-08,23,BRND_EXACT,NAME_ONLY_NOT_AUTO;SER_MISSING_ROW_SEMANTICS_UNCONFIRMED;GEN_LIFECYCLE_PARTIAL,NAME_CONTRADICTION,SER_OVERLAP_BELOW_PROPOSE_MIN,NO_CANDIDATE,NO_CANDIDATE_ALL_EXCLUDED,,,true,AVAILABILITY,true,,,,19,1,1,2021-01,2026-08,457,304,399,hyundai-ioniq-5;hyundai-kona,hyundai-ioniq-5,"hyundai.ioniq6 (CONTRADICTION, UNAVAILABLE)",,,,
367,4,outcome changes materially under the common-overlap window,4,,0.9859,"Is Ice 'i8 Roadster RHD' (BMW, BMW|I8 ROADSTER RHD) the same vehicle as TDR '2 Series Gran Coupe' (bmw.2_series_gran_coupe)? Verdict applies to the candidate shown on this row.",BMW|I8 ROADSTER RHD,i8 Roadster RHD,BMW,unmapped_name,Sedan,bmw.2_series_gran_coupe,2 Series Gran Coupe,BMW,CURRENT,SEDAN,LEGACY_CANDIDATE;LEGACY_STORED;V1_POOL,PROPOSED,NAME,310,0.08889206268493535,63.75,0.35294117647058826,2021-01,2024-09,10,0,,EQUIVALENT,EXACT,CONTRADICTION,0.0,UNAVAILABLE,SER_OVERLAP_BELOW_PROPOSE_MIN,,,,3,3,3.0,198.0,2023-11,2024-09,23,BRND_EXACT,NAME_ONLY_NOT_AUTO;SER_MISSING_ROW_SEMANTICS_UNCONFIRMED;GEN_LIFECYCLE_PARTIAL;SUBJ_UNMAPPED_NAME,NAME_CONTRADICTION,SER_OVERLAP_BELOW_PROPOSE_MIN,INSUFFICIENT_DATA,INSUFFICIENT_DATA_NO_BASIS,,,true,AVAILABILITY,true,,,,12,0,1,2021-01,2024-09,5197,639,1359,BMW|318D M SPORT SALOON MANUAL;BMW|I8 ROADSTER RHD;bmw-420d-coupe-rhd__provisional;bmw-420d-gran-coupe-rhd__provisional;bmw-840d-xdrive-coupe__provisional;bmw-840d-xdrive-m-coupe__provisional;bmw-840i-m-sport-coupe__provisional;bmw-840i-m-sport-gran-coupe__provisional;bmw-bmw-2-series;bmw-m8-competition-coupe__provisional;bmw-m8-coupe-rhd__provisional;bmw-m8-gran-coupe-rhd__provisional;bmw-m850i-xdrive-coupe-rhd__provisional,bmw-bmw-2-series,"bmw.i8 (SUBJECT_FINER, UNAVAILABLE)",,,,
368,4,outcome changes materially under the common-overlap window,4,,0.9859,"Is Ice '740Li Limousine RHD' (BMW, BMW|740LI LIMOUSINE RHD) the same vehicle as TDR '7 Series' (bmw.7_series)? Verdict applies to the candidate shown on this row.",BMW|740LI LIMOUSINE RHD,740Li Limousine RHD,BMW,unmapped_name,Sedan,bmw.7_series,7 Series,BMW,CURRENT,SEDAN,LEGACY_CANDIDATE;LEGACY_STORED;V1_POOL,PROPOSED,NAME,318,,16.857142857142858,0.37037037037037035,2021-01,2026-02,7,0,,EQUIVALENT,EXACT,CONTRADICTION,0.0,UNAVAILABLE,SER_OVERLAP_BELOW_PROPOSE_MIN,,,,1,1,1.0,14.0,2026-02,2026-02,23,BRND_EXACT,NAME_ONLY_NOT_AUTO;SER_MISSING_ROW_SEMANTICS_UNCONFIRMED;GEN_LIFECYCLE_PARTIAL;SUBJ_UNMAPPED_NAME,NAME_CONTRADICTION,SER_OVERLAP_BELOW_PROPOSE_MIN,NO_CANDIDATE,NO_CANDIDATE_ALL_EXCLUDED,,,false,,true,,,,7,1,1,2021-01,2026-02,1050,104,276,BMW|740LI LIMOUSINE RHD;bmw-bmw-7-series,bmw-bmw-7-series,"bmw.4_series (CONTRADICTION, UNAVAILABLE)",,,,
369,4,outcome changes materially under the common-overlap window,4,,0.9859,"Is Ice 'R8 COUPE V10 PERFORMANCE' (AUDI, audi-r8-coupe-v10-performance__provisional) the same vehicle as TDR 'Audi Q8 e-tron' (audi.q8_etron)? Verdict applies to the candidate shown on this row.",audi-r8-coupe-v10-performance__provisional,R8 COUPE V10 PERFORMANCE,AUDI,provisional,,audi.q8_etron,Audi Q8 e-tron,Audi,CURRENT,CROSSOVER,LEGACY_CANDIDATE;LEGACY_STORED;V1_POOL,PROPOSED,NAME,326,,0.8333333333333334,0.42424242424242425,2021-04,2024-10,6,4,2021-04;2021-06;2022-02;2022-06,EQUIVALENT,EXACT,CONTRADICTION,0.0,UNAVAILABLE,SER_OVERLAP_BELOW_PROPOSE_MIN,,,,2,2,2.0,5.0,2023-12,2024-10,23,BRND_EXACT,NAME_ONLY_NOT_AUTO;SER_MISSING_ROW_SEMANTICS_UNCONFIRMED;GEN_LIFECYCLE_PARTIAL;SUBJ_PROVISIONAL,NAME_CONTRADICTION,SER_OVERLAP_BELOW_PROPOSE_MIN;ATTR_BODY_UNKNOWN;SUBJ_PROVISIONAL,NO_CANDIDATE,NO_CANDIDATE_ALL_EXCLUDED,,,false,,true,,,,6,0,1,2021-04,2024-10,121,33,79,AUDI|R8 SPYDER V10;audi-audi-e-tron;audi-audi-q8;audi-r8-coupe-v10-performance__provisional;audi-r8-coupe-v10__provisional;audi-r8-spyder-v10-performance__provisional;audi-sq8-vorsprung-tdi-quattro__provisional,audi-audi-q8,"audi.a6_etron (CONTRADICTION, UNAVAILABLE) | audi.q6_etron (CONTRADICTION, UNAVAILABLE)",,,,
370,4,outcome changes materially under the common-overlap window,4,,0.9859,"Is Ice 'Land Rover Discovery' (LAND ROVER, land-rover-land-rover-discovery) the same vehicle as TDR 'Range Rover' (land_rover.range_rover)? Verdict applies to the candidate shown on this row.",land-rover-land-rover-discovery,Land Rover Discovery,LAND ROVER,settled,SUV,land_rover.range_rover,Range Rover,Land Rover,CURRENT,CROSSOVER,LEGACY_CANDIDATE;LEGACY_STORED;V1_POOL,PROPOSED,NAME,334,,5.2,0.4,2021-06,2026-06,5,0,,EQUIVALENT,EXACT,CONTRADICTION,0.0,UNAVAILABLE,SER_OVERLAP_BELOW_PROPOSE_MIN,,,,1,1,1.0,1.0,2026-06,2026-06,23,BRND_EXACT,NAME_ONLY_NOT_AUTO;SER_MISSING_ROW_SEMANTICS_UNCONFIRMED,NAME_CONTRADICTION,SER_OVERLAP_BELOW_PROPOSE_MIN,NO_CANDIDATE,NO_CANDIDATE_ALL_EXCLUDED,,,false,,true,,,,5,1,1,2021-06,2026-06,304,34,87,land-rover-land-rover-discovery;land-rover-land-rover-range,land-rover-land-rover-range,"land_rover.defender (CONTRADICTION, UNAVAILABLE)",,,,
371,4,outcome changes materially under the common-overlap window,4,,0.9859,"Is Ice 'SOUL EV' (KIA, KIA|SOUL EV) the same vehicle as TDR 'EV5' (kia.ev5)? Verdict applies to the candidate shown on this row.",KIA|SOUL EV,SOUL EV,KIA,unmapped_name,,kia.ev5,EV5,Kia,CURRENT,CROSSOVER,LEGACY_CANDIDATE;LEGACY_STORED;V1_POOL,PROPOSED,NAME,337,,21.0,0.4,2021-02,2024-11,4,3,2021-02;2021-07;2021-11,EQUIVALENT,EXACT,CONTRADICTION,0.0,UNAVAILABLE,SER_OVERLAP_BELOW_PROPOSE_MIN,,,,1,1,1.0,84.0,2024-11,2024-11,23,BRND_EXACT,NAME_ONLY_NOT_AUTO;SER_MISSING_ROW_SEMANTICS_UNCONFIRMED;SUBJ_UNMAPPED_NAME,NAME_CONTRADICTION;GEN_LIFECYCLE_DISJOINT,SER_OVERLAP_BELOW_PROPOSE_MIN;ATTR_BODY_UNKNOWN,NO_CANDIDATE,NO_CANDIDATE_ALL_EXCLUDED,,,false,,true,,,,4,0,1,2021-02,2024-11,1381,428,1352,KIA|SOUL EV;kia-kia-ev5,kia-kia-ev5,"kia.sorento (CONTRADICTION, UNAVAILABLE) | kia.ev6 (CONTRADICTION, UNAVAILABLE) | kia.ev9 (CONTRADICTION, UNAVAILABLE)",,,,
372,4,outcome changes materially under the common-overlap window,4,,0.9859,"Is Ice 'BDBARGZL33MHA---A-' (NISSAN, NISSAN|BDBARGZL33MHA A) the same vehicle as TDR 'Almera' (nissan.almera)? Verdict applies to the candidate shown on this row.",NISSAN|BDBARGZL33MHA A,BDBARGZL33MHA---A-,NISSAN,unmapped_name,,nissan.almera,Almera,Nissan,CURRENT,SEDAN,LEGACY_CANDIDATE;LEGACY_STORED;V1_POOL,PROPOSED,NAME,338,,989.25,0.38095238095238093,2021-03,2024-12,4,0,,EQUIVALENT,EXACT,CONTRADICTION,0.0,UNAVAILABLE,SER_OVERLAP_BELOW_PROPOSE_MIN,,,,2,2,2.0,836.0,2023-02,2024-12,23,BRND_EXACT,NAME_ONLY_NOT_AUTO;SER_MISSING_ROW_SEMANTICS_UNCONFIRMED;SUBJ_UNMAPPED_NAME,NAME_CONTRADICTION,SER_OVERLAP_BELOW_PROPOSE_MIN;ATTR_BODY_UNKNOWN,NO_CANDIDATE,NO_CANDIDATE_ALL_EXCLUDED,,,false,,true,,,,4,0,1,2021-03,2024-12,43537,1793,5022,NISSAN|BDBARGZL33MHA A;nissan-almera;nissan-nissan-fairlady,nissan-almera,"nissan.navara_cab (CONTRADICTION, UNAVAILABLE)",,,,
373,4,outcome changes materially under the common-overlap window,4,,0.9859,"Is Ice '420D COUPE RHD' (BMW, bmw-420d-coupe-rhd__provisional) the same vehicle as TDR '2 Series Gran Coupe' (bmw.2_series_gran_coupe)? Verdict applies to the candidate shown on this row.",bmw-420d-coupe-rhd__provisional,420D COUPE RHD,BMW,provisional,Sedan,bmw.2_series_gran_coupe,2 Series Gran Coupe,BMW,CURRENT,SEDAN,LEGACY_CANDIDATE;LEGACY_STORED;V1_POOL,PROPOSED,NAME,339,,85.75,0.42424242424242425,2021-03,2025-11,4,0,,EQUIVALENT,EXACT,SIBLING,0.333333,UNAVAILABLE,SER_OVERLAP_BELOW_PROPOSE_MIN,,,,1,1,1.0,51.0,2025-11,2025-11,23,BRND_EXACT,NAME_ONLY_NOT_AUTO;SER_MISSING_ROW_SEMANTICS_UNCONFIRMED;GEN_LIFECYCLE_PARTIAL;SUBJ_PROVISIONAL,NAME_SIBLING_VARIANT,SER_OVERLAP_BELOW_PROPOSE_MIN;SUBJ_PROVISIONAL,NO_CANDIDATE,NO_CANDIDATE_ALL_EXCLUDED,,,false,,true,,,,4,1,1,2021-03,2025-11,5197,639,1359,BMW|318D M SPORT SALOON MANUAL;BMW|I8 ROADSTER RHD;bmw-420d-coupe-rhd__provisional;bmw-420d-gran-coupe-rhd__provisional;bmw-840d-xdrive-coupe__provisional;bmw-840d-xdrive-m-coupe__provisional;bmw-840i-m-sport-coupe__provisional;bmw-840i-m-sport-gran-coupe__provisional;bmw-bmw-2-series;bmw-m8-competition-coupe__provisional;bmw-m8-coupe-rhd__provisional;bmw-m8-gran-coupe-rhd__provisional;bmw-m850i-xdrive-coupe-rhd__provisional,bmw-bmw-2-series,"bmw.4_series (CONTRADICTION, UNAVAILABLE)",,,,
374,4,outcome changes materially under the common-overlap window,4,,0.9859,"Is Ice 'Honda Freed' (HONDA, honda-honda-freed) the same vehicle as TDR 'Accord' (honda.accord)? Verdict applies to the candidate shown on this row.",honda-honda-freed,Honda Freed,HONDA,settled,MPV,honda.accord,Accord,Honda,CURRENT,SEDAN,LEGACY_CANDIDATE;LEGACY_STORED;V1_POOL,PROPOSED,NAME,340,,247.5,0.36363636363636365,2021-10,2026-05,4,0,,EQUIVALENT,EXACT,CONTRADICTION,0.0,UNAVAILABLE,SER_OVERLAP_BELOW_PROPOSE_MIN,,,,1,1,1.0,198.0,2026-05,2026-05,23,BRND_EXACT,NAME_ONLY_NOT_AUTO;SER_MISSING_ROW_SEMANTICS_UNCONFIRMED;ATTR_BODY_MISMATCH;GEN_LIFECYCLE_PARTIAL,NAME_CONTRADICTION,SER_OVERLAP_BELOW_PROPOSE_MIN,NO_CANDIDATE,NO_CANDIDATE_ALL_EXCLUDED,,,false,,true,,,,4,1,1,2021-10,2026-05,17052,1741,3685,honda-accord;honda-honda-freed,honda-accord,,,,,
375,4,outcome changes materially under the common-overlap window,4,,0.9859,"Is Ice 'Lexus RC' (LEXUS, lexus-lexus-rc) the same vehicle as TDR 'RX' (lexus.lexus_rx)? Verdict applies to the candidate shown on this row.",lexus-lexus-rc,Lexus RC,LEXUS,settled,Coupe/Convertible,lexus.lexus_rx,RX,Lexus,CURRENT,CROSSOVER,LEGACY_CANDIDATE;LEGACY_STORED;V1_POOL,PROPOSED,NAME,355,,9.333333333333334,0.5,2021-01,2026-05,3,0,,EQUIVALENT,EXACT,CONTRADICTION,0.0,UNAVAILABLE,SER_OVERLAP_BELOW_PROPOSE_MIN,,,,1,1,1.0,10.0,2026-05,2026-05,23,BRND_EXACT,NAME_ONLY_NOT_AUTO;SER_MISSING_ROW_SEMANTICS_UNCONFIRMED;ATTR_BODY_MISMATCH;GEN_LIFECYCLE_PARTIAL,NAME_CONTRADICTION,SER_OVERLAP_BELOW_PROPOSE_MIN,NO_CANDIDATE,NO_CANDIDATE_ALL_EXCLUDED,,,false,,true,,,,3,1,1,2021-01,2026-05,679,123,265,lexus-lexus-rc;lexus-lexus-rx,lexus-lexus-rx,"lexus.lc (CONTRADICTION, UNAVAILABLE) | lexus.rz (CONTRADICTION, UNAVAILABLE)",,,,
376,4,outcome changes materially under the common-overlap window,4,,0.9859,"Is Ice 'NSX TYPE S' (HONDA, HONDA|NSX TYPE S) the same vehicle as TDR 'Step WGN' (honda.step_wgn)? Verdict applies to the candidate shown on this row.",HONDA|NSX TYPE S,NSX TYPE S,HONDA,unmapped_name,,honda.step_wgn,Step WGN,Honda,CURRENT,MPV,LEGACY_CANDIDATE;LEGACY_STORED;V1_POOL,PROPOSED,NAME,361,,35.0,0.4444444444444444,2024-07,2025-01,2,0,,EQUIVALENT,EXACT,CONTRADICTION,0.0,UNAVAILABLE,SER_OVERLAP_BELOW_PROPOSE_MIN,,,,2,2,2.0,70.0,2024-07,2025-01,23,BRND_EXACT,NAME_ONLY_NOT_AUTO;SER_MISSING_ROW_SEMANTICS_UNCONFIRMED;SUBJ_UNMAPPED_NAME,NAME_CONTRADICTION,SER_OVERLAP_BELOW_PROPOSE_MIN;ATTR_BODY_UNKNOWN,NO_CANDIDATE,NO_CANDIDATE_ALL_EXCLUDED,,,false,,true,,,,2,0,1,2024-07,2025-01,1210,475,731,HONDA|N VAN TEN STYLE FUN;HONDA|NSX TYPE S;honda-honda-stepwagon;honda-step-wgn;honda-super-one,honda-step-wgn,,,,,
377,4,outcome changes materially under the common-overlap window,4,,0.9859,"Is Ice 'M850i xDrive RHD' (BMW, bmw-m850i-xdrive-rhd__provisional) the same vehicle as TDR '5 Series' (bmw.bmw_5)? Verdict applies to the candidate shown on this row.",bmw-m850i-xdrive-rhd__provisional,M850i xDrive RHD,BMW,provisional,Sedan,bmw.bmw_5,5 Series,BMW,CURRENT,SEDAN,LEGACY_CANDIDATE;LEGACY_STORED;V1_POOL,PROPOSED,NAME,381,,110.0,0.4166666666666667,2024-04,2025-10,2,0,,EQUIVALENT,EXACT,CONTRADICTION,0.0,UNAVAILABLE,SER_OVERLAP_BELOW_PROPOSE_MIN,,,,2,2,2.0,220.0,2024-04,2025-10,23,BRND_EXACT,NAME_ONLY_NOT_AUTO;SER_MISSING_ROW_SEMANTICS_UNCONFIRMED;SUBJ_PROVISIONAL,NAME_CONTRADICTION,SER_OVERLAP_BELOW_PROPOSE_MIN;SUBJ_PROVISIONAL,NO_CANDIDATE,NO_CANDIDATE_ALL_EXCLUDED,,,false,,true,,,,2,1,1,2024-04,2025-10,10508,1272,2914,BMW|525D CELEBRATION EDITION;BMW|525D M SPORT;bmw-bmw-5-series;bmw-m850i-xdrive-rhd__provisional,bmw-bmw-5-series,,,,,
378,4,outcome changes materially under the common-overlap window,4,,0.9859,"Is Ice 'Honda E' (HONDA, honda-honda-e) the same vehicle as TDR 'e:N1' (honda.en1)? Verdict applies to the candidate shown on this row.",honda-honda-e,Honda E,HONDA,settled,Hatchback,honda.en1,e:N1,Honda,CURRENT,CROSSOVER,LEGACY_CANDIDATE;LEGACY_STORED;V1_POOL,PROPOSED,NAME,382,,0.5,0.4,2021-08,2024-09,2,1,2021-08,EQUIVALENT,EXACT,CONTRADICTION,0.0,UNAVAILABLE,SER_OVERLAP_BELOW_PROPOSE_MIN,,,,1,1,1.0,1.0,2024-09,2024-09,23,BRND_EXACT,NAME_ONLY_NOT_AUTO;SER_MISSING_ROW_SEMANTICS_UNCONFIRMED;ATTR_BODY_MISMATCH;GEN_LIFECYCLE_PARTIAL,NAME_CONTRADICTION,SER_OVERLAP_BELOW_PROPOSE_MIN,NO_CANDIDATE,NO_CANDIDATE_ALL_EXCLUDED,,,false,,true,,,,2,0,1,2021-08,2024-09,688,270,612,HONDA|E AS;HONDA|WAVE125;honda-en1;honda-honda-e,honda-en1,"honda.en2 (CONTRADICTION, UNAVAILABLE)",,,,
379,4,outcome changes materially under the common-overlap window,4,,0.9859,"Is Ice 'Mitsubishi CY4ASTXHRU' (MITSUBISHI, mitsubishi-mitsubishi-cy4astxhru) the same vehicle as TDR 'Attrage' (mitsubishi.attrage)? Verdict applies to the candidate shown on this row.",mitsubishi-mitsubishi-cy4astxhru,Mitsubishi CY4ASTXHRU,MITSUBISHI,settled,Sedan,mitsubishi.attrage,Attrage,Mitsubishi,CURRENT,SEDAN,LEGACY_CANDIDATE;LEGACY_STORED;V1_POOL,PROPOSED,NAME,387,,350.5,0.35294117647058826,2021-08,2026-02,2,0,,EQUIVALENT,EXACT,CONTRADICTION,0.0,UNAVAILABLE,SER_OVERLAP_BELOW_PROPOSE_MIN,,,,1,1,1.0,218.0,2026-02,2026-02,23,BRND_EXACT,NAME_ONLY_NOT_AUTO;SER_MISSING_ROW_SEMANTICS_UNCONFIRMED,NAME_CONTRADICTION,SER_OVERLAP_BELOW_PROPOSE_MIN,NO_CANDIDATE,NO_CANDIDATE_ALL_EXCLUDED,,,false,,true,,,,2,1,1,2021-08,2026-02,22416,2369,5252,MITSUBISHI|A03AXTHHRU;MITSUBISHI|A03AXTMHRU;MITSUBISHI|A13ASTMHRU;MITSUBISHI|CY3ASTHHRU;mitsubishi-attrage;mitsubishi-mitsubishi-cy4astxhru,mitsubishi-attrage,,,,,
380,4,outcome changes materially under the common-overlap window,4,,0.9859,"Is Ice 'Volkswagen Touareg' (VOLKSWAGEN, volkswagen-volkswagen-touareg) the same vehicle as TDR 'Caravelle' (volkswagen.caravelle)? Verdict applies to the candidate shown on this row.",volkswagen-volkswagen-touareg,Volkswagen Touareg,VOLKSWAGEN,settled,SUV,volkswagen.caravelle,Caravelle,Volkswagen,CURRENT,VAN,LEGACY_CANDIDATE;LEGACY_STORED;V1_POOL,PROPOSED,NAME,389,,12.0,0.375,2022-11,2026-05,2,0,,EQUIVALENT,EXACT,CONTRADICTION,0.0,UNAVAILABLE,SER_OVERLAP_BELOW_PROPOSE_MIN,,,,1,1,1.0,2.0,2026-05,2026-05,23,BRND_EXACT,NAME_ONLY_NOT_AUTO;SER_MISSING_ROW_SEMANTICS_UNCONFIRMED;ATTR_BODY_MISMATCH,NAME_CONTRADICTION,SER_OVERLAP_BELOW_PROPOSE_MIN,NO_CANDIDATE,NO_CANDIDATE_ALL_EXCLUDED,,,false,,true,,,,2,1,1,2022-11,2026-05,740,45,111,volkswagen-volkswagen-caravelle;volkswagen-volkswagen-touareg,volkswagen-volkswagen-caravelle,,,,,
381,4,outcome changes materially under the common-overlap window,4,,0.9859,"Is Ice 'R8 SPYDER V10' (AUDI, AUDI|R8 SPYDER V10) the same vehicle as TDR 'Audi Q8 e-tron' (audi.q8_etron)? Verdict applies to the candidate shown on this row.",AUDI|R8 SPYDER V10,R8 SPYDER V10,AUDI,unmapped_name,,audi.q8_etron,Audi Q8 e-tron,Audi,CURRENT,CROSSOVER,LEGACY_CANDIDATE;LEGACY_STORED;V1_POOL,PROPOSED,NAME,390,,6.0,0.36363636363636365,2025-04,2025-04,1,0,,EQUIVALENT,EXACT,CONTRADICTION,0.0,UNAVAILABLE,SER_OVERLAP_BELOW_PROPOSE_MIN,,,,1,1,1.0,6.0,2025-04,2025-04,23,BRND_EXACT,NAME_ONLY_NOT_AUTO;SER_MISSING_ROW_SEMANTICS_UNCONFIRMED;SUBJ_UNMAPPED_NAME,NAME_CONTRADICTION,SER_OVERLAP_BELOW_PROPOSE_MIN;ATTR_BODY_UNKNOWN,NO_CANDIDATE,NO_CANDIDATE_ALL_EXCLUDED,,,false,,true,,,,1,0,1,2025-04,2025-04,121,33,79,AUDI|R8 SPYDER V10;audi-audi-e-tron;audi-audi-q8;audi-r8-coupe-v10-performance__provisional;audi-r8-coupe-v10__provisional;audi-r8-spyder-v10-performance__provisional;audi-sq8-vorsprung-tdi-quattro__provisional,audi-audi-q8,,,,,
382,4,outcome changes materially under the common-overlap window,4,,0.9859,"Is Ice '328I M SPORT' (BMW, BMW|328I M SPORT) the same vehicle as TDR '3 Series' (bmw.bmw_3)? Verdict applies to the candidate shown on this row.",BMW|328I M SPORT,328I M SPORT,BMW,unmapped_name,Sedan,bmw.bmw_3,3 Series,BMW,CURRENT,SEDAN,LEGACY_CANDIDATE;LEGACY_STORED;V1_POOL,PROPOSED,NAME,393,,246.0,0.4,2025-09,2025-09,1,0,,EQUIVALENT,EXACT,CONTRADICTION,0.0,UNAVAILABLE,SER_OVERLAP_BELOW_PROPOSE_MIN,,,,1,1,1.0,246.0,2025-09,2025-09,23,BRND_EXACT,NAME_ONLY_NOT_AUTO;SER_MISSING_ROW_SEMANTICS_UNCONFIRMED;SUBJ_UNMAPPED_NAME,NAME_CONTRADICTION,SER_OVERLAP_BELOW_PROPOSE_MIN,NO_CANDIDATE,NO_CANDIDATE_ALL_EXCLUDED,,,false,,true,,,,1,1,1,2025-09,2025-09,17136,2094,5095,BMW|328I M SPORT;BMW|530I LIMOUSINE RHD;BMW|I8 HYBRID;BMW|I8 ROADSTER;bmw-840d-xdrive__provisional;bmw-840i-convertible__provisional;bmw-alpina-d3-s-touring__provisional;bmw-bmw-3-series,bmw-bmw-3-series,,,,,
383,4,outcome changes materially under the common-overlap window,4,,0.9859,"Is Ice '812 COMPETIZIONE A' (FERRARI, FERRARI|812 COMPETIZIONE A) the same vehicle as TDR '12Cilindri' (ferrari.12cilindri)? Verdict applies to the candidate shown on this row.",FERRARI|812 COMPETIZIONE A,812 COMPETIZIONE A,FERRARI,unmapped_name,,ferrari.12cilindri,12Cilindri,Ferrari,CURRENT,COUPE,LEGACY_CANDIDATE;LEGACY_STORED;V1_POOL,PROPOSED,NAME,400,,0.0,0.42857142857142855,2025-05,2025-05,1,1,2025-05,EQUIVALENT,EXACT,CONTRADICTION,0.0,UNAVAILABLE,SER_NO_COMMON_WINDOW,,,,0,0,0,0,,,24,BRND_EXACT,NAME_ONLY_NOT_AUTO;SER_MISSING_ROW_SEMANTICS_UNCONFIRMED;SUBJ_UNMAPPED_NAME,NAME_CONTRADICTION,SER_NO_COMMON_WINDOW;ATTR_BODY_UNKNOWN,NO_CANDIDATE,NO_CANDIDATE_ALL_EXCLUDED,,,false,,true,,,,1,0,1,2025-05,2025-05,5,5,5,FERRARI|812 COMPETIZIONE;FERRARI|812 COMPETIZIONE A;FERRARI|CALIFORNIA T;FERRARI|F12 TDF;ferrari-ferrari-12cilindri,ferrari-ferrari-12cilindri,,,,,
384,4,outcome changes materially under the common-overlap window,4,,0.9859,"Is Ice 'WAVE125' (HONDA, HONDA|WAVE125) the same vehicle as TDR 'e:N1' (honda.en1)? Verdict applies to the candidate shown on this row.",HONDA|WAVE125,WAVE125,HONDA,unmapped_name,,honda.en1,e:N1,Honda,CURRENT,CROSSOVER,LEGACY_CANDIDATE;LEGACY_STORED;V1_POOL,PROPOSED,NAME,406,,26.0,0.36363636363636365,2026-06,2026-06,1,0,,EQUIVALENT,EXACT,CONTRADICTION,0.0,UNAVAILABLE,SER_OVERLAP_BELOW_PROPOSE_MIN,,,,1,1,1.0,26.0,2026-06,2026-06,23,BRND_EXACT,NAME_ONLY_NOT_AUTO;SER_MISSING_ROW_SEMANTICS_UNCONFIRMED;SUBJ_UNMAPPED_NAME,NAME_CONTRADICTION,SER_OVERLAP_BELOW_PROPOSE_MIN;ATTR_BODY_UNKNOWN,NO_CANDIDATE,NO_CANDIDATE_ALL_EXCLUDED,,,false,,true,,,,1,1,1,2026-06,2026-06,688,270,612,HONDA|E AS;HONDA|WAVE125;honda-en1;honda-honda-e,honda-en1,"honda.en2 (CONTRADICTION, UNAVAILABLE) | honda.wrv (CONTRADICTION, UNAVAILABLE)",,,,
385,4,outcome changes materially under the common-overlap window,4,,0.9859,"Is Ice 'A03AXTMHRU' (MITSUBISHI, MITSUBISHI|A03AXTMHRU) the same vehicle as TDR 'Attrage' (mitsubishi.attrage)? Verdict applies to the candidate shown on this row.",MITSUBISHI|A03AXTMHRU,A03AXTMHRU,MITSUBISHI,unmapped_name,,mitsubishi.attrage,Attrage,Mitsubishi,CURRENT,SEDAN,LEGACY_CANDIDATE;LEGACY_STORED;V1_POOL,PROPOSED,NAME,413,,237.0,0.35294117647058826,2025-02,2025-02,1,0,,EQUIVALENT,EXACT,CONTRADICTION,0.0,UNAVAILABLE,SER_OVERLAP_BELOW_PROPOSE_MIN,,,,1,1,1.0,237.0,2025-02,2025-02,23,BRND_EXACT,NAME_ONLY_NOT_AUTO;SER_MISSING_ROW_SEMANTICS_UNCONFIRMED;SUBJ_UNMAPPED_NAME,NAME_CONTRADICTION,SER_OVERLAP_BELOW_PROPOSE_MIN;ATTR_BODY_UNKNOWN,NO_CANDIDATE,NO_CANDIDATE_ALL_EXCLUDED,,,false,,true,,,,1,0,1,2025-02,2025-02,22416,2369,5252,MITSUBISHI|A03AXTHHRU;MITSUBISHI|A03AXTMHRU;MITSUBISHI|A13ASTMHRU;MITSUBISHI|CY3ASTHHRU;mitsubishi-attrage;mitsubishi-mitsubishi-cy4astxhru,mitsubishi-attrage,,,,,
386,4,outcome changes materially under the common-overlap window,4,,0.9859,"Is Ice 'A13ASTMHRU' (MITSUBISHI, MITSUBISHI|A13ASTMHRU) the same vehicle as TDR 'Attrage' (mitsubishi.attrage)? Verdict applies to the candidate shown on this row.",MITSUBISHI|A13ASTMHRU,A13ASTMHRU,MITSUBISHI,unmapped_name,,mitsubishi.attrage,Attrage,Mitsubishi,CURRENT,SEDAN,LEGACY_CANDIDATE;LEGACY_STORED;V1_POOL,PROPOSED,NAME,414,,175.0,0.35294117647058826,2025-08,2025-08,1,0,,EQUIVALENT,EXACT,CONTRADICTION,0.0,UNAVAILABLE,SER_OVERLAP_BELOW_PROPOSE_MIN,,,,1,1,1.0,175.0,2025-08,2025-08,23,BRND_EXACT,NAME_ONLY_NOT_AUTO;SER_MISSING_ROW_SEMANTICS_UNCONFIRMED;SUBJ_UNMAPPED_NAME,NAME_CONTRADICTION,SER_OVERLAP_BELOW_PROPOSE_MIN;ATTR_BODY_UNKNOWN,NO_CANDIDATE,NO_CANDIDATE_ALL_EXCLUDED,,,false,,true,,,,1,0,1,2025-08,2025-08,22416,2369,5252,MITSUBISHI|A03AXTHHRU;MITSUBISHI|A03AXTMHRU;MITSUBISHI|A13ASTMHRU;MITSUBISHI|CY3ASTHHRU;mitsubishi-attrage;mitsubishi-mitsubishi-cy4astxhru,mitsubishi-attrage,,,,,
387,4,outcome changes materially under the common-overlap window,4,,0.9859,"Is Ice 'LANCER EVOLUTION VI GSR TOMMI' (MITSUBISHI, MITSUBISHI|LANCER EVOLUTION VI GSR TOMMI) the same vehicle as TDR 'Outlander PHEV' (mitsubishi.outlander_phev)? Verdict applies to the candidate shown on this row.",MITSUBISHI|LANCER EVOLUTION VI GSR TOMMI,LANCER EVOLUTION VI GSR TOMMI,MITSUBISHI,unmapped_name,,mitsubishi.outlander_phev,Outlander PHEV,Mitsubishi,CURRENT,CROSSOVER,LEGACY_CANDIDATE;LEGACY_STORED;V1_POOL,PROPOSED,NAME,416,,2.0,0.37209302325581395,2025-01,2025-01,1,0,,EQUIVALENT,EXACT,CONTRADICTION,0.0,UNAVAILABLE,SER_OVERLAP_BELOW_PROPOSE_MIN,,,,1,1,1.0,2.0,2025-01,2025-01,23,BRND_EXACT,NAME_ONLY_NOT_AUTO;SER_MISSING_ROW_SEMANTICS_UNCONFIRMED;SUBJ_UNMAPPED_NAME,NAME_CONTRADICTION,SER_OVERLAP_BELOW_PROPOSE_MIN;ATTR_BODY_UNKNOWN,NO_CANDIDATE,NO_CANDIDATE_ALL_EXCLUDED,,,false,,true,,,,1,0,1,2025-01,2025-01,827,11,30,MITSUBISHI|LANCER EVOLUTION VI GSR TOMMI;mitsubishi-outlander,mitsubishi-outlander,,,,,
388,4,outcome changes materially under the common-overlap window,4,,0.9859,"Is Ice 'EC31' (SOKON, SOKON|EC31) the same vehicle as TDR 'Sokon EC35' (sokon.sokon_ec35)? Verdict applies to the candidate shown on this row.",SOKON|EC31,EC31,SOKON,unmapped_name,,sokon.sokon_ec35,Sokon EC35,Sokon,CURRENT,VAN,LEGACY_CANDIDATE;LEGACY_STORED;V1_POOL,PROPOSED,NAME,425,,5.0,0.75,2025-01,2025-01,1,0,,EQUIVALENT,EXACT,CONTRADICTION,0.0,UNAVAILABLE,SER_OVERLAP_BELOW_PROPOSE_MIN,,,,1,1,1.0,5.0,2025-01,2025-01,23,BRND_EXACT,NAME_ONLY_NOT_AUTO;SER_MISSING_ROW_SEMANTICS_UNCONFIRMED;SUBJ_UNMAPPED_NAME,NAME_CONTRADICTION,SER_OVERLAP_BELOW_PROPOSE_MIN;ATTR_BODY_UNKNOWN,NO_CANDIDATE,NO_CANDIDATE_ALL_EXCLUDED,,,false,,true,,,,1,0,1,2025-01,2025-01,39,15,33,SOKON|EC31;sokon-crc50;sokon-sokon-ec35,sokon-sokon-ec35,,,,,
389,4,outcome changes materially under the common-overlap window,4,,0.9859,"Is Ice '2.5 HV AVN' (TOYOTA, TOYOTA|2 5 HV AVN) the same vehicle as TDR 'Avanza' (toyota.avanza)? Verdict applies to the candidate shown on this row.",TOYOTA|2 5 HV AVN,2.5 HV AVN,TOYOTA,unmapped_name,,toyota.avanza,Avanza,Toyota,CURRENT,MPV,LEGACY_CANDIDATE;LEGACY_STORED;V1_POOL,PROPOSED,NAME,427,,0.0,0.375,2026-08,2026-08,1,1,2026-08,EQUIVALENT,EXACT,CONTRADICTION,0.0,UNAVAILABLE,SER_NO_COMMON_WINDOW,,,,0,0,0,0,,,24,BRND_EXACT,NAME_ONLY_NOT_AUTO;SER_MISSING_ROW_SEMANTICS_UNCONFIRMED;SUBJ_UNMAPPED_NAME,NAME_CONTRADICTION,SER_NO_COMMON_WINDOW;ATTR_BODY_UNKNOWN,NO_CANDIDATE,NO_CANDIDATE_ALL_EXCLUDED,,,false,,true,,,,1,1,1,2026-08,2026-08,250,0,0,TOYOTA|2 5 HV AVN;toyota-avanza,toyota-avanza,,,,,
390,4,outcome changes materially under the common-overlap window,4,,0.9859,"Is Ice 'ACV51R-JEPEKT  AC' (TOYOTA, TOYOTA|ACV51R JEPEKT AC) the same vehicle as TDR 'Hiace Majesty' (toyota.hiace_majesty)? Verdict applies to the candidate shown on this row.",TOYOTA|ACV51R JEPEKT AC,ACV51R-JEPEKT  AC,TOYOTA,unmapped_name,,toyota.hiace_majesty,Hiace Majesty,Toyota,CURRENT,VAN,LEGACY_CANDIDATE;LEGACY_STORED;V1_POOL,PROPOSED,NAME,433,,246.0,0.41379310344827586,2025-01,2025-01,1,0,,EQUIVALENT,EXACT,CONTRADICTION,0.0,UNAVAILABLE,SER_OVERLAP_BELOW_PROPOSE_MIN,,,,1,1,1.0,246.0,2025-01,2025-01,23,BRND_EXACT,NAME_ONLY_NOT_AUTO;SER_MISSING_ROW_SEMANTICS_UNCONFIRMED;SUBJ_UNMAPPED_NAME,NAME_CONTRADICTION,SER_OVERLAP_BELOW_PROPOSE_MIN;ATTR_BODY_UNKNOWN,NO_CANDIDATE,NO_CANDIDATE_ALL_EXCLUDED,,,false,,true,,,,1,0,1,2025-01,2025-01,6244,1655,4108,TOYOTA|ACV40R JEAGKT A1;TOYOTA|ACV41R JEPNKT AB;TOYOTA|ACV51R JEPEKT AA;TOYOTA|ACV51R JEPEKT AB;TOYOTA|ACV51R JEPEKT AC;toyota-hiace,toyota-hiace,,,,,
391,4,outcome changes materially under the common-overlap window,4,,0.9859,"Is Ice 'CENTURY 5.0L' (TOYOTA, TOYOTA|CENTURY 5 0L) the same vehicle as TDR 'Camry' (toyota.camry)? Verdict applies to the candidate shown on this row.",TOYOTA|CENTURY 5 0L,CENTURY 5.0L,TOYOTA,unmapped_name,,toyota.camry,Camry,Toyota,CURRENT,SEDAN,LEGACY_CANDIDATE;LEGACY_STORED;V1_POOL,PROPOSED,NAME,435,,854.0,0.35294117647058826,2025-05,2025-05,1,0,,EQUIVALENT,EXACT,CONTRADICTION,0.0,UNAVAILABLE,SER_OVERLAP_BELOW_PROPOSE_MIN,,,,1,1,1.0,854.0,2025-05,2025-05,23,BRND_EXACT,NAME_ONLY_NOT_AUTO;SER_MISSING_ROW_SEMANTICS_UNCONFIRMED;SUBJ_UNMAPPED_NAME,NAME_CONTRADICTION,SER_OVERLAP_BELOW_PROPOSE_MIN;ATTR_BODY_UNKNOWN,NO_CANDIDATE,NO_CANDIDATE_ALL_EXCLUDED,,,false,,true,,,,1,0,1,2025-05,2025-05,28505,5035,11371,TOYOTA|CENTURY 5 0L;toyota-camry;toyota-toyota-roomy,toyota-camry,,,,,
392,4,outcome changes materially under the common-overlap window,4,,0.9859,"Is Ice 'GUN120R-CTTSXT' (TOYOTA, TOYOTA|GUN120R CTTSXT) the same vehicle as TDR 'GR Supra' (toyota.gr_supra)? Verdict applies to the candidate shown on this row.",TOYOTA|GUN120R CTTSXT,GUN120R-CTTSXT,TOYOTA,unmapped_name,,toyota.gr_supra,GR Supra,Toyota,CURRENT,COUPE,LEGACY_CANDIDATE;LEGACY_STORED;V1_POOL,PROPOSED,NAME,439,,3.0,0.36363636363636365,2024-10,2024-10,1,0,,EQUIVALENT,EXACT,CONTRADICTION,0.0,UNAVAILABLE,SER_OVERLAP_BELOW_PROPOSE_MIN,,,,1,1,1.0,3.0,2024-10,2024-10,23,BRND_EXACT,NAME_ONLY_NOT_AUTO;SER_MISSING_ROW_SEMANTICS_UNCONFIRMED;SUBJ_UNMAPPED_NAME,NAME_CONTRADICTION,SER_OVERLAP_BELOW_PROPOSE_MIN;ATTR_BODY_UNKNOWN,NO_CANDIDATE,NO_CANDIDATE_ALL_EXCLUDED,,,false,,true,,,,1,0,1,2024-10,2024-10,64,24,43,TOYOTA|GUN120R CTTSXT;TOYOTA|KUN15R PRMDYT A3;TOYOTA|KUN25R PRMSHT A4;TOYOTA|KUN26R PRASYT A8;TOYOTA|KUN26R PRPSYT A7;TOYOTA|KUN35R PRMDHT A6;TOYOTA|KUN35R PRMDHT A8;TOYOTA|KUN35R PRMSHT A5;TOYOTA|KUN35R PRMSHT A6;TOYOTA|KUN35R PRMSHT A8;TOYOTA|KUN35R URASHT AJ;TOYOTA|NCP93R BEPRKT A4;TOYOTA|TGN16R PRMSKT A7;TOYOTA|TGN16R PRMSKT A8;TOYOTA|TGN16R TRMDKT A7;TOYOTA|TGN16R URMDMT A7;TOYOTA|TGN16R URMDMT A8;TOYOTA|TGN40R GKPDKT AE;TOYOTA|TGN61R NKPSKT A3;TOYOTA|TGN61R NKPSKT A5;TOYOTA|TGN61R NKPSKT A8;toyota-gr-supra,toyota-gr-supra,,,,,
393,4,outcome changes materially under the common-overlap window,4,,0.9859,"Is Ice '840I M SPORT COUPE' (BMW, bmw-840i-m-sport-coupe__provisional) the same vehicle as TDR '2 Series Gran Coupe' (bmw.2_series_gran_coupe)? Verdict applies to the candidate shown on this row.",bmw-840i-m-sport-coupe__provisional,840I M SPORT COUPE,BMW,provisional,Sedan,bmw.2_series_gran_coupe,2 Series Gran Coupe,BMW,CURRENT,SEDAN,LEGACY_CANDIDATE;LEGACY_STORED;V1_POOL,PROPOSED,NAME,470,,52.0,0.4864864864864865,2025-09,2025-09,1,0,,EQUIVALENT,EXACT,SIBLING,0.285714,UNAVAILABLE,SER_OVERLAP_BELOW_PROPOSE_MIN,,,,1,1,1.0,52.0,2025-09,2025-09,23,BRND_EXACT,NAME_ONLY_NOT_AUTO;SER_MISSING_ROW_SEMANTICS_UNCONFIRMED;SUBJ_PROVISIONAL,NAME_SIBLING_VARIANT,SER_OVERLAP_BELOW_PROPOSE_MIN;SUBJ_PROVISIONAL,NO_CANDIDATE,NO_CANDIDATE_ALL_EXCLUDED,,,false,,true,,,,1,1,1,2025-09,2025-09,5197,639,1359,BMW|318D M SPORT SALOON MANUAL;BMW|I8 ROADSTER RHD;bmw-420d-coupe-rhd__provisional;bmw-420d-gran-coupe-rhd__provisional;bmw-840d-xdrive-coupe__provisional;bmw-840d-xdrive-m-coupe__provisional;bmw-840i-m-sport-coupe__provisional;bmw-840i-m-sport-gran-coupe__provisional;bmw-bmw-2-series;bmw-m8-competition-coupe__provisional;bmw-m8-coupe-rhd__provisional;bmw-m8-gran-coupe-rhd__provisional;bmw-m850i-xdrive-coupe-rhd__provisional,bmw-bmw-2-series,,,,,
394,4,outcome changes materially under the common-overlap window,4,,0.9859,"Is Ice 'BYD SHARK 6 LIMITED' (BYD, byd-byd-shark-6-limited__provisional) the same vehicle as TDR 'Sealion 6 DM-i' (byd.sealion6)? Verdict applies to the candidate shown on this row.",byd-byd-shark-6-limited__provisional,BYD SHARK 6 LIMITED,BYD,provisional,,byd.sealion6,Sealion 6 DM-i,BYD,CURRENT,CROSSOVER,LEGACY_CANDIDATE;LEGACY_STORED;V1_POOL,PROPOSED,NAME,475,,584.0,0.41379310344827586,2026-07,2026-07,1,0,,EQUIVALENT,EXACT,SIBLING,0.285714,UNAVAILABLE,SER_OVERLAP_BELOW_PROPOSE_MIN,,,,1,1,1.0,584.0,2026-07,2026-07,23,BRND_EXACT,NAME_ONLY_NOT_AUTO;SER_MISSING_ROW_SEMANTICS_UNCONFIRMED;SUBJ_PROVISIONAL,NAME_SIBLING_VARIANT,SER_OVERLAP_BELOW_PROPOSE_MIN;ATTR_BODY_UNKNOWN;SUBJ_PROVISIONAL,INSUFFICIENT_DATA,INSUFFICIENT_DATA_NO_BASIS,,,false,,true,,,,1,1,1,2026-07,2026-07,12217,5263,12217,byd-byd-shark-6-limited__provisional;byd-sealion-6,byd-sealion-6,"byd.shark6 (SUBJECT_FINER, UNAVAILABLE)",,,,
395,4,outcome changes materially under the common-overlap window,4,,0.9859,"Is Ice 'CAMARO COUPE' (CHEVROLET, chevrolet-camaro-coupe__provisional) the same vehicle as TDR 'Colorado C-Cab' (chevrolet.colorado_c_cab)? Verdict applies to the candidate shown on this row.",chevrolet-camaro-coupe__provisional,CAMARO COUPE,CHEVROLET,provisional,,chevrolet.colorado_c_cab,Colorado C-Cab,Chevrolet,CURRENT,PICKUP,LEGACY_CANDIDATE;LEGACY_STORED;V1_POOL,PROPOSED,NAME,477,,0.0,0.38461538461538464,2025-07,2025-07,1,1,2025-07,EQUIVALENT,EXACT,CONTRADICTION,0.0,UNAVAILABLE,SER_NO_COMMON_WINDOW,,,,0,0,0,0,,,24,BRND_EXACT,NAME_ONLY_NOT_AUTO;SER_MISSING_ROW_SEMANTICS_UNCONFIRMED;SUBJ_PROVISIONAL,NAME_CONTRADICTION,SER_NO_COMMON_WINDOW;ATTR_BODY_UNKNOWN;SUBJ_PROVISIONAL,NO_CANDIDATE,NO_CANDIDATE_ALL_EXCLUDED,,,false,,true,,,,1,0,1,2025-07,2025-07,202,0,0,chevrolet-camaro-coupe__provisional;chevrolet-chevrolet-colorado,chevrolet-chevrolet-colorado,,,,,
396,4,outcome changes materially under the common-overlap window,4,,0.9859,"Is Ice 'Mazda MX-30' (MAZDA, mazda-mazda-mx-30) the same vehicle as TDR 'CX-30' (mazda.cx30)? Verdict applies to the candidate shown on this row.",mazda-mazda-mx-30,Mazda MX-30,MAZDA,settled,SUV,mazda.cx30,CX-30,Mazda,CURRENT,CROSSOVER,LEGACY_CANDIDATE;LEGACY_STORED;V1_POOL,PROPOSED,NAME,483,,91.0,0.8,2024-12,2024-12,1,0,,EQUIVALENT,EXACT,SIBLING,0.5,UNAVAILABLE,SER_OVERLAP_BELOW_PROPOSE_MIN,,,,1,1,1.0,91.0,2024-12,2024-12,23,BRND_EXACT,NAME_ONLY_NOT_AUTO;SER_MISSING_ROW_SEMANTICS_UNCONFIRMED,NAME_SIBLING_VARIANT,SER_OVERLAP_BELOW_PROPOSE_MIN,NO_CANDIDATE,NO_CANDIDATE_ALL_EXCLUDED,,,false,,true,,,,1,0,1,2024-12,2024-12,22670,1306,2596,mazda-mazda-bt-50;mazda-mazda-cx-30;mazda-mazda-mx-30,mazda-mazda-cx-30,"mazda.cx3 (CONTRADICTION, UNAVAILABLE) | mazda.mx_5 (SIBLING, UNAVAILABLE) | mazda.cx5 (CONTRADICTION, UNAVAILABLE)",,,,
397,4,outcome changes materially under the common-overlap window,4,,0.986,"Is Ice 'Nissan Urvan' (NISSAN, nissan-urvan) the same vehicle as TDR 'Terra' (nissan.terra)? Verdict applies to the candidate shown on this row.",nissan-urvan,Nissan Urvan,NISSAN,settled,Van,nissan.terra,Terra,Nissan,CURRENT,PPV,LEGACY_CANDIDATE;LEGACY_STORED;V1_POOL,PROPOSED,NAME,182,0.4342314530374842,7.770186335403727,0.4,2022-03,2024-04,24,0,,EQUIVALENT,EXACT,CONTRADICTION,0.0,WEAK,,0.45396,7.498316,0.0,22,22,297.0,2227.0,2022-05,2024-04,24,BRND_EXACT,NAME_ONLY_NOT_AUTO;SER_MISSING_ROW_SEMANTICS_UNCONFIRMED;ATTR_BODY_MISMATCH;SER_CORRELATION_BELOW_STRONG;SER_RATIO_OUT_OF_BAND,NAME_CONTRADICTION;SERIES_DECISIVELY_WRONG,,NO_CANDIDATE,NO_CANDIDATE_ALL_EXCLUDED,,,false,,true,NEW_MERGE,MERGE:NISSAN|UVL4RDRE26KHE>nissan-urvan 100% | MERGE:NISSAN|URVAN>nissan-urvan 100% | MERGE:NISSAN|UVL4RDRE26KHE A>nissan-urvan 100% | MERGE:NISSAN|UVL4RDRE26KWDDER C>nissan-urvan 100% | MERGE:NISSAN|NISSANURVAN>nissan-urvan 100% | MERGE:NISSAN|URVAN E25>nissan-urvan 100%,NOOP:LIN_ALREADY_APPLIED,550,0,0,2021-01,2024-04,4448,81,670,NISSAN|FDTARRZC12MHAA;nissan-leaf;nissan-note;nissan-terra;nissan-urvan,nissan-terra,"nissan.teana (CONTRADICTION, UNAVAILABLE) | nissan.serena (CONTRADICTION, UNAVAILABLE)",,,,
398,4,outcome changes materially under the common-overlap window,4,,0.986,"Is Ice 'Sokon CRC50' (SOKON, sokon-crc50) the same vehicle as TDR 'Sokon EC35' (sokon.sokon_ec35)? Verdict applies to the candidate shown on this row.",sokon-crc50,Sokon CRC50,SOKON,settled,Truck,sokon.sokon_ec35,Sokon EC35,Sokon,CURRENT,VAN,LEGACY_CANDIDATE;LEGACY_STORED;V1_POOL,PROPOSED,NAME,252,-0.13318589823853186,0.009900990099009901,0.4444444444444444,2021-01,2024-05,21,20,2021-01;2021-11;2021-12;2022-01;2022-02;2022-03;2022-04;2022-05;2022-06;2022-07;2022-08;2022-09;2022-10;2022-11;2022-12;2023-02;2023-08;2023-11;2024-04;2024-05,EQUIVALENT,EXACT,CONTRADICTION,0.0,UNAVAILABLE,SER_OVERLAP_BELOW_PROPOSE_MIN,,,,1,1,2.0,1.0,2024-03,2024-03,24,BRND_EXACT,NAME_ONLY_NOT_AUTO;SER_MISSING_ROW_SEMANTICS_UNCONFIRMED;ATTR_BODY_MISMATCH;GEN_LIFECYCLE_PARTIAL,NAME_CONTRADICTION,SER_OVERLAP_BELOW_PROPOSE_MIN,NO_CANDIDATE,NO_CANDIDATE_ALL_EXCLUDED,,,true,AVAILABILITY,true,NEW_MERGE,MERGE:SOKON|CRC5020CLS>sokon-crc50 100% | MERGE:SOKON|CRC5023XXY>sokon-crc50 100% | MERGE:SOKON|CRC5021CLS>sokon-crc50 100% | MERGE:SOKON|CRC5021XXY>sokon-crc50 100% | MERGE:SOKON|CRC5026XXYQ1>sokon-crc50 100%,NOOP:LIN_ALREADY_APPLIED,101,0,0,2021-01,2024-05,39,15,33,SOKON|EC31;sokon-crc50;sokon-sokon-ec35,sokon-sokon-ec35,,,,,
399,4,outcome changes materially under the common-overlap window,4,,0.986,"Is Ice 'Pajero' (MITSUBISHI, mitsubishi-pajero) the same vehicle as TDR 'Pajero Sport' (mitsubishi.pajero_sport)? Verdict applies to the candidate shown on this row.",mitsubishi-pajero,Pajero,MITSUBISHI,settled,PPV,mitsubishi.pajero_sport,Pajero Sport,Mitsubishi,CURRENT,PPV,LEGACY_CANDIDATE;LEGACY_STORED;V1_POOL,PROPOSED,NAME,280,,0.0,0.6666666666666666,2026-09,2026-09,1,1,2026-09,EQUIVALENT,EXACT,SUBJECT_COARSER,0.666667,UNAVAILABLE,SER_NO_COMMON_WINDOW,,,,0,0,0,0,,,24,BRND_EXACT,NAME_CONTAINMENT_SUBJECT_COARSER;NAME_ONLY_NOT_AUTO;SER_MISSING_ROW_SEMANTICS_UNCONFIRMED,,SER_NO_COMMON_WINDOW,INSUFFICIENT_DATA,INSUFFICIENT_DATA_NO_BASIS,,,false,,true,,,,37,0,0,2026-09,2026-09,26094,1626,3637,mitsubishi-pajero;mitsubishi-pajero-sport,mitsubishi-pajero-sport,"mitsubishi.xpander (CONTRADICTION, UNAVAILABLE) | mitsubishi.xpander_cross (CONTRADICTION, UNAVAILABLE)",,,,
400,4,outcome changes materially under the common-overlap window,4,,0.986,"Is Ice 'MG GS' (MG, MG|MG GS) the same vehicle as TDR 'MG HS' (mg.mg_hs)? Verdict applies to the candidate shown on this row.",MG|MG GS,MG GS,MG,unmapped_name,,mg.mg_hs,MG HS,MG,CURRENT,CROSSOVER,LEGACY_CANDIDATE;LEGACY_STORED;V1_POOL,PROPOSED,NAME,291,0.11243402000498318,194.78571428571428,0.5,2021-01,2026-09,19,1,2026-09,EQUIVALENT,EXACT,CONTRADICTION,0.0,UNAVAILABLE,SER_VOLUME_BELOW_PROPOSE_MIN,,,,8,8,12.0,1372.0,2022-10,2024-07,24,BRND_EXACT,NAME_ONLY_NOT_AUTO;SER_MISSING_ROW_SEMANTICS_UNCONFIRMED;SUBJ_UNMAPPED_NAME,NAME_CONTRADICTION,SER_VOLUME_BELOW_PROPOSE_MIN;ATTR_BODY_UNKNOWN,NO_CANDIDATE,NO_CANDIDATE_ALL_EXCLUDED,,,true,AVAILABILITY,true,,,,28,0,0,2021-01,2026-09,12163,254,1065,MG|MG GS;mg-mg-hs,mg-mg-hs,"mg.mg_es (CONTRADICTION, UNAVAILABLE) | mg.mg_zs (CONTRADICTION, UNAVAILABLE)",,,,
401,4,outcome changes materially under the common-overlap window,4,,0.9861,"Is Ice 'Q2 35 TFSI' (AUDI, audi-q2-35-tfsi__provisional) the same vehicle as TDR 'Audi Q6 e-tron' (audi.q6_etron)? Verdict applies to the candidate shown on this row.",audi-q2-35-tfsi__provisional,Q2 35 TFSI,AUDI,provisional,,audi.q6_etron,Audi Q6 e-tron,Audi,CURRENT,CROSSOVER,LEGACY_CANDIDATE;LEGACY_STORED;V1_POOL,PROPOSED,NAME,298,,0.0,0.42105263157894735,2021-01,2023-04,14,14,2021-01;2021-03;2021-05;2021-06;2021-07;2021-12;2022-01;2022-02;2022-03;2022-07;2022-11;2022-12;2023-01;2023-04,EQUIVALENT,EXACT,CONTRADICTION,0.0,UNAVAILABLE,SER_NO_COMMON_WINDOW,,,,0,0,0,0,,,24,BRND_EXACT,NAME_ONLY_NOT_AUTO;SER_MISSING_ROW_SEMANTICS_UNCONFIRMED;GEN_LIFECYCLE_PARTIAL;SUBJ_PROVISIONAL,NAME_CONTRADICTION,SER_NO_COMMON_WINDOW;ATTR_BODY_UNKNOWN;SUBJ_PROVISIONAL,NO_CANDIDATE,NO_CANDIDATE_ALL_EXCLUDED,,,false,,true,,,,19,0,0,2021-01,2023-04,6,6,6,audi-q2-35-tfsi__provisional,,"audi.q8_etron (CONTRADICTION, UNAVAILABLE)",,,,
402,4,outcome changes materially under the common-overlap window,4,,0.9861,"Is Ice 'M3' (BYD, BYD|M3) the same vehicle as TDR 'BYD M6' (byd.byd_m6)? Verdict applies to the candidate shown on this row.",BYD|M3,M3,BYD,unmapped_name,,byd.byd_m6,BYD M6,BYD,CURRENT,MPV,LEGACY_CANDIDATE;LEGACY_STORED;V1_POOL,PROPOSED,NAME,300,0.41709069333257304,0.8888888888888888,0.5,2021-02,2022-08,7,2,2021-02;2021-03,EQUIVALENT,EXACT,CONTRADICTION,0.0,UNAVAILABLE,SER_OVERLAP_BELOW_PROPOSE_MIN,,,,5,5,16.0,16.0,2022-01,2022-08,24,BRND_EXACT,NAME_ONLY_NOT_AUTO;SER_MISSING_ROW_SEMANTICS_UNCONFIRMED;SUBJ_UNMAPPED_NAME,NAME_CONTRADICTION;GEN_LIFECYCLE_DISJOINT,SER_OVERLAP_BELOW_PROPOSE_MIN;ATTR_BODY_UNKNOWN,NO_CANDIDATE,NO_CANDIDATE_ALL_EXCLUDED,,,true,AVAILABILITY,true,,,,18,0,0,2021-02,2022-08,3934,1402,3812,BYD|M3;byd-e6;byd-m6,byd-m6,"byd.byd_t3 (CONTRADICTION, UNAVAILABLE)",,,,
403,4,outcome changes materially under the common-overlap window,4,,0.9861,"Is Ice 'BMW M5' (BMW, bmw-bmw-m5) the same vehicle as TDR 'X5' (bmw.x5)? Verdict applies to the candidate shown on this row.",bmw-bmw-m5,BMW M5,BMW,settled,Sedan,bmw.x5,X5,BMW,CURRENT,CROSSOVER,LEGACY_CANDIDATE;LEGACY_STORED;V1_POOL,PROPOSED,NAME,301,0.11374852695035938,36.388888888888886,0.5,2021-01,2026-09,11,1,2026-09,EQUIVALENT,EXACT,CONTRADICTION,0.0,UNAVAILABLE,SER_VOLUME_BELOW_PROPOSE_MIN,,,,6,6,9.0,422.0,2021-12,2023-05,24,BRND_EXACT,NAME_ONLY_NOT_AUTO;SER_MISSING_ROW_SEMANTICS_UNCONFIRMED;ATTR_BODY_MISMATCH;GEN_LIFECYCLE_PARTIAL,NAME_CONTRADICTION,SER_VOLUME_BELOW_PROPOSE_MIN,NO_CANDIDATE,NO_CANDIDATE_ALL_EXCLUDED,,,true,AVAILABILITY,true,,,,18,0,0,2021-01,2026-09,3593,393,904,bmw-bmw-m5;bmw-bmw-x5,bmw-bmw-x5,"bmw.i5 (CONTRADICTION, UNAVAILABLE) | bmw.xm (CONTRADICTION, UNAVAILABLE)",,,,
404,4,outcome changes materially under the common-overlap window,4,,0.9861,"Is Ice 'M850i xDrive Coupe RHD' (BMW, bmw-m850i-xdrive-coupe-rhd__provisional) the same vehicle as TDR '2 Series Gran Coupe' (bmw.2_series_gran_coupe)? Verdict applies to the candidate shown on this row.",bmw-m850i-xdrive-coupe-rhd__provisional,M850i xDrive Coupe RHD,BMW,provisional,Sedan,bmw.2_series_gran_coupe,2 Series Gran Coupe,BMW,CURRENT,SEDAN,LEGACY_CANDIDATE;LEGACY_STORED;V1_POOL,PROPOSED,NAME,311,-0.06021986935187127,68.5,0.4878048780487805,2021-04,2023-06,9,0,,EQUIVALENT,EXACT,SIBLING,0.285714,UNAVAILABLE,SER_VOLUME_BELOW_PROPOSE_MIN,,,,7,7,9.0,732.0,2021-09,2023-06,24,BRND_EXACT,NAME_ONLY_NOT_AUTO;SER_MISSING_ROW_SEMANTICS_UNCONFIRMED;GEN_LIFECYCLE_PARTIAL;SUBJ_PROVISIONAL,NAME_SIBLING_VARIANT,SER_VOLUME_BELOW_PROPOSE_MIN;SUBJ_PROVISIONAL,NO_CANDIDATE,NO_CANDIDATE_ALL_EXCLUDED,,,true,AVAILABILITY,true,,,,12,0,0,2021-04,2023-06,5197,639,1359,BMW|318D M SPORT SALOON MANUAL;BMW|I8 ROADSTER RHD;bmw-420d-coupe-rhd__provisional;bmw-420d-gran-coupe-rhd__provisional;bmw-840d-xdrive-coupe__provisional;bmw-840d-xdrive-m-coupe__provisional;bmw-840i-m-sport-coupe__provisional;bmw-840i-m-sport-gran-coupe__provisional;bmw-bmw-2-series;bmw-m8-competition-coupe__provisional;bmw-m8-coupe-rhd__provisional;bmw-m8-gran-coupe-rhd__provisional;bmw-m850i-xdrive-coupe-rhd__provisional,bmw-bmw-2-series,,,,,
405,4,outcome changes materially under the common-overlap window,4,,0.9861,"Is Ice 'C+POD' (TOYOTA, TOYOTA|C POD) the same vehicle as TDR 'C-HR' (toyota.c_hr)? Verdict applies to the candidate shown on this row.",TOYOTA|C POD,C+POD,TOYOTA,unmapped_name,,toyota.c_hr,C-HR,Toyota,CURRENT,CROSSOVER,LEGACY_CANDIDATE;LEGACY_STORED;V1_POOL,PROPOSED,NAME,312,-0.9999999999999999,17.181818181818183,0.4444444444444444,2021-07,2021-09,2,0,,EQUIVALENT,EXACT,SIBLING,0.5,UNAVAILABLE,SER_OVERLAP_BELOW_PROPOSE_MIN,,,,2,2,11.0,189.0,2021-07,2021-09,24,BRND_EXACT,NAME_ONLY_NOT_AUTO;SER_MISSING_ROW_SEMANTICS_UNCONFIRMED;SUBJ_UNMAPPED_NAME,NAME_SIBLING_VARIANT;GEN_LIFECYCLE_DISJOINT,SER_OVERLAP_BELOW_PROPOSE_MIN;ATTR_BODY_UNKNOWN,NO_CANDIDATE,NO_CANDIDATE_ALL_EXCLUDED,,,true,AVAILABILITY,true,,,,11,0,0,2021-07,2021-09,4055,42,71,TOYOTA|2 5HV;TOYOTA|C POD;TOYOTA|CENTURY HYBRID;toyota-86-gr__provisional;toyota-c-hr,toyota-c-hr,"toyota.crown (CONTRADICTION, UNAVAILABLE)",,,,
406,4,outcome changes materially under the common-overlap window,4,,0.9861,"Is Ice 'Ford Ecosport' (FORD, FORD|FORD ECOSPORT) the same vehicle as TDR 'Everest' (ford.everest)? Verdict applies to the candidate shown on this row.",FORD|FORD ECOSPORT,Ford Ecosport,FORD,unmapped_name,,ford.everest,Everest,Ford,CURRENT,PPV,LEGACY_CANDIDATE;LEGACY_STORED;V1_POOL,PROPOSED,NAME,319,,524.7142857142857,0.4,2021-03,2026-09,7,1,2026-09,EQUIVALENT,EXACT,CONTRADICTION,0.0,UNAVAILABLE,SER_OVERLAP_BELOW_PROPOSE_MIN,,,,3,3,3.0,2174.0,2022-08,2024-07,24,BRND_EXACT,NAME_ONLY_NOT_AUTO;SER_MISSING_ROW_SEMANTICS_UNCONFIRMED;SUBJ_UNMAPPED_NAME,NAME_CONTRADICTION,SER_OVERLAP_BELOW_PROPOSE_MIN;ATTR_BODY_UNKNOWN,NO_CANDIDATE,NO_CANDIDATE_ALL_EXCLUDED,,,false,,true,,,,7,0,0,2021-03,2026-09,46948,7025,15069,FORD|ECOSPORT;FORD|FIESTA;FORD|FORD ECOSPORT;FORD|FORD FIESTA;FORD|TERRITORY;ford-ford-everest,ford-ford-everest,,,,,
407,4,outcome changes materially under the common-overlap window,4,,0.9861,"Is Ice 'CANIVAL' (KIA, KIA|CANIVAL) the same vehicle as TDR 'Carnival' (kia.carnival)? Verdict applies to the candidate shown on this row.",KIA|CANIVAL,CANIVAL,KIA,unmapped_name,,kia.carnival,Carnival,Kia,CURRENT,MPV,LEGACY_CANDIDATE;LEGACY_STORED;V1_POOL;V1_PRIMARY,PROPOSED,NAME,320,0.5818688332732643,35.285714285714285,0.9333333333333333,2021-03,2021-07,5,0,,EQUIVALENT,EXACT,FUZZY,1.0,UNAVAILABLE,SER_OVERLAP_BELOW_PROPOSE_MIN,,,,5,5,7.0,247.0,2021-03,2021-07,24,BRND_EXACT,NAME_FUZZY_TOKEN;NAME_ONLY_NOT_AUTO;SER_MISSING_ROW_SEMANTICS_UNCONFIRMED;SUBJ_UNMAPPED_NAME,,SER_OVERLAP_BELOW_PROPOSE_MIN;ATTR_BODY_UNKNOWN,PROPOSE,PROPOSE_NAME_MATCH_SERIES_NOT_STRONG,kia.carnival,EQUIVALENT,true,AVAILABILITY,false,,,,7,0,0,2021-03,2021-07,5870,913,1819,KIA|CANIVAL;kia-carnival,KIA|CANIVAL;kia-carnival,,,,,
408,4,outcome changes materially under the common-overlap window,4,,0.9861,"Is Ice '530i Limousine RHD' (BMW, BMW|530I LIMOUSINE RHD) the same vehicle as TDR '3 Series' (bmw.bmw_3)? Verdict applies to the candidate shown on this row.",BMW|530I LIMOUSINE RHD,530i Limousine RHD,BMW,unmapped_name,Sedan,bmw.bmw_3,3 Series,BMW,CURRENT,SEDAN,LEGACY_CANDIDATE;LEGACY_STORED;V1_POOL,PROPOSED,NAME,324,,306.8333333333333,0.38461538461538464,2021-02,2023-01,6,0,,EQUIVALENT,EXACT,CONTRADICTION,0.0,UNAVAILABLE,SER_VOLUME_BELOW_PROPOSE_MIN,,,,6,6,6.0,1841.0,2021-02,2023-01,24,BRND_EXACT,NAME_ONLY_NOT_AUTO;SER_MISSING_ROW_SEMANTICS_UNCONFIRMED;SUBJ_UNMAPPED_NAME,NAME_CONTRADICTION,SER_VOLUME_BELOW_PROPOSE_MIN,NO_CANDIDATE,NO_CANDIDATE_ALL_EXCLUDED,,,false,,true,,,,6,0,0,2021-02,2023-01,17136,2094,5095,BMW|328I M SPORT;BMW|530I LIMOUSINE RHD;BMW|I8 HYBRID;BMW|I8 ROADSTER;bmw-840d-xdrive__provisional;bmw-840i-convertible__provisional;bmw-alpina-d3-s-touring__provisional;bmw-bmw-3-series,bmw-bmw-3-series,"bmw.bmw_5 (CONTRADICTION, UNAVAILABLE)",,,,
409,4,outcome changes materially under the common-overlap window,4,,0.9861,"Is Ice 'TGN16R-URMDMT  A8' (TOYOTA, TOYOTA|TGN16R URMDMT A8) the same vehicle as TDR 'GR Supra' (toyota.gr_supra)? Verdict applies to the candidate shown on this row.",TOYOTA|TGN16R URMDMT A8,TGN16R-URMDMT  A8,TOYOTA,unmapped_name,,toyota.gr_supra,GR Supra,Toyota,CURRENT,COUPE,LEGACY_CANDIDATE;LEGACY_STORED;V1_POOL,PROPOSED,NAME,332,,0.0,0.5,2021-11,2023-12,3,3,2021-11;2021-12;2023-12,EQUIVALENT,EXACT,CONTRADICTION,0.0,UNAVAILABLE,SER_NO_COMMON_WINDOW,,,,0,0,0,0,,,24,BRND_EXACT,NAME_ONLY_NOT_AUTO;SER_MISSING_ROW_SEMANTICS_UNCONFIRMED;SUBJ_UNMAPPED_NAME,NAME_CONTRADICTION,SER_NO_COMMON_WINDOW;ATTR_BODY_UNKNOWN,NO_CANDIDATE,NO_CANDIDATE_ALL_EXCLUDED,,,false,,true,,,,5,0,0,2021-11,2023-12,64,24,43,TOYOTA|GUN120R CTTSXT;TOYOTA|KUN15R PRMDYT A3;TOYOTA|KUN25R PRMSHT A4;TOYOTA|KUN26R PRASYT A8;TOYOTA|KUN26R PRPSYT A7;TOYOTA|KUN35R PRMDHT A6;TOYOTA|KUN35R PRMDHT A8;TOYOTA|KUN35R PRMSHT A5;TOYOTA|KUN35R PRMSHT A6;TOYOTA|KUN35R PRMSHT A8;TOYOTA|KUN35R URASHT AJ;TOYOTA|NCP93R BEPRKT A4;TOYOTA|TGN16R PRMSKT A7;TOYOTA|TGN16R PRMSKT A8;TOYOTA|TGN16R TRMDKT A7;TOYOTA|TGN16R URMDMT A7;TOYOTA|TGN16R URMDMT A8;TOYOTA|TGN40R GKPDKT AE;TOYOTA|TGN61R NKPSKT A3;TOYOTA|TGN61R NKPSKT A5;TOYOTA|TGN61R NKPSKT A8;toyota-gr-supra,toyota-gr-supra,,,,,
410,4,outcome changes materially under the common-overlap window,4,,0.9861,"Is Ice 'Bingou SRD' (WULING, WULING|BINGOU SRD) the same vehicle as TDR 'Wuling Bingo' (wuling.wuling_bingo)? Verdict applies to the candidate shown on this row.",WULING|BINGOU SRD,Bingou SRD,WULING,unmapped_name,Hatchback,wuling.wuling_bingo,Wuling Bingo,Wuling,CURRENT,HATCHBACK,LEGACY_CANDIDATE;LEGACY_STORED;V1_POOL,PROPOSED,NAME,333,,1.0,0.6666666666666666,2024-08,2024-08,1,0,,EQUIVALENT,EXACT,CONTRADICTION,0.0,UNAVAILABLE,SER_OVERLAP_BELOW_PROPOSE_MIN,,,,1,1,5.0,5.0,2024-08,2024-08,24,BRND_EXACT,NAME_ONLY_NOT_AUTO;SER_MISSING_ROW_SEMANTICS_UNCONFIRMED;SUBJ_UNMAPPED_NAME,NAME_CONTRADICTION,SER_OVERLAP_BELOW_PROPOSE_MIN,NO_CANDIDATE,NO_CANDIDATE_ALL_EXCLUDED,,,false,,true,,,,5,0,0,2024-08,2024-08,1283,685,1278,WULING|BINGOU SRD;WULING|WULING MINI;wuling-binguo,,,,,,
411,4,outcome changes materially under the common-overlap window,4,,0.9861,"Is Ice 'I8 RHD' (BMW, BMW|I8 RHD) the same vehicle as TDR 'i8' (bmw.i8)? Verdict applies to the candidate shown on this row.",BMW|I8 RHD,I8 RHD,BMW,unmapped_name,Sedan,bmw.i8,i8,BMW,CURRENT,COUPE,LEGACY_CANDIDATE;LEGACY_STORED;V1_POOL,PROPOSED,NAME,335,,1.5,0.5,2021-02,2024-02,4,0,,EQUIVALENT,EXACT,SUBJECT_FINER,0.666667,UNAVAILABLE,SER_OVERLAP_BELOW_PROPOSE_MIN,,,,1,1,1.0,1.0,2024-02,2024-02,24,BRND_EXACT,NAME_CONTAINMENT_SUBJECT_FINER;NAME_ONLY_NOT_AUTO;SER_MISSING_ROW_SEMANTICS_UNCONFIRMED;ATTR_BODY_MISMATCH;SUBJ_UNMAPPED_NAME,,SER_OVERLAP_BELOW_PROPOSE_MIN,INSUFFICIENT_DATA,INSUFFICIENT_DATA_NO_BASIS,,,false,,true,,,,4,0,0,2021-02,2024-02,22,0,2,BMW|I8 RHD,BMW|I8,,,,,
412,4,outcome changes materially under the common-overlap window,4,,0.9861,"Is Ice 'ESQUIRE GI 7 SEATS' (TOYOTA, toyota-esquire-gi-7-seats__provisional) the same vehicle as TDR 'Yaris Ativ' (toyota.yaris_ativ)? Verdict applies to the candidate shown on this row.",toyota-esquire-gi-7-seats__provisional,ESQUIRE GI 7 SEATS,TOYOTA,provisional,,toyota.yaris_ativ,Yaris Ativ,Toyota,CURRENT,SEDAN,LEGACY_CANDIDATE;LEGACY_STORED;V1_POOL,PROPOSED,NAME,341,,1926.75,0.35714285714285715,2021-01,2022-05,4,0,,EQUIVALENT,EXACT,CONTRADICTION,0.0,UNAVAILABLE,SER_OVERLAP_BELOW_PROPOSE_MIN,,,,4,4,4.0,7707.0,2021-01,2022-05,24,BRND_EXACT,NAME_ONLY_NOT_AUTO;SER_MISSING_ROW_SEMANTICS_UNCONFIRMED;GEN_LIFECYCLE_PARTIAL;SUBJ_PROVISIONAL,NAME_CONTRADICTION,SER_OVERLAP_BELOW_PROPOSE_MIN;ATTR_BODY_UNKNOWN;SUBJ_PROVISIONAL,NO_CANDIDATE,NO_CANDIDATE_ALL_EXCLUDED,,,false,,true,,,,4,0,0,2021-01,2022-05,251114,65596,115077,TOYOTA|YN85R TRMRST;toyota-esquire-gi-7-seats__provisional;toyota-yaris-ativ,toyota-yaris-ativ,,,,,
413,4,outcome changes materially under the common-overlap window,4,,0.9861,"Is Ice 'I8 ROADSTER' (BMW, BMW|I8 ROADSTER) the same vehicle as TDR '3 Series' (bmw.bmw_3)? Verdict applies to the candidate shown on this row.",BMW|I8 ROADSTER,I8 ROADSTER,BMW,unmapped_name,Sedan,bmw.bmw_3,3 Series,BMW,CURRENT,SEDAN,LEGACY_CANDIDATE;LEGACY_STORED;V1_POOL,PROPOSED,NAME,342,,345.6666666666667,0.42105263157894735,2021-02,2022-03,3,0,,EQUIVALENT,EXACT,CONTRADICTION,0.0,UNAVAILABLE,SER_OVERLAP_BELOW_PROPOSE_MIN,,,,3,3,3.0,1037.0,2021-02,2022-03,24,BRND_EXACT,NAME_ONLY_NOT_AUTO;SER_MISSING_ROW_SEMANTICS_UNCONFIRMED;SUBJ_UNMAPPED_NAME,NAME_CONTRADICTION,SER_OVERLAP_BELOW_PROPOSE_MIN,INSUFFICIENT_DATA,INSUFFICIENT_DATA_NO_BASIS,,,false,,true,,,,3,0,0,2021-02,2022-03,17136,2094,5095,BMW|328I M SPORT;BMW|530I LIMOUSINE RHD;BMW|I8 HYBRID;BMW|I8 ROADSTER;bmw-840d-xdrive__provisional;bmw-840i-convertible__provisional;bmw-alpina-d3-s-touring__provisional;bmw-bmw-3-series,bmw-bmw-3-series,"bmw.4_series (CONTRADICTION, UNAVAILABLE) | bmw.7_series (CONTRADICTION, UNAVAILABLE) | bmw.bmw_5 (CONTRADICTION, UNAVAILABLE)",,,,
414,4,outcome changes materially under the common-overlap window,4,,0.9861,"Is Ice '812 COMPETIZIONE' (FERRARI, FERRARI|812 COMPETIZIONE) the same vehicle as TDR '12Cilindri' (ferrari.12cilindri)? Verdict applies to the candidate shown on this row.",FERRARI|812 COMPETIZIONE,812 COMPETIZIONE,FERRARI,unmapped_name,,ferrari.12cilindri,12Cilindri,Ferrari,CURRENT,COUPE,LEGACY_CANDIDATE;LEGACY_STORED;V1_POOL,PROPOSED,NAME,343,,0.0,0.46153846153846156,2023-10,2024-07,2,2,2023-10;2024-07,EQUIVALENT,EXACT,CONTRADICTION,0.0,UNAVAILABLE,SER_NO_COMMON_WINDOW,,,,0,0,0,0,,,24,BRND_EXACT,NAME_ONLY_NOT_AUTO;SER_MISSING_ROW_SEMANTICS_UNCONFIRMED;SUBJ_UNMAPPED_NAME,NAME_CONTRADICTION,SER_NO_COMMON_WINDOW;ATTR_BODY_UNKNOWN,NO_CANDIDATE,NO_CANDIDATE_ALL_EXCLUDED,,,false,,true,,,,3,0,0,2023-10,2024-07,5,5,5,FERRARI|812 COMPETIZIONE;FERRARI|812 COMPETIZIONE A;FERRARI|CALIFORNIA T;FERRARI|F12 TDF;ferrari-ferrari-12cilindri,ferrari-ferrari-12cilindri,,,,,
415,4,outcome changes materially under the common-overlap window,4,,0.9861,"Is Ice 'EcoSport' (FORD, FORD|ECOSPORT) the same vehicle as TDR 'Everest' (ford.everest)? Verdict applies to the candidate shown on this row.",FORD|ECOSPORT,EcoSport,FORD,unmapped_name,,ford.everest,Everest,Ford,CURRENT,PPV,LEGACY_CANDIDATE;LEGACY_STORED;V1_POOL,PROPOSED,NAME,344,,658.6666666666666,0.4,2021-11,2024-02,3,0,,EQUIVALENT,EXACT,CONTRADICTION,0.0,UNAVAILABLE,SER_OVERLAP_BELOW_PROPOSE_MIN,,,,2,2,2.0,1608.0,2023-12,2024-02,24,BRND_EXACT,NAME_ONLY_NOT_AUTO;SER_MISSING_ROW_SEMANTICS_UNCONFIRMED;GEN_LIFECYCLE_PARTIAL;SUBJ_UNMAPPED_NAME,NAME_CONTRADICTION,SER_OVERLAP_BELOW_PROPOSE_MIN;ATTR_BODY_UNKNOWN,NO_CANDIDATE,NO_CANDIDATE_ALL_EXCLUDED,,,false,,true,,,,3,0,0,2021-11,2024-02,46948,7025,15069,FORD|ECOSPORT;FORD|FIESTA;FORD|FORD ECOSPORT;FORD|FORD FIESTA;FORD|TERRITORY;ford-ford-everest,ford-ford-everest,,,,,
416,4,outcome changes materially under the common-overlap window,4,,0.9861,"Is Ice 'Fiesta' (FORD, FORD|FIESTA) the same vehicle as TDR 'Everest' (ford.everest)? Verdict applies to the candidate shown on this row.",FORD|FIESTA,Fiesta,FORD,unmapped_name,,ford.everest,Everest,Ford,CURRENT,PPV,LEGACY_CANDIDATE;LEGACY_STORED;V1_POOL,PROPOSED,NAME,345,,757.0,0.46153846153846156,2022-02,2023-01,3,0,,EQUIVALENT,EXACT,CONTRADICTION,0.0,UNAVAILABLE,SER_OVERLAP_BELOW_PROPOSE_MIN,,,,3,3,3.0,2271.0,2022-02,2023-01,24,BRND_EXACT,NAME_ONLY_NOT_AUTO;SER_MISSING_ROW_SEMANTICS_UNCONFIRMED;SUBJ_UNMAPPED_NAME,NAME_CONTRADICTION,SER_OVERLAP_BELOW_PROPOSE_MIN;ATTR_BODY_UNKNOWN,NO_CANDIDATE,NO_CANDIDATE_ALL_EXCLUDED,,,false,,true,,,,3,0,0,2022-02,2023-01,46948,7025,15069,FORD|ECOSPORT;FORD|FIESTA;FORD|FORD ECOSPORT;FORD|FORD FIESTA;FORD|TERRITORY;ford-ford-everest,ford-ford-everest,"ford.mustang (CONTRADICTION, UNAVAILABLE)",,,,
417,4,outcome changes materially under the common-overlap window,4,,0.9861,"Is Ice 'BVL2RTYD23FHP--A--' (NISSAN, NISSAN|BVL2RTYD23FHP A) the same vehicle as TDR 'Nissan Teana' (nissan.teana)? Verdict applies to the candidate shown on this row.",NISSAN|BVL2RTYD23FHP A,BVL2RTYD23FHP--A--,NISSAN,unmapped_name,,nissan.teana,Nissan Teana,Nissan,CURRENT,SEDAN,LEGACY_CANDIDATE;LEGACY_STORED;V1_POOL,PROPOSED,SERIES,348,0.9999999999999998,1.0,0.2,2021-03,2023-11,2,0,,EQUIVALENT,EXACT,CONTRADICTION,0.0,UNAVAILABLE,SER_OVERLAP_BELOW_PROPOSE_MIN,,,,1,1,1.0,1.0,2023-11,2023-11,24,BRND_EXACT,NAME_ONLY_NOT_AUTO;SER_MISSING_ROW_SEMANTICS_UNCONFIRMED;SUBJ_UNMAPPED_NAME,NAME_CONTRADICTION,SER_OVERLAP_BELOW_PROPOSE_MIN;ATTR_BODY_UNKNOWN,NO_CANDIDATE,NO_CANDIDATE_ALL_EXCLUDED,,,true,STRONG_FLIPS;AVAILABILITY,true,,,,3,0,0,2021-03,2023-11,47,2,4,NISSAN|BVL2RTYD23FHP A;nissan-nissan-teana,nissan-nissan-teana,,,,,
418,4,outcome changes materially under the common-overlap window,4,,0.9861,"Is Ice 'TGN16R-PRMSKT  A8' (TOYOTA, TOYOTA|TGN16R PRMSKT A8) the same vehicle as TDR 'GR Supra' (toyota.gr_supra)? Verdict applies to the candidate shown on this row.",TOYOTA|TGN16R PRMSKT A8,TGN16R-PRMSKT  A8,TOYOTA,unmapped_name,,toyota.gr_supra,GR Supra,Toyota,CURRENT,COUPE,LEGACY_CANDIDATE;LEGACY_STORED;V1_POOL,PROPOSED,NAME,350,,0.0,0.5,2021-04,2023-01,3,3,2021-04;2021-09;2023-01,EQUIVALENT,EXACT,CONTRADICTION,0.0,UNAVAILABLE,SER_NO_COMMON_WINDOW,,,,0,0,0,0,,,24,BRND_EXACT,NAME_ONLY_NOT_AUTO;SER_MISSING_ROW_SEMANTICS_UNCONFIRMED;GEN_LIFECYCLE_PARTIAL;SUBJ_UNMAPPED_NAME,NAME_CONTRADICTION,SER_NO_COMMON_WINDOW;ATTR_BODY_UNKNOWN,NO_CANDIDATE,NO_CANDIDATE_ALL_EXCLUDED,,,false,,true,,,,3,0,0,2021-04,2023-01,64,24,43,TOYOTA|GUN120R CTTSXT;TOYOTA|KUN15R PRMDYT A3;TOYOTA|KUN25R PRMSHT A4;TOYOTA|KUN26R PRASYT A8;TOYOTA|KUN26R PRPSYT A7;TOYOTA|KUN35R PRMDHT A6;TOYOTA|KUN35R PRMDHT A8;TOYOTA|KUN35R PRMSHT A5;TOYOTA|KUN35R PRMSHT A6;TOYOTA|KUN35R PRMSHT A8;TOYOTA|KUN35R URASHT AJ;TOYOTA|NCP93R BEPRKT A4;TOYOTA|TGN16R PRMSKT A7;TOYOTA|TGN16R PRMSKT A8;TOYOTA|TGN16R TRMDKT A7;TOYOTA|TGN16R URMDMT A7;TOYOTA|TGN16R URMDMT A8;TOYOTA|TGN40R GKPDKT AE;TOYOTA|TGN61R NKPSKT A3;TOYOTA|TGN61R NKPSKT A5;TOYOTA|TGN61R NKPSKT A8;toyota-gr-supra,toyota-gr-supra,,,,,
419,4,outcome changes materially under the common-overlap window,4,,0.9861,"Is Ice 'TGN16R-URMDMT  A7' (TOYOTA, TOYOTA|TGN16R URMDMT A7) the same vehicle as TDR 'GR Supra' (toyota.gr_supra)? Verdict applies to the candidate shown on this row.",TOYOTA|TGN16R URMDMT A7,TGN16R-URMDMT  A7,TOYOTA,unmapped_name,,toyota.gr_supra,GR Supra,Toyota,CURRENT,COUPE,LEGACY_CANDIDATE;LEGACY_STORED;V1_POOL,PROPOSED,NAME,351,,0.0,0.5,2021-09,2023-12,2,2,2021-09;2023-12,EQUIVALENT,EXACT,CONTRADICTION,0.0,UNAVAILABLE,SER_NO_COMMON_WINDOW,,,,0,0,0,0,,,24,BRND_EXACT,NAME_ONLY_NOT_AUTO;SER_MISSING_ROW_SEMANTICS_UNCONFIRMED;SUBJ_UNMAPPED_NAME,NAME_CONTRADICTION,SER_NO_COMMON_WINDOW;ATTR_BODY_UNKNOWN,NO_CANDIDATE,NO_CANDIDATE_ALL_EXCLUDED,,,false,,true,,,,3,0,0,2021-09,2023-12,64,24,43,TOYOTA|GUN120R CTTSXT;TOYOTA|KUN15R PRMDYT A3;TOYOTA|KUN25R PRMSHT A4;TOYOTA|KUN26R PRASYT A8;TOYOTA|KUN26R PRPSYT A7;TOYOTA|KUN35R PRMDHT A6;TOYOTA|KUN35R PRMDHT A8;TOYOTA|KUN35R PRMSHT A5;TOYOTA|KUN35R PRMSHT A6;TOYOTA|KUN35R PRMSHT A8;TOYOTA|KUN35R URASHT AJ;TOYOTA|NCP93R BEPRKT A4;TOYOTA|TGN16R PRMSKT A7;TOYOTA|TGN16R PRMSKT A8;TOYOTA|TGN16R TRMDKT A7;TOYOTA|TGN16R URMDMT A7;TOYOTA|TGN16R URMDMT A8;TOYOTA|TGN40R GKPDKT AE;TOYOTA|TGN61R NKPSKT A3;TOYOTA|TGN61R NKPSKT A5;TOYOTA|TGN61R NKPSKT A8;toyota-gr-supra,toyota-gr-supra,,,,,
420,4,outcome changes materially under the common-overlap window,4,,0.9861,"Is Ice 'Honda Super-ONE' (HONDA, honda-super-one) the same vehicle as TDR 'Step WGN' (honda.step_wgn)? Verdict applies to the candidate shown on this row.",honda-super-one,Honda Super-ONE,HONDA,settled,Hatchback,honda.step_wgn,Step WGN,Honda,CURRENT,MPV,LEGACY_CANDIDATE;LEGACY_STORED;V1_POOL,PROPOSED,NAME,352,,0.0,0.47058823529411764,2026-09,2026-09,1,1,2026-09,EQUIVALENT,EXACT,CONTRADICTION,0.0,UNAVAILABLE,SER_NO_COMMON_WINDOW,,,,0,0,0,0,,,24,BRND_EXACT,NAME_ONLY_NOT_AUTO;SER_MISSING_ROW_SEMANTICS_UNCONFIRMED;ATTR_BODY_MISMATCH,NAME_CONTRADICTION,SER_NO_COMMON_WINDOW,NO_CANDIDATE,NO_CANDIDATE_ALL_EXCLUDED,,,false,,true,,,,3,0,0,2026-09,2026-09,1210,475,731,HONDA|N VAN TEN STYLE FUN;HONDA|NSX TYPE S;honda-honda-stepwagon;honda-step-wgn;honda-super-one,honda-step-wgn,"honda.en1 (CONTRADICTION, UNAVAILABLE) | honda.en2 (CONTRADICTION, UNAVAILABLE)",,,,
421,4,outcome changes materially under the common-overlap window,4,,0.9861,"Is Ice 'Lexus ES350H' (LEXUS, lexus-lexus-es350h) the same vehicle as TDR 'ES' (lexus.lexus_es)? Verdict applies to the candidate shown on this row.",lexus-lexus-es350h,Lexus ES350H,LEXUS,settled,Sedan,lexus.lexus_es,ES,Lexus,CURRENT,SEDAN,LEGACY_CANDIDATE;LEGACY_STORED;V1_POOL,PROPOSED,NAME,354,,0.0,0.5,2026-09,2026-09,1,1,2026-09,EQUIVALENT,EXACT,CONTRADICTION,0.0,UNAVAILABLE,SER_NO_COMMON_WINDOW,,,,0,0,0,0,,,24,BRND_EXACT,NAME_ONLY_NOT_AUTO;SER_MISSING_ROW_SEMANTICS_UNCONFIRMED,NAME_CONTRADICTION,SER_NO_COMMON_WINDOW,NO_CANDIDATE,NO_CANDIDATE_ALL_EXCLUDED,,,false,,true,,,,3,0,0,2026-09,2026-09,332,11,43,lexus-lexus-es300h;lexus-lexus-es350e;lexus-lexus-es350h,,,,,,
422,4,outcome changes materially under the common-overlap window,4,,0.9861,"Is Ice 'CALIFORNIA T' (FERRARI, FERRARI|CALIFORNIA T) the same vehicle as TDR '12Cilindri' (ferrari.12cilindri)? Verdict applies to the candidate shown on this row.",FERRARI|CALIFORNIA T,CALIFORNIA T,FERRARI,unmapped_name,,ferrari.12cilindri,12Cilindri,Ferrari,CURRENT,COUPE,LEGACY_CANDIDATE;LEGACY_STORED;V1_POOL,PROPOSED,NAME,359,,0.0,0.45454545454545453,2021-03,2021-10,2,2,2021-03;2021-10,EQUIVALENT,EXACT,CONTRADICTION,0.0,UNAVAILABLE,SER_NO_COMMON_WINDOW,,,,0,0,0,0,,,24,BRND_EXACT,NAME_ONLY_NOT_AUTO;SER_MISSING_ROW_SEMANTICS_UNCONFIRMED;GEN_LIFECYCLE_PARTIAL;SUBJ_UNMAPPED_NAME,NAME_CONTRADICTION,SER_NO_COMMON_WINDOW;ATTR_BODY_UNKNOWN,NO_CANDIDATE,NO_CANDIDATE_ALL_EXCLUDED,,,false,,true,,,,2,0,0,2021-03,2021-10,5,5,5,FERRARI|812 COMPETIZIONE;FERRARI|812 COMPETIZIONE A;FERRARI|CALIFORNIA T;FERRARI|F12 TDF;ferrari-ferrari-12cilindri,ferrari-ferrari-12cilindri,,,,,
423,4,outcome changes materially under the common-overlap window,4,,0.9861,"Is Ice 'Territory' (FORD, FORD|TERRITORY) the same vehicle as TDR 'Everest' (ford.everest)? Verdict applies to the candidate shown on this row.",FORD|TERRITORY,Territory,FORD,unmapped_name,,ford.everest,Everest,Ford,CURRENT,PPV,LEGACY_CANDIDATE;LEGACY_STORED;V1_POOL,PROPOSED,NAME,360,,354.5,0.375,2021-07,2022-04,2,0,,EQUIVALENT,EXACT,CONTRADICTION,0.0,UNAVAILABLE,SER_OVERLAP_BELOW_PROPOSE_MIN,,,,2,2,2.0,709.0,2021-07,2022-04,24,BRND_EXACT,NAME_ONLY_NOT_AUTO;SER_MISSING_ROW_SEMANTICS_UNCONFIRMED;GEN_LIFECYCLE_PARTIAL;SUBJ_UNMAPPED_NAME,NAME_CONTRADICTION,SER_OVERLAP_BELOW_PROPOSE_MIN;ATTR_BODY_UNKNOWN,NO_CANDIDATE,NO_CANDIDATE_ALL_EXCLUDED,,,false,,true,,,,2,0,0,2021-07,2022-04,46948,7025,15069,FORD|ECOSPORT;FORD|FIESTA;FORD|FORD ECOSPORT;FORD|FORD FIESTA;FORD|TERRITORY;ford-ford-everest,ford-ford-everest,,,,,
424,4,outcome changes materially under the common-overlap window,4,,0.9861,"Is Ice 'CY3ASTHHRU' (MITSUBISHI, MITSUBISHI|CY3ASTHHRU) the same vehicle as TDR 'Attrage' (mitsubishi.attrage)? Verdict applies to the candidate shown on this row.",MITSUBISHI|CY3ASTHHRU,CY3ASTHHRU,MITSUBISHI,unmapped_name,,mitsubishi.attrage,Attrage,Mitsubishi,CURRENT,SEDAN,LEGACY_CANDIDATE;LEGACY_STORED;V1_POOL,PROPOSED,NAME,362,,419.5,0.35294117647058826,2021-11,2023-06,2,0,,EQUIVALENT,EXACT,CONTRADICTION,0.0,UNAVAILABLE,SER_OVERLAP_BELOW_PROPOSE_MIN,,,,2,2,2.0,839.0,2021-11,2023-06,24,BRND_EXACT,NAME_ONLY_NOT_AUTO;SER_MISSING_ROW_SEMANTICS_UNCONFIRMED;SUBJ_UNMAPPED_NAME,NAME_CONTRADICTION,SER_OVERLAP_BELOW_PROPOSE_MIN;ATTR_BODY_UNKNOWN,NO_CANDIDATE,NO_CANDIDATE_ALL_EXCLUDED,,,false,,true,,,,2,0,0,2021-11,2023-06,22416,2369,5252,MITSUBISHI|A03AXTHHRU;MITSUBISHI|A03AXTMHRU;MITSUBISHI|A13ASTMHRU;MITSUBISHI|CY3ASTHHRU;mitsubishi-attrage;mitsubishi-mitsubishi-cy4astxhru,mitsubishi-attrage,,,,,
425,4,outcome changes materially under the common-overlap window,4,,0.9861,"Is Ice 'FDTARRZC12MHAA----' (NISSAN, NISSAN|FDTARRZC12MHAA) the same vehicle as TDR 'Terra' (nissan.terra)? Verdict applies to the candidate shown on this row.",NISSAN|FDTARRZC12MHAA,FDTARRZC12MHAA----,NISSAN,unmapped_name,,nissan.terra,Terra,Nissan,CURRENT,PPV,LEGACY_CANDIDATE;LEGACY_STORED;V1_POOL,PROPOSED,NAME,364,,59.5,0.42105263157894735,2021-04,2022-07,2,0,,EQUIVALENT,EXACT,CONTRADICTION,0.0,UNAVAILABLE,SER_OVERLAP_BELOW_PROPOSE_MIN,,,,2,2,2.0,119.0,2021-04,2022-07,24,BRND_EXACT,NAME_ONLY_NOT_AUTO;SER_MISSING_ROW_SEMANTICS_UNCONFIRMED;SUBJ_UNMAPPED_NAME,NAME_CONTRADICTION,SER_OVERLAP_BELOW_PROPOSE_MIN;ATTR_BODY_UNKNOWN,NO_CANDIDATE,NO_CANDIDATE_ALL_EXCLUDED,,,false,,true,,,,2,0,0,2021-04,2022-07,4448,81,670,NISSAN|FDTARRZC12MHAA;nissan-leaf;nissan-note;nissan-terra;nissan-urvan,nissan-terra,,,,,
426,4,outcome changes materially under the common-overlap window,4,,0.9861,"Is Ice 'ACV51R-JEPEKT  AB' (TOYOTA, TOYOTA|ACV51R JEPEKT AB) the same vehicle as TDR 'Hiace Majesty' (toyota.hiace_majesty)? Verdict applies to the candidate shown on this row.",TOYOTA|ACV51R JEPEKT AB,ACV51R-JEPEKT  AB,TOYOTA,unmapped_name,,toyota.hiace_majesty,Hiace Majesty,Toyota,CURRENT,VAN,LEGACY_CANDIDATE;LEGACY_STORED;V1_POOL,PROPOSED,NAME,367,,64.5,0.41379310344827586,2021-06,2021-10,2,0,,EQUIVALENT,EXACT,CONTRADICTION,0.0,UNAVAILABLE,SER_OVERLAP_BELOW_PROPOSE_MIN,,,,2,2,2.0,129.0,2021-06,2021-10,24,BRND_EXACT,NAME_ONLY_NOT_AUTO;SER_MISSING_ROW_SEMANTICS_UNCONFIRMED;GEN_LIFECYCLE_PARTIAL;SUBJ_UNMAPPED_NAME,NAME_CONTRADICTION,SER_OVERLAP_BELOW_PROPOSE_MIN;ATTR_BODY_UNKNOWN,NO_CANDIDATE,NO_CANDIDATE_ALL_EXCLUDED,,,false,,true,,,,2,0,0,2021-06,2021-10,6244,1655,4108,TOYOTA|ACV40R JEAGKT A1;TOYOTA|ACV41R JEPNKT AB;TOYOTA|ACV51R JEPEKT AA;TOYOTA|ACV51R JEPEKT AB;TOYOTA|ACV51R JEPEKT AC;toyota-hiace,toyota-hiace,,,,,
427,4,outcome changes materially under the common-overlap window,4,,0.9861,"Is Ice 'CENTURY HYBRID' (TOYOTA, TOYOTA|CENTURY HYBRID) the same vehicle as TDR 'C-HR' (toyota.c_hr)? Verdict applies to the candidate shown on this row.",TOYOTA|CENTURY HYBRID,CENTURY HYBRID,TOYOTA,unmapped_name,,toyota.c_hr,C-HR,Toyota,CURRENT,CROSSOVER,LEGACY_CANDIDATE;LEGACY_STORED;V1_POOL,PROPOSED,NAME,368,,74.5,0.4444444444444444,2023-03,2023-06,2,0,,EQUIVALENT,EXACT,CONTRADICTION,0.0,UNAVAILABLE,SER_OVERLAP_BELOW_PROPOSE_MIN,,,,2,2,2.0,149.0,2023-03,2023-06,24,BRND_EXACT,NAME_ONLY_NOT_AUTO;SER_MISSING_ROW_SEMANTICS_UNCONFIRMED;SUBJ_UNMAPPED_NAME,NAME_CONTRADICTION,SER_OVERLAP_BELOW_PROPOSE_MIN;ATTR_BODY_UNKNOWN,NO_CANDIDATE,NO_CANDIDATE_ALL_EXCLUDED,,,false,,true,,,,2,0,0,2023-03,2023-06,4055,42,71,TOYOTA|2 5HV;TOYOTA|C POD;TOYOTA|CENTURY HYBRID;toyota-86-gr__provisional;toyota-c-hr,toyota-c-hr,,,,,
428,4,outcome changes materially under the common-overlap window,4,,0.9861,"Is Ice 'KUN15R-PRMDYT  A3' (TOYOTA, TOYOTA|KUN15R PRMDYT A3) the same vehicle as TDR 'GR Supra' (toyota.gr_supra)? Verdict applies to the candidate shown on this row.",TOYOTA|KUN15R PRMDYT A3,KUN15R-PRMDYT  A3,TOYOTA,unmapped_name,,toyota.gr_supra,GR Supra,Toyota,CURRENT,COUPE,LEGACY_CANDIDATE;LEGACY_STORED;V1_POOL,PROPOSED,NAME,370,,0.0,0.4166666666666667,2022-11,2023-01,2,2,2022-11;2023-01,EQUIVALENT,EXACT,CONTRADICTION,0.0,UNAVAILABLE,SER_NO_COMMON_WINDOW,,,,0,0,0,0,,,24,BRND_EXACT,NAME_ONLY_NOT_AUTO;SER_MISSING_ROW_SEMANTICS_UNCONFIRMED;SUBJ_UNMAPPED_NAME,NAME_CONTRADICTION,SER_NO_COMMON_WINDOW;ATTR_BODY_UNKNOWN,NO_CANDIDATE,NO_CANDIDATE_ALL_EXCLUDED,,,false,,true,,,,2,0,0,2022-11,2023-01,64,24,43,TOYOTA|GUN120R CTTSXT;TOYOTA|KUN15R PRMDYT A3;TOYOTA|KUN25R PRMSHT A4;TOYOTA|KUN26R PRASYT A8;TOYOTA|KUN26R PRPSYT A7;TOYOTA|KUN35R PRMDHT A6;TOYOTA|KUN35R PRMDHT A8;TOYOTA|KUN35R PRMSHT A5;TOYOTA|KUN35R PRMSHT A6;TOYOTA|KUN35R PRMSHT A8;TOYOTA|KUN35R URASHT AJ;TOYOTA|NCP93R BEPRKT A4;TOYOTA|TGN16R PRMSKT A7;TOYOTA|TGN16R PRMSKT A8;TOYOTA|TGN16R TRMDKT A7;TOYOTA|TGN16R URMDMT A7;TOYOTA|TGN16R URMDMT A8;TOYOTA|TGN40R GKPDKT AE;TOYOTA|TGN61R NKPSKT A3;TOYOTA|TGN61R NKPSKT A5;TOYOTA|TGN61R NKPSKT A8;toyota-gr-supra,toyota-gr-supra,,,,,
429,4,outcome changes materially under the common-overlap window,4,,0.9861,"Is Ice 'KUN26R-PRASYT  A8' (TOYOTA, TOYOTA|KUN26R PRASYT A8) the same vehicle as TDR 'GR Supra' (toyota.gr_supra)? Verdict applies to the candidate shown on this row.",TOYOTA|KUN26R PRASYT A8,KUN26R-PRASYT  A8,TOYOTA,unmapped_name,,toyota.gr_supra,GR Supra,Toyota,CURRENT,COUPE,LEGACY_CANDIDATE;LEGACY_STORED;V1_POOL,PROPOSED,NAME,371,,1.5,0.4166666666666667,2021-09,2024-06,2,1,2021-09,EQUIVALENT,EXACT,CONTRADICTION,0.0,UNAVAILABLE,SER_OVERLAP_BELOW_PROPOSE_MIN,,,,1,1,1.0,3.0,2024-06,2024-06,24,BRND_EXACT,NAME_ONLY_NOT_AUTO;SER_MISSING_ROW_SEMANTICS_UNCONFIRMED;SUBJ_UNMAPPED_NAME,NAME_CONTRADICTION,SER_OVERLAP_BELOW_PROPOSE_MIN;ATTR_BODY_UNKNOWN,NO_CANDIDATE,NO_CANDIDATE_ALL_EXCLUDED,,,false,,true,,,,2,0,0,2021-09,2024-06,64,24,43,TOYOTA|GUN120R CTTSXT;TOYOTA|KUN15R PRMDYT A3;TOYOTA|KUN25R PRMSHT A4;TOYOTA|KUN26R PRASYT A8;TOYOTA|KUN26R PRPSYT A7;TOYOTA|KUN35R PRMDHT A6;TOYOTA|KUN35R PRMDHT A8;TOYOTA|KUN35R PRMSHT A5;TOYOTA|KUN35R PRMSHT A6;TOYOTA|KUN35R PRMSHT A8;TOYOTA|KUN35R URASHT AJ;TOYOTA|NCP93R BEPRKT A4;TOYOTA|TGN16R PRMSKT A7;TOYOTA|TGN16R PRMSKT A8;TOYOTA|TGN16R TRMDKT A7;TOYOTA|TGN16R URMDMT A7;TOYOTA|TGN16R URMDMT A8;TOYOTA|TGN40R GKPDKT AE;TOYOTA|TGN61R NKPSKT A3;TOYOTA|TGN61R NKPSKT A5;TOYOTA|TGN61R NKPSKT A8;toyota-gr-supra,toyota-gr-supra,"toyota.hilux_travo_cab (CONTRADICTION, UNAVAILABLE)",,,,
430,4,outcome changes materially under the common-overlap window,4,,0.9861,"Is Ice 'MIRAI' (TOYOTA, TOYOTA|MIRAI) the same vehicle as TDR 'Yaris' (toyota.yaris)? Verdict applies to the candidate shown on this row.",TOYOTA|MIRAI,MIRAI,TOYOTA,unmapped_name,,toyota.yaris,Yaris,Toyota,CURRENT,HATCHBACK,LEGACY_CANDIDATE;LEGACY_STORED;V1_POOL,PROPOSED,NAME,373,,883.5,0.4,2023-02,2023-02,1,0,,EQUIVALENT,EXACT,CONTRADICTION,0.0,UNAVAILABLE,SER_OVERLAP_BELOW_PROPOSE_MIN,,,,1,1,2.0,1767.0,2023-02,2023-02,24,BRND_EXACT,NAME_ONLY_NOT_AUTO;SER_MISSING_ROW_SEMANTICS_UNCONFIRMED;SUBJ_UNMAPPED_NAME,NAME_CONTRADICTION,SER_OVERLAP_BELOW_PROPOSE_MIN;ATTR_BODY_UNKNOWN,NO_CANDIDATE,NO_CANDIDATE_ALL_EXCLUDED,,,false,,true,,,,2,0,0,2023-02,2023-02,89336,4289,10377,TOYOTA|MIRAI;toyota-vios;toyota-yaris,toyota-yaris,"toyota.hiace (CONTRADICTION, UNAVAILABLE) | toyota.prius (CONTRADICTION, UNAVAILABLE) | toyota.innova_zenix (CONTRADICTION, UNAVAILABLE)",,,,
431,4,outcome changes materially under the common-overlap window,4,,0.9861,"Is Ice 'TGN16R-PRMSKT  A7' (TOYOTA, TOYOTA|TGN16R PRMSKT A7) the same vehicle as TDR 'GR Supra' (toyota.gr_supra)? Verdict applies to the candidate shown on this row.",TOYOTA|TGN16R PRMSKT A7,TGN16R-PRMSKT  A7,TOYOTA,unmapped_name,,toyota.gr_supra,GR Supra,Toyota,CURRENT,COUPE,LEGACY_CANDIDATE;LEGACY_STORED;V1_POOL,PROPOSED,NAME,374,,0.0,0.5,2022-12,2023-12,2,2,2022-12;2023-12,EQUIVALENT,EXACT,CONTRADICTION,0.0,UNAVAILABLE,SER_NO_COMMON_WINDOW,,,,0,0,0,0,,,24,BRND_EXACT,NAME_ONLY_NOT_AUTO;SER_MISSING_ROW_SEMANTICS_UNCONFIRMED;SUBJ_UNMAPPED_NAME,NAME_CONTRADICTION,SER_NO_COMMON_WINDOW;ATTR_BODY_UNKNOWN,NO_CANDIDATE,NO_CANDIDATE_ALL_EXCLUDED,,,false,,true,,,,2,0,0,2022-12,2023-12,64,24,43,TOYOTA|GUN120R CTTSXT;TOYOTA|KUN15R PRMDYT A3;TOYOTA|KUN25R PRMSHT A4;TOYOTA|KUN26R PRASYT A8;TOYOTA|KUN26R PRPSYT A7;TOYOTA|KUN35R PRMDHT A6;TOYOTA|KUN35R PRMDHT A8;TOYOTA|KUN35R PRMSHT A5;TOYOTA|KUN35R PRMSHT A6;TOYOTA|KUN35R PRMSHT A8;TOYOTA|KUN35R URASHT AJ;TOYOTA|NCP93R BEPRKT A4;TOYOTA|TGN16R PRMSKT A7;TOYOTA|TGN16R PRMSKT A8;TOYOTA|TGN16R TRMDKT A7;TOYOTA|TGN16R URMDMT A7;TOYOTA|TGN16R URMDMT A8;TOYOTA|TGN40R GKPDKT AE;TOYOTA|TGN61R NKPSKT A3;TOYOTA|TGN61R NKPSKT A5;TOYOTA|TGN61R NKPSKT A8;toyota-gr-supra,toyota-gr-supra,,,,,
432,4,outcome changes materially under the common-overlap window,4,,0.9861,"Is Ice 'V90' (VOLVO, VOLVO|V90) the same vehicle as TDR 'V60' (volvo.v60)? Verdict applies to the candidate shown on this row.",VOLVO|V90,V90,VOLVO,unmapped_name,,volvo.v60,V60,Volvo,CURRENT,WAGON,LEGACY_CANDIDATE;LEGACY_STORED;V1_POOL,PROPOSED,NAME,376,,21.5,0.6666666666666666,2021-08,2022-11,2,0,,EQUIVALENT,EXACT,CONTRADICTION,0.0,UNAVAILABLE,SER_OVERLAP_BELOW_PROPOSE_MIN,,,,2,2,2.0,43.0,2021-08,2022-11,24,BRND_EXACT,NAME_ONLY_NOT_AUTO;SER_MISSING_ROW_SEMANTICS_UNCONFIRMED;SUBJ_UNMAPPED_NAME,NAME_CONTRADICTION;GEN_LIFECYCLE_DISJOINT,SER_OVERLAP_BELOW_PROPOSE_MIN;ATTR_BODY_UNKNOWN,NO_CANDIDATE,NO_CANDIDATE_ALL_EXCLUDED,,,false,,true,,,,2,0,0,2021-08,2022-11,1161,45,210,VOLVO|V50 2 0;VOLVO|V90;volvo-volvo-v60,volvo-volvo-v60,"volvo.s90 (CONTRADICTION, UNAVAILABLE) | volvo.ex90 (CONTRADICTION, UNAVAILABLE) | volvo.xc90 (CONTRADICTION, UNAVAILABLE)",,,,
433,4,outcome changes materially under the common-overlap window,4,,0.9861,"Is Ice '840D XDRIVE COUPE' (BMW, bmw-840d-xdrive-coupe__provisional) the same vehicle as TDR '2 Series Gran Coupe' (bmw.2_series_gran_coupe)? Verdict applies to the candidate shown on this row.",bmw-840d-xdrive-coupe__provisional,840D XDRIVE COUPE,BMW,provisional,Sedan,bmw.2_series_gran_coupe,2 Series Gran Coupe,BMW,CURRENT,SEDAN,LEGACY_CANDIDATE;LEGACY_STORED;V1_POOL,PROPOSED,NAME,377,,99.0,0.5555555555555556,2021-09,2023-05,2,0,,EQUIVALENT,EXACT,SIBLING,0.333333,UNAVAILABLE,SER_OVERLAP_BELOW_PROPOSE_MIN,,,,2,2,2.0,198.0,2021-09,2023-05,24,BRND_EXACT,NAME_ONLY_NOT_AUTO;SER_MISSING_ROW_SEMANTICS_UNCONFIRMED;GEN_LIFECYCLE_PARTIAL;SUBJ_PROVISIONAL,NAME_SIBLING_VARIANT,SER_OVERLAP_BELOW_PROPOSE_MIN;SUBJ_PROVISIONAL,NO_CANDIDATE,NO_CANDIDATE_ALL_EXCLUDED,,,false,,true,,,,2,0,0,2021-09,2023-05,5197,639,1359,BMW|318D M SPORT SALOON MANUAL;BMW|I8 ROADSTER RHD;bmw-420d-coupe-rhd__provisional;bmw-420d-gran-coupe-rhd__provisional;bmw-840d-xdrive-coupe__provisional;bmw-840d-xdrive-m-coupe__provisional;bmw-840i-m-sport-coupe__provisional;bmw-840i-m-sport-gran-coupe__provisional;bmw-bmw-2-series;bmw-m8-competition-coupe__provisional;bmw-m8-coupe-rhd__provisional;bmw-m8-gran-coupe-rhd__provisional;bmw-m850i-xdrive-coupe-rhd__provisional,bmw-bmw-2-series,"bmw.4_series (CONTRADICTION, UNAVAILABLE)",,,,
434,4,outcome changes materially under the common-overlap window,4,,0.9861,"Is Ice '840D XDRIVE' (BMW, bmw-840d-xdrive__provisional) the same vehicle as TDR '3 Series' (bmw.bmw_3)? Verdict applies to the candidate shown on this row.",bmw-840d-xdrive__provisional,840D XDRIVE,BMW,provisional,Sedan,bmw.bmw_3,3 Series,BMW,CURRENT,SEDAN,LEGACY_CANDIDATE;LEGACY_STORED;V1_POOL,PROPOSED,NAME,378,,202.5,0.42105263157894735,2021-10,2022-01,2,0,,EQUIVALENT,EXACT,CONTRADICTION,0.0,UNAVAILABLE,SER_OVERLAP_BELOW_PROPOSE_MIN,,,,2,2,2.0,405.0,2021-10,2022-01,24,BRND_EXACT,NAME_ONLY_NOT_AUTO;SER_MISSING_ROW_SEMANTICS_UNCONFIRMED;SUBJ_PROVISIONAL,NAME_CONTRADICTION,SER_OVERLAP_BELOW_PROPOSE_MIN;SUBJ_PROVISIONAL,NO_CANDIDATE,NO_CANDIDATE_ALL_EXCLUDED,,,false,,true,,,,2,0,0,2021-10,2022-01,17136,2094,5095,BMW|328I M SPORT;BMW|530I LIMOUSINE RHD;BMW|I8 HYBRID;BMW|I8 ROADSTER;bmw-840d-xdrive__provisional;bmw-840i-convertible__provisional;bmw-alpina-d3-s-touring__provisional;bmw-bmw-3-series,bmw-bmw-3-series,"bmw.4_series (CONTRADICTION, UNAVAILABLE) | bmw.7_series (CONTRADICTION, UNAVAILABLE) | bmw.bmw_5 (CONTRADICTION, UNAVAILABLE)",,,,
435,4,outcome changes materially under the common-overlap window,4,,0.9861,"Is Ice '840I CONVERTIBLE' (BMW, bmw-840i-convertible__provisional) the same vehicle as TDR '3 Series' (bmw.bmw_3)? Verdict applies to the candidate shown on this row.",bmw-840i-convertible__provisional,840I CONVERTIBLE,BMW,provisional,Sedan,bmw.bmw_3,3 Series,BMW,CURRENT,SEDAN,LEGACY_CANDIDATE;LEGACY_STORED;V1_POOL,PROPOSED,NAME,379,,256.0,0.4166666666666667,2021-01,2023-04,2,0,,EQUIVALENT,EXACT,CONTRADICTION,0.0,UNAVAILABLE,SER_OVERLAP_BELOW_PROPOSE_MIN,,,,1,1,1.0,224.0,2023-04,2023-04,24,BRND_EXACT,NAME_ONLY_NOT_AUTO;SER_MISSING_ROW_SEMANTICS_UNCONFIRMED;SUBJ_PROVISIONAL,NAME_CONTRADICTION,SER_OVERLAP_BELOW_PROPOSE_MIN;SUBJ_PROVISIONAL,NO_CANDIDATE,NO_CANDIDATE_ALL_EXCLUDED,,,false,,true,,,,2,0,0,2021-01,2023-04,17136,2094,5095,BMW|328I M SPORT;BMW|530I LIMOUSINE RHD;BMW|I8 HYBRID;BMW|I8 ROADSTER;bmw-840d-xdrive__provisional;bmw-840i-convertible__provisional;bmw-alpina-d3-s-touring__provisional;bmw-bmw-3-series,bmw-bmw-3-series,"bmw.4_series (CONTRADICTION, UNAVAILABLE) | bmw.7_series (CONTRADICTION, UNAVAILABLE) | bmw.bmw_5 (CONTRADICTION, UNAVAILABLE)",,,,
436,4,outcome changes materially under the common-overlap window,4,,0.9861,"Is Ice 'ALPINA D3 S TOURING' (BMW, bmw-alpina-d3-s-touring__provisional) the same vehicle as TDR '3 Series' (bmw.bmw_3)? Verdict applies to the candidate shown on this row.",bmw-alpina-d3-s-touring__provisional,ALPINA D3 S TOURING,BMW,provisional,,bmw.bmw_3,3 Series,BMW,CURRENT,SEDAN,LEGACY_CANDIDATE;LEGACY_STORED;V1_POOL,PROPOSED,NAME,380,,136.0,0.37037037037037035,2022-04,2022-04,1,0,,EQUIVALENT,EXACT,CONTRADICTION,0.0,UNAVAILABLE,SER_OVERLAP_BELOW_PROPOSE_MIN,,,,1,1,2.0,272.0,2022-04,2022-04,24,BRND_EXACT,NAME_ONLY_NOT_AUTO;SER_MISSING_ROW_SEMANTICS_UNCONFIRMED;SUBJ_PROVISIONAL,NAME_CONTRADICTION,SER_OVERLAP_BELOW_PROPOSE_MIN;ATTR_BODY_UNKNOWN;SUBJ_PROVISIONAL,NO_CANDIDATE,NO_CANDIDATE_ALL_EXCLUDED,,,false,,true,,,,2,0,0,2022-04,2022-04,17136,2094,5095,BMW|328I M SPORT;BMW|530I LIMOUSINE RHD;BMW|I8 HYBRID;BMW|I8 ROADSTER;bmw-840d-xdrive__provisional;bmw-840i-convertible__provisional;bmw-alpina-d3-s-touring__provisional;bmw-bmw-3-series,bmw-bmw-3-series,,,,,
437,4,outcome changes materially under the common-overlap window,4,,0.9861,"Is Ice 'Lexus ES350E' (LEXUS, lexus-lexus-es350e) the same vehicle as TDR 'ES' (lexus.lexus_es)? Verdict applies to the candidate shown on this row.",lexus-lexus-es350e,Lexus ES350E,LEXUS,settled,Sedan,lexus.lexus_es,ES,Lexus,CURRENT,SEDAN,LEGACY_CANDIDATE;LEGACY_STORED;V1_POOL,PROPOSED,NAME,385,,0.0,0.5,2026-09,2026-09,1,1,2026-09,EQUIVALENT,EXACT,CONTRADICTION,0.0,UNAVAILABLE,SER_NO_COMMON_WINDOW,,,,0,0,0,0,,,24,BRND_EXACT,NAME_ONLY_NOT_AUTO;SER_MISSING_ROW_SEMANTICS_UNCONFIRMED,NAME_CONTRADICTION,SER_NO_COMMON_WINDOW,NO_CANDIDATE,NO_CANDIDATE_ALL_EXCLUDED,,,false,,true,,,,2,0,0,2026-09,2026-09,332,11,43,lexus-lexus-es300h;lexus-lexus-es350e;lexus-lexus-es350h,,,,,,
438,4,outcome changes materially under the common-overlap window,4,,0.9861,"Is Ice 'ELISE SPORT 220' (LOTUS, lotus-elise-sport-220__provisional) the same vehicle as TDR 'Eletre' (lotus.eletre)? Verdict applies to the candidate shown on this row.",lotus-elise-sport-220__provisional,ELISE SPORT 220,LOTUS,provisional,,lotus.eletre,Eletre,Lotus,CURRENT,COUPE,LEGACY_CANDIDATE;LEGACY_STORED;V1_POOL,PROPOSED,NAME,386,,0.0,0.38095238095238093,2022-10,2023-03,2,2,2022-10;2023-03,EQUIVALENT,EXACT,CONTRADICTION,0.0,UNAVAILABLE,SER_NO_COMMON_WINDOW,,,,0,0,0,0,,,24,BRND_EXACT,NAME_ONLY_NOT_AUTO;SER_MISSING_ROW_SEMANTICS_UNCONFIRMED;SUBJ_PROVISIONAL,NAME_CONTRADICTION,SER_NO_COMMON_WINDOW;ATTR_BODY_UNKNOWN;SUBJ_PROVISIONAL,NO_CANDIDATE,NO_CANDIDATE_ALL_EXCLUDED,,,false,,true,,,,2,0,0,2022-10,2023-03,226,49,158,lotus-elise-sport-220__provisional;lotus-lotus-eletre,lotus-lotus-eletre,,,,,
439,4,outcome changes materially under the common-overlap window,4,,0.9861,"Is Ice 'MULSANNE SPEED' (BENTLEY, BENTLEY|MULSANNE SPEED) the same vehicle as TDR 'Flying Spur' (bentley.flying_spur)? Verdict applies to the candidate shown on this row.",BENTLEY|MULSANNE SPEED,MULSANNE SPEED,BENTLEY,unmapped_name,,bentley.flying_spur,Flying Spur,Bentley,CURRENT,SEDAN,LEGACY_CANDIDATE;LEGACY_STORED;V1_POOL,PROPOSED,NAME,391,,5.0,0.4,2023-01,2023-01,1,0,,EQUIVALENT,EXACT,CONTRADICTION,0.0,UNAVAILABLE,SER_OVERLAP_BELOW_PROPOSE_MIN,,,,1,1,1.0,5.0,2023-01,2023-01,24,BRND_EXACT,NAME_ONLY_NOT_AUTO;SER_MISSING_ROW_SEMANTICS_UNCONFIRMED;SUBJ_UNMAPPED_NAME,NAME_CONTRADICTION,SER_OVERLAP_BELOW_PROPOSE_MIN;ATTR_BODY_UNKNOWN,NO_CANDIDATE,NO_CANDIDATE_ALL_EXCLUDED,,,false,,true,,,,1,0,0,2023-01,2023-01,180,12,50,BENTLEY|MULSANNE SPEED;bentley-bentley-flying,bentley-bentley-flying,,,,,
440,4,outcome changes materially under the common-overlap window,4,,0.9861,"Is Ice '318D M SPORT SALOON MANUAL' (BMW, BMW|318D M SPORT SALOON MANUAL) the same vehicle as TDR '2 Series Gran Coupe' (bmw.2_series_gran_coupe)? Verdict applies to the candidate shown on this row.",BMW|318D M SPORT SALOON MANUAL,318D M SPORT SALOON MANUAL,BMW,unmapped_name,Sedan,bmw.2_series_gran_coupe,2 Series Gran Coupe,BMW,CURRENT,SEDAN,LEGACY_CANDIDATE;LEGACY_STORED;V1_POOL,PROPOSED,NAME,392,,103.0,0.35555555555555557,2022-11,2022-11,1,0,,EQUIVALENT,EXACT,CONTRADICTION,0.0,UNAVAILABLE,SER_OVERLAP_BELOW_PROPOSE_MIN,,,,1,1,1.0,103.0,2022-11,2022-11,24,BRND_EXACT,NAME_ONLY_NOT_AUTO;SER_MISSING_ROW_SEMANTICS_UNCONFIRMED;SUBJ_UNMAPPED_NAME,NAME_CONTRADICTION,SER_OVERLAP_BELOW_PROPOSE_MIN,NO_CANDIDATE,NO_CANDIDATE_ALL_EXCLUDED,,,false,,true,,,,1,0,0,2022-11,2022-11,5197,639,1359,BMW|318D M SPORT SALOON MANUAL;BMW|I8 ROADSTER RHD;bmw-420d-coupe-rhd__provisional;bmw-420d-gran-coupe-rhd__provisional;bmw-840d-xdrive-coupe__provisional;bmw-840d-xdrive-m-coupe__provisional;bmw-840i-m-sport-coupe__provisional;bmw-840i-m-sport-gran-coupe__provisional;bmw-bmw-2-series;bmw-m8-competition-coupe__provisional;bmw-m8-coupe-rhd__provisional;bmw-m8-gran-coupe-rhd__provisional;bmw-m850i-xdrive-coupe-rhd__provisional,bmw-bmw-2-series,,,,,
441,4,outcome changes materially under the common-overlap window,4,,0.9861,"Is Ice '525d Celebration Edition' (BMW, BMW|525D CELEBRATION EDITION) the same vehicle as TDR '5 Series' (bmw.bmw_5)? Verdict applies to the candidate shown on this row.",BMW|525D CELEBRATION EDITION,525d Celebration Edition,BMW,unmapped_name,Sedan,bmw.bmw_5,5 Series,BMW,CURRENT,SEDAN,LEGACY_CANDIDATE;LEGACY_STORED;V1_POOL,PROPOSED,NAME,394,,183.0,0.375,2024-03,2024-03,1,0,,EQUIVALENT,EXACT,CONTRADICTION,0.0,UNAVAILABLE,SER_OVERLAP_BELOW_PROPOSE_MIN,,,,1,1,1.0,183.0,2024-03,2024-03,24,BRND_EXACT,NAME_ONLY_NOT_AUTO;SER_MISSING_ROW_SEMANTICS_UNCONFIRMED;SUBJ_UNMAPPED_NAME,NAME_CONTRADICTION,SER_OVERLAP_BELOW_PROPOSE_MIN,NO_CANDIDATE,NO_CANDIDATE_ALL_EXCLUDED,,,false,,true,,,,1,0,0,2024-03,2024-03,10508,1272,2914,BMW|525D CELEBRATION EDITION;BMW|525D M SPORT;bmw-bmw-5-series;bmw-m850i-xdrive-rhd__provisional,bmw-bmw-5-series,"bmw.2_series_gran_coupe (CONTRADICTION, UNAVAILABLE)",,,,
442,4,outcome changes materially under the common-overlap window,4,,0.9861,"Is Ice '525d M Sport' (BMW, BMW|525D M SPORT) the same vehicle as TDR '5 Series' (bmw.bmw_5)? Verdict applies to the candidate shown on this row.",BMW|525D M SPORT,525d M Sport,BMW,unmapped_name,Sedan,bmw.bmw_5,5 Series,BMW,CURRENT,SEDAN,LEGACY_CANDIDATE;LEGACY_STORED;V1_POOL,PROPOSED,NAME,395,,297.0,0.4,2022-03,2022-03,1,0,,EQUIVALENT,EXACT,CONTRADICTION,0.0,UNAVAILABLE,SER_OVERLAP_BELOW_PROPOSE_MIN,,,,1,1,1.0,297.0,2022-03,2022-03,24,BRND_EXACT,NAME_ONLY_NOT_AUTO;SER_MISSING_ROW_SEMANTICS_UNCONFIRMED;SUBJ_UNMAPPED_NAME,NAME_CONTRADICTION;GEN_LIFECYCLE_DISJOINT,SER_OVERLAP_BELOW_PROPOSE_MIN,NO_CANDIDATE,NO_CANDIDATE_ALL_EXCLUDED,,,false,,true,,,,1,0,0,2022-03,2022-03,10508,1272,2914,BMW|525D CELEBRATION EDITION;BMW|525D M SPORT;bmw-bmw-5-series;bmw-m850i-xdrive-rhd__provisional,bmw-bmw-5-series,,,,,
443,4,outcome changes materially under the common-overlap window,4,,0.9861,"Is Ice 'I8 HYBRID' (BMW, BMW|I8 HYBRID) the same vehicle as TDR '3 Series' (bmw.bmw_3)? Verdict applies to the candidate shown on this row.",BMW|I8 HYBRID,I8 HYBRID,BMW,unmapped_name,Sedan,bmw.bmw_3,3 Series,BMW,CURRENT,SEDAN,LEGACY_CANDIDATE;LEGACY_STORED;V1_POOL,PROPOSED,NAME,396,,185.0,0.35294117647058826,2021-10,2021-10,1,0,,EQUIVALENT,EXACT,CONTRADICTION,0.0,UNAVAILABLE,SER_OVERLAP_BELOW_PROPOSE_MIN,,,,1,1,1.0,185.0,2021-10,2021-10,24,BRND_EXACT,NAME_ONLY_NOT_AUTO;SER_MISSING_ROW_SEMANTICS_UNCONFIRMED;SUBJ_UNMAPPED_NAME,NAME_CONTRADICTION,SER_OVERLAP_BELOW_PROPOSE_MIN,INSUFFICIENT_DATA,INSUFFICIENT_DATA_NO_BASIS,,,false,,true,,,,1,0,0,2021-10,2021-10,17136,2094,5095,BMW|328I M SPORT;BMW|530I LIMOUSINE RHD;BMW|I8 HYBRID;BMW|I8 ROADSTER;bmw-840d-xdrive__provisional;bmw-840i-convertible__provisional;bmw-alpina-d3-s-touring__provisional;bmw-bmw-3-series,bmw-bmw-3-series,"bmw.i8 (SUBJECT_FINER, UNAVAILABLE) | bmw.4_series (CONTRADICTION, UNAVAILABLE) | bmw.7_series (CONTRADICTION, UNAVAILABLE)",,,,
444,4,outcome changes materially under the common-overlap window,4,,0.9861,"Is Ice 'OPTRA' (CHEVROLET, CHEVROLET|OPTRA) the same vehicle as TDR 'Captiva' (chevrolet.captiva)? Verdict applies to the candidate shown on this row.",CHEVROLET|OPTRA,OPTRA,CHEVROLET,unmapped_name,,chevrolet.captiva,Captiva,Chevrolet,CURRENT,CROSSOVER,LEGACY_CANDIDATE;LEGACY_STORED;V1_POOL,PROPOSED,NAME,399,,0.0,0.5,2024-05,2024-05,1,1,2024-05,EQUIVALENT,EXACT,CONTRADICTION,0.0,UNAVAILABLE,SER_NO_COMMON_WINDOW,,,,0,0,0,0,,,24,BRND_EXACT,NAME_ONLY_NOT_AUTO;SER_MISSING_ROW_SEMANTICS_UNCONFIRMED;SUBJ_UNMAPPED_NAME,NAME_CONTRADICTION,SER_NO_COMMON_WINDOW;ATTR_BODY_UNKNOWN,NO_CANDIDATE,NO_CANDIDATE_ALL_EXCLUDED,,,false,,true,,,,1,0,0,2024-05,2024-05,215,3,10,CHEVROLET|OPTRA;chevrolet-chevrolet-captiva,chevrolet-chevrolet-captiva,,,,,
445,4,outcome changes materially under the common-overlap window,4,,0.9861,"Is Ice 'F12 TDF' (FERRARI, FERRARI|F12 TDF) the same vehicle as TDR '12Cilindri' (ferrari.12cilindri)? Verdict applies to the candidate shown on this row.",FERRARI|F12 TDF,F12 TDF,FERRARI,unmapped_name,,ferrari.12cilindri,12Cilindri,Ferrari,CURRENT,COUPE,LEGACY_CANDIDATE;LEGACY_STORED;V1_POOL,PROPOSED,NAME,401,,0.0,0.35294117647058826,2021-03,2021-03,1,1,2021-03,EQUIVALENT,EXACT,CONTRADICTION,0.0,UNAVAILABLE,SER_NO_COMMON_WINDOW,,,,0,0,0,0,,,24,BRND_EXACT,NAME_ONLY_NOT_AUTO;SER_MISSING_ROW_SEMANTICS_UNCONFIRMED;SUBJ_UNMAPPED_NAME,NAME_CONTRADICTION;GEN_LIFECYCLE_DISJOINT,SER_NO_COMMON_WINDOW;ATTR_BODY_UNKNOWN,NO_CANDIDATE,NO_CANDIDATE_ALL_EXCLUDED,,,false,,true,,,,1,0,0,2021-03,2021-03,5,5,5,FERRARI|812 COMPETIZIONE;FERRARI|812 COMPETIZIONE A;FERRARI|CALIFORNIA T;FERRARI|F12 TDF;ferrari-ferrari-12cilindri,ferrari-ferrari-12cilindri,,,,,
446,4,outcome changes materially under the common-overlap window,4,,0.9861,"Is Ice 'F360' (FERRARI, FERRARI|F360) the same vehicle as TDR 'SF90' (ferrari.sf90)? Verdict applies to the candidate shown on this row.",FERRARI|F360,F360,FERRARI,unmapped_name,,ferrari.sf90,SF90,Ferrari,CURRENT,COUPE,LEGACY_CANDIDATE;LEGACY_STORED;V1_POOL,PROPOSED,NAME,402,,0.0,0.5,2021-02,2021-02,1,1,2021-02,EQUIVALENT,EXACT,CONTRADICTION,0.0,UNAVAILABLE,SER_NO_COMMON_WINDOW,,,,0,0,0,0,,,24,BRND_EXACT,NAME_ONLY_NOT_AUTO;SER_MISSING_ROW_SEMANTICS_UNCONFIRMED;SUBJ_UNMAPPED_NAME,NAME_CONTRADICTION;GEN_LIFECYCLE_DISJOINT,SER_NO_COMMON_WINDOW;ATTR_BODY_UNKNOWN,NO_CANDIDATE,NO_CANDIDATE_ALL_EXCLUDED,,,false,,true,,,,1,0,0,2021-02,2021-02,30,5,5,FERRARI|F360;ferrari-ferrari-sf90,ferrari-ferrari-sf90,,,,,
447,4,outcome changes materially under the common-overlap window,4,,0.9861,"Is Ice 'BENLY e' (HONDA, HONDA|BENLY E) the same vehicle as TDR 'BR-V' (honda.brv)? Verdict applies to the candidate shown on this row.",HONDA|BENLY E,BENLY e,HONDA,unmapped_name,,honda.brv,BR-V,Honda,CURRENT,MPV,LEGACY_CANDIDATE;LEGACY_STORED;V1_POOL,PROPOSED,NAME,403,,43.0,0.36363636363636365,2023-11,2023-11,1,0,,EQUIVALENT,EXACT,CONTRADICTION,0.0,UNAVAILABLE,SER_OVERLAP_BELOW_PROPOSE_MIN,,,,1,1,1.0,43.0,2023-11,2023-11,24,BRND_EXACT,NAME_ONLY_NOT_AUTO;SER_MISSING_ROW_SEMANTICS_UNCONFIRMED;SUBJ_UNMAPPED_NAME,NAME_CONTRADICTION,SER_OVERLAP_BELOW_PROPOSE_MIN;ATTR_BODY_UNKNOWN,NO_CANDIDATE,NO_CANDIDATE_ALL_EXCLUDED,,,false,,true,,,,1,0,0,2023-11,2023-11,4129,10,117,HONDA|BENLY E;honda-br-v,honda-br-v,"honda.en1 (CONTRADICTION, UNAVAILABLE) | honda.en2 (CONTRADICTION, UNAVAILABLE)",,,,
448,4,outcome changes materially under the common-overlap window,4,,0.9861,"Is Ice 'E AS' (HONDA, HONDA|E AS) the same vehicle as TDR 'e:N1' (honda.en1)? Verdict applies to the candidate shown on this row.",HONDA|E AS,E AS,HONDA,unmapped_name,,honda.en1,e:N1,Honda,CURRENT,CROSSOVER,LEGACY_CANDIDATE;LEGACY_STORED;V1_POOL,PROPOSED,NAME,404,,0.0,0.5,2021-01,2021-01,1,1,2021-01,EQUIVALENT,EXACT,CONTRADICTION,0.0,UNAVAILABLE,SER_NO_COMMON_WINDOW,,,,0,0,0,0,,,24,BRND_EXACT,NAME_ONLY_NOT_AUTO;SER_MISSING_ROW_SEMANTICS_UNCONFIRMED;SUBJ_UNMAPPED_NAME,NAME_CONTRADICTION;GEN_LIFECYCLE_DISJOINT,SER_NO_COMMON_WINDOW;ATTR_BODY_UNKNOWN,NO_CANDIDATE,NO_CANDIDATE_ALL_EXCLUDED,,,false,,true,,,,1,0,0,2021-01,2021-01,688,270,612,HONDA|E AS;HONDA|WAVE125;honda-en1;honda-honda-e,honda-en1,"honda.en2 (CONTRADICTION, UNAVAILABLE)",,,,
449,4,outcome changes materially under the common-overlap window,4,,0.9861,"Is Ice 'N VAN' (HONDA, HONDA|N VAN) the same vehicle as TDR 'HR-V' (honda.hrv)? Verdict applies to the candidate shown on this row.",HONDA|N VAN,N VAN,HONDA,unmapped_name,,honda.hrv,HR-V,Honda,CURRENT,CROSSOVER,LEGACY_CANDIDATE;LEGACY_STORED;V1_POOL,PROPOSED,NAME,405,,1947.0,0.4444444444444444,2022-03,2022-03,1,0,,EQUIVALENT,EXACT,CONTRADICTION,0.0,UNAVAILABLE,SER_OVERLAP_BELOW_PROPOSE_MIN,,,,1,1,1.0,1947.0,2022-03,2022-03,24,BRND_EXACT,NAME_ONLY_NOT_AUTO;SER_MISSING_ROW_SEMANTICS_UNCONFIRMED;SUBJ_UNMAPPED_NAME,NAME_CONTRADICTION,SER_OVERLAP_BELOW_PROPOSE_MIN;ATTR_BODY_UNKNOWN,NO_CANDIDATE,NO_CANDIDATE_ALL_EXCLUDED,,,false,,true,,,,1,0,0,2022-03,2022-03,103618,23697,43426,HONDA|N VAN;honda-hr-v,honda-hr-v,"honda.brv (CONTRADICTION, UNAVAILABLE) | honda.crv (CONTRADICTION, UNAVAILABLE) | honda.en1 (CONTRADICTION, UNAVAILABLE)",,,,
450,4,outcome changes materially under the common-overlap window,4,,0.9861,"Is Ice 'COUNTY' (HYUNDAI, HYUNDAI|COUNTY) the same vehicle as TDR 'Creta' (hyundai.creta)? Verdict applies to the candidate shown on this row.",HYUNDAI|COUNTY,COUNTY,HYUNDAI,unmapped_name,,hyundai.creta,Creta,Hyundai,CURRENT,CROSSOVER,LEGACY_CANDIDATE;LEGACY_STORED;V1_POOL,PROPOSED,NAME,407,,28.0,0.36363636363636365,2022-12,2022-12,1,0,,EQUIVALENT,EXACT,CONTRADICTION,0.0,UNAVAILABLE,SER_OVERLAP_BELOW_PROPOSE_MIN,,,,1,1,1.0,28.0,2022-12,2022-12,24,BRND_EXACT,NAME_ONLY_NOT_AUTO;SER_MISSING_ROW_SEMANTICS_UNCONFIRMED;SUBJ_UNMAPPED_NAME,NAME_CONTRADICTION,SER_OVERLAP_BELOW_PROPOSE_MIN;ATTR_BODY_UNKNOWN,NO_CANDIDATE,NO_CANDIDATE_ALL_EXCLUDED,,,false,,true,,,,1,0,0,2022-12,2022-12,1583,136,302,HYUNDAI|COUNTY;hyundai-creta,hyundai-creta,,,,,
451,4,outcome changes materially under the common-overlap window,4,,0.9861,"Is Ice 'SONATA2.4GLSEXECUTIV' (HYUNDAI, HYUNDAI|SONATA2 4GLSEXECUTIV) the same vehicle as TDR 'Santa Fe' (hyundai.santa_fe)? Verdict applies to the candidate shown on this row.",HYUNDAI|SONATA2 4GLSEXECUTIV,SONATA2.4GLSEXECUTIV,HYUNDAI,unmapped_name,,hyundai.santa_fe,Santa Fe,Hyundai,CURRENT,CROSSOVER,LEGACY_CANDIDATE;LEGACY_STORED;V1_POOL,PROPOSED,NAME,408,,0.0,0.42857142857142855,2024-03,2024-03,1,1,2024-03,EQUIVALENT,EXACT,CONTRADICTION,0.0,UNAVAILABLE,SER_NO_COMMON_WINDOW,,,,0,0,0,0,,,24,BRND_EXACT,NAME_ONLY_NOT_AUTO;SER_MISSING_ROW_SEMANTICS_UNCONFIRMED;SUBJ_UNMAPPED_NAME,NAME_CONTRADICTION,SER_NO_COMMON_WINDOW;ATTR_BODY_UNKNOWN,NO_CANDIDATE,NO_CANDIDATE_ALL_EXCLUDED,,,false,,true,,,,1,0,0,2024-03,2024-03,553,454,547,HYUNDAI|SONATA2 4GLSEXECUTIV;hyundai-elantra-n__provisional;hyundai-elantra__provisional;hyundai-santa-fe,hyundai-santa-fe,,,,,
452,4,outcome changes materially under the common-overlap window,4,,0.9861,"Is Ice 'VELOSTER' (HYUNDAI, HYUNDAI|VELOSTER) the same vehicle as TDR 'Stargazer' (hyundai.stargazer)? Verdict applies to the candidate shown on this row.",HYUNDAI|VELOSTER,VELOSTER,HYUNDAI,unmapped_name,,hyundai.stargazer,Stargazer,Hyundai,CURRENT,MPV,LEGACY_CANDIDATE;LEGACY_STORED;V1_POOL,PROPOSED,NAME,409,,0.0,0.47058823529411764,2021-01,2021-01,1,1,2021-01,EQUIVALENT,EXACT,CONTRADICTION,0.0,UNAVAILABLE,SER_NO_COMMON_WINDOW,,,,0,0,0,0,,,24,BRND_EXACT,NAME_ONLY_NOT_AUTO;SER_MISSING_ROW_SEMANTICS_UNCONFIRMED;SUBJ_UNMAPPED_NAME,NAME_CONTRADICTION;GEN_LIFECYCLE_DISJOINT,SER_NO_COMMON_WINDOW;ATTR_BODY_UNKNOWN,NO_CANDIDATE,NO_CANDIDATE_ALL_EXCLUDED,,,false,,true,,,,1,0,0,2021-01,2021-01,3060,363,898,HYUNDAI|VELOSTER;hyundai-stargazer,hyundai-stargazer,"hyundai.staria (CONTRADICTION, UNAVAILABLE) | hyundai.palisade (CONTRADICTION, UNAVAILABLE) | hyundai.santa_fe (CONTRADICTION, UNAVAILABLE)",,,,
453,4,outcome changes materially under the common-overlap window,4,,0.9861,"Is Ice 'SOUL' (KIA, KIA|SOUL) the same vehicle as TDR 'Sorento' (kia.sorento)? Verdict applies to the candidate shown on this row.",KIA|SOUL,SOUL,KIA,unmapped_name,,kia.sorento,Sorento,Kia,CURRENT,CROSSOVER,LEGACY_CANDIDATE;LEGACY_STORED;V1_POOL,PROPOSED,NAME,410,,0.0,0.36363636363636365,2022-01,2022-01,1,1,2022-01,EQUIVALENT,EXACT,CONTRADICTION,0.0,UNAVAILABLE,SER_NO_COMMON_WINDOW,,,,0,0,0,0,,,24,BRND_EXACT,NAME_ONLY_NOT_AUTO;SER_MISSING_ROW_SEMANTICS_UNCONFIRMED;SUBJ_UNMAPPED_NAME,NAME_CONTRADICTION;GEN_LIFECYCLE_DISJOINT,SER_NO_COMMON_WINDOW;ATTR_BODY_UNKNOWN,NO_CANDIDATE,NO_CANDIDATE_ALL_EXCLUDED,,,false,,true,,,,1,0,0,2022-01,2022-01,284,94,235,KIA|SOUL;kia-sorento,kia-sorento,,,,,
454,4,outcome changes materially under the common-overlap window,4,,0.9861,"Is Ice 'GRANCABRIO SPORT' (MASERATI, MASERATI|GRANCABRIO SPORT) the same vehicle as TDR 'GranTurismo' (maserati.granturismo)? Verdict applies to the candidate shown on this row.",MASERATI|GRANCABRIO SPORT,GRANCABRIO SPORT,MASERATI,unmapped_name,,maserati.granturismo,GranTurismo,Maserati,CURRENT,COUPE,LEGACY_CANDIDATE;LEGACY_STORED;V1_POOL,PROPOSED,NAME,411,,0.0,0.5925925925925926,2022-05,2022-05,1,1,2022-05,EQUIVALENT,EXACT,CONTRADICTION,0.0,UNAVAILABLE,SER_NO_COMMON_WINDOW,,,,0,0,0,0,,,24,BRND_EXACT,NAME_ONLY_NOT_AUTO;SER_MISSING_ROW_SEMANTICS_UNCONFIRMED;SUBJ_UNMAPPED_NAME,NAME_CONTRADICTION,SER_NO_COMMON_WINDOW;ATTR_BODY_UNKNOWN,NO_CANDIDATE,NO_CANDIDATE_ALL_EXCLUDED,,,false,,true,,,,1,0,0,2022-05,2022-05,10,7,10,MASERATI|GRANCABRIO SPORT;maserati-maserati-granturismo,maserati-maserati-granturismo,,,,,
455,4,outcome changes materially under the common-overlap window,4,,0.9861,"Is Ice 'GT COUPE' (MCLAREN, MCLAREN|GT COUPE) the same vehicle as TDR 'GTS' (mclaren.gts)? Verdict applies to the candidate shown on this row.",MCLAREN|GT COUPE,GT COUPE,MCLAREN,unmapped_name,,mclaren.gts,GTS,McLaren,CURRENT,COUPE,LEGACY_CANDIDATE;LEGACY_STORED;V1_POOL,PROPOSED,NAME,412,,0.0,0.36363636363636365,2023-03,2023-03,1,1,2023-03,EQUIVALENT,EXACT,CONTRADICTION,0.0,UNAVAILABLE,SER_NO_COMMON_WINDOW,,,,0,0,0,0,,,24,BRND_EXACT,NAME_ONLY_NOT_AUTO;SER_MISSING_ROW_SEMANTICS_UNCONFIRMED;SUBJ_UNMAPPED_NAME,NAME_CONTRADICTION,SER_NO_COMMON_WINDOW;ATTR_BODY_UNKNOWN,NO_CANDIDATE,NO_CANDIDATE_ALL_EXCLUDED,,,false,,true,,,,1,0,0,2023-03,2023-03,2,2,2,MCLAREN|GT COUPE;mclaren-mclaren-gts,mclaren-mclaren-gts,,,,,
456,4,outcome changes materially under the common-overlap window,4,,0.9861,"Is Ice 'KA5TXJNHERU' (MITSUBISHI, MITSUBISHI|KA5TXJNHERU) the same vehicle as TDR 'Xpander' (mitsubishi.xpander)? Verdict applies to the candidate shown on this row.",MITSUBISHI|KA5TXJNHERU,KA5TXJNHERU,MITSUBISHI,unmapped_name,,mitsubishi.xpander,Xpander,Mitsubishi,CURRENT,MPV,LEGACY_CANDIDATE;LEGACY_STORED;V1_POOL,PROPOSED,NAME,415,,617.0,0.4444444444444444,2021-11,2021-11,1,0,,EQUIVALENT,EXACT,CONTRADICTION,0.0,UNAVAILABLE,SER_OVERLAP_BELOW_PROPOSE_MIN,,,,1,1,1.0,617.0,2021-11,2021-11,24,BRND_EXACT,NAME_ONLY_NOT_AUTO;SER_MISSING_ROW_SEMANTICS_UNCONFIRMED;SUBJ_UNMAPPED_NAME,NAME_CONTRADICTION,SER_OVERLAP_BELOW_PROPOSE_MIN;ATTR_BODY_UNKNOWN,NO_CANDIDATE,NO_CANDIDATE_ALL_EXCLUDED,,,false,,true,,,,1,0,0,2021-11,2021-11,41860,1081,5893,MITSUBISHI|KA5TNCNUERU;MITSUBISHI|KA5TXJNHERU;mitsubishi-xpander,mitsubishi-xpander,,,,,
457,4,outcome changes materially under the common-overlap window,4,,0.9861,"Is Ice '1.8ESPORT' (TOYOTA, TOYOTA|1 8ESPORT) the same vehicle as TDR 'Fortuner' (toyota.fortuner)? Verdict applies to the candidate shown on this row.",TOYOTA|1 8ESPORT,1.8ESPORT,TOYOTA,unmapped_name,,toyota.fortuner,Fortuner,Toyota,CURRENT,PPV,LEGACY_CANDIDATE;LEGACY_STORED;V1_POOL,PROPOSED,NAME,426,,2792.0,0.35294117647058826,2021-01,2021-01,1,0,,EQUIVALENT,EXACT,CONTRADICTION,0.0,UNAVAILABLE,SER_OVERLAP_BELOW_PROPOSE_MIN,,,,1,1,1.0,2792.0,2021-01,2021-01,24,BRND_EXACT,NAME_ONLY_NOT_AUTO;SER_MISSING_ROW_SEMANTICS_UNCONFIRMED;SUBJ_UNMAPPED_NAME,NAME_CONTRADICTION,SER_OVERLAP_BELOW_PROPOSE_MIN;ATTR_BODY_UNKNOWN,NO_CANDIDATE,NO_CANDIDATE_ALL_EXCLUDED,,,false,,true,,,,1,0,0,2021-01,2021-01,113820,13822,27595,TOYOTA|1 8ESPORT;TOYOTA|CENTURY;TOYOTA|COMUTER;TOYOTA|TUNDRA 3 5L;toyota-fortuner,toyota-fortuner,"toyota.hiace_majesty (CONTRADICTION, UNAVAILABLE)",,,,
458,4,outcome changes materially under the common-overlap window,4,,0.9861,"Is Ice '2.5 HV Premium' (TOYOTA, TOYOTA|2 5 HV PREMIUM) the same vehicle as TDR 'Prius' (toyota.prius)? Verdict applies to the candidate shown on this row.",TOYOTA|2 5 HV PREMIUM,2.5 HV Premium,TOYOTA,unmapped_name,,toyota.prius,Prius,Toyota,CURRENT,HATCHBACK,LEGACY_CANDIDATE;LEGACY_STORED;V1_POOL,PROPOSED,NAME,428,,0.0,0.42105263157894735,2023-05,2023-05,1,1,2023-05,EQUIVALENT,EXACT,CONTRADICTION,0.0,UNAVAILABLE,SER_NO_COMMON_WINDOW,,,,0,0,0,0,,,24,BRND_EXACT,NAME_ONLY_NOT_AUTO;SER_MISSING_ROW_SEMANTICS_UNCONFIRMED;SUBJ_UNMAPPED_NAME,NAME_CONTRADICTION,SER_NO_COMMON_WINDOW;ATTR_BODY_UNKNOWN,NO_CANDIDATE,NO_CANDIDATE_ALL_EXCLUDED,,,false,,true,,,,1,0,0,2023-05,2023-05,9,4,6,TOYOTA|2 5 HV PREMIUM;toyota-gr-yaris;toyota-toyota-prius,toyota-toyota-prius,,,,,
459,4,outcome changes materially under the common-overlap window,4,,0.9861,"Is Ice '2.5HV' (TOYOTA, TOYOTA|2 5HV) the same vehicle as TDR 'C-HR' (toyota.c_hr)? Verdict applies to the candidate shown on this row.",TOYOTA|2 5HV,2.5HV,TOYOTA,unmapped_name,,toyota.c_hr,C-HR,Toyota,CURRENT,CROSSOVER,LEGACY_CANDIDATE;LEGACY_STORED;V1_POOL,PROPOSED,NAME,429,,144.0,0.4444444444444444,2022-07,2022-07,1,0,,EQUIVALENT,EXACT,CONTRADICTION,0.0,UNAVAILABLE,SER_OVERLAP_BELOW_PROPOSE_MIN,,,,1,1,1.0,144.0,2022-07,2022-07,24,BRND_EXACT,NAME_ONLY_NOT_AUTO;SER_MISSING_ROW_SEMANTICS_UNCONFIRMED;SUBJ_UNMAPPED_NAME,NAME_CONTRADICTION,SER_OVERLAP_BELOW_PROPOSE_MIN;ATTR_BODY_UNKNOWN,NO_CANDIDATE,NO_CANDIDATE_ALL_EXCLUDED,,,false,,true,,,,1,0,0,2022-07,2022-07,4055,42,71,TOYOTA|2 5HV;TOYOTA|C POD;TOYOTA|CENTURY HYBRID;toyota-86-gr__provisional;toyota-c-hr,toyota-c-hr,,,,,
460,4,outcome changes materially under the common-overlap window,4,,0.9861,"Is Ice 'ACV40R-JEAGKT  A1' (TOYOTA, TOYOTA|ACV40R JEAGKT A1) the same vehicle as TDR 'Hiace Majesty' (toyota.hiace_majesty)? Verdict applies to the candidate shown on this row.",TOYOTA|ACV40R JEAGKT A1,ACV40R-JEAGKT  A1,TOYOTA,unmapped_name,,toyota.hiace_majesty,Hiace Majesty,Toyota,CURRENT,VAN,LEGACY_CANDIDATE;LEGACY_STORED;V1_POOL,PROPOSED,NAME,430,,37.0,0.41379310344827586,2022-02,2022-02,1,0,,EQUIVALENT,EXACT,CONTRADICTION,0.0,UNAVAILABLE,SER_OVERLAP_BELOW_PROPOSE_MIN,,,,1,1,1.0,37.0,2022-02,2022-02,24,BRND_EXACT,NAME_ONLY_NOT_AUTO;SER_MISSING_ROW_SEMANTICS_UNCONFIRMED;SUBJ_UNMAPPED_NAME,NAME_CONTRADICTION,SER_OVERLAP_BELOW_PROPOSE_MIN;ATTR_BODY_UNKNOWN,NO_CANDIDATE,NO_CANDIDATE_ALL_EXCLUDED,,,false,,true,,,,1,0,0,2022-02,2022-02,6244,1655,4108,TOYOTA|ACV40R JEAGKT A1;TOYOTA|ACV41R JEPNKT AB;TOYOTA|ACV51R JEPEKT AA;TOYOTA|ACV51R JEPEKT AB;TOYOTA|ACV51R JEPEKT AC;toyota-hiace,toyota-hiace,"toyota.avanza (CONTRADICTION, UNAVAILABLE)",,,,
461,4,outcome changes materially under the common-overlap window,4,,0.9861,"Is Ice 'ACV41R-JEPNKT  AB' (TOYOTA, TOYOTA|ACV41R JEPNKT AB) the same vehicle as TDR 'Hiace Majesty' (toyota.hiace_majesty)? Verdict applies to the candidate shown on this row.",TOYOTA|ACV41R JEPNKT AB,ACV41R-JEPNKT  AB,TOYOTA,unmapped_name,,toyota.hiace_majesty,Hiace Majesty,Toyota,CURRENT,VAN,LEGACY_CANDIDATE;LEGACY_STORED;V1_POOL,PROPOSED,NAME,431,,26.0,0.41379310344827586,2022-05,2022-05,1,0,,EQUIVALENT,EXACT,CONTRADICTION,0.0,UNAVAILABLE,SER_OVERLAP_BELOW_PROPOSE_MIN,,,,1,1,1.0,26.0,2022-05,2022-05,24,BRND_EXACT,NAME_ONLY_NOT_AUTO;SER_MISSING_ROW_SEMANTICS_UNCONFIRMED;SUBJ_UNMAPPED_NAME,NAME_CONTRADICTION,SER_OVERLAP_BELOW_PROPOSE_MIN;ATTR_BODY_UNKNOWN,NO_CANDIDATE,NO_CANDIDATE_ALL_EXCLUDED,,,false,,true,,,,1,0,0,2022-05,2022-05,6244,1655,4108,TOYOTA|ACV40R JEAGKT A1;TOYOTA|ACV41R JEPNKT AB;TOYOTA|ACV51R JEPEKT AA;TOYOTA|ACV51R JEPEKT AB;TOYOTA|ACV51R JEPEKT AC;toyota-hiace,toyota-hiace,,,,,
462,4,outcome changes materially under the common-overlap window,4,,0.9861,"Is Ice 'ACV51R-JEPEKT  AA' (TOYOTA, TOYOTA|ACV51R JEPEKT AA) the same vehicle as TDR 'Hiace Majesty' (toyota.hiace_majesty)? Verdict applies to the candidate shown on this row.",TOYOTA|ACV51R JEPEKT AA,ACV51R-JEPEKT  AA,TOYOTA,unmapped_name,,toyota.hiace_majesty,Hiace Majesty,Toyota,CURRENT,VAN,LEGACY_CANDIDATE;LEGACY_STORED;V1_POOL,PROPOSED,NAME,432,,227.0,0.41379310344827586,2021-02,2021-02,1,0,,EQUIVALENT,EXACT,CONTRADICTION,0.0,UNAVAILABLE,SER_OVERLAP_BELOW_PROPOSE_MIN,,,,1,1,1.0,227.0,2021-02,2021-02,24,BRND_EXACT,NAME_ONLY_NOT_AUTO;SER_MISSING_ROW_SEMANTICS_UNCONFIRMED;SUBJ_UNMAPPED_NAME,NAME_CONTRADICTION;GEN_LIFECYCLE_DISJOINT,SER_OVERLAP_BELOW_PROPOSE_MIN;ATTR_BODY_UNKNOWN,NO_CANDIDATE,NO_CANDIDATE_ALL_EXCLUDED,,,false,,true,,,,1,0,0,2021-02,2021-02,6244,1655,4108,TOYOTA|ACV40R JEAGKT A1;TOYOTA|ACV41R JEPNKT AB;TOYOTA|ACV51R JEPEKT AA;TOYOTA|ACV51R JEPEKT AB;TOYOTA|ACV51R JEPEKT AC;toyota-hiace,toyota-hiace,"toyota.avanza (CONTRADICTION, UNAVAILABLE)",,,,
463,4,outcome changes materially under the common-overlap window,4,,0.9861,"Is Ice 'CENTURY' (TOYOTA, TOYOTA|CENTURY) the same vehicle as TDR 'Fortuner' (toyota.fortuner)? Verdict applies to the candidate shown on this row.",TOYOTA|CENTURY,CENTURY,TOYOTA,unmapped_name,,toyota.fortuner,Fortuner,Toyota,CURRENT,PPV,LEGACY_CANDIDATE;LEGACY_STORED;V1_POOL,PROPOSED,NAME,434,,1283.0,0.4,2024-06,2024-06,1,0,,EQUIVALENT,EXACT,CONTRADICTION,0.0,UNAVAILABLE,SER_OVERLAP_BELOW_PROPOSE_MIN,,,,1,1,1.0,1283.0,2024-06,2024-06,24,BRND_EXACT,NAME_ONLY_NOT_AUTO;SER_MISSING_ROW_SEMANTICS_UNCONFIRMED;SUBJ_UNMAPPED_NAME,NAME_CONTRADICTION,SER_OVERLAP_BELOW_PROPOSE_MIN;ATTR_BODY_UNKNOWN,NO_CANDIDATE,NO_CANDIDATE_ALL_EXCLUDED,,,false,,true,,,,1,0,0,2024-06,2024-06,113820,13822,27595,TOYOTA|1 8ESPORT;TOYOTA|CENTURY;TOYOTA|COMUTER;TOYOTA|TUNDRA 3 5L;toyota-fortuner,toyota-fortuner,"toyota.camry (CONTRADICTION, UNAVAILABLE) | toyota.commuter (CONTRADICTION, UNAVAILABLE) | toyota.hiace_majesty (CONTRADICTION, UNAVAILABLE)",,,,
464,4,outcome changes materially under the common-overlap window,4,,0.9861,"Is Ice 'ESTIMA HYBRID AERAS' (TOYOTA, TOYOTA|ESTIMA HYBRID AERAS) the same vehicle as TDR 'Harrier' (toyota.harrier)? Verdict applies to the candidate shown on this row.",TOYOTA|ESTIMA HYBRID AERAS,ESTIMA HYBRID AERAS,TOYOTA,unmapped_name,,toyota.harrier,Harrier,Toyota,CURRENT,CROSSOVER,LEGACY_CANDIDATE;LEGACY_STORED;V1_POOL,PROPOSED,NAME,437,,11.0,0.38461538461538464,2021-03,2021-03,1,0,,EQUIVALENT,EXACT,CONTRADICTION,0.0,UNAVAILABLE,SER_OVERLAP_BELOW_PROPOSE_MIN,,,,1,1,1.0,11.0,2021-03,2021-03,24,BRND_EXACT,NAME_ONLY_NOT_AUTO;SER_MISSING_ROW_SEMANTICS_UNCONFIRMED;SUBJ_UNMAPPED_NAME,NAME_CONTRADICTION;GEN_LIFECYCLE_DISJOINT,SER_OVERLAP_BELOW_PROPOSE_MIN;ATTR_BODY_UNKNOWN,NO_CANDIDATE,NO_CANDIDATE_ALL_EXCLUDED,,,false,,true,,,,1,0,0,2021-03,2021-03,256,20,64,TOYOTA|ESTIMA HYBRID AERAS;toyota-toyota-harrier,toyota-toyota-harrier,,,,,
465,4,outcome changes materially under the common-overlap window,4,,0.9861,"Is Ice 'GT86 RACING' (TOYOTA, TOYOTA|GT86 RACING) the same vehicle as TDR 'GR86' (toyota.gr86)? Verdict applies to the candidate shown on this row.",TOYOTA|GT86 RACING,GT86 RACING,TOYOTA,unmapped_name,,toyota.gr86,GR86,Toyota,CURRENT,COUPE,LEGACY_CANDIDATE;LEGACY_STORED;V1_POOL,PROPOSED,NAME,438,,9.0,0.4,2023-12,2023-12,1,0,,EQUIVALENT,EXACT,CONTRADICTION,0.0,UNAVAILABLE,SER_OVERLAP_BELOW_PROPOSE_MIN,,,,1,1,1.0,9.0,2023-12,2023-12,24,BRND_EXACT,NAME_ONLY_NOT_AUTO;SER_MISSING_ROW_SEMANTICS_UNCONFIRMED;SUBJ_UNMAPPED_NAME,NAME_CONTRADICTION,SER_OVERLAP_BELOW_PROPOSE_MIN;ATTR_BODY_UNKNOWN,NO_CANDIDATE,NO_CANDIDATE_ALL_EXCLUDED,,,false,,true,,,,1,0,0,2023-12,2023-12,334,99,171,TOYOTA|GT86 RACING;toyota-86__provisional;toyota-gr86,toyota-gr86,"toyota.gr_supra (CONTRADICTION, UNAVAILABLE)",,,,
466,4,outcome changes materially under the common-overlap window,4,,0.9861,"Is Ice 'KUN15R-CRMSHT  A3' (TOYOTA, TOYOTA|KUN15R CRMSHT A3) the same vehicle as TDR 'Land Cruiser 300' (toyota.land_cruiser_300)? Verdict applies to the candidate shown on this row.",TOYOTA|KUN15R CRMSHT A3,KUN15R-CRMSHT  A3,TOYOTA,unmapped_name,,toyota.land_cruiser_300,Land Cruiser 300,Toyota,CURRENT,OFFROAD,LEGACY_CANDIDATE;LEGACY_STORED;V1_POOL,PROPOSED,NAME,441,,6.0,0.4375,2022-03,2022-03,1,0,,EQUIVALENT,EXACT,CONTRADICTION,0.0,UNAVAILABLE,SER_OVERLAP_BELOW_PROPOSE_MIN,,,,1,1,1.0,6.0,2022-03,2022-03,24,BRND_EXACT,NAME_ONLY_NOT_AUTO;SER_MISSING_ROW_SEMANTICS_UNCONFIRMED;SUBJ_UNMAPPED_NAME,NAME_CONTRADICTION,SER_OVERLAP_BELOW_PROPOSE_MIN;ATTR_BODY_UNKNOWN,NO_CANDIDATE,NO_CANDIDATE_ALL_EXCLUDED,,,false,,true,,,,1,0,0,2022-03,2022-03,1860,1360,1551,TOYOTA|KUN15R CRMSHT A3;toyota-land-cruiser;toyota-land-cruiser-fj,,"toyota.hilux_champ (CONTRADICTION, UNAVAILABLE) | toyota.yaris_cross (CONTRADICTION, UNAVAILABLE)",,,,
467,4,outcome changes materially under the common-overlap window,4,,0.9861,"Is Ice 'KUN25R-PRMSHT  A4' (TOYOTA, TOYOTA|KUN25R PRMSHT A4) the same vehicle as TDR 'GR Supra' (toyota.gr_supra)? Verdict applies to the candidate shown on this row.",TOYOTA|KUN25R PRMSHT A4,KUN25R-PRMSHT  A4,TOYOTA,unmapped_name,,toyota.gr_supra,GR Supra,Toyota,CURRENT,COUPE,LEGACY_CANDIDATE;LEGACY_STORED;V1_POOL,PROPOSED,NAME,443,,1.0,0.4166666666666667,2023-11,2023-11,1,0,,EQUIVALENT,EXACT,CONTRADICTION,0.0,UNAVAILABLE,SER_OVERLAP_BELOW_PROPOSE_MIN,,,,1,1,1.0,1.0,2023-11,2023-11,24,BRND_EXACT,NAME_ONLY_NOT_AUTO;SER_MISSING_ROW_SEMANTICS_UNCONFIRMED;SUBJ_UNMAPPED_NAME,NAME_CONTRADICTION,SER_OVERLAP_BELOW_PROPOSE_MIN;ATTR_BODY_UNKNOWN,NO_CANDIDATE,NO_CANDIDATE_ALL_EXCLUDED,,,false,,true,,,,1,0,0,2023-11,2023-11,64,24,43,TOYOTA|GUN120R CTTSXT;TOYOTA|KUN15R PRMDYT A3;TOYOTA|KUN25R PRMSHT A4;TOYOTA|KUN26R PRASYT A8;TOYOTA|KUN26R PRPSYT A7;TOYOTA|KUN35R PRMDHT A6;TOYOTA|KUN35R PRMDHT A8;TOYOTA|KUN35R PRMSHT A5;TOYOTA|KUN35R PRMSHT A6;TOYOTA|KUN35R PRMSHT A8;TOYOTA|KUN35R URASHT AJ;TOYOTA|NCP93R BEPRKT A4;TOYOTA|TGN16R PRMSKT A7;TOYOTA|TGN16R PRMSKT A8;TOYOTA|TGN16R TRMDKT A7;TOYOTA|TGN16R URMDMT A7;TOYOTA|TGN16R URMDMT A8;TOYOTA|TGN40R GKPDKT AE;TOYOTA|TGN61R NKPSKT A3;TOYOTA|TGN61R NKPSKT A5;TOYOTA|TGN61R NKPSKT A8;toyota-gr-supra,toyota-gr-supra,,,,,
468,4,outcome changes materially under the common-overlap window,4,,0.9861,"Is Ice 'KUN26R-PRPSYT  A7' (TOYOTA, TOYOTA|KUN26R PRPSYT A7) the same vehicle as TDR 'GR Supra' (toyota.gr_supra)? Verdict applies to the candidate shown on this row.",TOYOTA|KUN26R PRPSYT A7,KUN26R-PRPSYT  A7,TOYOTA,unmapped_name,,toyota.gr_supra,GR Supra,Toyota,CURRENT,COUPE,LEGACY_CANDIDATE;LEGACY_STORED;V1_POOL,PROPOSED,NAME,444,,0.0,0.4166666666666667,2022-05,2022-05,1,1,2022-05,EQUIVALENT,EXACT,CONTRADICTION,0.0,UNAVAILABLE,SER_NO_COMMON_WINDOW,,,,0,0,0,0,,,24,BRND_EXACT,NAME_ONLY_NOT_AUTO;SER_MISSING_ROW_SEMANTICS_UNCONFIRMED;SUBJ_UNMAPPED_NAME,NAME_CONTRADICTION,SER_NO_COMMON_WINDOW;ATTR_BODY_UNKNOWN,NO_CANDIDATE,NO_CANDIDATE_ALL_EXCLUDED,,,false,,true,,,,1,0,0,2022-05,2022-05,64,24,43,TOYOTA|GUN120R CTTSXT;TOYOTA|KUN15R PRMDYT A3;TOYOTA|KUN25R PRMSHT A4;TOYOTA|KUN26R PRASYT A8;TOYOTA|KUN26R PRPSYT A7;TOYOTA|KUN35R PRMDHT A6;TOYOTA|KUN35R PRMDHT A8;TOYOTA|KUN35R PRMSHT A5;TOYOTA|KUN35R PRMSHT A6;TOYOTA|KUN35R PRMSHT A8;TOYOTA|KUN35R URASHT AJ;TOYOTA|NCP93R BEPRKT A4;TOYOTA|TGN16R PRMSKT A7;TOYOTA|TGN16R PRMSKT A8;TOYOTA|TGN16R TRMDKT A7;TOYOTA|TGN16R URMDMT A7;TOYOTA|TGN16R URMDMT A8;TOYOTA|TGN40R GKPDKT AE;TOYOTA|TGN61R NKPSKT A3;TOYOTA|TGN61R NKPSKT A5;TOYOTA|TGN61R NKPSKT A8;toyota-gr-supra,toyota-gr-supra,,,,,
469,4,outcome changes materially under the common-overlap window,4,,0.9861,"Is Ice 'KUN35R-PRMDHT  A6' (TOYOTA, TOYOTA|KUN35R PRMDHT A6) the same vehicle as TDR 'GR Supra' (toyota.gr_supra)? Verdict applies to the candidate shown on this row.",TOYOTA|KUN35R PRMDHT A6,KUN35R-PRMDHT  A6,TOYOTA,unmapped_name,,toyota.gr_supra,GR Supra,Toyota,CURRENT,COUPE,LEGACY_CANDIDATE;LEGACY_STORED;V1_POOL,PROPOSED,NAME,445,,0.0,0.4166666666666667,2021-12,2021-12,1,1,2021-12,EQUIVALENT,EXACT,CONTRADICTION,0.0,UNAVAILABLE,SER_NO_COMMON_WINDOW,,,,0,0,0,0,,,24,BRND_EXACT,NAME_ONLY_NOT_AUTO;SER_MISSING_ROW_SEMANTICS_UNCONFIRMED;SUBJ_UNMAPPED_NAME,NAME_CONTRADICTION,SER_NO_COMMON_WINDOW;ATTR_BODY_UNKNOWN,NO_CANDIDATE,NO_CANDIDATE_ALL_EXCLUDED,,,false,,true,,,,1,0,0,2021-12,2021-12,64,24,43,TOYOTA|GUN120R CTTSXT;TOYOTA|KUN15R PRMDYT A3;TOYOTA|KUN25R PRMSHT A4;TOYOTA|KUN26R PRASYT A8;TOYOTA|KUN26R PRPSYT A7;TOYOTA|KUN35R PRMDHT A6;TOYOTA|KUN35R PRMDHT A8;TOYOTA|KUN35R PRMSHT A5;TOYOTA|KUN35R PRMSHT A6;TOYOTA|KUN35R PRMSHT A8;TOYOTA|KUN35R URASHT AJ;TOYOTA|NCP93R BEPRKT A4;TOYOTA|TGN16R PRMSKT A7;TOYOTA|TGN16R PRMSKT A8;TOYOTA|TGN16R TRMDKT A7;TOYOTA|TGN16R URMDMT A7;TOYOTA|TGN16R URMDMT A8;TOYOTA|TGN40R GKPDKT AE;TOYOTA|TGN61R NKPSKT A3;TOYOTA|TGN61R NKPSKT A5;TOYOTA|TGN61R NKPSKT A8;toyota-gr-supra,toyota-gr-supra,,,,,
470,4,outcome changes materially under the common-overlap window,4,,0.9861,"Is Ice 'KUN35R-PRMDHT  A8' (TOYOTA, TOYOTA|KUN35R PRMDHT A8) the same vehicle as TDR 'GR Supra' (toyota.gr_supra)? Verdict applies to the candidate shown on this row.",TOYOTA|KUN35R PRMDHT A8,KUN35R-PRMDHT  A8,TOYOTA,unmapped_name,,toyota.gr_supra,GR Supra,Toyota,CURRENT,COUPE,LEGACY_CANDIDATE;LEGACY_STORED;V1_POOL,PROPOSED,NAME,446,,0.0,0.4166666666666667,2021-02,2021-02,1,1,2021-02,EQUIVALENT,EXACT,CONTRADICTION,0.0,UNAVAILABLE,SER_NO_COMMON_WINDOW,,,,0,0,0,0,,,24,BRND_EXACT,NAME_ONLY_NOT_AUTO;SER_MISSING_ROW_SEMANTICS_UNCONFIRMED;SUBJ_UNMAPPED_NAME,NAME_CONTRADICTION;GEN_LIFECYCLE_DISJOINT,SER_NO_COMMON_WINDOW;ATTR_BODY_UNKNOWN,NO_CANDIDATE,NO_CANDIDATE_ALL_EXCLUDED,,,false,,true,,,,1,0,0,2021-02,2021-02,64,24,43,TOYOTA|GUN120R CTTSXT;TOYOTA|KUN15R PRMDYT A3;TOYOTA|KUN25R PRMSHT A4;TOYOTA|KUN26R PRASYT A8;TOYOTA|KUN26R PRPSYT A7;TOYOTA|KUN35R PRMDHT A6;TOYOTA|KUN35R PRMDHT A8;TOYOTA|KUN35R PRMSHT A5;TOYOTA|KUN35R PRMSHT A6;TOYOTA|KUN35R PRMSHT A8;TOYOTA|KUN35R URASHT AJ;TOYOTA|NCP93R BEPRKT A4;TOYOTA|TGN16R PRMSKT A7;TOYOTA|TGN16R PRMSKT A8;TOYOTA|TGN16R TRMDKT A7;TOYOTA|TGN16R URMDMT A7;TOYOTA|TGN16R URMDMT A8;TOYOTA|TGN40R GKPDKT AE;TOYOTA|TGN61R NKPSKT A3;TOYOTA|TGN61R NKPSKT A5;TOYOTA|TGN61R NKPSKT A8;toyota-gr-supra,toyota-gr-supra,,,,,
471,4,outcome changes materially under the common-overlap window,4,,0.9861,"Is Ice 'KUN35R-PRMSHT  A5' (TOYOTA, TOYOTA|KUN35R PRMSHT A5) the same vehicle as TDR 'GR Supra' (toyota.gr_supra)? Verdict applies to the candidate shown on this row.",TOYOTA|KUN35R PRMSHT A5,KUN35R-PRMSHT  A5,TOYOTA,unmapped_name,,toyota.gr_supra,GR Supra,Toyota,CURRENT,COUPE,LEGACY_CANDIDATE;LEGACY_STORED;V1_POOL,PROPOSED,NAME,447,,0.0,0.4166666666666667,2022-08,2022-08,1,1,2022-08,EQUIVALENT,EXACT,CONTRADICTION,0.0,UNAVAILABLE,SER_NO_COMMON_WINDOW,,,,0,0,0,0,,,24,BRND_EXACT,NAME_ONLY_NOT_AUTO;SER_MISSING_ROW_SEMANTICS_UNCONFIRMED;SUBJ_UNMAPPED_NAME,NAME_CONTRADICTION,SER_NO_COMMON_WINDOW;ATTR_BODY_UNKNOWN,NO_CANDIDATE,NO_CANDIDATE_ALL_EXCLUDED,,,false,,true,,,,1,0,0,2022-08,2022-08,64,24,43,TOYOTA|GUN120R CTTSXT;TOYOTA|KUN15R PRMDYT A3;TOYOTA|KUN25R PRMSHT A4;TOYOTA|KUN26R PRASYT A8;TOYOTA|KUN26R PRPSYT A7;TOYOTA|KUN35R PRMDHT A6;TOYOTA|KUN35R PRMDHT A8;TOYOTA|KUN35R PRMSHT A5;TOYOTA|KUN35R PRMSHT A6;TOYOTA|KUN35R PRMSHT A8;TOYOTA|KUN35R URASHT AJ;TOYOTA|NCP93R BEPRKT A4;TOYOTA|TGN16R PRMSKT A7;TOYOTA|TGN16R PRMSKT A8;TOYOTA|TGN16R TRMDKT A7;TOYOTA|TGN16R URMDMT A7;TOYOTA|TGN16R URMDMT A8;TOYOTA|TGN40R GKPDKT AE;TOYOTA|TGN61R NKPSKT A3;TOYOTA|TGN61R NKPSKT A5;TOYOTA|TGN61R NKPSKT A8;toyota-gr-supra,toyota-gr-supra,,,,,
472,4,outcome changes materially under the common-overlap window,4,,0.9861,"Is Ice 'KUN35R-PRMSHT  A6' (TOYOTA, TOYOTA|KUN35R PRMSHT A6) the same vehicle as TDR 'GR Supra' (toyota.gr_supra)? Verdict applies to the candidate shown on this row.",TOYOTA|KUN35R PRMSHT A6,KUN35R-PRMSHT  A6,TOYOTA,unmapped_name,,toyota.gr_supra,GR Supra,Toyota,CURRENT,COUPE,LEGACY_CANDIDATE;LEGACY_STORED;V1_POOL,PROPOSED,NAME,448,,0.0,0.4166666666666667,2021-08,2021-08,1,1,2021-08,EQUIVALENT,EXACT,CONTRADICTION,0.0,UNAVAILABLE,SER_NO_COMMON_WINDOW,,,,0,0,0,0,,,24,BRND_EXACT,NAME_ONLY_NOT_AUTO;SER_MISSING_ROW_SEMANTICS_UNCONFIRMED;SUBJ_UNMAPPED_NAME,NAME_CONTRADICTION,SER_NO_COMMON_WINDOW;ATTR_BODY_UNKNOWN,NO_CANDIDATE,NO_CANDIDATE_ALL_EXCLUDED,,,false,,true,,,,1,0,0,2021-08,2021-08,64,24,43,TOYOTA|GUN120R CTTSXT;TOYOTA|KUN15R PRMDYT A3;TOYOTA|KUN25R PRMSHT A4;TOYOTA|KUN26R PRASYT A8;TOYOTA|KUN26R PRPSYT A7;TOYOTA|KUN35R PRMDHT A6;TOYOTA|KUN35R PRMDHT A8;TOYOTA|KUN35R PRMSHT A5;TOYOTA|KUN35R PRMSHT A6;TOYOTA|KUN35R PRMSHT A8;TOYOTA|KUN35R URASHT AJ;TOYOTA|NCP93R BEPRKT A4;TOYOTA|TGN16R PRMSKT A7;TOYOTA|TGN16R PRMSKT A8;TOYOTA|TGN16R TRMDKT A7;TOYOTA|TGN16R URMDMT A7;TOYOTA|TGN16R URMDMT A8;TOYOTA|TGN40R GKPDKT AE;TOYOTA|TGN61R NKPSKT A3;TOYOTA|TGN61R NKPSKT A5;TOYOTA|TGN61R NKPSKT A8;toyota-gr-supra,toyota-gr-supra,,,,,
473,4,outcome changes materially under the common-overlap window,4,,0.9861,"Is Ice 'KUN35R-PRMSHT  A8' (TOYOTA, TOYOTA|KUN35R PRMSHT A8) the same vehicle as TDR 'GR Supra' (toyota.gr_supra)? Verdict applies to the candidate shown on this row.",TOYOTA|KUN35R PRMSHT A8,KUN35R-PRMSHT  A8,TOYOTA,unmapped_name,,toyota.gr_supra,GR Supra,Toyota,CURRENT,COUPE,LEGACY_CANDIDATE;LEGACY_STORED;V1_POOL,PROPOSED,NAME,449,,0.0,0.4166666666666667,2022-01,2022-01,1,1,2022-01,EQUIVALENT,EXACT,CONTRADICTION,0.0,UNAVAILABLE,SER_NO_COMMON_WINDOW,,,,0,0,0,0,,,24,BRND_EXACT,NAME_ONLY_NOT_AUTO;SER_MISSING_ROW_SEMANTICS_UNCONFIRMED;SUBJ_UNMAPPED_NAME,NAME_CONTRADICTION,SER_NO_COMMON_WINDOW;ATTR_BODY_UNKNOWN,NO_CANDIDATE,NO_CANDIDATE_ALL_EXCLUDED,,,false,,true,,,,1,0,0,2022-01,2022-01,64,24,43,TOYOTA|GUN120R CTTSXT;TOYOTA|KUN15R PRMDYT A3;TOYOTA|KUN25R PRMSHT A4;TOYOTA|KUN26R PRASYT A8;TOYOTA|KUN26R PRPSYT A7;TOYOTA|KUN35R PRMDHT A6;TOYOTA|KUN35R PRMDHT A8;TOYOTA|KUN35R PRMSHT A5;TOYOTA|KUN35R PRMSHT A6;TOYOTA|KUN35R PRMSHT A8;TOYOTA|KUN35R URASHT AJ;TOYOTA|NCP93R BEPRKT A4;TOYOTA|TGN16R PRMSKT A7;TOYOTA|TGN16R PRMSKT A8;TOYOTA|TGN16R TRMDKT A7;TOYOTA|TGN16R URMDMT A7;TOYOTA|TGN16R URMDMT A8;TOYOTA|TGN40R GKPDKT AE;TOYOTA|TGN61R NKPSKT A3;TOYOTA|TGN61R NKPSKT A5;TOYOTA|TGN61R NKPSKT A8;toyota-gr-supra,toyota-gr-supra,,,,,
474,4,outcome changes materially under the common-overlap window,4,,0.9861,"Is Ice 'KUN35R-URASHT  AJ' (TOYOTA, TOYOTA|KUN35R URASHT AJ) the same vehicle as TDR 'GR Supra' (toyota.gr_supra)? Verdict applies to the candidate shown on this row.",TOYOTA|KUN35R URASHT AJ,KUN35R-URASHT  AJ,TOYOTA,unmapped_name,,toyota.gr_supra,GR Supra,Toyota,CURRENT,COUPE,LEGACY_CANDIDATE;LEGACY_STORED;V1_POOL,PROPOSED,NAME,450,,0.0,0.4166666666666667,2021-08,2021-08,1,1,2021-08,EQUIVALENT,EXACT,CONTRADICTION,0.0,UNAVAILABLE,SER_NO_COMMON_WINDOW,,,,0,0,0,0,,,24,BRND_EXACT,NAME_ONLY_NOT_AUTO;SER_MISSING_ROW_SEMANTICS_UNCONFIRMED;SUBJ_UNMAPPED_NAME,NAME_CONTRADICTION,SER_NO_COMMON_WINDOW;ATTR_BODY_UNKNOWN,NO_CANDIDATE,NO_CANDIDATE_ALL_EXCLUDED,,,false,,true,,,,1,0,0,2021-08,2021-08,64,24,43,TOYOTA|GUN120R CTTSXT;TOYOTA|KUN15R PRMDYT A3;TOYOTA|KUN25R PRMSHT A4;TOYOTA|KUN26R PRASYT A8;TOYOTA|KUN26R PRPSYT A7;TOYOTA|KUN35R PRMDHT A6;TOYOTA|KUN35R PRMDHT A8;TOYOTA|KUN35R PRMSHT A5;TOYOTA|KUN35R PRMSHT A6;TOYOTA|KUN35R PRMSHT A8;TOYOTA|KUN35R URASHT AJ;TOYOTA|NCP93R BEPRKT A4;TOYOTA|TGN16R PRMSKT A7;TOYOTA|TGN16R PRMSKT A8;TOYOTA|TGN16R TRMDKT A7;TOYOTA|TGN16R URMDMT A7;TOYOTA|TGN16R URMDMT A8;TOYOTA|TGN40R GKPDKT AE;TOYOTA|TGN61R NKPSKT A3;TOYOTA|TGN61R NKPSKT A5;TOYOTA|TGN61R NKPSKT A8;toyota-gr-supra,toyota-gr-supra,"toyota.hilux_travo_cab (CONTRADICTION, UNAVAILABLE)",,,,
475,4,outcome changes materially under the common-overlap window,4,,0.9861,"Is Ice 'NCP93R-BEPRKT  A4' (TOYOTA, TOYOTA|NCP93R BEPRKT A4) the same vehicle as TDR 'GR Supra' (toyota.gr_supra)? Verdict applies to the candidate shown on this row.",TOYOTA|NCP93R BEPRKT A4,NCP93R-BEPRKT  A4,TOYOTA,unmapped_name,,toyota.gr_supra,GR Supra,Toyota,CURRENT,COUPE,LEGACY_CANDIDATE;LEGACY_STORED;V1_POOL,PROPOSED,NAME,451,,0.0,0.4166666666666667,2023-05,2023-05,1,1,2023-05,EQUIVALENT,EXACT,CONTRADICTION,0.0,UNAVAILABLE,SER_NO_COMMON_WINDOW,,,,0,0,0,0,,,24,BRND_EXACT,NAME_ONLY_NOT_AUTO;SER_MISSING_ROW_SEMANTICS_UNCONFIRMED;SUBJ_UNMAPPED_NAME,NAME_CONTRADICTION,SER_NO_COMMON_WINDOW;ATTR_BODY_UNKNOWN,NO_CANDIDATE,NO_CANDIDATE_ALL_EXCLUDED,,,false,,true,,,,1,0,0,2023-05,2023-05,64,24,43,TOYOTA|GUN120R CTTSXT;TOYOTA|KUN15R PRMDYT A3;TOYOTA|KUN25R PRMSHT A4;TOYOTA|KUN26R PRASYT A8;TOYOTA|KUN26R PRPSYT A7;TOYOTA|KUN35R PRMDHT A6;TOYOTA|KUN35R PRMDHT A8;TOYOTA|KUN35R PRMSHT A5;TOYOTA|KUN35R PRMSHT A6;TOYOTA|KUN35R PRMSHT A8;TOYOTA|KUN35R URASHT AJ;TOYOTA|NCP93R BEPRKT A4;TOYOTA|TGN16R PRMSKT A7;TOYOTA|TGN16R PRMSKT A8;TOYOTA|TGN16R TRMDKT A7;TOYOTA|TGN16R URMDMT A7;TOYOTA|TGN16R URMDMT A8;TOYOTA|TGN40R GKPDKT AE;TOYOTA|TGN61R NKPSKT A3;TOYOTA|TGN61R NKPSKT A5;TOYOTA|TGN61R NKPSKT A8;toyota-gr-supra,toyota-gr-supra,,,,,
476,4,outcome changes materially under the common-overlap window,4,,0.9861,"Is Ice 'TGN16R-TRMDKT  A7' (TOYOTA, TOYOTA|TGN16R TRMDKT A7) the same vehicle as TDR 'GR Supra' (toyota.gr_supra)? Verdict applies to the candidate shown on this row.",TOYOTA|TGN16R TRMDKT A7,TGN16R-TRMDKT  A7,TOYOTA,unmapped_name,,toyota.gr_supra,GR Supra,Toyota,CURRENT,COUPE,LEGACY_CANDIDATE;LEGACY_STORED;V1_POOL,PROPOSED,NAME,453,,0.0,0.4166666666666667,2022-04,2022-04,1,1,2022-04,EQUIVALENT,EXACT,CONTRADICTION,0.0,UNAVAILABLE,SER_NO_COMMON_WINDOW,,,,0,0,0,0,,,24,BRND_EXACT,NAME_ONLY_NOT_AUTO;SER_MISSING_ROW_SEMANTICS_UNCONFIRMED;SUBJ_UNMAPPED_NAME,NAME_CONTRADICTION,SER_NO_COMMON_WINDOW;ATTR_BODY_UNKNOWN,NO_CANDIDATE,NO_CANDIDATE_ALL_EXCLUDED,,,false,,true,,,,1,0,0,2022-04,2022-04,64,24,43,TOYOTA|GUN120R CTTSXT;TOYOTA|KUN15R PRMDYT A3;TOYOTA|KUN25R PRMSHT A4;TOYOTA|KUN26R PRASYT A8;TOYOTA|KUN26R PRPSYT A7;TOYOTA|KUN35R PRMDHT A6;TOYOTA|KUN35R PRMDHT A8;TOYOTA|KUN35R PRMSHT A5;TOYOTA|KUN35R PRMSHT A6;TOYOTA|KUN35R PRMSHT A8;TOYOTA|KUN35R URASHT AJ;TOYOTA|NCP93R BEPRKT A4;TOYOTA|TGN16R PRMSKT A7;TOYOTA|TGN16R PRMSKT A8;TOYOTA|TGN16R TRMDKT A7;TOYOTA|TGN16R URMDMT A7;TOYOTA|TGN16R URMDMT A8;TOYOTA|TGN40R GKPDKT AE;TOYOTA|TGN61R NKPSKT A3;TOYOTA|TGN61R NKPSKT A5;TOYOTA|TGN61R NKPSKT A8;toyota-gr-supra,toyota-gr-supra,,,,,
477,4,outcome changes materially under the common-overlap window,4,,0.9861,"Is Ice 'TGN40R-GKPDKT  AE' (TOYOTA, TOYOTA|TGN40R GKPDKT AE) the same vehicle as TDR 'GR Supra' (toyota.gr_supra)? Verdict applies to the candidate shown on this row.",TOYOTA|TGN40R GKPDKT AE,TGN40R-GKPDKT  AE,TOYOTA,unmapped_name,,toyota.gr_supra,GR Supra,Toyota,CURRENT,COUPE,LEGACY_CANDIDATE;LEGACY_STORED;V1_POOL,PROPOSED,NAME,454,,0.0,0.4166666666666667,2021-06,2021-06,1,1,2021-06,EQUIVALENT,EXACT,CONTRADICTION,0.0,UNAVAILABLE,SER_NO_COMMON_WINDOW,,,,0,0,0,0,,,24,BRND_EXACT,NAME_ONLY_NOT_AUTO;SER_MISSING_ROW_SEMANTICS_UNCONFIRMED;SUBJ_UNMAPPED_NAME,NAME_CONTRADICTION;GEN_LIFECYCLE_DISJOINT,SER_NO_COMMON_WINDOW;ATTR_BODY_UNKNOWN,NO_CANDIDATE,NO_CANDIDATE_ALL_EXCLUDED,,,false,,true,,,,1,0,0,2021-06,2021-06,64,24,43,TOYOTA|GUN120R CTTSXT;TOYOTA|KUN15R PRMDYT A3;TOYOTA|KUN25R PRMSHT A4;TOYOTA|KUN26R PRASYT A8;TOYOTA|KUN26R PRPSYT A7;TOYOTA|KUN35R PRMDHT A6;TOYOTA|KUN35R PRMDHT A8;TOYOTA|KUN35R PRMSHT A5;TOYOTA|KUN35R PRMSHT A6;TOYOTA|KUN35R PRMSHT A8;TOYOTA|KUN35R URASHT AJ;TOYOTA|NCP93R BEPRKT A4;TOYOTA|TGN16R PRMSKT A7;TOYOTA|TGN16R PRMSKT A8;TOYOTA|TGN16R TRMDKT A7;TOYOTA|TGN16R URMDMT A7;TOYOTA|TGN16R URMDMT A8;TOYOTA|TGN40R GKPDKT AE;TOYOTA|TGN61R NKPSKT A3;TOYOTA|TGN61R NKPSKT A5;TOYOTA|TGN61R NKPSKT A8;toyota-gr-supra,toyota-gr-supra,,,,,
478,4,outcome changes materially under the common-overlap window,4,,0.9861,"Is Ice 'TGN61R-NKPSKT  A3' (TOYOTA, TOYOTA|TGN61R NKPSKT A3) the same vehicle as TDR 'GR Supra' (toyota.gr_supra)? Verdict applies to the candidate shown on this row.",TOYOTA|TGN61R NKPSKT A3,TGN61R-NKPSKT  A3,TOYOTA,unmapped_name,,toyota.gr_supra,GR Supra,Toyota,CURRENT,COUPE,LEGACY_CANDIDATE;LEGACY_STORED;V1_POOL,PROPOSED,NAME,455,,0.0,0.4166666666666667,2021-09,2021-09,1,1,2021-09,EQUIVALENT,EXACT,CONTRADICTION,0.0,UNAVAILABLE,SER_NO_COMMON_WINDOW,,,,0,0,0,0,,,24,BRND_EXACT,NAME_ONLY_NOT_AUTO;SER_MISSING_ROW_SEMANTICS_UNCONFIRMED;SUBJ_UNMAPPED_NAME,NAME_CONTRADICTION,SER_NO_COMMON_WINDOW;ATTR_BODY_UNKNOWN,NO_CANDIDATE,NO_CANDIDATE_ALL_EXCLUDED,,,false,,true,,,,1,0,0,2021-09,2021-09,64,24,43,TOYOTA|GUN120R CTTSXT;TOYOTA|KUN15R PRMDYT A3;TOYOTA|KUN25R PRMSHT A4;TOYOTA|KUN26R PRASYT A8;TOYOTA|KUN26R PRPSYT A7;TOYOTA|KUN35R PRMDHT A6;TOYOTA|KUN35R PRMDHT A8;TOYOTA|KUN35R PRMSHT A5;TOYOTA|KUN35R PRMSHT A6;TOYOTA|KUN35R PRMSHT A8;TOYOTA|KUN35R URASHT AJ;TOYOTA|NCP93R BEPRKT A4;TOYOTA|TGN16R PRMSKT A7;TOYOTA|TGN16R PRMSKT A8;TOYOTA|TGN16R TRMDKT A7;TOYOTA|TGN16R URMDMT A7;TOYOTA|TGN16R URMDMT A8;TOYOTA|TGN40R GKPDKT AE;TOYOTA|TGN61R NKPSKT A3;TOYOTA|TGN61R NKPSKT A5;TOYOTA|TGN61R NKPSKT A8;toyota-gr-supra,toyota-gr-supra,,,,,
479,4,outcome changes materially under the common-overlap window,4,,0.9861,"Is Ice 'TGN61R-NKPSKT  A5' (TOYOTA, TOYOTA|TGN61R NKPSKT A5) the same vehicle as TDR 'GR Supra' (toyota.gr_supra)? Verdict applies to the candidate shown on this row.",TOYOTA|TGN61R NKPSKT A5,TGN61R-NKPSKT  A5,TOYOTA,unmapped_name,,toyota.gr_supra,GR Supra,Toyota,CURRENT,COUPE,LEGACY_CANDIDATE;LEGACY_STORED;V1_POOL,PROPOSED,NAME,456,,0.0,0.4166666666666667,2024-04,2024-04,1,1,2024-04,EQUIVALENT,EXACT,CONTRADICTION,0.0,UNAVAILABLE,SER_NO_COMMON_WINDOW,,,,0,0,0,0,,,24,BRND_EXACT,NAME_ONLY_NOT_AUTO;SER_MISSING_ROW_SEMANTICS_UNCONFIRMED;SUBJ_UNMAPPED_NAME,NAME_CONTRADICTION,SER_NO_COMMON_WINDOW;ATTR_BODY_UNKNOWN,NO_CANDIDATE,NO_CANDIDATE_ALL_EXCLUDED,,,false,,true,,,,1,0,0,2024-04,2024-04,64,24,43,TOYOTA|GUN120R CTTSXT;TOYOTA|KUN15R PRMDYT A3;TOYOTA|KUN25R PRMSHT A4;TOYOTA|KUN26R PRASYT A8;TOYOTA|KUN26R PRPSYT A7;TOYOTA|KUN35R PRMDHT A6;TOYOTA|KUN35R PRMDHT A8;TOYOTA|KUN35R PRMSHT A5;TOYOTA|KUN35R PRMSHT A6;TOYOTA|KUN35R PRMSHT A8;TOYOTA|KUN35R URASHT AJ;TOYOTA|NCP93R BEPRKT A4;TOYOTA|TGN16R PRMSKT A7;TOYOTA|TGN16R PRMSKT A8;TOYOTA|TGN16R TRMDKT A7;TOYOTA|TGN16R URMDMT A7;TOYOTA|TGN16R URMDMT A8;TOYOTA|TGN40R GKPDKT AE;TOYOTA|TGN61R NKPSKT A3;TOYOTA|TGN61R NKPSKT A5;TOYOTA|TGN61R NKPSKT A8;toyota-gr-supra,toyota-gr-supra,,,,,
480,4,outcome changes materially under the common-overlap window,4,,0.9861,"Is Ice 'TGN61R-NKPSKT  A8' (TOYOTA, TOYOTA|TGN61R NKPSKT A8) the same vehicle as TDR 'GR Supra' (toyota.gr_supra)? Verdict applies to the candidate shown on this row.",TOYOTA|TGN61R NKPSKT A8,TGN61R-NKPSKT  A8,TOYOTA,unmapped_name,,toyota.gr_supra,GR Supra,Toyota,CURRENT,COUPE,LEGACY_CANDIDATE;LEGACY_STORED;V1_POOL,PROPOSED,NAME,457,,0.0,0.4166666666666667,2021-03,2021-03,1,1,2021-03,EQUIVALENT,EXACT,CONTRADICTION,0.0,UNAVAILABLE,SER_NO_COMMON_WINDOW,,,,0,0,0,0,,,24,BRND_EXACT,NAME_ONLY_NOT_AUTO;SER_MISSING_ROW_SEMANTICS_UNCONFIRMED;SUBJ_UNMAPPED_NAME,NAME_CONTRADICTION;GEN_LIFECYCLE_DISJOINT,SER_NO_COMMON_WINDOW;ATTR_BODY_UNKNOWN,NO_CANDIDATE,NO_CANDIDATE_ALL_EXCLUDED,,,false,,true,,,,1,0,0,2021-03,2021-03,64,24,43,TOYOTA|GUN120R CTTSXT;TOYOTA|KUN15R PRMDYT A3;TOYOTA|KUN25R PRMSHT A4;TOYOTA|KUN26R PRASYT A8;TOYOTA|KUN26R PRPSYT A7;TOYOTA|KUN35R PRMDHT A6;TOYOTA|KUN35R PRMDHT A8;TOYOTA|KUN35R PRMSHT A5;TOYOTA|KUN35R PRMSHT A6;TOYOTA|KUN35R PRMSHT A8;TOYOTA|KUN35R URASHT AJ;TOYOTA|NCP93R BEPRKT A4;TOYOTA|TGN16R PRMSKT A7;TOYOTA|TGN16R PRMSKT A8;TOYOTA|TGN16R TRMDKT A7;TOYOTA|TGN16R URMDMT A7;TOYOTA|TGN16R URMDMT A8;TOYOTA|TGN40R GKPDKT AE;TOYOTA|TGN61R NKPSKT A3;TOYOTA|TGN61R NKPSKT A5;TOYOTA|TGN61R NKPSKT A8;toyota-gr-supra,toyota-gr-supra,,,,,
481,4,outcome changes materially under the common-overlap window,4,,0.9861,"Is Ice 'TUNDRA 3.5L' (TOYOTA, TOYOTA|TUNDRA 3 5L) the same vehicle as TDR 'Fortuner' (toyota.fortuner)? Verdict applies to the candidate shown on this row.",TOYOTA|TUNDRA 3 5L,TUNDRA 3.5L,TOYOTA,unmapped_name,,toyota.fortuner,Fortuner,Toyota,CURRENT,PPV,LEGACY_CANDIDATE;LEGACY_STORED;V1_POOL,PROPOSED,NAME,458,,1276.0,0.42105263157894735,2024-07,2024-07,1,0,,EQUIVALENT,EXACT,CONTRADICTION,0.0,UNAVAILABLE,SER_OVERLAP_BELOW_PROPOSE_MIN,,,,1,1,1.0,1276.0,2024-07,2024-07,24,BRND_EXACT,NAME_ONLY_NOT_AUTO;SER_MISSING_ROW_SEMANTICS_UNCONFIRMED;SUBJ_UNMAPPED_NAME,NAME_CONTRADICTION,SER_OVERLAP_BELOW_PROPOSE_MIN;ATTR_BODY_UNKNOWN,NO_CANDIDATE,NO_CANDIDATE_ALL_EXCLUDED,,,false,,true,,,,1,0,0,2024-07,2024-07,113820,13822,27595,TOYOTA|1 8ESPORT;TOYOTA|CENTURY;TOYOTA|COMUTER;TOYOTA|TUNDRA 3 5L;toyota-fortuner,toyota-fortuner,"toyota.land_cruiser_300 (CONTRADICTION, UNAVAILABLE)",,,,
482,4,outcome changes materially under the common-overlap window,4,,0.9861,"Is Ice 'YN85R-TRMRST' (TOYOTA, TOYOTA|YN85R TRMRST) the same vehicle as TDR 'Yaris Ativ' (toyota.yaris_ativ)? Verdict applies to the candidate shown on this row.",TOYOTA|YN85R TRMRST,YN85R-TRMRST,TOYOTA,unmapped_name,,toyota.yaris_ativ,Yaris Ativ,Toyota,CURRENT,SEDAN,LEGACY_CANDIDATE;LEGACY_STORED;V1_POOL,PROPOSED,NAME,459,,4554.0,0.36363636363636365,2023-01,2023-01,1,0,,EQUIVALENT,EXACT,CONTRADICTION,0.0,UNAVAILABLE,SER_OVERLAP_BELOW_PROPOSE_MIN,,,,1,1,1.0,4554.0,2023-01,2023-01,24,BRND_EXACT,NAME_ONLY_NOT_AUTO;SER_MISSING_ROW_SEMANTICS_UNCONFIRMED;SUBJ_UNMAPPED_NAME,NAME_CONTRADICTION,SER_OVERLAP_BELOW_PROPOSE_MIN;ATTR_BODY_UNKNOWN,NO_CANDIDATE,NO_CANDIDATE_ALL_EXCLUDED,,,false,,true,,,,1,0,0,2023-01,2023-01,251114,65596,115077,TOYOTA|YN85R TRMRST;toyota-esquire-gi-7-seats__provisional;toyota-yaris-ativ,toyota-yaris-ativ,"toyota.yaris (CONTRADICTION, UNAVAILABLE)",,,,
483,4,outcome changes materially under the common-overlap window,4,,0.9861,"Is Ice 'V40' (VOLVO, VOLVO|V40) the same vehicle as TDR 'XC40' (volvo.xc40)? Verdict applies to the candidate shown on this row.",VOLVO|V40,V40,VOLVO,unmapped_name,,volvo.xc40,XC40,Volvo,CURRENT,CROSSOVER,LEGACY_CANDIDATE;LEGACY_STORED;V1_POOL,PROPOSED,NAME,460,,181.0,0.5714285714285714,2022-03,2022-03,1,0,,EQUIVALENT,EXACT,CONTRADICTION,0.0,UNAVAILABLE,SER_OVERLAP_BELOW_PROPOSE_MIN,,,,1,1,1.0,181.0,2022-03,2022-03,24,BRND_EXACT,NAME_ONLY_NOT_AUTO;SER_MISSING_ROW_SEMANTICS_UNCONFIRMED;SUBJ_UNMAPPED_NAME,NAME_CONTRADICTION,SER_OVERLAP_BELOW_PROPOSE_MIN;ATTR_BODY_UNKNOWN,NO_CANDIDATE,NO_CANDIDATE_ALL_EXCLUDED,,,false,,true,,,,1,0,0,2022-03,2022-03,4445,49,332,VOLVO|V40;volvo-volvo-ec40-c40,,"volvo.v60 (CONTRADICTION, UNAVAILABLE) | volvo.ec40 (CONTRADICTION, UNAVAILABLE) | volvo.ex40 (CONTRADICTION, UNAVAILABLE)",,,,
484,4,outcome changes materially under the common-overlap window,4,,0.9861,"Is Ice 'V50 2.0' (VOLVO, VOLVO|V50 2 0) the same vehicle as TDR 'V60' (volvo.v60)? Verdict applies to the candidate shown on this row.",VOLVO|V50 2 0,V50 2.0,VOLVO,unmapped_name,,volvo.v60,V60,Volvo,CURRENT,WAGON,LEGACY_CANDIDATE;LEGACY_STORED;V1_POOL,PROPOSED,NAME,461,,24.0,0.4,2021-06,2021-06,1,0,,EQUIVALENT,EXACT,CONTRADICTION,0.0,UNAVAILABLE,SER_OVERLAP_BELOW_PROPOSE_MIN,,,,1,1,1.0,24.0,2021-06,2021-06,24,BRND_EXACT,NAME_ONLY_NOT_AUTO;SER_MISSING_ROW_SEMANTICS_UNCONFIRMED;SUBJ_UNMAPPED_NAME,NAME_CONTRADICTION;GEN_LIFECYCLE_DISJOINT,SER_OVERLAP_BELOW_PROPOSE_MIN;ATTR_BODY_UNKNOWN,NO_CANDIDATE,NO_CANDIDATE_ALL_EXCLUDED,,,false,,true,,,,1,0,0,2021-06,2021-06,1161,45,210,VOLVO|V50 2 0;VOLVO|V90;volvo-volvo-v60,volvo-volvo-v60,,,,,
485,4,outcome changes materially under the common-overlap window,4,,0.9861,"Is Ice 'WULING MINI' (WULING, WULING|WULING MINI) the same vehicle as TDR 'Wuling Bingo' (wuling.wuling_bingo)? Verdict applies to the candidate shown on this row.",WULING|WULING MINI,WULING MINI,WULING,unmapped_name,,wuling.wuling_bingo,Wuling Bingo,Wuling,CURRENT,HATCHBACK,LEGACY_CANDIDATE;LEGACY_STORED;V1_POOL,PROPOSED,NAME,462,,0.0,0.4444444444444444,2022-10,2022-10,1,1,2022-10,EQUIVALENT,EXACT,CONTRADICTION,0.0,UNAVAILABLE,SER_NO_COMMON_WINDOW,,,,0,0,0,0,,,24,BRND_EXACT,NAME_ONLY_NOT_AUTO;SER_MISSING_ROW_SEMANTICS_UNCONFIRMED;SUBJ_UNMAPPED_NAME,NAME_CONTRADICTION;GEN_LIFECYCLE_DISJOINT,SER_NO_COMMON_WINDOW;ATTR_BODY_UNKNOWN,NO_CANDIDATE,NO_CANDIDATE_ALL_EXCLUDED,,,false,,true,,,,1,0,0,2022-10,2022-10,1283,685,1278,WULING|BINGOU SRD;WULING|WULING MINI;wuling-binguo,,,,,,
486,4,outcome changes materially under the common-overlap window,4,,0.9861,"Is Ice 'A3 SALOON 35 TFSI' (AUDI, audi-a3-saloon-35-tfsi__provisional) the same vehicle as TDR 'Audi e-tron GT' (audi.etron_gt)? Verdict applies to the candidate shown on this row.",audi-a3-saloon-35-tfsi__provisional,A3 SALOON 35 TFSI,AUDI,provisional,,audi.etron_gt,Audi e-tron GT,Audi,CURRENT,SEDAN,LEGACY_CANDIDATE;LEGACY_STORED;V1_POOL,PROPOSED,NAME,463,,2.0,0.38461538461538464,2023-07,2023-07,1,0,,EQUIVALENT,EXACT,CONTRADICTION,0.0,UNAVAILABLE,SER_OVERLAP_BELOW_PROPOSE_MIN,,,,1,1,1.0,2.0,2023-07,2023-07,24,BRND_EXACT,NAME_ONLY_NOT_AUTO;SER_MISSING_ROW_SEMANTICS_UNCONFIRMED;SUBJ_PROVISIONAL,NAME_CONTRADICTION,SER_OVERLAP_BELOW_PROPOSE_MIN;ATTR_BODY_UNKNOWN;SUBJ_PROVISIONAL,NO_CANDIDATE,NO_CANDIDATE_ALL_EXCLUDED,,,false,,true,,,,1,0,0,2023-07,2023-07,57,5,12,audi-a3-saloon-35-tfsi__provisional,,,,,,
487,4,outcome changes materially under the common-overlap window,4,,0.9861,"Is Ice 'R8 COUPE V10' (AUDI, audi-r8-coupe-v10__provisional) the same vehicle as TDR 'Audi Q8 e-tron' (audi.q8_etron)? Verdict applies to the candidate shown on this row.",audi-r8-coupe-v10__provisional,R8 COUPE V10,AUDI,provisional,,audi.q8_etron,Audi Q8 e-tron,Audi,CURRENT,CROSSOVER,LEGACY_CANDIDATE;LEGACY_STORED;V1_POOL,PROPOSED,NAME,464,,16.0,0.38095238095238093,2024-03,2024-03,1,0,,EQUIVALENT,EXACT,CONTRADICTION,0.0,UNAVAILABLE,SER_OVERLAP_BELOW_PROPOSE_MIN,,,,1,1,1.0,16.0,2024-03,2024-03,24,BRND_EXACT,NAME_ONLY_NOT_AUTO;SER_MISSING_ROW_SEMANTICS_UNCONFIRMED;SUBJ_PROVISIONAL,NAME_CONTRADICTION,SER_OVERLAP_BELOW_PROPOSE_MIN;ATTR_BODY_UNKNOWN;SUBJ_PROVISIONAL,NO_CANDIDATE,NO_CANDIDATE_ALL_EXCLUDED,,,false,,true,,,,1,0,0,2024-03,2024-03,121,33,79,AUDI|R8 SPYDER V10;audi-audi-e-tron;audi-audi-q8;audi-r8-coupe-v10-performance__provisional;audi-r8-coupe-v10__provisional;audi-r8-spyder-v10-performance__provisional;audi-sq8-vorsprung-tdi-quattro__provisional,audi-audi-q8,,,,,
488,4,outcome changes materially under the common-overlap window,4,,0.9861,"Is Ice 'R8 SPYDER V10 PERFORMANCE' (AUDI, audi-r8-spyder-v10-performance__provisional) the same vehicle as TDR 'Audi Q8 e-tron' (audi.q8_etron)? Verdict applies to the candidate shown on this row.",audi-r8-spyder-v10-performance__provisional,R8 SPYDER V10 PERFORMANCE,AUDI,provisional,,audi.q8_etron,Audi Q8 e-tron,Audi,CURRENT,CROSSOVER,LEGACY_CANDIDATE;LEGACY_STORED;V1_POOL,PROPOSED,NAME,465,,0.0,0.4117647058823529,2022-05,2022-05,1,1,2022-05,EQUIVALENT,EXACT,CONTRADICTION,0.0,UNAVAILABLE,SER_NO_COMMON_WINDOW,,,,0,0,0,0,,,24,BRND_EXACT,NAME_ONLY_NOT_AUTO;SER_MISSING_ROW_SEMANTICS_UNCONFIRMED;SUBJ_PROVISIONAL,NAME_CONTRADICTION,SER_NO_COMMON_WINDOW;ATTR_BODY_UNKNOWN;SUBJ_PROVISIONAL,NO_CANDIDATE,NO_CANDIDATE_ALL_EXCLUDED,,,false,,true,,,,1,0,0,2022-05,2022-05,121,33,79,AUDI|R8 SPYDER V10;audi-audi-e-tron;audi-audi-q8;audi-r8-coupe-v10-performance__provisional;audi-r8-coupe-v10__provisional;audi-r8-spyder-v10-performance__provisional;audi-sq8-vorsprung-tdi-quattro__provisional,audi-audi-q8,"audi.q6_etron (CONTRADICTION, UNAVAILABLE)",,,,
489,4,outcome changes materially under the common-overlap window,4,,0.9861,"Is Ice 'S8 TFSI QUATTRO' (AUDI, audi-s8-tfsi-quattro__provisional) the same vehicle as TDR 'Audi e-tron' (audi.etron)? Verdict applies to the candidate shown on this row.",audi-s8-tfsi-quattro__provisional,S8 TFSI QUATTRO,AUDI,provisional,,audi.etron,Audi e-tron,Audi,HISTORICAL,CROSSOVER,LEGACY_CANDIDATE;LEGACY_STORED;V1_POOL,PROPOSED,NAME,466,,4.0,0.38095238095238093,2022-01,2022-01,1,0,,EQUIVALENT,EXACT,CONTRADICTION,0.0,UNAVAILABLE,SER_OVERLAP_BELOW_PROPOSE_MIN,,,,1,1,1.0,4.0,2022-01,2022-01,24,BRND_EXACT,NAME_ONLY_NOT_AUTO;SER_MISSING_ROW_SEMANTICS_UNCONFIRMED;SUBJ_PROVISIONAL,NAME_CONTRADICTION,SER_OVERLAP_BELOW_PROPOSE_MIN;ATTR_BODY_UNKNOWN;SUBJ_PROVISIONAL,NO_CANDIDATE,NO_CANDIDATE_ALL_EXCLUDED,,,false,,true,,,,1,0,0,2022-01,2022-01,108,0,4,audi-s8-tfsi-quattro__provisional,audi-audi-e-tron,"audi.q8_etron (CONTRADICTION, UNAVAILABLE)",,,,
490,4,outcome changes materially under the common-overlap window,4,,0.9861,"Is Ice 'SQ8 VORSPRUNG TDI QUATTRO' (AUDI, audi-sq8-vorsprung-tdi-quattro__provisional) the same vehicle as TDR 'Audi Q8 e-tron' (audi.q8_etron)? Verdict applies to the candidate shown on this row.",audi-sq8-vorsprung-tdi-quattro__provisional,SQ8 VORSPRUNG TDI QUATTRO,AUDI,provisional,,audi.q8_etron,Audi Q8 e-tron,Audi,CURRENT,CROSSOVER,LEGACY_CANDIDATE;LEGACY_STORED;V1_POOL,PROPOSED,NAME,467,,0.0,0.4117647058823529,2021-03,2021-03,1,1,2021-03,EQUIVALENT,EXACT,CONTRADICTION,0.0,UNAVAILABLE,SER_NO_COMMON_WINDOW,,,,0,0,0,0,,,24,BRND_EXACT,NAME_ONLY_NOT_AUTO;SER_MISSING_ROW_SEMANTICS_UNCONFIRMED;SUBJ_PROVISIONAL,NAME_CONTRADICTION;GEN_LIFECYCLE_DISJOINT,SER_NO_COMMON_WINDOW;ATTR_BODY_UNKNOWN;SUBJ_PROVISIONAL,NO_CANDIDATE,NO_CANDIDATE_ALL_EXCLUDED,,,false,,true,,,,1,0,0,2021-03,2021-03,121,33,79,AUDI|R8 SPYDER V10;audi-audi-e-tron;audi-audi-q8;audi-r8-coupe-v10-performance__provisional;audi-r8-coupe-v10__provisional;audi-r8-spyder-v10-performance__provisional;audi-sq8-vorsprung-tdi-quattro__provisional,audi-audi-q8,"audi.q6_etron (CONTRADICTION, UNAVAILABLE)",,,,
491,4,outcome changes materially under the common-overlap window,4,,0.9861,"Is Ice '420D GRAN COUPE RHD' (BMW, bmw-420d-gran-coupe-rhd__provisional) the same vehicle as TDR '2 Series Gran Coupe' (bmw.2_series_gran_coupe)? Verdict applies to the candidate shown on this row.",bmw-420d-gran-coupe-rhd__provisional,420D GRAN COUPE RHD,BMW,provisional,Sedan,bmw.2_series_gran_coupe,2 Series Gran Coupe,BMW,CURRENT,SEDAN,LEGACY_CANDIDATE;LEGACY_STORED;V1_POOL,PROPOSED,NAME,468,,29.0,0.631578947368421,2021-04,2021-04,1,0,,EQUIVALENT,EXACT,SIBLING,0.571429,UNAVAILABLE,SER_OVERLAP_BELOW_PROPOSE_MIN,,,,1,1,1.0,29.0,2021-04,2021-04,24,BRND_EXACT,NAME_ONLY_NOT_AUTO;SER_MISSING_ROW_SEMANTICS_UNCONFIRMED;SUBJ_PROVISIONAL,NAME_SIBLING_VARIANT;GEN_LIFECYCLE_DISJOINT,SER_OVERLAP_BELOW_PROPOSE_MIN;SUBJ_PROVISIONAL,NO_CANDIDATE,NO_CANDIDATE_ALL_EXCLUDED,,,false,,true,,,,1,0,0,2021-04,2021-04,5197,639,1359,BMW|318D M SPORT SALOON MANUAL;BMW|I8 ROADSTER RHD;bmw-420d-coupe-rhd__provisional;bmw-420d-gran-coupe-rhd__provisional;bmw-840d-xdrive-coupe__provisional;bmw-840d-xdrive-m-coupe__provisional;bmw-840i-m-sport-coupe__provisional;bmw-840i-m-sport-gran-coupe__provisional;bmw-bmw-2-series;bmw-m8-competition-coupe__provisional;bmw-m8-coupe-rhd__provisional;bmw-m8-gran-coupe-rhd__provisional;bmw-m850i-xdrive-coupe-rhd__provisional,bmw-bmw-2-series,,,,,
492,4,outcome changes materially under the common-overlap window,4,,0.9861,"Is Ice '840D XDRIVE M COUPE' (BMW, bmw-840d-xdrive-m-coupe__provisional) the same vehicle as TDR '2 Series Gran Coupe' (bmw.2_series_gran_coupe)? Verdict applies to the candidate shown on this row.",bmw-840d-xdrive-m-coupe__provisional,840D XDRIVE M COUPE,BMW,provisional,Sedan,bmw.2_series_gran_coupe,2 Series Gran Coupe,BMW,CURRENT,SEDAN,LEGACY_CANDIDATE;LEGACY_STORED;V1_POOL,PROPOSED,NAME,469,,135.0,0.5789473684210527,2022-08,2022-08,1,0,,EQUIVALENT,EXACT,SIBLING,0.285714,UNAVAILABLE,SER_OVERLAP_BELOW_PROPOSE_MIN,,,,1,1,1.0,135.0,2022-08,2022-08,24,BRND_EXACT,NAME_ONLY_NOT_AUTO;SER_MISSING_ROW_SEMANTICS_UNCONFIRMED;SUBJ_PROVISIONAL,NAME_SIBLING_VARIANT,SER_OVERLAP_BELOW_PROPOSE_MIN;SUBJ_PROVISIONAL,NO_CANDIDATE,NO_CANDIDATE_ALL_EXCLUDED,,,false,,true,,,,1,0,0,2022-08,2022-08,5197,639,1359,BMW|318D M SPORT SALOON MANUAL;BMW|I8 ROADSTER RHD;bmw-420d-coupe-rhd__provisional;bmw-420d-gran-coupe-rhd__provisional;bmw-840d-xdrive-coupe__provisional;bmw-840d-xdrive-m-coupe__provisional;bmw-840i-m-sport-coupe__provisional;bmw-840i-m-sport-gran-coupe__provisional;bmw-bmw-2-series;bmw-m8-competition-coupe__provisional;bmw-m8-coupe-rhd__provisional;bmw-m8-gran-coupe-rhd__provisional;bmw-m850i-xdrive-coupe-rhd__provisional,bmw-bmw-2-series,"bmw.4_series (CONTRADICTION, UNAVAILABLE)",,,,
493,4,outcome changes materially under the common-overlap window,4,,0.9861,"Is Ice '840i M SPORT GRAN COUPE' (BMW, bmw-840i-m-sport-gran-coupe__provisional) the same vehicle as TDR '2 Series Gran Coupe' (bmw.2_series_gran_coupe)? Verdict applies to the candidate shown on this row.",bmw-840i-m-sport-gran-coupe__provisional,840i M SPORT GRAN COUPE,BMW,provisional,Sedan,bmw.2_series_gran_coupe,2 Series Gran Coupe,BMW,CURRENT,SEDAN,LEGACY_CANDIDATE;LEGACY_STORED;V1_POOL,PROPOSED,NAME,471,,107.0,0.6666666666666666,2023-01,2023-01,1,0,,EQUIVALENT,EXACT,SIBLING,0.5,UNAVAILABLE,SER_OVERLAP_BELOW_PROPOSE_MIN,,,,1,1,1.0,107.0,2023-01,2023-01,24,BRND_EXACT,NAME_ONLY_NOT_AUTO;SER_MISSING_ROW_SEMANTICS_UNCONFIRMED;SUBJ_PROVISIONAL,NAME_SIBLING_VARIANT,SER_OVERLAP_BELOW_PROPOSE_MIN;SUBJ_PROVISIONAL,NO_CANDIDATE,NO_CANDIDATE_ALL_EXCLUDED,,,false,,true,,,,1,0,0,2023-01,2023-01,5197,639,1359,BMW|318D M SPORT SALOON MANUAL;BMW|I8 ROADSTER RHD;bmw-420d-coupe-rhd__provisional;bmw-420d-gran-coupe-rhd__provisional;bmw-840d-xdrive-coupe__provisional;bmw-840d-xdrive-m-coupe__provisional;bmw-840i-m-sport-coupe__provisional;bmw-840i-m-sport-gran-coupe__provisional;bmw-bmw-2-series;bmw-m8-competition-coupe__provisional;bmw-m8-coupe-rhd__provisional;bmw-m8-gran-coupe-rhd__provisional;bmw-m850i-xdrive-coupe-rhd__provisional,bmw-bmw-2-series,,,,,
494,4,outcome changes materially under the common-overlap window,4,,0.9861,"Is Ice 'M8 COMPETITION COUPE' (BMW, bmw-m8-competition-coupe__provisional) the same vehicle as TDR '2 Series Gran Coupe' (bmw.2_series_gran_coupe)? Verdict applies to the candidate shown on this row.",bmw-m8-competition-coupe__provisional,M8 COMPETITION COUPE,BMW,provisional,Sedan,bmw.2_series_gran_coupe,2 Series Gran Coupe,BMW,CURRENT,SEDAN,LEGACY_CANDIDATE;LEGACY_STORED;V1_POOL,PROPOSED,NAME,472,,114.0,0.5128205128205128,2023-06,2023-06,1,0,,EQUIVALENT,EXACT,SIBLING,0.333333,UNAVAILABLE,SER_OVERLAP_BELOW_PROPOSE_MIN,,,,1,1,1.0,114.0,2023-06,2023-06,24,BRND_EXACT,NAME_ONLY_NOT_AUTO;SER_MISSING_ROW_SEMANTICS_UNCONFIRMED;SUBJ_PROVISIONAL,NAME_SIBLING_VARIANT,SER_OVERLAP_BELOW_PROPOSE_MIN;SUBJ_PROVISIONAL,NO_CANDIDATE,NO_CANDIDATE_ALL_EXCLUDED,,,false,,true,,,,1,0,0,2023-06,2023-06,5197,639,1359,BMW|318D M SPORT SALOON MANUAL;BMW|I8 ROADSTER RHD;bmw-420d-coupe-rhd__provisional;bmw-420d-gran-coupe-rhd__provisional;bmw-840d-xdrive-coupe__provisional;bmw-840d-xdrive-m-coupe__provisional;bmw-840i-m-sport-coupe__provisional;bmw-840i-m-sport-gran-coupe__provisional;bmw-bmw-2-series;bmw-m8-competition-coupe__provisional;bmw-m8-coupe-rhd__provisional;bmw-m8-gran-coupe-rhd__provisional;bmw-m850i-xdrive-coupe-rhd__provisional,bmw-bmw-2-series,,,,,
495,4,outcome changes materially under the common-overlap window,4,,0.9861,"Is Ice 'M8 Coupe RHD' (BMW, bmw-m8-coupe-rhd__provisional) the same vehicle as TDR '2 Series Gran Coupe' (bmw.2_series_gran_coupe)? Verdict applies to the candidate shown on this row.",bmw-m8-coupe-rhd__provisional,M8 Coupe RHD,BMW,provisional,Sedan,bmw.2_series_gran_coupe,2 Series Gran Coupe,BMW,CURRENT,SEDAN,LEGACY_CANDIDATE;LEGACY_STORED;V1_POOL,PROPOSED,NAME,473,,82.0,0.3870967741935484,2022-01,2022-01,1,0,,EQUIVALENT,EXACT,SIBLING,0.333333,UNAVAILABLE,SER_OVERLAP_BELOW_PROPOSE_MIN,,,,1,1,1.0,82.0,2022-01,2022-01,24,BRND_EXACT,NAME_ONLY_NOT_AUTO;SER_MISSING_ROW_SEMANTICS_UNCONFIRMED;SUBJ_PROVISIONAL,NAME_SIBLING_VARIANT;GEN_LIFECYCLE_DISJOINT,SER_OVERLAP_BELOW_PROPOSE_MIN;SUBJ_PROVISIONAL,NO_CANDIDATE,NO_CANDIDATE_ALL_EXCLUDED,,,false,,true,,,,1,0,0,2022-01,2022-01,5197,639,1359,BMW|318D M SPORT SALOON MANUAL;BMW|I8 ROADSTER RHD;bmw-420d-coupe-rhd__provisional;bmw-420d-gran-coupe-rhd__provisional;bmw-840d-xdrive-coupe__provisional;bmw-840d-xdrive-m-coupe__provisional;bmw-840i-m-sport-coupe__provisional;bmw-840i-m-sport-gran-coupe__provisional;bmw-bmw-2-series;bmw-m8-competition-coupe__provisional;bmw-m8-coupe-rhd__provisional;bmw-m8-gran-coupe-rhd__provisional;bmw-m850i-xdrive-coupe-rhd__provisional,bmw-bmw-2-series,,,,,
496,4,outcome changes materially under the common-overlap window,4,,0.9861,"Is Ice 'M8 Gran Coupe RHD' (BMW, bmw-m8-gran-coupe-rhd__provisional) the same vehicle as TDR '2 Series Gran Coupe' (bmw.2_series_gran_coupe)? Verdict applies to the candidate shown on this row.",bmw-m8-gran-coupe-rhd__provisional,M8 Gran Coupe RHD,BMW,provisional,Sedan,bmw.2_series_gran_coupe,2 Series Gran Coupe,BMW,CURRENT,SEDAN,LEGACY_CANDIDATE;LEGACY_STORED;V1_POOL,PROPOSED,NAME,474,,50.0,0.6111111111111112,2023-12,2023-12,1,0,,EQUIVALENT,EXACT,SIBLING,0.571429,UNAVAILABLE,SER_OVERLAP_BELOW_PROPOSE_MIN,,,,1,1,1.0,50.0,2023-12,2023-12,24,BRND_EXACT,NAME_ONLY_NOT_AUTO;SER_MISSING_ROW_SEMANTICS_UNCONFIRMED;SUBJ_PROVISIONAL,NAME_SIBLING_VARIANT,SER_OVERLAP_BELOW_PROPOSE_MIN;SUBJ_PROVISIONAL,NO_CANDIDATE,NO_CANDIDATE_ALL_EXCLUDED,,,false,,true,,,,1,0,0,2023-12,2023-12,5197,639,1359,BMW|318D M SPORT SALOON MANUAL;BMW|I8 ROADSTER RHD;bmw-420d-coupe-rhd__provisional;bmw-420d-gran-coupe-rhd__provisional;bmw-840d-xdrive-coupe__provisional;bmw-840d-xdrive-m-coupe__provisional;bmw-840i-m-sport-coupe__provisional;bmw-840i-m-sport-gran-coupe__provisional;bmw-bmw-2-series;bmw-m8-competition-coupe__provisional;bmw-m8-coupe-rhd__provisional;bmw-m8-gran-coupe-rhd__provisional;bmw-m850i-xdrive-coupe-rhd__provisional,bmw-bmw-2-series,,,,,
497,4,outcome changes materially under the common-overlap window,4,,0.9861,"Is Ice 'Tiggo Cross' (CHERY, chery-tiggo-cross) the same vehicle as TDR 'Chery Tiggo 8' (chery.tiggo8)? Verdict applies to the candidate shown on this row.",chery-tiggo-cross,Tiggo Cross,CHERY,settled,SUV,chery.tiggo8,Chery Tiggo 8,Chery,CURRENT,CROSSOVER,LEGACY_CANDIDATE;LEGACY_STORED;V1_POOL,PROPOSED,NAME,476,,0.0,0.6666666666666666,2021-04,2021-04,1,1,2021-04,EQUIVALENT,EXACT,SIBLING,0.5,UNAVAILABLE,SER_NO_COMMON_WINDOW,,,,0,0,0,0,,,24,BRND_EXACT,NAME_ONLY_NOT_AUTO;SER_MISSING_ROW_SEMANTICS_UNCONFIRMED,NAME_SIBLING_VARIANT;GEN_LIFECYCLE_DISJOINT,SER_NO_COMMON_WINDOW,NO_CANDIDATE,NO_CANDIDATE_ALL_EXCLUDED,,,false,,true,,,,1,0,0,2021-04,2021-04,133,133,133,chery-tiggo-8;chery-tiggo-cross,chery-tiggo-8,,,,,
498,4,outcome changes materially under the common-overlap window,4,,0.9861,"Is Ice 'Farizon MPV SV6' (FARIZON, farizon-farizon-mpv-sv6) the same vehicle as TDR 'Farizon SV' (farizon.farizon_sv)? Verdict applies to the candidate shown on this row.",farizon-farizon-mpv-sv6,Farizon MPV SV6,FARIZON,settled,MPV,farizon.farizon_sv,Farizon SV,Farizon,CURRENT,VAN,LEGACY_CANDIDATE;LEGACY_STORED;V1_POOL,PROPOSED,NAME,478,,0.0,0.4444444444444444,2026-09,2026-09,1,1,2026-09,EQUIVALENT,EXACT,CONTRADICTION,0.0,UNAVAILABLE,SER_NO_COMMON_WINDOW,,,,0,0,0,0,,,24,BRND_EXACT,NAME_ONLY_NOT_AUTO;SER_MISSING_ROW_SEMANTICS_UNCONFIRMED;ATTR_BODY_MISMATCH,NAME_CONTRADICTION,SER_NO_COMMON_WINDOW,NO_CANDIDATE,NO_CANDIDATE_ALL_EXCLUDED,,,false,,true,,,,1,0,0,2026-09,2026-09,32,32,32,farizon-farizon-mpv-sv6;farizon-farizon-sv,farizon-farizon-sv,,,,,
499,4,outcome changes materially under the common-overlap window,4,,0.9861,"Is Ice 'ELANTRA' (HYUNDAI, hyundai-elantra__provisional) the same vehicle as TDR 'Santa Fe' (hyundai.santa_fe)? Verdict applies to the candidate shown on this row.",hyundai-elantra__provisional,ELANTRA,HYUNDAI,provisional,,hyundai.santa_fe,Santa Fe,Hyundai,CURRENT,CROSSOVER,LEGACY_CANDIDATE;LEGACY_STORED;V1_POOL,PROPOSED,NAME,479,,0.0,0.5333333333333333,2023-03,2023-03,1,1,2023-03,EQUIVALENT,EXACT,CONTRADICTION,0.0,UNAVAILABLE,SER_NO_COMMON_WINDOW,,,,0,0,0,0,,,24,BRND_EXACT,NAME_ONLY_NOT_AUTO;SER_MISSING_ROW_SEMANTICS_UNCONFIRMED;SUBJ_PROVISIONAL,NAME_CONTRADICTION;GEN_LIFECYCLE_DISJOINT,SER_NO_COMMON_WINDOW;ATTR_BODY_UNKNOWN;SUBJ_PROVISIONAL,NO_CANDIDATE,NO_CANDIDATE_ALL_EXCLUDED,,,false,,true,,,,1,0,0,2023-03,2023-03,553,454,547,HYUNDAI|SONATA2 4GLSEXECUTIV;hyundai-elantra-n__provisional;hyundai-elantra__provisional;hyundai-santa-fe,hyundai-santa-fe,,,,,
500,4,outcome changes materially under the common-overlap window,4,,0.9861,"Is Ice 'Lotus Emira' (LOTUS, lotus-emira) the same vehicle as TDR 'Emeya' (lotus.emeya)? Verdict applies to the candidate shown on this row.",lotus-emira,Lotus Emira,LOTUS,settled,Coupe/Convertible,lotus.emeya,Emeya,Lotus,CURRENT,COUPE,LEGACY_CANDIDATE;LEGACY_STORED;V1_POOL,PROPOSED,NAME,481,,0.0,0.6,2026-09,2026-09,1,1,2026-09,EQUIVALENT,EXACT,CONTRADICTION,0.0,UNAVAILABLE,SER_NO_COMMON_WINDOW,,,,0,0,0,0,,,24,BRND_EXACT,NAME_ONLY_NOT_AUTO;SER_MISSING_ROW_SEMANTICS_UNCONFIRMED,NAME_CONTRADICTION,SER_NO_COMMON_WINDOW,NO_CANDIDATE,NO_CANDIDATE_ALL_EXCLUDED,,,false,,true,,,,1,0,0,2026-09,2026-09,35,19,35,lotus-emira;lotus-emira-v6__provisional;lotus-lotus-emeya,lotus-lotus-emeya,"lotus.eletre (CONTRADICTION, UNAVAILABLE)",,,,
501,4,outcome changes materially under the common-overlap window,4,,0.9861,"Is Ice 'EMIRA V6' (LOTUS, lotus-emira-v6__provisional) the same vehicle as TDR 'Emeya' (lotus.emeya)? Verdict applies to the candidate shown on this row.",lotus-emira-v6__provisional,EMIRA V6,LOTUS,provisional,,lotus.emeya,Emeya,Lotus,CURRENT,COUPE,LEGACY_CANDIDATE;LEGACY_STORED;V1_POOL,PROPOSED,NAME,482,,0.0,0.46153846153846156,2023-06,2023-06,1,1,2023-06,EQUIVALENT,EXACT,CONTRADICTION,0.0,UNAVAILABLE,SER_NO_COMMON_WINDOW,,,,0,0,0,0,,,24,BRND_EXACT,NAME_ONLY_NOT_AUTO;SER_MISSING_ROW_SEMANTICS_UNCONFIRMED;SUBJ_PROVISIONAL,NAME_CONTRADICTION,SER_NO_COMMON_WINDOW;ATTR_BODY_UNKNOWN;SUBJ_PROVISIONAL,NO_CANDIDATE,NO_CANDIDATE_ALL_EXCLUDED,,,false,,true,,,,1,0,0,2023-06,2023-06,35,19,35,lotus-emira;lotus-emira-v6__provisional;lotus-lotus-emeya,lotus-lotus-emeya,,,,,
502,4,outcome changes materially under the common-overlap window,4,,0.9861,"Is Ice 'CAYMAN PDK' (PORSCHE, porsche-cayman-pdk__provisional) the same vehicle as TDR 'Cayenne' (porsche.cayenne)? Verdict applies to the candidate shown on this row.",porsche-cayman-pdk__provisional,CAYMAN PDK,PORSCHE,provisional,,porsche.cayenne,Cayenne,Porsche,CURRENT,CROSSOVER,LEGACY_CANDIDATE;LEGACY_STORED;V1_POOL,PROPOSED,NAME,484,,59.0,0.47058823529411764,2022-05,2022-05,1,0,,EQUIVALENT,EXACT,CONTRADICTION,0.0,UNAVAILABLE,SER_OVERLAP_BELOW_PROPOSE_MIN,,,,1,1,1.0,59.0,2022-05,2022-05,24,BRND_EXACT,NAME_ONLY_NOT_AUTO;SER_MISSING_ROW_SEMANTICS_UNCONFIRMED;SUBJ_PROVISIONAL,NAME_CONTRADICTION,SER_OVERLAP_BELOW_PROPOSE_MIN;ATTR_BODY_UNKNOWN;SUBJ_PROVISIONAL,NO_CANDIDATE,NO_CANDIDATE_ALL_EXCLUDED,,,false,,true,,,,1,0,0,2022-05,2022-05,4566,856,1815,porsche-cayman-pdk__provisional;porsche-porsche-cayenne,porsche-porsche-cayenne,"porsche.taycan (CONTRADICTION, UNAVAILABLE) | porsche.macan (CONTRADICTION, UNAVAILABLE)",,,,
503,4,outcome changes materially under the common-overlap window,4,,0.9861,"Is Ice 'LEVORG STI SPORT R' (SUBARU, subaru-levorg-sti-sport-r__provisional) the same vehicle as TDR 'Forester' (subaru.forester)? Verdict applies to the candidate shown on this row.",subaru-levorg-sti-sport-r__provisional,LEVORG STI SPORT R,SUBARU,provisional,,subaru.forester,Forester,Subaru,CURRENT,CROSSOVER,LEGACY_CANDIDATE;LEGACY_STORED;V1_POOL,PROPOSED,NAME,485,,113.0,0.38461538461538464,2024-01,2024-01,1,0,,EQUIVALENT,EXACT,CONTRADICTION,0.0,UNAVAILABLE,SER_OVERLAP_BELOW_PROPOSE_MIN,,,,1,1,1.0,113.0,2024-01,2024-01,24,BRND_EXACT,NAME_ONLY_NOT_AUTO;SER_MISSING_ROW_SEMANTICS_UNCONFIRMED;SUBJ_PROVISIONAL,NAME_CONTRADICTION,SER_OVERLAP_BELOW_PROPOSE_MIN;ATTR_BODY_UNKNOWN;SUBJ_PROVISIONAL,NO_CANDIDATE,NO_CANDIDATE_ALL_EXCLUDED,,,false,,true,,,,1,0,0,2024-01,2024-01,5994,174,575,subaru-levorg-sti-sport-r__provisional;subaru-subaru-forester,subaru-subaru-forester,,,,,
504,4,outcome changes materially under the common-overlap window,4,,0.9861,"Is Ice '86 GR' (TOYOTA, toyota-86-gr__provisional) the same vehicle as TDR 'C-HR' (toyota.c_hr)? Verdict applies to the candidate shown on this row.",toyota-86-gr__provisional,86 GR,TOYOTA,provisional,,toyota.c_hr,C-HR,Toyota,CURRENT,CROSSOVER,LEGACY_CANDIDATE;LEGACY_STORED;V1_POOL,PROPOSED,NAME,486,,219.0,0.4444444444444444,2021-01,2021-01,1,0,,EQUIVALENT,EXACT,CONTRADICTION,0.0,UNAVAILABLE,SER_OVERLAP_BELOW_PROPOSE_MIN,,,,1,1,1.0,219.0,2021-01,2021-01,24,BRND_EXACT,NAME_ONLY_NOT_AUTO;SER_MISSING_ROW_SEMANTICS_UNCONFIRMED;SUBJ_PROVISIONAL,NAME_CONTRADICTION;GEN_LIFECYCLE_DISJOINT,SER_OVERLAP_BELOW_PROPOSE_MIN;ATTR_BODY_UNKNOWN;SUBJ_PROVISIONAL,NO_CANDIDATE,NO_CANDIDATE_ALL_EXCLUDED,,,false,,true,,,,1,0,0,2021-01,2021-01,4055,42,71,TOYOTA|2 5HV;TOYOTA|C POD;TOYOTA|CENTURY HYBRID;toyota-86-gr__provisional;toyota-c-hr,toyota-c-hr,"toyota.gr86 (CONTRADICTION, UNAVAILABLE) | toyota.gr_supra (SIBLING, UNAVAILABLE)",,,,
505,4,outcome changes materially under the common-overlap window,4,,0.9861,"Is Ice '86' (TOYOTA, toyota-86__provisional) the same vehicle as TDR 'GR86' (toyota.gr86)? Verdict applies to the candidate shown on this row.",toyota-86__provisional,86,TOYOTA,provisional,,toyota.gr86,GR86,Toyota,CURRENT,COUPE,LEGACY_CANDIDATE;LEGACY_STORED;V1_POOL,PROPOSED,NAME,487,,0.0,0.6666666666666666,2021-12,2021-12,1,1,2021-12,EQUIVALENT,EXACT,CONTRADICTION,0.0,UNAVAILABLE,SER_NO_COMMON_WINDOW,,,,0,0,0,0,,,24,BRND_EXACT,NAME_ONLY_NOT_AUTO;SER_MISSING_ROW_SEMANTICS_UNCONFIRMED;SUBJ_PROVISIONAL,NAME_CONTRADICTION,SER_NO_COMMON_WINDOW;ATTR_BODY_UNKNOWN;SUBJ_PROVISIONAL,NO_CANDIDATE,NO_CANDIDATE_ALL_EXCLUDED,,,false,,true,,,,1,0,0,2021-12,2021-12,334,99,171,TOYOTA|GT86 RACING;toyota-86__provisional;toyota-gr86,toyota-gr86,,,,,
506,4,outcome changes materially under the common-overlap window,4,,0.9861,"Is Ice 'ESQUIRE GI' (TOYOTA, toyota-esquire-gi__provisional) the same vehicle as TDR 'Vellfire' (toyota.vellfire)? Verdict applies to the candidate shown on this row.",toyota-esquire-gi__provisional,ESQUIRE GI,TOYOTA,provisional,,toyota.vellfire,Vellfire,Toyota,CURRENT,MPV,LEGACY_CANDIDATE;LEGACY_STORED;V1_POOL,PROPOSED,NAME,488,,48.0,0.4444444444444444,2021-02,2021-02,1,0,,EQUIVALENT,EXACT,CONTRADICTION,0.0,UNAVAILABLE,SER_OVERLAP_BELOW_PROPOSE_MIN,,,,1,1,1.0,48.0,2021-02,2021-02,24,BRND_EXACT,NAME_ONLY_NOT_AUTO;SER_MISSING_ROW_SEMANTICS_UNCONFIRMED;SUBJ_PROVISIONAL,NAME_CONTRADICTION;GEN_LIFECYCLE_DISJOINT,SER_OVERLAP_BELOW_PROPOSE_MIN;ATTR_BODY_UNKNOWN;SUBJ_PROVISIONAL,NO_CANDIDATE,NO_CANDIDATE_ALL_EXCLUDED,,,false,,true,,,,1,0,0,2021-02,2021-02,4077,1751,2975,toyota-esquire-gi__provisional;toyota-vellfire;toyota-vitz-grmn__provisional,toyota-vellfire,,,,,
507,4,outcome changes materially under the common-overlap window,4,,0.9861,"Is Ice 'VITZ GRMN' (TOYOTA, toyota-vitz-grmn__provisional) the same vehicle as TDR 'Vellfire' (toyota.vellfire)? Verdict applies to the candidate shown on this row.",toyota-vitz-grmn__provisional,VITZ GRMN,TOYOTA,provisional,,toyota.vellfire,Vellfire,Toyota,CURRENT,MPV,LEGACY_CANDIDATE;LEGACY_STORED;V1_POOL,PROPOSED,NAME,489,,22.0,0.35294117647058826,2021-11,2021-11,1,0,,EQUIVALENT,EXACT,CONTRADICTION,0.0,UNAVAILABLE,SER_OVERLAP_BELOW_PROPOSE_MIN,,,,1,1,1.0,22.0,2021-11,2021-11,24,BRND_EXACT,NAME_ONLY_NOT_AUTO;SER_MISSING_ROW_SEMANTICS_UNCONFIRMED;SUBJ_PROVISIONAL,NAME_CONTRADICTION;GEN_LIFECYCLE_DISJOINT,SER_OVERLAP_BELOW_PROPOSE_MIN;ATTR_BODY_UNKNOWN;SUBJ_PROVISIONAL,NO_CANDIDATE,NO_CANDIDATE_ALL_EXCLUDED,,,false,,true,,,,1,0,0,2021-11,2021-11,4077,1751,2975,toyota-esquire-gi__provisional;toyota-vellfire;toyota-vitz-grmn__provisional,toyota-vellfire,,,,,
508,5,PART_OF / COMPOSED_OF candidate,5;6,,0.9861,"Is Ice 'Seal' (BYD, byd-seal) made up of TDR 'Seal + Seal 5 DM-i' (byd.seal+byd.seal_5_dmi)? Verdict applies to the candidate shown on this row.",byd-seal,Seal,BYD,settled,Sedan,byd.seal+byd.seal_5_dmi,Seal + Seal 5 DM-i,BYD,CURRENT,SEDAN,V1_POOL;V1_PRIMARY,,,,0.9844070590608747,0.970477623166604,,2024-10,2026-09,24,1,2026-09,COMPOSED_OF,EXACT,SUBJECT_COARSER,0.4,STRONG,,0.99995,0.998059,1.0,12,12,3606.0,3599.0,2025-09,2026-08,12,BRND_EXACT;SER_BUNDLE_STRONG;GRAN_PROVIDER_COARSER,NAME_CONTAINMENT_SUBJECT_COARSER;SER_MISSING_ROW_SEMANTICS_UNCONFIRMED,,,PROPOSE,PROPOSE_COMPOSED_OF,byd.seal+byd.seal_5_dmi,COMPOSED_OF,false,,false,,,,11798,3606,5293,2023-11,2026-09,11641,3599,5286,,byd-seal,"byd.seal (EQUAL, WEAK, corr 0.787 ratio 0.623) | byd.sealion7 (CONTRADICTION, WEAK, corr 0.245 ratio 2.353) | byd.seal_5_dmi (SUBJECT_COARSER, WEAK, corr 0.453 ratio 0.552)",,,,
509,5,PART_OF / COMPOSED_OF candidate,5;6,,0.9861,"Is Ice 'MG ZS' (MG, mg-mg-zs) made up of TDR 'MG ZS + MG ZS EV' (mg.mg_zs+mg.mg_zs_ev)? Verdict applies to the candidate shown on this row.",mg-mg-zs,MG ZS,MG,settled,SUV,mg.mg_zs+mg.mg_zs_ev,MG ZS + MG ZS EV,MG,CURRENT,CROSSOVER,V1_POOL;V1_PRIMARY,,,,0.9958414137396842,0.986131037780966,,2024-10,2026-09,24,1,2026-09,COMPOSED_OF,EXACT,SUBJECT_COARSER,0.666667,STRONG,,0.999968,0.998558,1.0,20,20,2080.0,2077.0,2024-09,2026-08,4,BRND_EXACT;SER_BUNDLE_STRONG;GRAN_PROVIDER_COARSER,NAME_CONTAINMENT_SUBJECT_COARSER;SER_MISSING_ROW_SEMANTICS_UNCONFIRMED,,,PROPOSE,PROPOSE_COMPOSED_OF,mg.mg_zs+mg.mg_zs_ev,COMPOSED_OF,false,,false,,,,29506,652,2228,2021-01,2026-09,29476,652,2225,,mg-mg-zs,"mg.mg_zs (EQUAL, WEAK, corr 0.823 ratio 0.577) | mg.mg_zs_ev (SUBJECT_COARSER, WEAK, corr 0.941 ratio 0.451) | mg.mg_es (CONTRADICTION, UNAVAILABLE)",,,,
510,5,PART_OF / COMPOSED_OF candidate,5;6,,0.9861,"Is Ice 'Audi Q8' (AUDI, audi-audi-q8) made up of TDR 'Q8 + Audi Q8 e-tron' (audi.q8+audi.q8_etron)? Verdict applies to the candidate shown on this row.",audi-audi-q8,Audi Q8,AUDI,settled,SUV,audi.q8+audi.q8_etron,Q8 + Audi Q8 e-tron,Audi,CURRENT,CROSSOVER,V1_POOL;V1_PRIMARY,,,,0.9827107956938246,0.9822485207100592,,2024-10,2026-09,24,1,2026-09,COMPOSED_OF,EXACT,SUBJECT_COARSER,0.5,STRONG,,1.0,1.0,1.0,22,22,173.0,173.0,2024-07,2026-06,4,BRND_EXACT;SER_BUNDLE_STRONG;GRAN_PROVIDER_COARSER,NAME_CONTAINMENT_SUBJECT_COARSER;SER_MISSING_ROW_SEMANTICS_UNCONFIRMED,,,PROPOSE,PROPOSE_COMPOSED_OF,audi.q8+audi.q8_etron,COMPOSED_OF,false,,false,,,,327,69,170,2021-01,2026-09,324,69,170,,audi-audi-q8,"audi.q8 (EQUAL, WEAK, corr 0.662 ratio 0.535) | audi.a8 (CONTRADICTION, UNAVAILABLE) | audi.audi_q3 (CONTRADICTION, WEAK, corr 0.444 ratio 0.873)",,,,
511,5,PART_OF / COMPOSED_OF candidate,5,,0.9862,"Is Ice 'Land Rover Range' (LAND ROVER, land-rover-land-rover-range) made up of TDR 'Range Rover + Range Rover Sport + Range Rover Velar' (land_rover.range_rover+land_rover.range_rover_sport+land_rover.range_rover_velar)? Verdict applies to the candidate shown on this row.",land-rover-land-rover-range,Land Rover Range,LAND ROVER,settled,SUV,land_rover.range_rover+land_rover.range_rover_sport+land_rover.range_rover_velar,Range Rover + Range Rover Sport + Range Rover Velar,Land Rover,CURRENT,CROSSOVER,V1_POOL;V1_PRIMARY,,,,0.9830997713076114,0.9797297297297297,,2024-10,2026-09,24,1,2026-09,COMPOSED_OF,EXACT,SUBJECT_COARSER,0.5,STRONG,,1.0,1.0,1.0,11,11,94.0,94.0,2024-09,2026-07,13,BRND_EXACT;SER_BUNDLE_STRONG;GRAN_PROVIDER_COARSER,NAME_CONTAINMENT_SUBJECT_COARSER;SER_OVERLAP_BELOW_AUTO_MIN;SER_VOLUME_BELOW_AUTO_MIN;SER_MISSING_ROW_SEMANTICS_UNCONFIRMED,,,PROPOSE,PROPOSE_COMPOSED_OF,land_rover.range_rover+land_rover.range_rover_sport+land_rover.range_rover_velar,COMPOSED_OF,false,,false,,,,514,71,155,2021-01,2026-09,511,71,155,,land-rover-land-rover-range,"land_rover.range_rover (SUBJECT_COARSER, WEAK, corr 0.760 ratio 0.565) | land_rover.range_rover_sport (SUBJECT_COARSER, WEAK, corr 0.207 ratio 0.301) | land_rover.range_rover_velar (SUBJECT_COARSER, UNAVAILABLE)",,,,
512,6,ambiguous / several viable candidates,6,,0.9862,"Is Ice 'Mazda CX-30' (MAZDA, mazda-mazda-cx-30) the same vehicle as TDR 'CX-3' (mazda.cx3)? Verdict applies to the candidate shown on this row.",mazda-mazda-cx-30,Mazda CX-30,MAZDA,settled,SUV,mazda.cx3,CX-3,Mazda,CURRENT,CROSSOVER,LEGACY_CANDIDATE;LEGACY_STORED;V1_POOL,PROPOSED,ADMIN,490,-0.02541284672648898,0.8183235867446393,0.8888888888888888,2024-10,2026-09,24,1,2026-09,EQUIVALENT,EXACT,SIBLING,0.5,WEAK,,-0.069004,0.829353,0.375,24,24,2596.0,2153.0,2024-09,2026-08,0,BRND_EXACT,NAME_ONLY_NOT_AUTO;LIN_EVIDENCE_QUARANTINE;SER_CORRELATION_BELOW_STRONG;SER_RATIO_OUT_OF_BAND,NAME_SIBLING_VARIANT;SERIES_DECISIVELY_WRONG,,PROPOSE,PROPOSE_SERIES_STRONG_CAPPED,mazda.cx30,EQUIVALENT,false,,false,NEW_SPLIT,SPLIT:mazda-mazda-cx-3>mazda-mazda-cx-30 60.45%,NOOP:LIN_SPLIT_PARENT_RETAINED;QUARANTINE:LIN_EVIDENCE_QUARANTINE,22782,1306,2596,2021-01,2026-09,14872,950,2153,mazda-mazda-cx-3,mazda-mazda-cx-3,"mazda.cx30 (EQUAL, STRONG, corr 1.000 ratio 1.000) | mazda.cx5 (SIBLING, WEAK, corr -0.133 ratio 0.498) | mazda.cx8 (SIBLING, WEAK, corr 0.402 ratio 0.156)",,,,
513,6,ambiguous / several viable candidates,6,,0.9862,"Is Ice 'Atto 1' (BYD, byd-atto-1) the same vehicle as TDR 'BYD ATTO 1' (byd.atto1)? Verdict applies to the candidate shown on this row.",byd-atto-1,Atto 1,BYD,settled,Hatchback,byd.atto1,BYD ATTO 1,BYD,CURRENT,HATCHBACK,LEGACY_CANDIDATE;V1_POOL;V1_PRIMARY,,,,,0.0,1.0,2026-05,2026-09,5,5,2026-05;2026-06;2026-07;2026-08;2026-09,EQUIVALENT,EXACT,EQUAL,1.0,UNAVAILABLE,SER_NO_COMMON_WINDOW,,,,0,0,0,0,,,0,BRND_EXACT;NAME_EQUAL,NAME_ONLY_NOT_AUTO,,SER_NO_COMMON_WINDOW,PROPOSE,PROPOSE_NAME_MATCH_SERIES_NOT_STRONG,byd.atto1,EQUIVALENT,false,,false,,,,978,871,871,2026-05,2026-09,0,0,0,,byd-atto-1,"byd.atto2 (SIBLING, UNAVAILABLE) | byd.atto3 (SIBLING, UNAVAILABLE) | byd.sealion7 (CONTRADICTION, UNAVAILABLE)",,,,
514,6,ambiguous / several viable candidates,6,,0.9865,"Is Ice 'BMW 7 Series' (BMW, bmw-bmw-7-series) the same vehicle as TDR '7 Series' (bmw.7_series)? Verdict applies to the candidate shown on this row.",bmw-bmw-7-series,BMW 7 Series,BMW,settled,Sedan,bmw.7_series,7 Series,BMW,CURRENT,SEDAN,LEGACY_CANDIDATE;LEGACY_STORED;V1_POOL;V1_PRIMARY,PROPOSED,NAME,151,0.7574609090596678,1.015209125475285,1.0,2024-10,2026-09,24,1,2026-09,EQUIVALENT,EXACT,EQUAL,1.0,WEAK,,0.795027,1.045455,0.625,24,24,264.0,276.0,2024-09,2026-08,0,BRND_EXACT;NAME_EQUAL,NAME_ONLY_NOT_AUTO;GEN_LIFECYCLE_PARTIAL;SER_CORRELATION_BELOW_STRONG,,,PROPOSE,PROPOSE_NAME_MATCH_SERIES_NOT_STRONG,bmw.7_series,EQUIVALENT,false,,false,,,,1005,85,264,2021-01,2026-09,1050,104,276,BMW|740LI LIMOUSINE RHD;bmw-bmw-7-series,bmw-bmw-7-series,"bmw.4_series (CONTRADICTION, WEAK, corr 0.546 ratio 1.542) | bmw.bmw_3 (CONTRADICTION, WEAK, corr 0.544 ratio 19.299) | bmw.bmw_5 (CONTRADICTION, WEAK, corr 0.561 ratio 11.038)",,,,
515,6,ambiguous / several viable candidates,6,,0.9865,"Is Ice 'I3' (BMW, BMW|I3) the same vehicle as TDR 'X3' (bmw.bmw_x3)? Verdict applies to the candidate shown on this row.",BMW|I3,I3,BMW,unmapped_name,Sedan,bmw.bmw_x3,X3,BMW,CURRENT,CROSSOVER,LEGACY_CANDIDATE;LEGACY_STORED;V1_POOL,PROPOSED,NAME,357,,78.5,0.5,2021-02,2024-01,2,0,,EQUIVALENT,EXACT,CONTRADICTION,0.0,UNAVAILABLE,SER_OVERLAP_BELOW_PROPOSE_MIN,,,,1,1,1.0,60.0,2024-01,2024-01,24,BRND_EXACT,NAME_ONLY_NOT_AUTO;SER_MISSING_ROW_SEMANTICS_UNCONFIRMED;ATTR_BODY_MISMATCH;SUBJ_UNMAPPED_NAME,NAME_CONTRADICTION;GEN_LIFECYCLE_DISJOINT,SER_OVERLAP_BELOW_PROPOSE_MIN,PROPOSE,PROPOSE_NAME_MATCH_SERIES_NOT_STRONG,bmw.i3,EQUIVALENT,false,,false,,,,2,0,0,2021-02,2024-01,5013,1017,1634,BMW|I3;bmw-bmw-x3;bmw-x2,bmw-bmw-x3,"bmw.i3 (EQUAL, UNAVAILABLE) | bmw.bmw_ix3 (CONTRADICTION, UNAVAILABLE) | bmw.bmw_i4 (CONTRADICTION, UNAVAILABLE)",,,,
516,6,ambiguous / several viable candidates,6,,0.9865,"Is Ice 'I3' (BMW, BMW|I3) the same vehicle as TDR 'i3' (bmw.i3)? Verdict applies to the candidate shown on this row.",BMW|I3,I3,BMW,unmapped_name,Sedan,bmw.i3,i3,BMW,HISTORICAL,HATCHBACK,LEGACY_CANDIDATE;V1_POOL;V1_PRIMARY,,,,,1.5,1.0,2021-02,2024-01,2,0,,EQUIVALENT,EXACT,EQUAL,1.0,UNAVAILABLE,SER_OVERLAP_BELOW_PROPOSE_MIN,,,,1,1,1.0,1.0,2024-01,2024-01,24,BRND_EXACT;NAME_EQUAL,NAME_ONLY_NOT_AUTO;SER_MISSING_ROW_SEMANTICS_UNCONFIRMED;ATTR_BODY_MISMATCH;SUBJ_UNMAPPED_NAME,,SER_OVERLAP_BELOW_PROPOSE_MIN,PROPOSE,PROPOSE_NAME_MATCH_SERIES_NOT_STRONG,bmw.i3,EQUIVALENT,false,,false,,,,2,0,0,2021-02,2024-01,9,0,0,,BMW|I3,"bmw.bmw_ix3 (CONTRADICTION, UNAVAILABLE) | bmw.bmw_i4 (CONTRADICTION, UNAVAILABLE) | bmw.bmw_x3 (CONTRADICTION, UNAVAILABLE)",,,,
517,7,"low-volume tail, and groups with no candidate in the sheet",7,,0.9895,"Ice group ISUZU|ไม่ระบุ (ISUZU) has no model name at all (Ice's own 'unspecified' bucket for this brand). Expected answer: NO_TDR_TARGET, unless TDR keeps a brand-level bucket for it (then give owner_canonical_model_id).",ISUZU|ไม่ระบุ,ไม่ระบุ,ISUZU,unmapped_name,Pickup,,,,,,NONE,,,,,,,,,,,,,,,,,,,,,,,,,,,,,,,,INSUFFICIENT_DATA,INSUFFICIENT_DATA_NO_BASIS,,,false,,false,,,,12508,1667,3298,2021-01,2026-09,,,,,,,,,,
518,7,"low-volume tail, and groups with no candidate in the sheet",7,,0.9908,"Neither the legacy matcher nor Contract v1 proposes a TDR model for Ice 'BMW 530e' (BMW, bmw-bmw-530e) (pairs that were considered and excluded are in other_candidates). Is there a TDR model for it (give owner_canonical_model_id), or NO_TDR_TARGET?",bmw-bmw-530e,BMW 530e,BMW,settled,Sedan,,,,,,NONE,,,,,,,,,,,,,,,,,,,,,,,,,,,,,,,,NO_CANDIDATE,NO_CANDIDATE_ALL_EXCLUDED,,,false,,false,,,,5524,674,1512,2021-01,2026-09,,,,,,,,,,
519,7,"low-volume tail, and groups with no candidate in the sheet",7,,0.9914,"Neither the legacy matcher nor Contract v1 proposes a TDR model for Ice 'Mercedes-Benz C350' (MERCEDES BENZ, mercedes-benz-mercedes-benz-c350) (pairs that were considered and excluded are in other_candidates). Is there a TDR model for it (give owner_canonical_model_id), or NO_TDR_TARGET?",mercedes-benz-mercedes-benz-c350,Mercedes-Benz C350,MERCEDES BENZ,settled,Sedan,,,,,,NONE,,,,,,,,,,,,,,,,,,,,,,,,,,,,,,,,NO_CANDIDATE,NO_CANDIDATE_ALL_EXCLUDED,,,false,,false,OLD_SPLIT,SPLIT:mercedes-benz-mercedes-benz-c350>mercedes-benz-mercedes-glc 42.76%,NOOP:LIN_SPLIT_PARENT_RETAINED;QUARANTINE:LIN_EVIDENCE_QUARANTINE,2549,485,1104,2021-01,2026-09,,,,,,,,,,
520,7,"low-volume tail, and groups with no candidate in the sheet",7,,0.9925,"Neither the legacy matcher nor Contract v1 proposes a TDR model for Ice 'Mercedes-Benz E300' (MERCEDES BENZ, mercedes-benz-mercedes-benz-e300) (pairs that were considered and excluded are in other_candidates). Is there a TDR model for it (give owner_canonical_model_id), or NO_TDR_TARGET?",mercedes-benz-mercedes-benz-e300,Mercedes-Benz E300,MERCEDES BENZ,settled,Sedan,,,,,,NONE,,,,,,,,,,,,,,,,,,,,,,,,,,,,,,,,NO_CANDIDATE,NO_CANDIDATE_ALL_EXCLUDED,,,false,,false,OLD_SPLIT,SPLIT:mercedes-benz-mercedes-benz-e300>mercedes-benz-mercedes-gle 22.21% | SPLIT:mercedes-benz-mercedes-benz-e300>mercedes-benz-mercedes-benz-cle-class 8.35%,NOOP:LIN_SPLIT_PARENT_RETAINED;QUARANTINE:LIN_EVIDENCE_QUARANTINE,4473,97,498,2021-01,2026-09,,,,,,,,,,
521,7,"low-volume tail, and groups with no candidate in the sheet",7,,0.9932,"Neither the legacy matcher nor Contract v1 proposes a TDR model for Ice 'HINO XZU600R-WKMLST3' (HINO, hino-hino-xzu600r-wkmlst3) (pairs that were considered and excluded are in other_candidates). Is there a TDR model for it (give owner_canonical_model_id), or NO_TDR_TARGET?",hino-hino-xzu600r-wkmlst3,HINO XZU600R-WKMLST3,HINO,settled,Truck,,,,,,NONE,,,,,,,,,,,,,,,,,,,,,,,,,,,,,,,,NO_CANDIDATE,NO_CANDIDATE_ALL_EXCLUDED,,,false,,false,,,,2634,196,474,2021-01,2026-09,,,,,,,,,,
522,7,"low-volume tail, and groups with no candidate in the sheet",7,,0.9932,"Neither the legacy matcher nor Contract v1 proposes a TDR model for Ice 'Foton BJ1045V9JD4-R1' (FOTON, foton-foton-bj1045v9jd4-r1) (pairs that were considered and excluded are in other_candidates). Is there a TDR model for it (give owner_canonical_model_id), or NO_TDR_TARGET?",foton-foton-bj1045v9jd4-r1,Foton BJ1045V9JD4-R1,FOTON,settled,Truck,,,,,,NONE,,,,,,,,,,,,,,,,,,,,,,,,,,,,,,,,NO_CANDIDATE,NO_CANDIDATE_ALL_EXCLUDED,,,false,,false,,,,361,352,358,2025-06,2026-09,,,,,,,,,,
523,7,"low-volume tail, and groups with no candidate in the sheet",7,,0.9935,"Neither the legacy matcher nor Contract v1 proposes a TDR model for Ice 'BMW 430i' (BMW, bmw-bmw-430i) (pairs that were considered and excluded are in other_candidates). Is there a TDR model for it (give owner_canonical_model_id), or NO_TDR_TARGET?",bmw-bmw-430i,BMW 430i,BMW,settled,Sedan,,,,,,NONE,,,,,,,,,,,,,,,,,,,,,,,,,,,,,,,,NO_CANDIDATE,NO_CANDIDATE_ALL_EXCLUDED,,,false,,false,,,,1044,118,292,2021-02,2026-09,,,,,,,,,,
524,7,"low-volume tail, and groups with no candidate in the sheet",7,,0.9936,"Is Ice 'TATA Super' (TATA, tata-tata-super) the same vehicle as TDR 'Tata Super Ace' (tata.tata_super_ace)? Verdict applies to the candidate shown on this row.",tata-tata-super,TATA Super,TATA,settled,Pickup,tata.tata_super_ace,Tata Super Ace,Tata,CURRENT,TRUCK,LEGACY_CANDIDATE;LEGACY_STORED;V1_POOL;V1_PRIMARY,PROPOSED,SERIES,197,0.9996724073378781,0.9938461538461538,0.7142857142857143,2024-06,2026-09,24,1,2026-09,EQUIVALENT,EXACT,SUBJECT_COARSER,0.666667,STRONG,,1.0,1.0,1.0,20,20,280.0,280.0,2024-09,2026-08,4,BRND_EXACT;SER_STRONG,NAME_CONTAINMENT_SUBJECT_COARSER;SER_MISSING_ROW_SEMANTICS_UNCONFIRMED;ATTR_BODY_MISMATCH,,,PROPOSE,PROPOSE_SERIES_STRONG_CAPPED,tata.tata_super_ace,EQUIVALENT,false,,false,,,,349,13,280,2021-01,2026-09,347,13,280,tata-tata-super,tata-tata-super,,,,,
525,7,"low-volume tail, and groups with no candidate in the sheet",7,,0.9939,"Is Ice 'Air ev / Aira ev' (WULING, wuling-air-ev-aira-ev) the same vehicle as TDR 'Wuling Air EV' (wuling.wuling_air_ev)? Verdict applies to the candidate shown on this row.",wuling-air-ev-aira-ev,Air ev / Aira ev,WULING,settled,Hatchback,wuling.wuling_air_ev,Wuling Air EV,Wuling,CURRENT,HATCHBACK,LEGACY_CANDIDATE;LEGACY_STORED;V1_POOL;V1_PRIMARY,PROPOSED,SERIES,143,0.9954006808835086,0.9861751152073732,0.6,2024-10,2026-09,24,1,2026-09,EQUIVALENT,EXACT,SUBJECT_FINER,0.8,STRONG,,1.0,1.0,1.0,24,24,230.0,230.0,2024-09,2026-08,0,BRND_EXACT;SER_STRONG,NAME_CONTAINMENT_SUBJECT_FINER,,,PROPOSE,PROPOSE_SERIES_STRONG_CAPPED,wuling.wuling_air_ev,EQUIVALENT,false,,false,,,,1177,124,230,2023-10,2026-09,1174,124,230,wuling-air-ev-aira-ev,wuling-air-ev-aira-ev,"wuling.wuling_porta (SIBLING, UNAVAILABLE) | wuling.wuling_darion (SIBLING, UNAVAILABLE)",,,,
526,7,"low-volume tail, and groups with no candidate in the sheet",7,,0.9941,"Is Ice 'MINI Cooper' (MINI, mini-cooper) the same vehicle as TDR 'Countryman' (mini.countryman)? Verdict applies to the candidate shown on this row.",mini-cooper,MINI Cooper,MINI,settled,Hatchback,mini.countryman,Countryman,MINI,CURRENT,CROSSOVER,LEGACY_CANDIDATE;LEGACY_STORED;V1_POOL,PROPOSED,NAME,161,0.6026962495778306,4.7421383647798745,0.375,2024-09,2026-09,24,1,2026-09,EQUIVALENT,EXACT,CONTRADICTION,0.0,WEAK,,0.612714,4.833333,0.0,23,23,156.0,754.0,2024-09,2026-08,1,BRND_EXACT,NAME_ONLY_NOT_AUTO;SER_MISSING_ROW_SEMANTICS_UNCONFIRMED;ATTR_BODY_MISMATCH;GEN_LIFECYCLE_PARTIAL;LIN_EVIDENCE_QUARANTINE;SER_CORRELATION_BELOW_STRONG;SER_RATIO_OUT_OF_BAND,NAME_CONTRADICTION;SERIES_DECISIVELY_WRONG,,PROPOSE,PROPOSE_PART_OF,mini.mini_cooper,PART_OF,false,,false,NEW_MERGE;NEW_SPLIT,SPLIT:mini-mini-cooper-ev>mini-cooper 12.67% | MERGE:mini-one-16-hatch__provisional>mini-cooper 100% | MERGE:MINI|REMASTERED>mini-cooper 100%,NOOP:LIN_ALREADY_APPLIED;NOOP:LIN_SPLIT_PARENT_RETAINED;QUARANTINE:LIN_EVIDENCE_QUARANTINE,851,32,156,2021-01,2026-09,3582,310,779,mini-clubman;mini-cooper;mini-countryman,mini-countryman,"mini.mini_cooper (EQUAL, WEAK, corr 0.222 ratio 8.006) | mini.jcw_e (CONTRADICTION, WEAK, corr -0.426 ratio 2.762)",,,,
527,7,"low-volume tail, and groups with no candidate in the sheet",7,,0.9941,"Is Ice 'MINI Cooper' (MINI, mini-cooper) the same vehicle as TDR 'Cooper' (mini.mini_cooper)? Verdict applies to the candidate shown on this row.",mini-cooper,MINI Cooper,MINI,settled,Hatchback,mini.mini_cooper,Cooper,MINI,CURRENT,HATCHBACK,LEGACY_CANDIDATE;V1_POOL;V1_PRIMARY,,,,0.26957699949116004,7.855345911949685,1.0,2024-09,2026-09,24,1,2026-09,EQUIVALENT,EXACT,EQUAL,1.0,WEAK,,0.221576,8.00641,0.0,23,23,156.0,1249.0,2024-09,2026-08,1,BRND_EXACT;NAME_EQUAL,NAME_ONLY_NOT_AUTO;SER_MISSING_ROW_SEMANTICS_UNCONFIRMED;GEN_LIFECYCLE_PARTIAL;LIN_EVIDENCE_QUARANTINE;SER_CORRELATION_BELOW_STRONG;SER_RATIO_OUT_OF_BAND,,,PROPOSE,PROPOSE_PART_OF,mini.mini_cooper,PART_OF,false,,false,NEW_MERGE;NEW_SPLIT,SPLIT:mini-mini-cooper-ev>mini-cooper 12.67% | MERGE:mini-one-16-hatch__provisional>mini-cooper 100% | MERGE:MINI|REMASTERED>mini-cooper 100%,NOOP:LIN_ALREADY_APPLIED;NOOP:LIN_SPLIT_PARENT_RETAINED;QUARANTINE:LIN_EVIDENCE_QUARANTINE,851,32,156,2021-01,2026-09,2860,670,1332,mini-mini-cooper-ev;mini-mini-jcw-convertible,mini-cooper;mini-mini-cooper-ev,"mini.countryman (CONTRADICTION, WEAK, corr 0.613 ratio 4.833) | mini.jcw_e (CONTRADICTION, WEAK, corr -0.426 ratio 2.762)",,,,
528,7,"low-volume tail, and groups with no candidate in the sheet",7,,0.9941,"Is Ice 'Land Rover Range' (LAND ROVER, land-rover-land-rover-range) the same vehicle as TDR 'Range Rover' (land_rover.range_rover)? Verdict applies to the candidate shown on this row.",land-rover-land-rover-range,Land Rover Range,LAND ROVER,settled,SUV,land_rover.range_rover,Range Rover,Land Rover,CURRENT,CROSSOVER,LEGACY_CANDIDATE;LEGACY_STORED;V1_POOL,PROPOSED,NAME,183,0.7992570970917608,0.5540540540540541,0.625,2024-10,2026-09,24,2,2024-12;2026-09,EQUIVALENT,EXACT,SUBJECT_COARSER,0.666667,WEAK,,0.760189,0.564935,0.652174,23,23,154.0,87.0,2024-09,2026-08,1,BRND_EXACT,NAME_CONTAINMENT_SUBJECT_COARSER;NAME_ONLY_NOT_AUTO;SER_MISSING_ROW_SEMANTICS_UNCONFIRMED;SER_CORRELATION_BELOW_STRONG;SER_RATIO_OUT_OF_BAND,,,PROPOSE,PROPOSE_COMPOSED_OF,land_rover.range_rover+land_rover.range_rover_sport+land_rover.range_rover_velar,COMPOSED_OF,false,,false,,,,514,71,155,2021-01,2026-09,304,34,87,land-rover-land-rover-discovery;land-rover-land-rover-range,land-rover-land-rover-range,"land_rover.range_rover+land_rover.range_rover_sport+land_rover.range_rover_velar (SUBJECT_COARSER, STRONG, corr 1.000 ratio 1.000) | land_rover.range_rover_sport (SUBJECT_COARSER, WEAK, corr 0.207 ratio 0.301) | land_rover.range_rover_velar (SUBJECT_COARSER, UNAVAILABLE)",,,,
529,7,"low-volume tail, and groups with no candidate in the sheet",7,,0.9943,"Neither the legacy matcher nor Contract v1 proposes a TDR model for Ice 'BMW 630I' (BMW, bmw-bmw-630i) (pairs that were considered and excluded are in other_candidates). Is there a TDR model for it (give owner_canonical_model_id), or NO_TDR_TARGET?",bmw-bmw-630i,BMW 630I,BMW,settled,Sedan,,,,,,NONE,,,,,,,,,,,,,,,,,,,,,,,,,,,,,,,,NO_CANDIDATE,NO_CANDIDATE_ALL_EXCLUDED,,,false,,false,NEW_RENAME,RENAME:bmw-630d-gran-turismo-rhd__provisional>bmw-bmw-630i 100%,NOOP:LIN_ALREADY_APPLIED,802,12,150,2021-01,2026-09,,,,,,,,,,
530,7,"low-volume tail, and groups with no candidate in the sheet",7,,0.9943,"Is Ice 'Kia PV5' (KIA, kia-kia-pv5) the same vehicle as TDR 'Kia PV5' (kia.kia_pv5)? Verdict applies to the candidate shown on this row.",kia-kia-pv5,Kia PV5,KIA,settled,Van,kia.kia_pv5,Kia PV5,Kia,CURRENT,VAN,LEGACY_CANDIDATE;LEGACY_STORED;V1_POOL;V1_PRIMARY,PROPOSED,NAME,237,,1.0,1.0,2026-07,2026-07,1,0,,EQUIVALENT,EXACT,EQUAL,1.0,UNAVAILABLE,SER_OVERLAP_BELOW_PROPOSE_MIN,,,,1,1,150.0,150.0,2026-07,2026-07,23,BRND_EXACT;NAME_EQUAL,NAME_ONLY_NOT_AUTO;SER_MISSING_ROW_SEMANTICS_UNCONFIRMED,,SER_OVERLAP_BELOW_PROPOSE_MIN,PROPOSE,PROPOSE_NAME_MATCH_SERIES_NOT_STRONG,kia.kia_pv5,EQUIVALENT,false,,false,,,,150,150,150,2026-07,2026-07,150,150,150,kia-kia-pv5,kia-kia-pv5,"kia.ev5 (CONTRADICTION, UNAVAILABLE)",,,,
531,7,"low-volume tail, and groups with no candidate in the sheet",7,,0.9945,"Is Ice 'Volkswagen Caravelle' (VOLKSWAGEN, volkswagen-volkswagen-caravelle) the same vehicle as TDR 'Caravelle' (volkswagen.caravelle)? Verdict applies to the candidate shown on this row.",volkswagen-volkswagen-caravelle,Volkswagen Caravelle,VOLKSWAGEN,settled,MPV,volkswagen.caravelle,Caravelle,Volkswagen,CURRENT,VAN,LEGACY_CANDIDATE;LEGACY_STORED;V1_POOL;V1_PRIMARY,PROPOSED,NAME,170,0.9620722507358294,1.217741935483871,1.0,2024-06,2026-07,24,0,,EQUIVALENT,EXACT,EQUAL,1.0,WEAK,,0.958747,1.227723,1.0,22,22,101.0,124.0,2024-08,2026-07,3,BRND_EXACT;NAME_EQUAL,NAME_ONLY_NOT_AUTO;SER_MISSING_ROW_SEMANTICS_UNCONFIRMED;ATTR_BODY_MISMATCH;SER_CORRELATION_BELOW_STRONG;SER_RATIO_OUT_OF_BAND,,,PROPOSE,PROPOSE_NAME_MATCH_SERIES_NOT_STRONG,volkswagen.caravelle,EQUIVALENT,false,,false,,,,685,33,89,2021-01,2026-07,740,45,111,volkswagen-volkswagen-caravelle;volkswagen-volkswagen-touareg,volkswagen-volkswagen-caravelle,,,,,
532,7,"low-volume tail, and groups with no candidate in the sheet",7,,0.9946,"Neither the legacy matcher nor Contract v1 proposes a TDR model for Ice 'Mercedes-Benz S350D' (MERCEDES BENZ, mercedes-benz-mercedes-benz-s350d) (pairs that were considered and excluded are in other_candidates). Is there a TDR model for it (give owner_canonical_model_id), or NO_TDR_TARGET?",mercedes-benz-mercedes-benz-s350d,Mercedes-Benz S350D,MERCEDES BENZ,settled,Sedan,,,,,,NONE,,,,,,,,,,,,,,,,,,,,,,,,,,,,,,,,NO_CANDIDATE,NO_CANDIDATE_ALL_EXCLUDED,,,false,,false,OLD_SPLIT,SPLIT:mercedes-benz-mercedes-benz-s350d>mercedes-benz-mercedes-gls 44.06%,NOOP:LIN_SPLIT_PARENT_RETAINED;QUARANTINE:LIN_EVIDENCE_QUARANTINE,504,36,86,2021-01,2026-08,,,,,,,,,,
533,7,"low-volume tail, and groups with no candidate in the sheet",7,,0.9947,"Neither the legacy matcher nor Contract v1 proposes a TDR model for Ice 'Foton BJ1031EVJA3' (FOTON, foton-foton-bj1031evja3) (pairs that were considered and excluded are in other_candidates). Is there a TDR model for it (give owner_canonical_model_id), or NO_TDR_TARGET?",foton-foton-bj1031evja3,Foton BJ1031EVJA3,FOTON,settled,Truck,,,,,,NONE,,,,,,,,,,,,,,,,,,,,,,,,,,,,,,,,NO_CANDIDATE,NO_CANDIDATE_ALL_EXCLUDED,,,false,,false,,,,487,33,80,2023-07,2026-08,,,,,,,,,,
534,7,"low-volume tail, and groups with no candidate in the sheet",7,,0.9948,"Neither the legacy matcher nor Contract v1 proposes a TDR model for Ice 'Foton BJ1045V8JD3-FA' (FOTON, foton-foton-bj1045v8jd3-fa) (pairs that were considered and excluded are in other_candidates). Is there a TDR model for it (give owner_canonical_model_id), or NO_TDR_TARGET?",foton-foton-bj1045v8jd3-fa,Foton BJ1045V8JD3-FA,FOTON,settled,Truck,,,,,,NONE,,,,,,,,,,,,,,,,,,,,,,,,,,,,,,,,NO_CANDIDATE,NO_CANDIDATE_ALL_EXCLUDED,,,false,,false,,,,248,6,61,2022-08,2026-09,,,,,,,,,,
535,7,"low-volume tail, and groups with no candidate in the sheet",7,,0.9948,"Neither the legacy matcher nor Contract v1 proposes a TDR model for Ice 'BMW M760E' (BMW, bmw-bmw-m760e) (pairs that were considered and excluded are in other_candidates). Is there a TDR model for it (give owner_canonical_model_id), or NO_TDR_TARGET?",bmw-bmw-m760e,BMW M760E,BMW,settled,Sedan,,,,,,NONE,,,,,,,,,,,,,,,,,,,,,,,,,,,,,,,,NO_CANDIDATE,NO_CANDIDATE_ALL_EXCLUDED,,,false,,false,,,,102,21,55,2023-10,2026-09,,,,,,,,,,
536,7,"low-volume tail, and groups with no candidate in the sheet",7,,0.9948,"Is Ice 'MINE MTS-MT30' (MINE MOBILITY, mine-mobility-mine-mts-mt30) the same vehicle as TDR 'Mine MTS' (mine_mobility.mine_mts)? Verdict applies to the candidate shown on this row.",mine-mobility-mine-mts-mt30,MINE MTS-MT30,MINE MOBILITY,settled,Pickup,mine_mobility.mine_mts,Mine MTS,Mine Mobility,CURRENT,MPV,LEGACY_CANDIDATE;LEGACY_STORED;V1_POOL;V1_PRIMARY,PROPOSED,SERIES,259,1.0,1.0,0.7619047619047619,2023-06,2026-01,16,0,,EQUIVALENT,EXACT,SUBJECT_FINER,0.8,STRONG,,1.0,1.0,1.0,10,10,62.0,62.0,2024-02,2026-01,16,BRND_EXACT;SER_STRONG,NAME_CONTAINMENT_SUBJECT_FINER;SER_OVERLAP_BELOW_AUTO_MIN;SER_VOLUME_BELOW_AUTO_MIN;SER_MISSING_ROW_SEMANTICS_UNCONFIRMED;ATTR_BODY_MISMATCH,,,PROPOSE,PROPOSE_SERIES_STRONG_CAPPED,mine_mobility.mine_mts,EQUIVALENT,false,,false,,,,87,40,53,2023-06,2026-01,87,40,53,mine-mobility-mine-mts-mt30,mine-mobility-mine-mts-mt30,,,,,
537,7,"low-volume tail, and groups with no candidate in the sheet",7,,0.9949,"Neither the legacy matcher nor Contract v1 proposes a TDR model for Ice 'Mercedes-Benz AMG G63' (MERCEDES BENZ, mercedes-benz-mercedes-benz-amg-g63) (pairs that were considered and excluded are in other_candidates). Is there a TDR model for it (give owner_canonical_model_id), or NO_TDR_TARGET?",mercedes-benz-mercedes-benz-amg-g63,Mercedes-Benz AMG G63,MERCEDES BENZ,settled,SUV,,,,,,NONE,,,,,,,,,,,,,,,,,,,,,,,,,,,,,,,,NO_CANDIDATE,NO_CANDIDATE_ALL_EXCLUDED,,,false,,false,NEW_SPLIT,SPLIT:mercedes-benz-mercedes-benz-amg-cls>mercedes-benz-mercedes-benz-amg-g63 9.09% | SPLIT:mercedes-benz-mercedes-benz-amg-g>mercedes-benz-mercedes-benz-amg-g63 0.37%,QUARANTINE:LIN_EVIDENCE_QUARANTINE,209,28,52,2021-01,2026-09,,,,,,,,,,
538,7,"low-volume tail, and groups with no candidate in the sheet",7,,0.9949,"Neither the legacy matcher nor Contract v1 proposes a TDR model for Ice 'Foton eView' (FOTON, foton-eview) (pairs that were considered and excluded are in other_candidates). Is there a TDR model for it (give owner_canonical_model_id), or NO_TDR_TARGET?",foton-eview,Foton eView,FOTON,settled,Van,,,,,,NONE,,,,,,,,,,,,,,,,,,,,,,,,,,,,,,,,NO_CANDIDATE,NO_CANDIDATE_ALL_EXCLUDED,,,false,,false,NEW_RENAME,RENAME:foton-eviewconnect__provisional>foton-eview 100%,NOOP:LIN_ALREADY_APPLIED,144,31,31,2026-08,2026-09,,,,,,,,,,
539,7,"low-volume tail, and groups with no candidate in the sheet",7,,0.9951,"Is Ice 'Outlander' (MITSUBISHI, mitsubishi-outlander) the same vehicle as TDR 'Outlander PHEV' (mitsubishi.outlander_phev)? Verdict applies to the candidate shown on this row.",mitsubishi-outlander,Outlander,MITSUBISHI,settled,SUV,mitsubishi.outlander_phev,Outlander PHEV,Mitsubishi,CURRENT,CROSSOVER,LEGACY_CANDIDATE;LEGACY_STORED;V1_POOL;V1_PRIMARY,PROPOSED,SERIES,162,0.9986752013637348,0.9878048780487805,0.782608695652174,2024-03,2026-09,24,1,2026-09,EQUIVALENT,EXACT,SUBJECT_COARSER,0.666667,STRONG,,1.0,1.0,1.0,17,17,30.0,30.0,2024-09,2026-08,7,BRND_EXACT;SER_STRONG,NAME_CONTAINMENT_SUBJECT_COARSER;SER_VOLUME_BELOW_AUTO_MIN;SER_MISSING_ROW_SEMANTICS_UNCONFIRMED,,,PROPOSE,PROPOSE_SERIES_STRONG_CAPPED,mitsubishi.outlander_phev,EQUIVALENT,false,,false,,,,829,11,30,2021-01,2026-09,827,11,30,MITSUBISHI|LANCER EVOLUTION VI GSR TOMMI;mitsubishi-outlander,mitsubishi-outlander,"mitsubishi.xpander (CONTRADICTION, WEAK, corr 0.699 ratio 164.300) | mitsubishi.xpander_cross (CONTRADICTION, WEAK, corr -0.234 ratio 211.633)",,,,
540,7,"low-volume tail, and groups with no candidate in the sheet",7,,0.9951,"Neither the legacy matcher nor Contract v1 proposes a TDR model for Ice 'HINO FG8JJ1A-JJT' (HINO, hino-hino-fg8jj1a-jjt) (pairs that were considered and excluded are in other_candidates). Is there a TDR model for it (give owner_canonical_model_id), or NO_TDR_TARGET?",hino-hino-fg8jj1a-jjt,HINO FG8JJ1A-JJT,HINO,settled,Truck,,,,,,NONE,,,,,,,,,,,,,,,,,,,,,,,,,,,,,,,,NO_CANDIDATE,NO_CANDIDATE_ALL_EXCLUDED,,,false,,false,,,,125,1,21,2021-01,2026-09,,,,,,,,,,
541,7,"low-volume tail, and groups with no candidate in the sheet",7,,0.9985,"Neither the legacy matcher nor Contract v1 proposes a TDR model for Ice 'Jazz' (HONDA, honda-jazz) (pairs that were considered and excluded are in other_candidates). Is there a TDR model for it (give owner_canonical_model_id), or NO_TDR_TARGET?",honda-jazz,Jazz,HONDA,settled,Hatchback,,,,,,NONE,,,,,,,,,,,,,,,,,,,,,,,,,,,,,,,,NO_CANDIDATE,NO_CANDIDATE_ALL_EXCLUDED,,,false,,false,,,,13790,5,19,2021-01,2026-08,,,,,,,,,,
542,7,"low-volume tail, and groups with no candidate in the sheet",7,,0.9985,"Ice group TOYOTA|ไม่ระบุ (TOYOTA) has no model name at all (Ice's own 'unspecified' bucket for this brand). Expected answer: NO_TDR_TARGET, unless TDR keeps a brand-level bucket for it (then give owner_canonical_model_id).",TOYOTA|ไม่ระบุ,ไม่ระบุ,TOYOTA,unmapped_name,,,,,,,NONE,,,,,,,,,,,,,,,,,,,,,,,,,,,,,,,,INSUFFICIENT_DATA,INSUFFICIENT_DATA_NO_BASIS,,,false,,false,,,,122,7,17,2021-02,2026-03,,,,,,,,,,
543,7,"low-volume tail, and groups with no candidate in the sheet",7,,0.9985,"Neither the legacy matcher nor Contract v1 proposes a TDR model for Ice 'Nissan Urvan E26' (NISSAN, nissan-nissan-urvan-e26) (pairs that were considered and excluded are in other_candidates). Is there a TDR model for it (give owner_canonical_model_id), or NO_TDR_TARGET?",nissan-nissan-urvan-e26,Nissan Urvan E26,NISSAN,settled,Van,,,,,,NONE,,,,,,,,,,,,,,,,,,,,,,,,,,,,,,,,NO_CANDIDATE,NO_CANDIDATE_ALL_EXCLUDED,,,false,,false,NEW_MERGE,MERGE:nissan-nissan-uvl4rdre26kwdmer9e>nissan-nissan-urvan-e26 100% | MERGE:nissan-nissan-uvl4rdre26kwdmer-e>nissan-nissan-urvan-e26 100% | MERGE:nissan-nissan-uvl4rdre26kwdmerce>nissan-nissan-urvan-e26 100%,NOOP:LIN_ALREADY_APPLIED,212,7,14,2021-01,2026-07,,,,,,,,,,
544,7,"low-volume tail, and groups with no candidate in the sheet",7,,0.9986,"Neither the legacy matcher nor Contract v1 proposes a TDR model for Ice 'Chery Q' (CHERY, chery-chery-q) (pairs that were considered and excluded are in other_candidates). Is there a TDR model for it (give owner_canonical_model_id), or NO_TDR_TARGET?",chery-chery-q,Chery Q,CHERY,settled,Hatchback,,,,,,NONE,,,,,,,,,,,,,,,,,,,,,,,,,,,,,,,,NO_CANDIDATE,NO_CANDIDATE_ALL_EXCLUDED,,,false,,false,,,,332,6,6,2026-08,2026-09,,,,,,,,,,
545,7,"low-volume tail, and groups with no candidate in the sheet",7,,0.9986,"Is Ice 'Lexus LC' (LEXUS, lexus-lexus-lc) the same vehicle as TDR 'LC' (lexus.lc)? Verdict applies to the candidate shown on this row.",lexus-lexus-lc,Lexus LC,LEXUS,settled,Coupe/Convertible,lexus.lc,LC,Lexus,CURRENT,COUPE,LEGACY_CANDIDATE;V1_POOL;V1_PRIMARY,,,,,1.0,1.0,2021-10,2026-06,10,0,,EQUIVALENT,EXACT,EQUAL,1.0,UNAVAILABLE,SER_VOLUME_BELOW_PROPOSE_MIN,,,,6,6,6.0,6.0,2024-10,2026-06,18,BRND_EXACT;NAME_EQUAL,NAME_ONLY_NOT_AUTO;SER_MISSING_ROW_SEMANTICS_UNCONFIRMED,,SER_VOLUME_BELOW_PROPOSE_MIN,PROPOSE,PROPOSE_NAME_MATCH_SERIES_NOT_STRONG,lexus.lc,EQUIVALENT,false,,false,,,,10,4,6,2021-10,2026-06,10,4,6,,lexus-lexus-lc,"lexus.lexus_lm (CONTRADICTION, UNAVAILABLE) | lexus.lexus_ls (CONTRADICTION, UNAVAILABLE) | lexus.lx (CONTRADICTION, UNAVAILABLE)",,,,
546,7,"low-volume tail, and groups with no candidate in the sheet",7,,0.9986,"Is Ice 'Lexus LC' (LEXUS, lexus-lexus-lc) the same vehicle as TDR 'LM' (lexus.lexus_lm)? Verdict applies to the candidate shown on this row.",lexus-lexus-lc,Lexus LC,LEXUS,settled,Coupe/Convertible,lexus.lexus_lm,LM,Lexus,CURRENT,MPV,LEGACY_CANDIDATE;LEGACY_STORED;V1_POOL,PROPOSED,NAME,313,,30.7,0.5,2021-10,2026-06,10,0,,EQUIVALENT,EXACT,CONTRADICTION,0.0,UNAVAILABLE,SER_VOLUME_BELOW_PROPOSE_MIN,,,,6,6,6.0,183.0,2024-10,2026-06,18,BRND_EXACT,NAME_ONLY_NOT_AUTO;SER_MISSING_ROW_SEMANTICS_UNCONFIRMED;ATTR_BODY_MISMATCH;GEN_LIFECYCLE_PARTIAL,NAME_CONTRADICTION,SER_VOLUME_BELOW_PROPOSE_MIN,PROPOSE,PROPOSE_NAME_MATCH_SERIES_NOT_STRONG,lexus.lc,EQUIVALENT,false,,false,,,,10,4,6,2021-10,2026-06,1903,408,820,lexus-lexus-lc;lexus-lexus-lm;lexus-lexus-ls,lexus-lexus-lm,"lexus.lc (EQUAL, UNAVAILABLE) | lexus.lexus_ls (CONTRADICTION, UNAVAILABLE) | lexus.lx (CONTRADICTION, UNAVAILABLE)",,,,
547,7,"low-volume tail, and groups with no candidate in the sheet",7,,0.9986,"Is Ice 'Mclaren GTS' (MCLAREN, mclaren-mclaren-gts) the same vehicle as TDR 'GTS' (mclaren.gts)? Verdict applies to the candidate shown on this row.",mclaren-mclaren-gts,Mclaren GTS,MCLAREN,settled,Coupe/Convertible,mclaren.gts,GTS,McLaren,CURRENT,COUPE,LEGACY_CANDIDATE;LEGACY_STORED;V1_POOL;V1_PRIMARY,PROPOSED,NAME,305,,0.13333333333333333,1.0,2021-02,2026-02,15,13,2021-02;2021-09;2021-11;2022-01;2022-02;2022-04;2022-06;2022-08;2022-10;2023-02;2023-04;2024-10;2024-11,EQUIVALENT,EXACT,EQUAL,1.0,UNAVAILABLE,SER_OVERLAP_BELOW_PROPOSE_MIN,,,,2,2,2.0,2.0,2026-01,2026-02,22,BRND_EXACT;NAME_EQUAL,NAME_ONLY_NOT_AUTO;SER_MISSING_ROW_SEMANTICS_UNCONFIRMED,,SER_OVERLAP_BELOW_PROPOSE_MIN,PROPOSE,PROPOSE_NAME_MATCH_SERIES_NOT_STRONG,mclaren.gts,EQUIVALENT,false,,false,,,,15,2,4,2021-02,2026-02,2,2,2,MCLAREN|GT COUPE;mclaren-mclaren-gts,mclaren-mclaren-gts,,,,,
548,7,"low-volume tail, and groups with no candidate in the sheet",7,,0.9986,"Is Ice 'Lexus LS' (LEXUS, lexus-lexus-ls) the same vehicle as TDR 'LM' (lexus.lexus_lm)? Verdict applies to the candidate shown on this row.",lexus-lexus-ls,Lexus LS,LEXUS,settled,Sedan,lexus.lexus_lm,LM,Lexus,CURRENT,MPV,LEGACY_CANDIDATE;LEGACY_STORED;V1_POOL,PROPOSED,NAME,306,,26.785714285714285,0.5,2021-01,2025-08,14,0,,EQUIVALENT,EXACT,CONTRADICTION,0.0,UNAVAILABLE,SER_OVERLAP_BELOW_PROPOSE_MIN,,,,5,5,5.0,157.0,2023-10,2025-08,20,BRND_EXACT,NAME_ONLY_NOT_AUTO;SER_MISSING_ROW_SEMANTICS_UNCONFIRMED;ATTR_BODY_MISMATCH;GEN_LIFECYCLE_PARTIAL,NAME_CONTRADICTION,SER_OVERLAP_BELOW_PROPOSE_MIN,PROPOSE,PROPOSE_NAME_MATCH_SERIES_NOT_STRONG,lexus.lexus_ls,EQUIVALENT,false,,false,,,,14,0,4,2021-01,2025-08,1903,408,820,lexus-lexus-lc;lexus-lexus-lm;lexus-lexus-ls,lexus-lexus-lm,"lexus.lexus_ls (EQUAL, UNAVAILABLE) | lexus.lc (CONTRADICTION, UNAVAILABLE) | lexus.lexus_es (CONTRADICTION, UNAVAILABLE)",,,,
549,7,"low-volume tail, and groups with no candidate in the sheet",7,,0.9986,"Is Ice 'Lexus LS' (LEXUS, lexus-lexus-ls) the same vehicle as TDR 'LS' (lexus.lexus_ls)? Verdict applies to the candidate shown on this row.",lexus-lexus-ls,Lexus LS,LEXUS,settled,Sedan,lexus.lexus_ls,LS,Lexus,CURRENT,SEDAN,LEGACY_CANDIDATE;V1_POOL;V1_PRIMARY,,,,,1.0,1.0,2021-01,2025-08,14,0,,EQUIVALENT,EXACT,EQUAL,1.0,UNAVAILABLE,SER_OVERLAP_BELOW_PROPOSE_MIN,,,,5,5,5.0,5.0,2023-10,2025-08,20,BRND_EXACT;NAME_EQUAL,NAME_ONLY_NOT_AUTO;SER_MISSING_ROW_SEMANTICS_UNCONFIRMED,,SER_OVERLAP_BELOW_PROPOSE_MIN,PROPOSE,PROPOSE_NAME_MATCH_SERIES_NOT_STRONG,lexus.lexus_ls,EQUIVALENT,false,,false,,,,14,0,4,2021-01,2025-08,14,0,4,,lexus-lexus-ls,"lexus.lc (CONTRADICTION, UNAVAILABLE) | lexus.lexus_es (CONTRADICTION, UNAVAILABLE) | lexus.lexus_is (CONTRADICTION, UNAVAILABLE)",,,,
550,7,"low-volume tail, and groups with no candidate in the sheet",7,,0.9987,"Ice group MITSUBISHI|ไม่ระบุ (MITSUBISHI) has no model name at all (Ice's own 'unspecified' bucket for this brand). Expected answer: NO_TDR_TARGET, unless TDR keeps a brand-level bucket for it (then give owner_canonical_model_id).",MITSUBISHI|ไม่ระบุ,ไม่ระบุ,MITSUBISHI,unmapped_name,,,,,,,NONE,,,,,,,,,,,,,,,,,,,,,,,,,,,,,,,,INSUFFICIENT_DATA,INSUFFICIENT_DATA_NO_BASIS,,,false,,false,,,,370,1,2,2021-02,2026-06,,,,,,,,,,
551,7,"low-volume tail, and groups with no candidate in the sheet",7,,0.9987,"Ice group NISSAN|ไม่ระบุ (NISSAN) has no model name at all (Ice's own 'unspecified' bucket for this brand). Expected answer: NO_TDR_TARGET, unless TDR keeps a brand-level bucket for it (then give owner_canonical_model_id).",NISSAN|ไม่ระบุ,ไม่ระบุ,NISSAN,unmapped_name,,,,,,,NONE,,,,,,,,,,,,,,,,,,,,,,,,,,,,,,,,INSUFFICIENT_DATA,INSUFFICIENT_DATA_NO_BASIS,,,false,,false,,,,139,1,1,2021-01,2026-05,,,,,,,,,,
552,7,"low-volume tail, and groups with no candidate in the sheet",7,,0.9987,"Is Ice 'I8' (BMW, BMW|I8) the same vehicle as TDR 'iX3' (bmw.bmw_ix3)? Verdict applies to the candidate shown on this row.",BMW|I8,I8,BMW,unmapped_name,Sedan,bmw.bmw_ix3,iX3,BMW,CURRENT,CROSSOVER,LEGACY_CANDIDATE;LEGACY_STORED;V1_POOL,PROPOSED,NAME,358,,37.0,0.4,2023-01,2025-06,2,0,,EQUIVALENT,EXACT,CONTRADICTION,0.0,UNAVAILABLE,SER_OVERLAP_BELOW_PROPOSE_MIN,,,,1,1,1.0,43.0,2025-06,2025-06,23,BRND_EXACT,NAME_ONLY_NOT_AUTO;SER_MISSING_ROW_SEMANTICS_UNCONFIRMED;ATTR_BODY_MISMATCH;SUBJ_UNMAPPED_NAME,NAME_CONTRADICTION,SER_OVERLAP_BELOW_PROPOSE_MIN,PROPOSE,PROPOSE_NAME_MATCH_SERIES_NOT_STRONG,bmw.i8,EQUIVALENT,false,,false,,,,2,0,1,2023-01,2025-06,2326,200,737,BMW|I8;bmw-bmw-ix,,"bmw.i8 (EQUAL, UNAVAILABLE) | bmw.bmw_i4 (CONTRADICTION, UNAVAILABLE) | bmw.i3 (CONTRADICTION, UNAVAILABLE)",,,,
553,7,"low-volume tail, and groups with no candidate in the sheet",7,,0.9987,"Is Ice 'I8' (BMW, BMW|I8) the same vehicle as TDR 'i8' (bmw.i8)? Verdict applies to the candidate shown on this row.",BMW|I8,I8,BMW,unmapped_name,Sedan,bmw.i8,i8,BMW,CURRENT,COUPE,LEGACY_CANDIDATE;V1_POOL;V1_PRIMARY,,,,,1.0,1.0,2023-01,2025-06,2,0,,EQUIVALENT,EXACT,EQUAL,1.0,UNAVAILABLE,SER_OVERLAP_BELOW_PROPOSE_MIN,,,,1,1,1.0,1.0,2025-06,2025-06,23,BRND_EXACT;NAME_EQUAL,NAME_ONLY_NOT_AUTO;SER_MISSING_ROW_SEMANTICS_UNCONFIRMED;ATTR_BODY_MISMATCH;SUBJ_UNMAPPED_NAME,,SER_OVERLAP_BELOW_PROPOSE_MIN,PROPOSE,PROPOSE_NAME_MATCH_SERIES_NOT_STRONG,bmw.i8,EQUIVALENT,false,,false,,,,2,0,1,2023-01,2025-06,22,0,2,BMW|I8 RHD,BMW|I8,"bmw.bmw_i4 (CONTRADICTION, UNAVAILABLE) | bmw.i3 (CONTRADICTION, UNAVAILABLE) | bmw.i5 (CONTRADICTION, UNAVAILABLE)",,,,
554,7,"low-volume tail, and groups with no candidate in the sheet",7,,0.9987,"Is Ice 'COMUTER' (TOYOTA, TOYOTA|COMUTER) the same vehicle as TDR 'Commuter' (toyota.commuter)? Verdict applies to the candidate shown on this row.",TOYOTA|COMUTER,COMUTER,TOYOTA,unmapped_name,,toyota.commuter,Commuter,Toyota,CURRENT,VAN,LEGACY_CANDIDATE;V1_POOL;V1_PRIMARY,,,,,546.0,0.9333333333333333,2025-01,2025-01,1,0,,EQUIVALENT,EXACT,FUZZY,1.0,UNAVAILABLE,SER_OVERLAP_BELOW_PROPOSE_MIN,,,,1,1,1.0,546.0,2025-01,2025-01,23,BRND_EXACT,NAME_FUZZY_TOKEN;NAME_ONLY_NOT_AUTO;SER_MISSING_ROW_SEMANTICS_UNCONFIRMED;SUBJ_UNMAPPED_NAME,,SER_OVERLAP_BELOW_PROPOSE_MIN;ATTR_BODY_UNKNOWN,PROPOSE,PROPOSE_NAME_MATCH_SERIES_NOT_STRONG,toyota.commuter,EQUIVALENT,false,,false,,,,1,0,1,2025-01,2025-01,36568,7601,15054,toyota-hiace-commuter;toyota-toyota-tr,TOYOTA|COMUTER;toyota-hiace-commuter,"toyota.fortuner (CONTRADICTION, UNAVAILABLE) | toyota.camry (CONTRADICTION, UNAVAILABLE) | toyota.c_hr (CONTRADICTION, UNAVAILABLE)",,,,
555,7,"low-volume tail, and groups with no candidate in the sheet",7,,0.9987,"Is Ice 'COMUTER' (TOYOTA, TOYOTA|COMUTER) the same vehicle as TDR 'Fortuner' (toyota.fortuner)? Verdict applies to the candidate shown on this row.",TOYOTA|COMUTER,COMUTER,TOYOTA,unmapped_name,,toyota.fortuner,Fortuner,Toyota,CURRENT,PPV,LEGACY_CANDIDATE;LEGACY_STORED;V1_POOL,PROPOSED,NAME,436,,1553.0,0.5333333333333333,2025-01,2025-01,1,0,,EQUIVALENT,EXACT,CONTRADICTION,0.0,UNAVAILABLE,SER_OVERLAP_BELOW_PROPOSE_MIN,,,,1,1,1.0,1553.0,2025-01,2025-01,23,BRND_EXACT,NAME_ONLY_NOT_AUTO;SER_MISSING_ROW_SEMANTICS_UNCONFIRMED;SUBJ_UNMAPPED_NAME,NAME_CONTRADICTION,SER_OVERLAP_BELOW_PROPOSE_MIN;ATTR_BODY_UNKNOWN,PROPOSE,PROPOSE_NAME_MATCH_SERIES_NOT_STRONG,toyota.commuter,EQUIVALENT,false,,false,,,,1,0,1,2025-01,2025-01,113820,13822,27595,TOYOTA|1 8ESPORT;TOYOTA|CENTURY;TOYOTA|COMUTER;TOYOTA|TUNDRA 3 5L;toyota-fortuner,toyota-fortuner,"toyota.commuter (FUZZY, UNAVAILABLE) | toyota.camry (CONTRADICTION, UNAVAILABLE) | toyota.c_hr (CONTRADICTION, UNAVAILABLE)",,,,
556,7,"low-volume tail, and groups with no candidate in the sheet",7,,0.9988,"Neither the legacy matcher nor Contract v1 proposes a TDR model for Ice 'Lepas L6' (LEPAS, lepas-l6) (pairs that were considered and excluded are in other_candidates). Is there a TDR model for it (give owner_canonical_model_id), or NO_TDR_TARGET?",lepas-l6,Lepas L6,LEPAS,settled,SUV,,,,,,NONE,,,,,,,,,,,,,,,,,,,,,,,,,,,,,,,,NO_CANDIDATE,BRND_NOT_IN_TDR,,,false,,false,,,,290,0,0,2026-09,2026-09,,,,,,,,,,
557,7,"low-volume tail, and groups with no candidate in the sheet",7,,0.9989,"Neither the legacy matcher nor Contract v1 proposes a TDR model for Ice 'Asia Cab AS4' (ASIA CAB, asia-cab-as4) (pairs that were considered and excluded are in other_candidates). Is there a TDR model for it (give owner_canonical_model_id), or NO_TDR_TARGET?",asia-cab-as4,Asia Cab AS4,ASIA CAB,settled,MPV,,,,,,NONE,,,,,,,,,,,,,,,,,,,,,,,,,,,,,,,,NO_CANDIDATE,BRND_NOT_IN_TDR,,,false,,false,NEW_RENAME,RENAME:ASIA CAB|ASIACAB AS4L>asia-cab-as4 100%,NOOP:LIN_ALREADY_APPLIED,248,0,0,2021-01,2022-05,,,,,,,,,,
558,7,"low-volume tail, and groups with no candidate in the sheet",7,,0.9989,"Neither the legacy matcher nor Contract v1 proposes a TDR model for Ice 'Foton Tunland' (FOTON, foton-tunland) (pairs that were considered and excluded are in other_candidates). Is there a TDR model for it (give owner_canonical_model_id), or NO_TDR_TARGET?",foton-tunland,Foton Tunland,FOTON,settled,Pickup,,,,,,NONE,,,,,,,,,,,,,,,,,,,,,,,,,,,,,,,,NO_CANDIDATE,NO_CANDIDATE_ALL_EXCLUDED,,,false,,false,NEW_MERGE,MERGE:FOTON|TUNLAND DC 4X2 S>foton-tunland 100% | MERGE:FOTON|TUNLAND DC 4X2 S PREMIUM>foton-tunland 100%,NOOP:LIN_ALREADY_APPLIED,140,0,0,2021-01,2023-07,,,,,,,,,,
559,7,"low-volume tail, and groups with no candidate in the sheet",7,,0.9989,"Ice group FORD|ไม่ระบุ (FORD) has no model name at all (Ice's own 'unspecified' bucket for this brand). Expected answer: NO_TDR_TARGET, unless TDR keeps a brand-level bucket for it (then give owner_canonical_model_id).",FORD|ไม่ระบุ,ไม่ระบุ,FORD,unmapped_name,,,,,,,NONE,,,,,,,,,,,,,,,,,,,,,,,,,,,,,,,,NO_CANDIDATE,NO_CANDIDATE_ALL_EXCLUDED,,,false,,false,,,,117,0,0,2021-01,2023-05,,,,,,,,,,
560,7,"low-volume tail, and groups with no candidate in the sheet",7,,0.9989,"Is Ice 'EV6' (KIA, kia-ev6) the same vehicle as TDR 'EV6' (kia.ev6)? Verdict applies to the candidate shown on this row.",kia-ev6,EV6,KIA,settled,SUV,kia.ev6,EV6,Kia,CURRENT,CROSSOVER,LEGACY_CANDIDATE;LEGACY_STORED;V1_POOL;V1_PRIMARY,PROPOSED,NAME,480,,1.0,1.0,2023-09,2023-09,1,0,,EQUIVALENT,EXACT,EQUAL,1.0,UNAVAILABLE,SER_OVERLAP_BELOW_PROPOSE_MIN,,,,1,1,1.0,1.0,2023-09,2023-09,24,BRND_EXACT;NAME_EQUAL,NAME_ONLY_NOT_AUTO;SER_MISSING_ROW_SEMANTICS_UNCONFIRMED,,SER_OVERLAP_BELOW_PROPOSE_MIN,PROPOSE,PROPOSE_NAME_MATCH_SERIES_NOT_STRONG,kia.ev6,EQUIVALENT,false,,false,,,,1,0,0,2023-09,2023-09,1,0,0,kia-ev6,kia-ev6,"kia.ev5 (CONTRADICTION, UNAVAILABLE) | kia.ev9 (CONTRADICTION, UNAVAILABLE)",,,,
