model_group_id,brand,model_name,units_total,units_last12,first_seen,last_seen,identity_status,A_outcome,A_primary,A_codes,B_outcome,B_primary,B_codes,canonical_model_id_if_create,priority_band
ABARTH|500E,ABARTH,500e,1,0,2568-02,2568-02,unmapped_name,HOLD,PROVIDER_RAW_NAME,PROVIDER_RAW_NAME|BRAND_NOT_IN_TDR|POSSIBLE_MODEL_CODE,HOLD,PROVIDER_RAW_NAME,PROVIDER_RAW_NAME|BRAND_NOT_IN_TDR|POSSIBLE_MODEL_CODE,,LOW
ABARTH|595 COMPETIZIONE,ABARTH,595 COMPETIZIONE,2,0,2567-04,2567-08,unmapped_name,HOLD,PROVIDER_RAW_NAME,PROVIDER_RAW_NAME|BRAND_NOT_IN_TDR,HOLD,PROVIDER_RAW_NAME,PROVIDER_RAW_NAME|BRAND_NOT_IN_TDR,,LOW
AIWAYS|U5 LITE SAMPLE,AIWAYS,U5 LITE SAMPLE,1,0,2565-09,2565-09,unmapped_name,HOLD,PROVIDER_RAW_NAME,PROVIDER_RAW_NAME|BRAND_NOT_IN_TDR,HOLD,PROVIDER_RAW_NAME,PROVIDER_RAW_NAME|BRAND_NOT_IN_TDR,,LOW
AIWAYS|U5 PRIME WITH,AIWAYS,U5 PRIME WITH,1,0,2565-09,2565-09,unmapped_name,HOLD,PROVIDER_RAW_NAME,PROVIDER_RAW_NAME|BRAND_NOT_IN_TDR,HOLD,PROVIDER_RAW_NAME,PROVIDER_RAW_NAME|BRAND_NOT_IN_TDR,,LOW
AIWAYS|U6,AIWAYS,U6,1,0,2567-04,2567-04,unmapped_name,HOLD,PROVIDER_RAW_NAME,PROVIDER_RAW_NAME|BRAND_NOT_IN_TDR,HOLD,PROVIDER_RAW_NAME,PROVIDER_RAW_NAME|BRAND_NOT_IN_TDR,,LOW
ALFA ROMEO|4C COUPE,ALFA ROMEO,4C COUPE,1,0,2565-03,2565-03,unmapped_name,HOLD,PROVIDER_RAW_NAME,PROVIDER_RAW_NAME|BRAND_NOT_IN_TDR|POSSIBLE_BODY_VARIANT,HOLD,PROVIDER_RAW_NAME,PROVIDER_RAW_NAME|BRAND_NOT_IN_TDR|POSSIBLE_BODY_VARIANT,,LOW
ALFA ROMEO|4C SPIDER,ALFA ROMEO,4C SPIDER,1,0,2565-03,2565-03,unmapped_name,HOLD,PROVIDER_RAW_NAME,PROVIDER_RAW_NAME|BRAND_NOT_IN_TDR,HOLD,PROVIDER_RAW_NAME,PROVIDER_RAW_NAME|BRAND_NOT_IN_TDR,,LOW
ALFA ROMEO|GIULIA QUADRIFOGLIO,ALFA ROMEO,GIULIA QUADRIFOGLIO,1,0,2564-02,2564-02,unmapped_name,HOLD,PROVIDER_RAW_NAME,PROVIDER_RAW_NAME|BRAND_NOT_IN_TDR,HOLD,PROVIDER_RAW_NAME,PROVIDER_RAW_NAME|BRAND_NOT_IN_TDR,,LOW
ALFA ROMEO|GIULIA VELOCE,ALFA ROMEO,GIULIA VELOCE,1,0,2568-05,2568-05,unmapped_name,HOLD,PROVIDER_RAW_NAME,PROVIDER_RAW_NAME|BRAND_NOT_IN_TDR,HOLD,PROVIDER_RAW_NAME,PROVIDER_RAW_NAME|BRAND_NOT_IN_TDR,,LOW
ALFA ROMEO|GIULIETTA 1 4,ALFA ROMEO,GIULIETTA 1.4,1,0,2564-04,2564-04,unmapped_name,HOLD,PROVIDER_RAW_NAME,PROVIDER_RAW_NAME|BRAND_NOT_IN_TDR|POSSIBLE_POWERTRAIN_DERIVATIVE,HOLD,PROVIDER_RAW_NAME,PROVIDER_RAW_NAME|BRAND_NOT_IN_TDR|POSSIBLE_POWERTRAIN_DERIVATIVE,,LOW
ALFA ROMEO|ไม่ระบุ,ALFA ROMEO,ไม่ระบุ,1,0,2565-05,2565-05,unmapped_name,HOLD,PROVIDER_RAW_NAME,PROVIDER_RAW_NAME|NAME_UNSPECIFIED|BRAND_NOT_IN_TDR,HOLD,PROVIDER_RAW_NAME,PROVIDER_RAW_NAME|NAME_UNSPECIFIED|BRAND_NOT_IN_TDR,,LOW
ALPINE|A110 S,ALPINE,A110 S,3,0,2567-04,2568-09,unmapped_name,HOLD,PROVIDER_RAW_NAME,PROVIDER_RAW_NAME|BRAND_NOT_IN_TDR|POSSIBLE_MODEL_CODE,HOLD,PROVIDER_RAW_NAME,PROVIDER_RAW_NAME|BRAND_NOT_IN_TDR|POSSIBLE_MODEL_CODE,,LOW
ARMSTRONG|SIDDELEY,ARMSTRONG,SIDDELEY,2,0,2564-12,2564-12,unmapped_name,HOLD,PROVIDER_RAW_NAME,PROVIDER_RAW_NAME|BRAND_NOT_IN_TDR,HOLD,PROVIDER_RAW_NAME,PROVIDER_RAW_NAME|BRAND_NOT_IN_TDR,,LOW
ASTON MARTIN|DB9 COUPE,ASTON MARTIN,DB9 COUPE,1,0,2564-04,2564-04,unmapped_name,HOLD,PROVIDER_RAW_NAME,PROVIDER_RAW_NAME|BRAND_NOT_IN_TDR|POSSIBLE_BODY_VARIANT,HOLD,PROVIDER_RAW_NAME,PROVIDER_RAW_NAME|BRAND_NOT_IN_TDR|POSSIBLE_BODY_VARIANT,,LOW
ASTON MARTIN|DBS 770 ULTIMATE VOLANTE,ASTON MARTIN,DBS 770 ULTIMATE  VOLANTE,1,0,2567-03,2567-03,unmapped_name,HOLD,PROVIDER_RAW_NAME,PROVIDER_RAW_NAME|BRAND_NOT_IN_TDR,HOLD,PROVIDER_RAW_NAME,PROVIDER_RAW_NAME|BRAND_NOT_IN_TDR,,LOW
ASTON MARTIN|DBS SUPERLEGGERA,ASTON MARTIN,DBS SUPERLEGGERA,2,0,2565-02,2565-06,unmapped_name,HOLD,PROVIDER_RAW_NAME,PROVIDER_RAW_NAME|BRAND_NOT_IN_TDR,HOLD,PROVIDER_RAW_NAME,PROVIDER_RAW_NAME|BRAND_NOT_IN_TDR,,LOW
ASTON MARTIN|DBS SUPERLEGGERA COUPE,ASTON MARTIN,DBS SUPERLEGGERA COUPE,1,0,2568-08,2568-08,unmapped_name,HOLD,PROVIDER_RAW_NAME,PROVIDER_RAW_NAME|BRAND_NOT_IN_TDR|POSSIBLE_BODY_VARIANT,HOLD,PROVIDER_RAW_NAME,PROVIDER_RAW_NAME|BRAND_NOT_IN_TDR|POSSIBLE_BODY_VARIANT,,LOW
ASTON MARTIN|DBS SUPERLEGGERA VOLANTE,ASTON MARTIN,DBS SUPERLEGGERA VOLANTE,1,0,2566-06,2566-06,unmapped_name,HOLD,PROVIDER_RAW_NAME,PROVIDER_RAW_NAME|BRAND_NOT_IN_TDR,HOLD,PROVIDER_RAW_NAME,PROVIDER_RAW_NAME|BRAND_NOT_IN_TDR,,LOW
ASTON MARTIN|RAPIDE S,ASTON MARTIN,RAPIDE S,1,1,2568-12,2568-12,unmapped_name,HOLD,PROVIDER_RAW_NAME,PROVIDER_RAW_NAME|BRAND_NOT_IN_TDR,HOLD,PROVIDER_RAW_NAME,PROVIDER_RAW_NAME|BRAND_NOT_IN_TDR,,LOW
AUDI|R8 SPYDER V10,AUDI,R8 SPYDER V10,1,0,2568-04,2568-04,unmapped_name,HOLD,PROVIDER_RAW_NAME,PROVIDER_RAW_NAME,HOLD,PROVIDER_RAW_NAME,PROVIDER_RAW_NAME,,LOW
BAOJUN|E300,BAOJUN,E300,1,0,2564-05,2564-05,unmapped_name,HOLD,PROVIDER_RAW_NAME,PROVIDER_RAW_NAME|BRAND_NOT_IN_TDR|POSSIBLE_MODEL_CODE,HOLD,PROVIDER_RAW_NAME,PROVIDER_RAW_NAME|BRAND_NOT_IN_TDR|POSSIBLE_MODEL_CODE,,LOW
BECK|SPYDER,BECK,SPYDER,1,0,2567-03,2567-03,unmapped_name,HOLD,PROVIDER_RAW_NAME,PROVIDER_RAW_NAME|BRAND_NOT_IN_TDR,HOLD,PROVIDER_RAW_NAME,PROVIDER_RAW_NAME|BRAND_NOT_IN_TDR,,LOW
BENTLEY|GT SPEED CONVERTIBLE,BENTLEY,GT SPEED CONVERTIBLE,1,1,2568-10,2568-10,unmapped_name,HOLD,PROVIDER_RAW_NAME,PROVIDER_RAW_NAME|POSSIBLE_TRIM_NOT_MODEL|POSSIBLE_BODY_VARIANT,HOLD,PROVIDER_RAW_NAME,PROVIDER_RAW_NAME|POSSIBLE_TRIM_NOT_MODEL|POSSIBLE_BODY_VARIANT,,LOW
BENTLEY|MULSANNE EXTENDED WHEELBASE,BENTLEY,MULSANNE EXTENDED WHEELBASE,1,0,2564-05,2564-05,unmapped_name,HOLD,PROVIDER_RAW_NAME,PROVIDER_RAW_NAME,HOLD,PROVIDER_RAW_NAME,PROVIDER_RAW_NAME,,LOW
BENTLEY|MULSANNE SPEED,BENTLEY,MULSANNE SPEED,1,0,2566-01,2566-01,unmapped_name,HOLD,PROVIDER_RAW_NAME,PROVIDER_RAW_NAME,HOLD,PROVIDER_RAW_NAME,PROVIDER_RAW_NAME,,LOW
BENTLEY|ROYAL GRAND LIMOUSINE,BENTLEY,ROYAL GRAND LIMOUSINE,1,0,2565-12,2565-12,unmapped_name,HOLD,PROVIDER_RAW_NAME,PROVIDER_RAW_NAME,HOLD,PROVIDER_RAW_NAME,PROVIDER_RAW_NAME,,LOW
BENZ|300GD,BENZ,300GD,1,0,2564-11,2564-11,unmapped_name,HOLD,PROVIDER_RAW_NAME,PROVIDER_RAW_NAME|POSSIBLE_MODEL_CODE,HOLD,PROVIDER_RAW_NAME,PROVIDER_RAW_NAME|POSSIBLE_MODEL_CODE,,LOW
BENZ|CL550,BENZ,CL550,1,0,2564-01,2564-01,unmapped_name,HOLD,PROVIDER_RAW_NAME,PROVIDER_RAW_NAME|POSSIBLE_MODEL_CODE,HOLD,PROVIDER_RAW_NAME,PROVIDER_RAW_NAME|POSSIBLE_MODEL_CODE,,LOW
BENZ|ไม่ระบุ,BENZ,ไม่ระบุ,1,0,2567-09,2567-09,unmapped_name,HOLD,PROVIDER_RAW_NAME,PROVIDER_RAW_NAME|NAME_UNSPECIFIED,HOLD,PROVIDER_RAW_NAME,PROVIDER_RAW_NAME|NAME_UNSPECIFIED,,LOW
BLAVAL|EQ,BLAVAL,EQ,4,0,2566-09,2566-09,unmapped_name,HOLD,PROVIDER_RAW_NAME,PROVIDER_RAW_NAME|BRAND_NOT_IN_TDR,HOLD,PROVIDER_RAW_NAME,PROVIDER_RAW_NAME|BRAND_NOT_IN_TDR,,LOW
BLAVAL|FH V7,BLAVAL,FH-V7,4,0,2564-09,2564-10,unmapped_name,HOLD,PROVIDER_RAW_NAME,PROVIDER_RAW_NAME|BRAND_NOT_IN_TDR,HOLD,PROVIDER_RAW_NAME,PROVIDER_RAW_NAME|BRAND_NOT_IN_TDR,,LOW
BLAVAL|FHV7 A,BLAVAL,FHV7-A,1,0,2566-06,2566-06,unmapped_name,HOLD,PROVIDER_RAW_NAME,PROVIDER_RAW_NAME|BRAND_NOT_IN_TDR,HOLD,PROVIDER_RAW_NAME,PROVIDER_RAW_NAME|BRAND_NOT_IN_TDR,,LOW
BMW|118D M SPORT HATCH MANUAL,BMW,118D M SPORT HATCH MANUAL,1,0,2565-11,2565-11,unmapped_name,HOLD,PROVIDER_RAW_NAME,PROVIDER_RAW_NAME|EXISTING_IDENTITY_SUSPECTED|POSSIBLE_MODEL_CODE|POSSIBLE_TRIM_NOT_MODEL|POSSIBLE_POWERTRAIN_DERIVATIVE|POSSIBLE_BODY_VARIANT,HOLD,PROVIDER_RAW_NAME,PROVIDER_RAW_NAME|EXISTING_IDENTITY_SUSPECTED|POSSIBLE_MODEL_CODE|POSSIBLE_TRIM_NOT_MODEL|POSSIBLE_POWERTRAIN_DERIVATIVE|POSSIBLE_BODY_VARIANT,,LOW
BMW|118I M SPORT,BMW,118i M Sport,17,0,2564-02,2568-09,unmapped_name,HOLD,PROVIDER_RAW_NAME,PROVIDER_RAW_NAME|EXISTING_IDENTITY_SUSPECTED|POSSIBLE_MODEL_CODE|POSSIBLE_TRIM_NOT_MODEL,HOLD,PROVIDER_RAW_NAME,PROVIDER_RAW_NAME|EXISTING_IDENTITY_SUSPECTED|POSSIBLE_MODEL_CODE|POSSIBLE_TRIM_NOT_MODEL,,LOW
BMW|318D M SPORT SALOON MANUAL,BMW,318D M SPORT SALOON MANUAL,1,0,2565-11,2565-11,unmapped_name,HOLD,PROVIDER_RAW_NAME,PROVIDER_RAW_NAME|EXISTING_IDENTITY_SUSPECTED|PROVIDER_FINER_THAN_TDR|POSSIBLE_MODEL_CODE|POSSIBLE_TRIM_NOT_MODEL|POSSIBLE_POWERTRAIN_DERIVATIVE,HOLD,PROVIDER_RAW_NAME,PROVIDER_RAW_NAME|EXISTING_IDENTITY_SUSPECTED|PROVIDER_FINER_THAN_TDR|POSSIBLE_MODEL_CODE|POSSIBLE_TRIM_NOT_MODEL|POSSIBLE_POWERTRAIN_DERIVATIVE,,LOW
BMW|328I M SPORT,BMW,328I M SPORT,1,0,2568-09,2568-09,unmapped_name,HOLD,PROVIDER_RAW_NAME,PROVIDER_RAW_NAME|EXISTING_IDENTITY_SUSPECTED|PROVIDER_FINER_THAN_TDR|POSSIBLE_MODEL_CODE|POSSIBLE_TRIM_NOT_MODEL,HOLD,PROVIDER_RAW_NAME,PROVIDER_RAW_NAME|EXISTING_IDENTITY_SUSPECTED|PROVIDER_FINER_THAN_TDR|POSSIBLE_MODEL_CODE|POSSIBLE_TRIM_NOT_MODEL,,LOW
BMW|525D,BMW,525d,1,1,2569-05,2569-05,unmapped_name,HOLD,NOT_ACTIVATED,NOT_ACTIVATED,HOLD,PROVIDER_RAW_NAME,PROVIDER_RAW_NAME|DUPLICATE_CANONICAL_SUSPECTED|POSSIBLE_MODEL_CODE,,LOW
BMW|525D CELEBRATION EDITION,BMW,525d Celebration Edition,1,0,2567-03,2567-03,unmapped_name,HOLD,PROVIDER_RAW_NAME,PROVIDER_RAW_NAME|PROVIDER_FINER_THAN_TDR|POSSIBLE_MODEL_CODE|POSSIBLE_TRIM_NOT_MODEL,HOLD,PROVIDER_RAW_NAME,PROVIDER_RAW_NAME|PROVIDER_FINER_THAN_TDR|POSSIBLE_MODEL_CODE|POSSIBLE_TRIM_NOT_MODEL,,LOW
BMW|525D LUXURY,BMW,525d Luxury,1,0,2564-08,2564-08,unmapped_name,HOLD,PROVIDER_RAW_NAME,PROVIDER_RAW_NAME|PROVIDER_FINER_THAN_TDR|POSSIBLE_MODEL_CODE|POSSIBLE_TRIM_NOT_MODEL,HOLD,PROVIDER_RAW_NAME,PROVIDER_RAW_NAME|PROVIDER_FINER_THAN_TDR|POSSIBLE_MODEL_CODE|POSSIBLE_TRIM_NOT_MODEL,,LOW
BMW|525D M SPORT,BMW,525d M Sport,1,0,2565-03,2565-03,unmapped_name,HOLD,PROVIDER_RAW_NAME,PROVIDER_RAW_NAME|EXISTING_IDENTITY_SUSPECTED|PROVIDER_FINER_THAN_TDR|POSSIBLE_MODEL_CODE|POSSIBLE_TRIM_NOT_MODEL,HOLD,PROVIDER_RAW_NAME,PROVIDER_RAW_NAME|EXISTING_IDENTITY_SUSPECTED|PROVIDER_FINER_THAN_TDR|POSSIBLE_MODEL_CODE|POSSIBLE_TRIM_NOT_MODEL,,LOW
BMW|528I LUXURY,BMW,528i Luxury,3,0,2564-01,2565-12,unmapped_name,HOLD,PROVIDER_RAW_NAME,PROVIDER_RAW_NAME|PROVIDER_FINER_THAN_TDR|POSSIBLE_MODEL_CODE|POSSIBLE_TRIM_NOT_MODEL,HOLD,PROVIDER_RAW_NAME,PROVIDER_RAW_NAME|PROVIDER_FINER_THAN_TDR|POSSIBLE_MODEL_CODE|POSSIBLE_TRIM_NOT_MODEL,,LOW
BMW|530I LIMOUSINE RHD,BMW,530i Limousine RHD,6,0,2564-02,2566-01,unmapped_name,HOLD,PROVIDER_RAW_NAME,PROVIDER_RAW_NAME|PROVIDER_FINER_THAN_TDR|POSSIBLE_MODEL_CODE,HOLD,PROVIDER_RAW_NAME,PROVIDER_RAW_NAME|PROVIDER_FINER_THAN_TDR|POSSIBLE_MODEL_CODE,,LOW
BMW|630CI,BMW,630Ci,1,0,2564-01,2564-01,unmapped_name,HOLD,PROVIDER_RAW_NAME,PROVIDER_RAW_NAME|POSSIBLE_MODEL_CODE,HOLD,PROVIDER_RAW_NAME,PROVIDER_RAW_NAME|POSSIBLE_MODEL_CODE,,LOW
BMW|650I,BMW,650I,1,0,2564-02,2564-02,unmapped_name,HOLD,PROVIDER_RAW_NAME,PROVIDER_RAW_NAME|POSSIBLE_MODEL_CODE,HOLD,PROVIDER_RAW_NAME,PROVIDER_RAW_NAME|POSSIBLE_MODEL_CODE,,LOW
BMW|725LD,BMW,725Ld,4,0,2564-02,2567-10,unmapped_name,HOLD,NOT_ACTIVATED,NOT_ACTIVATED,HOLD,PROVIDER_RAW_NAME,PROVIDER_RAW_NAME|DUPLICATE_CANONICAL_SUSPECTED|POSSIBLE_MODEL_CODE,,LOW
BMW|740LI LIMOUSINE RHD,BMW,740Li Limousine RHD,7,1,2564-01,2569-02,unmapped_name,HOLD,PROVIDER_RAW_NAME,PROVIDER_RAW_NAME|PROVIDER_FINER_THAN_TDR|POSSIBLE_MODEL_CODE,HOLD,PROVIDER_RAW_NAME,PROVIDER_RAW_NAME|PROVIDER_FINER_THAN_TDR|POSSIBLE_MODEL_CODE,,LOW
BMW|I3,BMW,I3,2,0,2564-02,2567-01,unmapped_name,HOLD,NOT_ACTIVATED,NOT_ACTIVATED,HOLD,PROVIDER_RAW_NAME,PROVIDER_RAW_NAME|DUPLICATE_CANONICAL_SUSPECTED,,LOW
BMW|I3S 94AH RHD,BMW,i3s 94Ah RHD,7,0,2564-02,2566-08,unmapped_name,HOLD,PROVIDER_RAW_NAME,PROVIDER_RAW_NAME|PROVIDER_FINER_THAN_TDR,HOLD,PROVIDER_RAW_NAME,PROVIDER_RAW_NAME|PROVIDER_FINER_THAN_TDR,,LOW
BMW|I8,BMW,I8,2,0,2566-01,2568-06,unmapped_name,HOLD,NOT_ACTIVATED,NOT_ACTIVATED,HOLD,PROVIDER_RAW_NAME,PROVIDER_RAW_NAME|DUPLICATE_CANONICAL_SUSPECTED,,LOW
BMW|I8 HYBRID,BMW,I8 HYBRID,1,0,2564-10,2564-10,unmapped_name,HOLD,PROVIDER_RAW_NAME,PROVIDER_RAW_NAME|PROVIDER_FINER_THAN_TDR|POSSIBLE_POWERTRAIN_DERIVATIVE,HOLD,PROVIDER_RAW_NAME,PROVIDER_RAW_NAME|PROVIDER_FINER_THAN_TDR|POSSIBLE_POWERTRAIN_DERIVATIVE,,LOW
BMW|I8 RHD,BMW,I8 RHD,4,0,2564-02,2567-02,unmapped_name,HOLD,PROVIDER_RAW_NAME,PROVIDER_RAW_NAME|PROVIDER_FINER_THAN_TDR,HOLD,PROVIDER_RAW_NAME,PROVIDER_RAW_NAME|PROVIDER_FINER_THAN_TDR,,LOW
BMW|I8 ROADSTER,BMW,I8 ROADSTER,3,0,2564-02,2565-03,unmapped_name,HOLD,NOT_ACTIVATED,NOT_ACTIVATED,HOLD,PROVIDER_RAW_NAME,PROVIDER_RAW_NAME|DUPLICATE_CANONICAL_SUSPECTED|POSSIBLE_BODY_VARIANT,,LOW
BMW|I8 ROADSTER RHD,BMW,i8 Roadster RHD,12,0,2564-01,2567-09,unmapped_name,HOLD,PROVIDER_RAW_NAME,PROVIDER_RAW_NAME|PROVIDER_FINER_THAN_TDR|POSSIBLE_BODY_VARIANT,HOLD,PROVIDER_RAW_NAME,PROVIDER_RAW_NAME|PROVIDER_FINER_THAN_TDR|POSSIBLE_BODY_VARIANT,,LOW
BMW|ไม่ระบุ,BMW,ไม่ระบุ,4,1,2564-05,2569-01,unmapped_name,HOLD,PROVIDER_RAW_NAME,PROVIDER_RAW_NAME|NAME_UNSPECIFIED,HOLD,PROVIDER_RAW_NAME,PROVIDER_RAW_NAME|NAME_UNSPECIFIED,,LOW
BYD|M3,BYD,M3,18,0,2564-02,2565-08,unmapped_name,HOLD,PROVIDER_RAW_NAME,PROVIDER_RAW_NAME,HOLD,PROVIDER_RAW_NAME,PROVIDER_RAW_NAME,,LOW
BYD|TANG EV,BYD,TANG EV,1,0,2566-06,2566-06,unmapped_name,HOLD,PROVIDER_RAW_NAME,PROVIDER_RAW_NAME|POSSIBLE_POWERTRAIN_DERIVATIVE,HOLD,PROVIDER_RAW_NAME,PROVIDER_RAW_NAME|POSSIBLE_POWERTRAIN_DERIVATIVE,,LOW
BYD|ไม่ระบุ,BYD,ไม่ระบุ,1,0,2564-06,2564-06,unmapped_name,HOLD,PROVIDER_RAW_NAME,PROVIDER_RAW_NAME|NAME_UNSPECIFIED,HOLD,PROVIDER_RAW_NAME,PROVIDER_RAW_NAME|NAME_UNSPECIFIED,,LOW
CADILLAC|ESCALADE SPORT,CADILLAC,ESCALADE SPORT,1,0,2566-01,2566-01,unmapped_name,HOLD,PROVIDER_RAW_NAME,PROVIDER_RAW_NAME|BRAND_NOT_IN_TDR|POSSIBLE_TRIM_NOT_MODEL,HOLD,PROVIDER_RAW_NAME,PROVIDER_RAW_NAME|BRAND_NOT_IN_TDR|POSSIBLE_TRIM_NOT_MODEL,,LOW
CATERHAM|SEVEN 420R,CATERHAM,SEVEN 420R,1,0,2567-03,2567-03,unmapped_name,HOLD,PROVIDER_RAW_NAME,PROVIDER_RAW_NAME|BRAND_NOT_IN_TDR|POSSIBLE_MODEL_CODE,HOLD,PROVIDER_RAW_NAME,PROVIDER_RAW_NAME|BRAND_NOT_IN_TDR|POSSIBLE_MODEL_CODE,,LOW
CAVAN|VANTASTIC,CAVAN,VANTASTIC,6,6,2569-08,2569-09,unmapped_name,HOLD,PROVIDER_RAW_NAME,PROVIDER_RAW_NAME|BRAND_NOT_IN_TDR,HOLD,PROVIDER_RAW_NAME,PROVIDER_RAW_NAME|BRAND_NOT_IN_TDR,,LOW
CHANGAN|STAR TRUCK 1 0 5MT,CHANGAN,STAR TRUCK 1.0 5MT,1,0,2564-12,2564-12,unmapped_name,HOLD,PROVIDER_RAW_NAME,PROVIDER_RAW_NAME|POSSIBLE_POWERTRAIN_DERIVATIVE|POSSIBLE_BODY_VARIANT,HOLD,PROVIDER_RAW_NAME,PROVIDER_RAW_NAME|POSSIBLE_POWERTRAIN_DERIVATIVE|POSSIBLE_BODY_VARIANT,,LOW
CHANGAN|STAR TRUCK 1 3 5MT,CHANGAN,STAR TRUCK 1.3 5MT,1,0,2566-04,2566-04,unmapped_name,HOLD,PROVIDER_RAW_NAME,PROVIDER_RAW_NAME|POSSIBLE_POWERTRAIN_DERIVATIVE|POSSIBLE_BODY_VARIANT,HOLD,PROVIDER_RAW_NAME,PROVIDER_RAW_NAME|POSSIBLE_POWERTRAIN_DERIVATIVE|POSSIBLE_BODY_VARIANT,,LOW
CHASE|ARFF 60 60 6 P250,CHASE,ARFF 60/60-6+P250,2,0,2568-01,2568-01,unmapped_name,HOLD,PROVIDER_RAW_NAME,PROVIDER_RAW_NAME|BRAND_NOT_IN_TDR|POSSIBLE_MODEL_CODE,HOLD,PROVIDER_RAW_NAME,PROVIDER_RAW_NAME|BRAND_NOT_IN_TDR|POSSIBLE_MODEL_CODE,,LOW
CHENGLONG|LG5160GSSC,CHENGLONG,LG5160GSSC,1,0,2564-02,2564-02,unmapped_name,HOLD,PROVIDER_RAW_NAME,PROVIDER_RAW_NAME|BRAND_NOT_IN_TDR,HOLD,PROVIDER_RAW_NAME,PROVIDER_RAW_NAME|BRAND_NOT_IN_TDR,,LOW
CHENGLONG|LZ3162M3AAT,CHENGLONG,LZ3162M3AAT,1,0,2564-12,2564-12,unmapped_name,HOLD,PROVIDER_RAW_NAME,PROVIDER_RAW_NAME|BRAND_NOT_IN_TDR,HOLD,PROVIDER_RAW_NAME,PROVIDER_RAW_NAME|BRAND_NOT_IN_TDR,,LOW
CHENGLONG|LZ5180XXYM3AZBEV12T,CHENGLONG,LZ5180XXYM3AZBEV12T,3,0,2568-05,2568-05,unmapped_name,HOLD,PROVIDER_RAW_NAME,PROVIDER_RAW_NAME|BRAND_NOT_IN_TDR,HOLD,PROVIDER_RAW_NAME,PROVIDER_RAW_NAME|BRAND_NOT_IN_TDR,,LOW
CHERY|EQ1,CHERY,EQ1,1,0,2568-07,2568-07,unmapped_name,HOLD,PROVIDER_RAW_NAME,PROVIDER_RAW_NAME,HOLD,PROVIDER_RAW_NAME,PROVIDER_RAW_NAME,,LOW
CHERY|ไม่ระบุ,CHERY,ไม่ระบุ,4,0,2564-04,2564-05,unmapped_name,HOLD,PROVIDER_RAW_NAME,PROVIDER_RAW_NAME|NAME_UNSPECIFIED,HOLD,PROVIDER_RAW_NAME,PROVIDER_RAW_NAME|NAME_UNSPECIFIED,,LOW
CHEVROLET|CAMARO CONVERTIBLE 2 0L,CHEVROLET,CAMARO CONVERTIBLE 2.0L,1,0,2566-04,2566-04,unmapped_name,HOLD,PROVIDER_RAW_NAME,PROVIDER_RAW_NAME|POSSIBLE_POWERTRAIN_DERIVATIVE|POSSIBLE_BODY_VARIANT,HOLD,PROVIDER_RAW_NAME,PROVIDER_RAW_NAME|POSSIBLE_POWERTRAIN_DERIVATIVE|POSSIBLE_BODY_VARIANT,,LOW
CHEVROLET|CAMARO ZL1 6 2L V8,CHEVROLET,CAMARO ZL1 6.2L V8,1,0,2564-01,2564-01,unmapped_name,HOLD,PROVIDER_RAW_NAME,PROVIDER_RAW_NAME|POSSIBLE_POWERTRAIN_DERIVATIVE,HOLD,PROVIDER_RAW_NAME,PROVIDER_RAW_NAME|POSSIBLE_POWERTRAIN_DERIVATIVE,,LOW
CHEVROLET|CRUZE,CHEVROLET,CRUZE,9,0,2564-03,2566-10,unmapped_name,HOLD,PROVIDER_RAW_NAME,PROVIDER_RAW_NAME,HOLD,PROVIDER_RAW_NAME,PROVIDER_RAW_NAME,,LOW
CHEVROLET|OPTRA,CHEVROLET,OPTRA,1,0,2567-05,2567-05,unmapped_name,HOLD,PROVIDER_RAW_NAME,PROVIDER_RAW_NAME,HOLD,PROVIDER_RAW_NAME,PROVIDER_RAW_NAME,,LOW
CHEVROLET|SONIC,CHEVROLET,SONIC,1,0,2565-06,2565-06,unmapped_name,HOLD,PROVIDER_RAW_NAME,PROVIDER_RAW_NAME,HOLD,PROVIDER_RAW_NAME,PROVIDER_RAW_NAME,,LOW
CHTC|HTK6600BEVK,CHTC,HTK6600BEVK,1,0,2566-06,2566-06,unmapped_name,HOLD,PROVIDER_RAW_NAME,PROVIDER_RAW_NAME|BRAND_NOT_IN_TDR,HOLD,PROVIDER_RAW_NAME,PROVIDER_RAW_NAME|BRAND_NOT_IN_TDR,,LOW
CITROEN|C5 X 1 6PHEV,CITROEN,C5 X 1.6PHEV,1,0,2566-06,2566-06,unmapped_name,HOLD,PROVIDER_RAW_NAME,PROVIDER_RAW_NAME|BRAND_NOT_IN_TDR|POSSIBLE_POWERTRAIN_DERIVATIVE,HOLD,PROVIDER_RAW_NAME,PROVIDER_RAW_NAME|BRAND_NOT_IN_TDR|POSSIBLE_POWERTRAIN_DERIVATIVE,,LOW
CITROEN|DS5 1 6,CITROEN,DS5 1.6,1,0,2566-03,2566-03,unmapped_name,HOLD,PROVIDER_RAW_NAME,PROVIDER_RAW_NAME|BRAND_NOT_IN_TDR|POSSIBLE_MODEL_CODE|POSSIBLE_POWERTRAIN_DERIVATIVE,HOLD,PROVIDER_RAW_NAME,PROVIDER_RAW_NAME|BRAND_NOT_IN_TDR|POSSIBLE_MODEL_CODE|POSSIBLE_POWERTRAIN_DERIVATIVE,,LOW
DACIA|SPRING,DACIA,SPRING,2,0,2565-02,2565-02,unmapped_name,HOLD,PROVIDER_RAW_NAME,PROVIDER_RAW_NAME|BRAND_NOT_IN_TDR,HOLD,PROVIDER_RAW_NAME,PROVIDER_RAW_NAME|BRAND_NOT_IN_TDR,,LOW
DAE|HYK1020BEYO2,DAE,HYK1020BEYO2,1,0,2567-12,2567-12,unmapped_name,HOLD,PROVIDER_RAW_NAME,PROVIDER_RAW_NAME|BRAND_NOT_IN_TDR,HOLD,PROVIDER_RAW_NAME,PROVIDER_RAW_NAME|BRAND_NOT_IN_TDR,,LOW
DAIHATSU|ATRAI RS 2WD,DAIHATSU,ATRAI RS 2WD,1,1,2568-10,2568-10,unmapped_name,HOLD,PROVIDER_RAW_NAME,PROVIDER_RAW_NAME|POSSIBLE_TRIM_NOT_MODEL|POSSIBLE_POWERTRAIN_DERIVATIVE,HOLD,PROVIDER_RAW_NAME,PROVIDER_RAW_NAME|POSSIBLE_TRIM_NOT_MODEL|POSSIBLE_POWERTRAIN_DERIVATIVE,,LOW
DAIHATSU|TAFT G TURBO,DAIHATSU,TAFT G TURBO,5,0,2564-12,2567-11,unmapped_name,HOLD,PROVIDER_RAW_NAME,PROVIDER_RAW_NAME|POSSIBLE_POWERTRAIN_DERIVATIVE,HOLD,PROVIDER_RAW_NAME,PROVIDER_RAW_NAME|POSSIBLE_POWERTRAIN_DERIVATIVE,,LOW
DAVID BROWN|MINI REMASTERED,DAVID BROWN,MINI REMASTERED,3,0,2565-05,2565-09,unmapped_name,HOLD,PROVIDER_RAW_NAME,PROVIDER_RAW_NAME|BRAND_NOT_IN_TDR,HOLD,PROVIDER_RAW_NAME,PROVIDER_RAW_NAME|BRAND_NOT_IN_TDR,,LOW
DAYUN|ไม่ระบุ,DAYUN,ไม่ระบุ,1,0,2564-07,2564-07,unmapped_name,HOLD,PROVIDER_RAW_NAME,PROVIDER_RAW_NAME|NAME_UNSPECIFIED|BRAND_NOT_IN_TDR,HOLD,PROVIDER_RAW_NAME,PROVIDER_RAW_NAME|NAME_UNSPECIFIED|BRAND_NOT_IN_TDR,,LOW
DEVA|HERCULES KMC1048D3,DEVA,HERCULES KMC1048D3,1,0,2566-06,2566-06,unmapped_name,HOLD,PROVIDER_RAW_NAME,PROVIDER_RAW_NAME|BRAND_NOT_IN_TDR,HOLD,PROVIDER_RAW_NAME,PROVIDER_RAW_NAME|BRAND_NOT_IN_TDR,,LOW
DFM|EQ1020TF,DFM,EQ1020TF,1,0,2566-09,2566-09,unmapped_name,HOLD,PROVIDER_RAW_NAME,PROVIDER_RAW_NAME|BRAND_NOT_IN_TDR,HOLD,PROVIDER_RAW_NAME,PROVIDER_RAW_NAME|BRAND_NOT_IN_TDR,,LOW
DFM|GLORY580,DFM,GLORY580,5,0,2564-01,2566-07,unmapped_name,HOLD,PROVIDER_RAW_NAME,PROVIDER_RAW_NAME|BRAND_NOT_IN_TDR,HOLD,PROVIDER_RAW_NAME,PROVIDER_RAW_NAME|BRAND_NOT_IN_TDR,,LOW
DFSK|DFSK EC31,DFSK,DFSK EC31,2,0,2566-12,2566-12,unmapped_name,HOLD,PROVIDER_RAW_NAME,PROVIDER_RAW_NAME|BRAND_NOT_IN_TDR,HOLD,PROVIDER_RAW_NAME,PROVIDER_RAW_NAME|BRAND_NOT_IN_TDR,,LOW
DFSK|EC35,DFSK,EC35,2,0,2565-08,2565-12,unmapped_name,HOLD,PROVIDER_RAW_NAME,PROVIDER_RAW_NAME|BRAND_NOT_IN_TDR,HOLD,PROVIDER_RAW_NAME,PROVIDER_RAW_NAME|BRAND_NOT_IN_TDR,,LOW
DFSK|EC36,DFSK,EC36,8,0,2566-01,2566-02,unmapped_name,HOLD,PROVIDER_RAW_NAME,PROVIDER_RAW_NAME|BRAND_NOT_IN_TDR,HOLD,PROVIDER_RAW_NAME,PROVIDER_RAW_NAME|BRAND_NOT_IN_TDR,,LOW
DFSK|EQ1020TF,DFSK,EQ1020TF,8,0,2564-02,2568-01,unmapped_name,HOLD,PROVIDER_RAW_NAME,PROVIDER_RAW_NAME|BRAND_NOT_IN_TDR,HOLD,PROVIDER_RAW_NAME,PROVIDER_RAW_NAME|BRAND_NOT_IN_TDR,,LOW
DFSK|EQ1021GF24Q7,DFSK,EQ1021GF24Q7,2,0,2565-06,2566-02,unmapped_name,HOLD,PROVIDER_RAW_NAME,PROVIDER_RAW_NAME|BRAND_NOT_IN_TDR,HOLD,PROVIDER_RAW_NAME,PROVIDER_RAW_NAME|BRAND_NOT_IN_TDR,,LOW
DFSK|EQ1021TF22QN11,DFSK,EQ1021TF22QN11,2,0,2567-01,2568-06,unmapped_name,HOLD,PROVIDER_RAW_NAME,PROVIDER_RAW_NAME|BRAND_NOT_IN_TDR,HOLD,PROVIDER_RAW_NAME,PROVIDER_RAW_NAME|BRAND_NOT_IN_TDR,,LOW
DFSK|EQ6390PF22Q,DFSK,EQ6390PF22Q,1,0,2567-11,2567-11,unmapped_name,HOLD,PROVIDER_RAW_NAME,PROVIDER_RAW_NAME|BRAND_NOT_IN_TDR,HOLD,PROVIDER_RAW_NAME,PROVIDER_RAW_NAME|BRAND_NOT_IN_TDR,,LOW
DFSK|EVO P3,DFSK,EVO-P3,4,0,2566-04,2566-12,unmapped_name,HOLD,PROVIDER_RAW_NAME,PROVIDER_RAW_NAME|BRAND_NOT_IN_TDR,HOLD,PROVIDER_RAW_NAME,PROVIDER_RAW_NAME|BRAND_NOT_IN_TDR,,LOW
DFSK|ไม่ระบุ,DFSK,ไม่ระบุ,2,0,2564-11,2566-01,unmapped_name,HOLD,PROVIDER_RAW_NAME,PROVIDER_RAW_NAME|NAME_UNSPECIFIED|BRAND_NOT_IN_TDR,HOLD,PROVIDER_RAW_NAME,PROVIDER_RAW_NAME|NAME_UNSPECIFIED|BRAND_NOT_IN_TDR,,LOW
DODGE|RAM 1500,DODGE,RAM 1500,1,0,2566-07,2566-07,unmapped_name,HOLD,PROVIDER_RAW_NAME,PROVIDER_RAW_NAME|BRAND_NOT_IN_TDR,HOLD,PROVIDER_RAW_NAME,PROVIDER_RAW_NAME|BRAND_NOT_IN_TDR,,LOW
DODGE|ไม่ระบุ,DODGE,ไม่ระบุ,1,0,2564-01,2564-01,unmapped_name,HOLD,PROVIDER_RAW_NAME,PROVIDER_RAW_NAME|NAME_UNSPECIFIED|BRAND_NOT_IN_TDR,HOLD,PROVIDER_RAW_NAME,PROVIDER_RAW_NAME|NAME_UNSPECIFIED|BRAND_NOT_IN_TDR,,LOW
DONGFENG|NAMMI 06,DONGFENG,NAMMI 06,2,0,2568-08,2568-08,unmapped_name,HOLD,PROVIDER_RAW_NAME,PROVIDER_RAW_NAME|BRAND_NOT_IN_TDR,HOLD,PROVIDER_RAW_NAME,PROVIDER_RAW_NAME|BRAND_NOT_IN_TDR,,LOW
DONGFENG|S73,DONGFENG,S73,2,0,2568-07,2568-07,unmapped_name,HOLD,PROVIDER_RAW_NAME,PROVIDER_RAW_NAME|BRAND_NOT_IN_TDR,HOLD,PROVIDER_RAW_NAME,PROVIDER_RAW_NAME|BRAND_NOT_IN_TDR,,LOW
DOUZ|ไม่ระบุ,DOUZ,ไม่ระบุ,1,0,2564-08,2564-08,unmapped_name,HOLD,PROVIDER_RAW_NAME,PROVIDER_RAW_NAME|NAME_UNSPECIFIED|BRAND_NOT_IN_TDR,HOLD,PROVIDER_RAW_NAME,PROVIDER_RAW_NAME|NAME_UNSPECIFIED|BRAND_NOT_IN_TDR,,LOW
DSFK|DXK6450ECBEV,DSFK,DXK6450ECBEV,2,0,2564-10,2564-10,unmapped_name,HOLD,PROVIDER_RAW_NAME,PROVIDER_RAW_NAME|BRAND_NOT_IN_TDR,HOLD,PROVIDER_RAW_NAME,PROVIDER_RAW_NAME|BRAND_NOT_IN_TDR,,LOW
EAGLE|EC01,EAGLE,EC01,1,0,2565-06,2565-06,unmapped_name,HOLD,PROVIDER_RAW_NAME,PROVIDER_RAW_NAME|BRAND_NOT_IN_TDR,HOLD,PROVIDER_RAW_NAME,PROVIDER_RAW_NAME|BRAND_NOT_IN_TDR,,LOW
EULER|ORA R1,EULER,ORA-R1,1,0,2564-01,2564-01,unmapped_name,HOLD,PROVIDER_RAW_NAME,PROVIDER_RAW_NAME|BRAND_NOT_IN_TDR,HOLD,PROVIDER_RAW_NAME,PROVIDER_RAW_NAME|BRAND_NOT_IN_TDR,,LOW
EVT|E VAN,EVT,E-VAN,1,0,2568-08,2568-08,unmapped_name,HOLD,PROVIDER_RAW_NAME,PROVIDER_RAW_NAME|BRAND_NOT_IN_TDR|POSSIBLE_BODY_VARIANT,HOLD,PROVIDER_RAW_NAME,PROVIDER_RAW_NAME|BRAND_NOT_IN_TDR|POSSIBLE_BODY_VARIANT,,LOW
FAW|CA1040P40K50E5A84,FAW,CA1040P40K50E5A84,2,0,2568-05,2568-05,unmapped_name,HOLD,PROVIDER_RAW_NAME,PROVIDER_RAW_NAME|BRAND_NOT_IN_TDR,HOLD,PROVIDER_RAW_NAME,PROVIDER_RAW_NAME|BRAND_NOT_IN_TDR,,LOW
FENGCHI|DYQ1030BEV1 H,FENGCHI,DYQ1030BEV1-H,6,0,2567-03,2568-05,unmapped_name,HOLD,PROVIDER_RAW_NAME,PROVIDER_RAW_NAME|BRAND_NOT_IN_TDR,HOLD,PROVIDER_RAW_NAME,PROVIDER_RAW_NAME|BRAND_NOT_IN_TDR,,LOW
FERRARI|360CHALLEGE STRADALE,FERRARI,360CHALLEGE STRADALE,1,0,2564-10,2564-10,unmapped_name,HOLD,PROVIDER_RAW_NAME,PROVIDER_RAW_NAME,HOLD,PROVIDER_RAW_NAME,PROVIDER_RAW_NAME,,LOW
FERRARI|812 COMPETIZIONE,FERRARI,812 COMPETIZIONE,3,0,2566-10,2567-07,unmapped_name,HOLD,PROVIDER_RAW_NAME,PROVIDER_RAW_NAME,HOLD,PROVIDER_RAW_NAME,PROVIDER_RAW_NAME,,LOW
FERRARI|812 COMPETIZIONE A,FERRARI,812 COMPETIZIONE A,1,0,2568-05,2568-05,unmapped_name,HOLD,PROVIDER_RAW_NAME,PROVIDER_RAW_NAME,HOLD,PROVIDER_RAW_NAME,PROVIDER_RAW_NAME,,LOW
FERRARI|812 GTS,FERRARI,812 GTS,8,0,2564-03,2566-08,unmapped_name,HOLD,PROVIDER_RAW_NAME,PROVIDER_RAW_NAME|POSSIBLE_MODEL_CODE,HOLD,PROVIDER_RAW_NAME,PROVIDER_RAW_NAME|POSSIBLE_MODEL_CODE,,LOW
FERRARI|812 SUPERFAST,FERRARI,812 SUPERFAST,9,0,2564-02,2568-07,unmapped_name,HOLD,PROVIDER_RAW_NAME,PROVIDER_RAW_NAME,HOLD,PROVIDER_RAW_NAME,PROVIDER_RAW_NAME,,LOW
FERRARI|CALIFORNIA T,FERRARI,CALIFORNIA T,2,0,2564-03,2564-10,unmapped_name,HOLD,PROVIDER_RAW_NAME,PROVIDER_RAW_NAME,HOLD,PROVIDER_RAW_NAME,PROVIDER_RAW_NAME,,LOW
FERRARI|F12 TDF,FERRARI,F12 TDF,1,0,2564-03,2564-03,unmapped_name,HOLD,PROVIDER_RAW_NAME,PROVIDER_RAW_NAME,HOLD,PROVIDER_RAW_NAME,PROVIDER_RAW_NAME,,LOW
FERRARI|F360,FERRARI,F360,1,0,2564-02,2564-02,unmapped_name,HOLD,PROVIDER_RAW_NAME,PROVIDER_RAW_NAME|POSSIBLE_MODEL_CODE,HOLD,PROVIDER_RAW_NAME,PROVIDER_RAW_NAME|POSSIBLE_MODEL_CODE,,LOW
FERRARI|GTC 4 LUSSO,FERRARI,GTC 4 LUSSO,1,0,2564-05,2564-05,unmapped_name,HOLD,PROVIDER_RAW_NAME,PROVIDER_RAW_NAME,HOLD,PROVIDER_RAW_NAME,PROVIDER_RAW_NAME,,LOW
FERRARI|GTC4LUSSO T,FERRARI,GTC4LUSSO T,1,0,2565-05,2565-05,unmapped_name,HOLD,PROVIDER_RAW_NAME,PROVIDER_RAW_NAME,HOLD,PROVIDER_RAW_NAME,PROVIDER_RAW_NAME,,LOW
FIAT|500 ABARTH 595 TURISMO MTA,FIAT,500 ABARTH 595 TURISMO MTA,2,0,2564-03,2565-10,unmapped_name,HOLD,PROVIDER_RAW_NAME,PROVIDER_RAW_NAME|BRAND_NOT_IN_TDR,HOLD,PROVIDER_RAW_NAME,PROVIDER_RAW_NAME|BRAND_NOT_IN_TDR,,LOW
FIAT|500 ABARTH ELECTRIC HATCHBACK,FIAT,500 ABARTH ELECTRIC HATCHBACK,2,0,2566-12,2567-05,unmapped_name,HOLD,PROVIDER_RAW_NAME,PROVIDER_RAW_NAME|BRAND_NOT_IN_TDR|POSSIBLE_POWERTRAIN_DERIVATIVE|POSSIBLE_BODY_VARIANT,HOLD,PROVIDER_RAW_NAME,PROVIDER_RAW_NAME|BRAND_NOT_IN_TDR|POSSIBLE_POWERTRAIN_DERIVATIVE|POSSIBLE_BODY_VARIANT,,LOW
FIAT|500 HATCHBACK CONVERTIBLE,FIAT,500 HATCHBACK CONVERTIBLE,1,0,2564-08,2564-08,unmapped_name,HOLD,PROVIDER_RAW_NAME,PROVIDER_RAW_NAME|BRAND_NOT_IN_TDR|POSSIBLE_BODY_VARIANT,HOLD,PROVIDER_RAW_NAME,PROVIDER_RAW_NAME|BRAND_NOT_IN_TDR|POSSIBLE_BODY_VARIANT,,LOW
FIAT|500 LA PRIMA,FIAT,500 LA PRIMA,1,0,2564-12,2564-12,unmapped_name,HOLD,PROVIDER_RAW_NAME,PROVIDER_RAW_NAME|BRAND_NOT_IN_TDR,HOLD,PROVIDER_RAW_NAME,PROVIDER_RAW_NAME|BRAND_NOT_IN_TDR,,LOW
FIAT|500ELECTRIC HATCHBACK LA PRIMA,FIAT,500ELECTRIC HATCHBACK LA PRIMA,4,0,2565-08,2566-03,unmapped_name,HOLD,PROVIDER_RAW_NAME,PROVIDER_RAW_NAME|BRAND_NOT_IN_TDR|POSSIBLE_BODY_VARIANT,HOLD,PROVIDER_RAW_NAME,PROVIDER_RAW_NAME|BRAND_NOT_IN_TDR|POSSIBLE_BODY_VARIANT,,LOW
FIAT|ABARTH 595 COMPETIZIONE,FIAT,ABARTH 595 COMPETIZIONE,1,0,2564-08,2564-08,unmapped_name,HOLD,PROVIDER_RAW_NAME,PROVIDER_RAW_NAME|BRAND_NOT_IN_TDR,HOLD,PROVIDER_RAW_NAME,PROVIDER_RAW_NAME|BRAND_NOT_IN_TDR,,LOW
FIAT|ABARTH 595 PISTA,FIAT,ABARTH 595 PISTA,1,0,2564-03,2564-03,unmapped_name,HOLD,PROVIDER_RAW_NAME,PROVIDER_RAW_NAME|BRAND_NOT_IN_TDR,HOLD,PROVIDER_RAW_NAME,PROVIDER_RAW_NAME|BRAND_NOT_IN_TDR,,LOW
FIAT|BENIMAR MILEO 243,FIAT,BENIMAR MILEO 243,1,0,2564-06,2564-06,unmapped_name,HOLD,PROVIDER_RAW_NAME,PROVIDER_RAW_NAME|BRAND_NOT_IN_TDR,HOLD,PROVIDER_RAW_NAME,PROVIDER_RAW_NAME|BRAND_NOT_IN_TDR,,LOW
FIAT|BENIMAR MILEO 282,FIAT,BENIMAR MILEO 282,2,0,2564-10,2566-10,unmapped_name,HOLD,PROVIDER_RAW_NAME,PROVIDER_RAW_NAME|BRAND_NOT_IN_TDR,HOLD,PROVIDER_RAW_NAME,PROVIDER_RAW_NAME|BRAND_NOT_IN_TDR,,LOW
FIAT|DUCATO,FIAT,DUCATO,1,0,2564-06,2564-06,unmapped_name,HOLD,PROVIDER_RAW_NAME,PROVIDER_RAW_NAME|BRAND_NOT_IN_TDR,HOLD,PROVIDER_RAW_NAME,PROVIDER_RAW_NAME|BRAND_NOT_IN_TDR,,LOW
FIAT|DUCATO 335XL PANEL VAN,FIAT,DUCATO 335XL PANEL VAN,1,0,2565-03,2565-03,unmapped_name,HOLD,PROVIDER_RAW_NAME,PROVIDER_RAW_NAME|BRAND_NOT_IN_TDR|POSSIBLE_MODEL_CODE|POSSIBLE_BODY_VARIANT,HOLD,PROVIDER_RAW_NAME,PROVIDER_RAW_NAME|BRAND_NOT_IN_TDR|POSSIBLE_MODEL_CODE|POSSIBLE_BODY_VARIANT,,LOW
FIAT|DUCATO SINGLE CAB,FIAT,DUCATO SINGLE CAB,2,0,2565-03,2566-07,unmapped_name,HOLD,PROVIDER_RAW_NAME,PROVIDER_RAW_NAME|BRAND_NOT_IN_TDR|POSSIBLE_BODY_VARIANT,HOLD,PROVIDER_RAW_NAME,PROVIDER_RAW_NAME|BRAND_NOT_IN_TDR|POSSIBLE_BODY_VARIANT,,LOW
FORD|ECOSPORT,FORD,EcoSport,3,0,2564-11,2567-02,unmapped_name,HOLD,PROVIDER_RAW_NAME,PROVIDER_RAW_NAME,HOLD,PROVIDER_RAW_NAME,PROVIDER_RAW_NAME,,LOW
FORD|F 150 HARLEY DAVIDSON,FORD,F-150 HARLEY-DAVIDSON,1,0,2564-01,2564-01,unmapped_name,HOLD,PROVIDER_RAW_NAME,PROVIDER_RAW_NAME,HOLD,PROVIDER_RAW_NAME,PROVIDER_RAW_NAME,,LOW
FORD|FIESTA,FORD,Fiesta,3,0,2565-02,2566-01,unmapped_name,HOLD,PROVIDER_RAW_NAME,PROVIDER_RAW_NAME,HOLD,PROVIDER_RAW_NAME,PROVIDER_RAW_NAME,,LOW
FORD|FORD ECOSPORT,FORD,Ford Ecosport,7,1,2564-03,2569-09,unmapped_name,HOLD,PROVIDER_RAW_NAME,PROVIDER_RAW_NAME,HOLD,PROVIDER_RAW_NAME,PROVIDER_RAW_NAME,,LOW
FORD|FORD FIESTA,FORD,FORD FIESTA,4,1,2564-03,2568-10,unmapped_name,HOLD,PROVIDER_RAW_NAME,PROVIDER_RAW_NAME,HOLD,PROVIDER_RAW_NAME,PROVIDER_RAW_NAME,,LOW
FORD|TERRITORY,FORD,Territory,2,0,2564-07,2565-04,unmapped_name,HOLD,PROVIDER_RAW_NAME,PROVIDER_RAW_NAME,HOLD,PROVIDER_RAW_NAME,PROVIDER_RAW_NAME,,LOW
FORD|ไม่ระบุ,FORD,ไม่ระบุ,117,0,2564-01,2566-05,unmapped_name,HOLD,PROVIDER_RAW_NAME,PROVIDER_RAW_NAME|NAME_UNSPECIFIED,HOLD,PROVIDER_RAW_NAME,PROVIDER_RAW_NAME|NAME_UNSPECIFIED,,MEDIUM
FOTON|BJ6549B1PDA RA,FOTON,BJ6549B1PDA-RA,22,0,2564-01,2567-06,unmapped_name,HOLD,PROVIDER_RAW_NAME,PROVIDER_RAW_NAME,HOLD,PROVIDER_RAW_NAME,PROVIDER_RAW_NAME,,LOW
FOTON|TUNLAND DC 4X4,FOTON,TUNLAND DC 4X4,2,0,2564-06,2564-07,unmapped_name,HOLD,PROVIDER_RAW_NAME,PROVIDER_RAW_NAME|POSSIBLE_POWERTRAIN_DERIVATIVE,HOLD,PROVIDER_RAW_NAME,PROVIDER_RAW_NAME|POSSIBLE_POWERTRAIN_DERIVATIVE,,LOW
FOTON|TUNLAND SC FLAT BED,FOTON,TUNLAND SC FLAT BED,8,0,2564-01,2565-03,unmapped_name,HOLD,PROVIDER_RAW_NAME,PROVIDER_RAW_NAME,HOLD,PROVIDER_RAW_NAME,PROVIDER_RAW_NAME,,LOW
FOTON|TUNLAND SC STANDARD,FOTON,TUNLAND SC STANDARD,1,0,2565-02,2565-02,unmapped_name,HOLD,PROVIDER_RAW_NAME,PROVIDER_RAW_NAME|POSSIBLE_TRIM_NOT_MODEL,HOLD,PROVIDER_RAW_NAME,PROVIDER_RAW_NAME|POSSIBLE_TRIM_NOT_MODEL,,LOW
FOTON|YZR5116GXFPM,FOTON,YZR5116GXFPM,1,0,2566-03,2566-03,unmapped_name,HOLD,PROVIDER_RAW_NAME,PROVIDER_RAW_NAME,HOLD,PROVIDER_RAW_NAME,PROVIDER_RAW_NAME,,LOW
FOTON|ไม่ระบุ,FOTON,ไม่ระบุ,1,0,2565-09,2565-09,unmapped_name,HOLD,PROVIDER_RAW_NAME,PROVIDER_RAW_NAME|NAME_UNSPECIFIED,HOLD,PROVIDER_RAW_NAME,PROVIDER_RAW_NAME|NAME_UNSPECIFIED,,LOW
GAC|AION S,GAC,AION S,1,0,2564-05,2564-05,unmapped_name,HOLD,PROVIDER_RAW_NAME,PROVIDER_RAW_NAME,HOLD,PROVIDER_RAW_NAME,PROVIDER_RAW_NAME,,LOW
GEELY|GALAXY E5,GEELY,GALAXY E5,1,0,2568-05,2568-05,unmapped_name,HOLD,NOT_ACTIVATED,NOT_ACTIVATED,HOLD,PROVIDER_RAW_NAME,PROVIDER_RAW_NAME|DUPLICATE_CANONICAL_SUSPECTED,,LOW
GMC|HUMMER EV EDITION 1,GMC,HUMMER EV EDITION 1,1,1,2568-12,2568-12,unmapped_name,HOLD,PROVIDER_RAW_NAME,PROVIDER_RAW_NAME|BRAND_NOT_IN_TDR|POSSIBLE_TRIM_NOT_MODEL|POSSIBLE_POWERTRAIN_DERIVATIVE,HOLD,PROVIDER_RAW_NAME,PROVIDER_RAW_NAME|BRAND_NOT_IN_TDR|POSSIBLE_TRIM_NOT_MODEL|POSSIBLE_POWERTRAIN_DERIVATIVE,,LOW
GMC|HUMMER EV2X,GMC,HUMMER EV2X,1,1,2568-10,2568-10,unmapped_name,HOLD,PROVIDER_RAW_NAME,PROVIDER_RAW_NAME|BRAND_NOT_IN_TDR,HOLD,PROVIDER_RAW_NAME,PROVIDER_RAW_NAME|BRAND_NOT_IN_TDR,,LOW
HIGER|H5C EV CARGO,HIGER,H5C EV CARGO,2,0,2565-12,2566-08,unmapped_name,HOLD,PROVIDER_RAW_NAME,PROVIDER_RAW_NAME|BRAND_NOT_IN_TDR|POSSIBLE_POWERTRAIN_DERIVATIVE,HOLD,PROVIDER_RAW_NAME,PROVIDER_RAW_NAME|BRAND_NOT_IN_TDR|POSSIBLE_POWERTRAIN_DERIVATIVE,,LOW
HIGER|H5C EV VAN,HIGER,H5C EV VAN,1,0,2566-01,2566-01,unmapped_name,HOLD,PROVIDER_RAW_NAME,PROVIDER_RAW_NAME|BRAND_NOT_IN_TDR|POSSIBLE_POWERTRAIN_DERIVATIVE|POSSIBLE_BODY_VARIANT,HOLD,PROVIDER_RAW_NAME,PROVIDER_RAW_NAME|BRAND_NOT_IN_TDR|POSSIBLE_POWERTRAIN_DERIVATIVE|POSSIBLE_BODY_VARIANT,,LOW
HIGER|H5F EV CARGO,HIGER,H5F EV CARGO,2,0,2568-02,2568-02,unmapped_name,HOLD,PROVIDER_RAW_NAME,PROVIDER_RAW_NAME|BRAND_NOT_IN_TDR|POSSIBLE_POWERTRAIN_DERIVATIVE,HOLD,PROVIDER_RAW_NAME,PROVIDER_RAW_NAME|BRAND_NOT_IN_TDR|POSSIBLE_POWERTRAIN_DERIVATIVE,,LOW
HINO|FC9JE1A BBAHF,HINO,FC9JE1A-BBAHF,3,0,2564-03,2566-08,unmapped_name,HOLD,PROVIDER_RAW_NAME,PROVIDER_RAW_NAME,HOLD,PROVIDER_RAW_NAME,PROVIDER_RAW_NAME,,LOW
HINO|FC9JJ1A CBAHF,HINO,FC9JJ1A-CBAHF,1,1,2568-12,2568-12,unmapped_name,HOLD,PROVIDER_RAW_NAME,PROVIDER_RAW_NAME,HOLD,PROVIDER_RAW_NAME,PROVIDER_RAW_NAME,,LOW
HINO|FG1JGRD,HINO,FG1JGRD,1,0,2566-12,2566-12,unmapped_name,HOLD,PROVIDER_RAW_NAME,PROVIDER_RAW_NAME,HOLD,PROVIDER_RAW_NAME,PROVIDER_RAW_NAME,,LOW
HINO|FG8JF1D JGT,HINO,FG8JF1D-JGT,9,0,2566-07,2568-07,unmapped_name,HOLD,PROVIDER_RAW_NAME,PROVIDER_RAW_NAME,HOLD,PROVIDER_RAW_NAME,PROVIDER_RAW_NAME,,LOW
HINO|FG8JT1A JGT,HINO,FG8JT1A-JGT,1,0,2564-06,2564-06,unmapped_name,HOLD,PROVIDER_RAW_NAME,PROVIDER_RAW_NAME,HOLD,PROVIDER_RAW_NAME,PROVIDER_RAW_NAME,,LOW
HINO|WU,HINO,WU,1,0,2565-02,2565-02,unmapped_name,HOLD,PROVIDER_RAW_NAME,PROVIDER_RAW_NAME,HOLD,PROVIDER_RAW_NAME,PROVIDER_RAW_NAME,,LOW
HINO|XZB70R ZEMHY,HINO,XZB70R-ZEMHY,12,0,2565-03,2568-08,unmapped_name,HOLD,PROVIDER_RAW_NAME,PROVIDER_RAW_NAME,HOLD,PROVIDER_RAW_NAME,PROVIDER_RAW_NAME,,LOW
HINO|XZU650R HKMRLT3,HINO,XZU650R-HKMRLT3,3,0,2567-03,2567-08,unmapped_name,HOLD,PROVIDER_RAW_NAME,PROVIDER_RAW_NAME|POSSIBLE_MODEL_CODE,HOLD,PROVIDER_RAW_NAME,PROVIDER_RAW_NAME|POSSIBLE_MODEL_CODE,,LOW
HINO|XZU710R HKFTLT3,HINO,XZU710R-HKFTLT3,8,0,2564-04,2567-07,unmapped_name,HOLD,PROVIDER_RAW_NAME,PROVIDER_RAW_NAME|POSSIBLE_MODEL_CODE,HOLD,PROVIDER_RAW_NAME,PROVIDER_RAW_NAME|POSSIBLE_MODEL_CODE,,LOW
HINO|ไม่ระบุ,HINO,ไม่ระบุ,2,0,2564-02,2565-06,unmapped_name,HOLD,PROVIDER_RAW_NAME,PROVIDER_RAW_NAME|NAME_UNSPECIFIED,HOLD,PROVIDER_RAW_NAME,PROVIDER_RAW_NAME|NAME_UNSPECIFIED,,LOW
HOMIDA|PICKMAN KAI,HOMIDA,PICKMAN-KAI,3,0,2566-03,2567-05,unmapped_name,HOLD,PROVIDER_RAW_NAME,PROVIDER_RAW_NAME|BRAND_NOT_IN_TDR,HOLD,PROVIDER_RAW_NAME,PROVIDER_RAW_NAME|BRAND_NOT_IN_TDR,,LOW
HONDA|BENLY E,HONDA,BENLY e,1,0,2566-11,2566-11,unmapped_name,HOLD,PROVIDER_RAW_NAME,PROVIDER_RAW_NAME|EXISTING_IDENTITY_SUSPECTED,HOLD,PROVIDER_RAW_NAME,PROVIDER_RAW_NAME|EXISTING_IDENTITY_SUSPECTED,,LOW
HONDA|E ADVANCE,HONDA,E ADVANCE,16,2,2564-03,2569-06,unmapped_name,HOLD,PROVIDER_RAW_NAME,PROVIDER_RAW_NAME|EXISTING_IDENTITY_SUSPECTED,HOLD,PROVIDER_RAW_NAME,PROVIDER_RAW_NAME|EXISTING_IDENTITY_SUSPECTED,,LOW
HONDA|E AS,HONDA,E AS,1,0,2564-01,2564-01,unmapped_name,HOLD,PROVIDER_RAW_NAME,PROVIDER_RAW_NAME|EXISTING_IDENTITY_SUSPECTED,HOLD,PROVIDER_RAW_NAME,PROVIDER_RAW_NAME|EXISTING_IDENTITY_SUSPECTED,,LOW
HONDA|ELEVATE,HONDA,ELEVATE,1,0,2567-06,2567-06,unmapped_name,HOLD,PROVIDER_RAW_NAME,PROVIDER_RAW_NAME,HOLD,PROVIDER_RAW_NAME,PROVIDER_RAW_NAME,,LOW
HONDA|N VAN,HONDA,N VAN,1,0,2565-03,2565-03,unmapped_name,HOLD,PROVIDER_RAW_NAME,PROVIDER_RAW_NAME|POSSIBLE_BODY_VARIANT,HOLD,PROVIDER_RAW_NAME,PROVIDER_RAW_NAME|POSSIBLE_BODY_VARIANT,,LOW
HONDA|N VAN PLUS TURBO,HONDA,N VAN PLUS TURBO,1,0,2566-08,2566-08,unmapped_name,HOLD,PROVIDER_RAW_NAME,PROVIDER_RAW_NAME|POSSIBLE_TRIM_NOT_MODEL|POSSIBLE_POWERTRAIN_DERIVATIVE|POSSIBLE_BODY_VARIANT,HOLD,PROVIDER_RAW_NAME,PROVIDER_RAW_NAME|POSSIBLE_TRIM_NOT_MODEL|POSSIBLE_POWERTRAIN_DERIVATIVE|POSSIBLE_BODY_VARIANT,,LOW
HONDA|N VAN TEN STYLE FUN,HONDA,N VAN TEN STYLE FUN,5,0,2566-11,2568-03,unmapped_name,HOLD,PROVIDER_RAW_NAME,PROVIDER_RAW_NAME|POSSIBLE_BODY_VARIANT,HOLD,PROVIDER_RAW_NAME,PROVIDER_RAW_NAME|POSSIBLE_BODY_VARIANT,,LOW
HONDA|NSX,HONDA,NSX,1,0,2565-05,2565-05,unmapped_name,HOLD,PROVIDER_RAW_NAME,PROVIDER_RAW_NAME,HOLD,PROVIDER_RAW_NAME,PROVIDER_RAW_NAME,,LOW
HONDA|NSX HYBRID,HONDA,NSX HYBRID,3,0,2565-04,2568-08,unmapped_name,HOLD,PROVIDER_RAW_NAME,PROVIDER_RAW_NAME|POSSIBLE_POWERTRAIN_DERIVATIVE,HOLD,PROVIDER_RAW_NAME,PROVIDER_RAW_NAME|POSSIBLE_POWERTRAIN_DERIVATIVE,,LOW
HONDA|NSX R,HONDA,NSX-R,4,0,2564-08,2567-08,unmapped_name,HOLD,PROVIDER_RAW_NAME,PROVIDER_RAW_NAME,HOLD,PROVIDER_RAW_NAME,PROVIDER_RAW_NAME,,LOW
HONDA|NSX T,HONDA,NSX-T,1,0,2565-05,2565-05,unmapped_name,HOLD,PROVIDER_RAW_NAME,PROVIDER_RAW_NAME,HOLD,PROVIDER_RAW_NAME,PROVIDER_RAW_NAME,,LOW
HONDA|NSX TYPE S,HONDA,NSX TYPE S,2,0,2567-07,2568-01,unmapped_name,HOLD,PROVIDER_RAW_NAME,PROVIDER_RAW_NAME,HOLD,PROVIDER_RAW_NAME,PROVIDER_RAW_NAME,,LOW
HONDA|WAVE110I,HONDA,WAVE110i,2,0,2566-03,2567-08,unmapped_name,HOLD,PROVIDER_RAW_NAME,PROVIDER_RAW_NAME,HOLD,PROVIDER_RAW_NAME,PROVIDER_RAW_NAME,,LOW
HONDA|WAVE125,HONDA,WAVE125,1,1,2569-06,2569-06,unmapped_name,HOLD,PROVIDER_RAW_NAME,PROVIDER_RAW_NAME,HOLD,PROVIDER_RAW_NAME,PROVIDER_RAW_NAME,,LOW
HONDA|ไม่ระบุ,HONDA,ไม่ระบุ,4,1,2566-06,2569-01,unmapped_name,HOLD,PROVIDER_RAW_NAME,PROVIDER_RAW_NAME|NAME_UNSPECIFIED,HOLD,PROVIDER_RAW_NAME,PROVIDER_RAW_NAME|NAME_UNSPECIFIED,,LOW
HONGQI|H9,HONGQI,H9,3,0,2565-05,2566-11,unmapped_name,HOLD,PROVIDER_RAW_NAME,PROVIDER_RAW_NAME|BRAND_NOT_IN_TDR,HOLD,PROVIDER_RAW_NAME,PROVIDER_RAW_NAME|BRAND_NOT_IN_TDR,,LOW
HONGQI|H9 2 0L,HONGQI,H9 2.0L,1,0,2567-07,2567-07,unmapped_name,HOLD,PROVIDER_RAW_NAME,PROVIDER_RAW_NAME|BRAND_NOT_IN_TDR|POSSIBLE_MODEL_CODE|POSSIBLE_POWERTRAIN_DERIVATIVE,HOLD,PROVIDER_RAW_NAME,PROVIDER_RAW_NAME|BRAND_NOT_IN_TDR|POSSIBLE_MODEL_CODE|POSSIBLE_POWERTRAIN_DERIVATIVE,,LOW
HYUNDAI|COUNTY,HYUNDAI,COUNTY,1,0,2565-12,2565-12,unmapped_name,HOLD,PROVIDER_RAW_NAME,PROVIDER_RAW_NAME,HOLD,PROVIDER_RAW_NAME,PROVIDER_RAW_NAME,,LOW
HYUNDAI|KMJWTQA,HYUNDAI,KMJWTQA,1,0,2565-05,2565-05,unmapped_name,HOLD,PROVIDER_RAW_NAME,PROVIDER_RAW_NAME,HOLD,PROVIDER_RAW_NAME,PROVIDER_RAW_NAME,,LOW
HYUNDAI|SONATA2 4GLSEXECUTIV,HYUNDAI,SONATA2.4GLSEXECUTIV,1,0,2567-03,2567-03,unmapped_name,HOLD,PROVIDER_RAW_NAME,PROVIDER_RAW_NAME|POSSIBLE_POWERTRAIN_DERIVATIVE,HOLD,PROVIDER_RAW_NAME,PROVIDER_RAW_NAME|POSSIBLE_POWERTRAIN_DERIVATIVE,,LOW
HYUNDAI|VELOSTER,HYUNDAI,VELOSTER,1,0,2564-01,2564-01,unmapped_name,HOLD,PROVIDER_RAW_NAME,PROVIDER_RAW_NAME,HOLD,PROVIDER_RAW_NAME,PROVIDER_RAW_NAME,,LOW
HYUNDAI|ไม่ระบุ,HYUNDAI,ไม่ระบุ,4,0,2565-02,2566-03,unmapped_name,HOLD,PROVIDER_RAW_NAME,PROVIDER_RAW_NAME|NAME_UNSPECIFIED,HOLD,PROVIDER_RAW_NAME,PROVIDER_RAW_NAME|NAME_UNSPECIFIED,,LOW
ISUZU|RODEO S 3 0,ISUZU,RODEO S 3.0,5,0,2565-02,2568-09,unmapped_name,HOLD,PROVIDER_RAW_NAME,PROVIDER_RAW_NAME|POSSIBLE_POWERTRAIN_DERIVATIVE,HOLD,PROVIDER_RAW_NAME,PROVIDER_RAW_NAME|POSSIBLE_POWERTRAIN_DERIVATIVE,,LOW
ISUZU|SX 2 5,ISUZU,SX 2.5,1,0,2565-05,2565-05,unmapped_name,HOLD,PROVIDER_RAW_NAME,PROVIDER_RAW_NAME|POSSIBLE_POWERTRAIN_DERIVATIVE,HOLD,PROVIDER_RAW_NAME,PROVIDER_RAW_NAME|POSSIBLE_POWERTRAIN_DERIVATIVE,,LOW
ISUZU|ไม่ระบุ,ISUZU,ไม่ระบุ,12508,1677,2564-01,2569-09,unmapped_name,HOLD,PROVIDER_RAW_NAME,PROVIDER_RAW_NAME|NAME_UNSPECIFIED,HOLD,PROVIDER_RAW_NAME,PROVIDER_RAW_NAME|NAME_UNSPECIFIED,,HIGH
JAC|HFC1042P73K1B2D,JAC,HFC1042P73K1B2D,1,0,2567-02,2567-02,unmapped_name,HOLD,PROVIDER_RAW_NAME,PROVIDER_RAW_NAME,HOLD,PROVIDER_RAW_NAME,PROVIDER_RAW_NAME,,LOW
JAC|T9EV,JAC,T9EV,1,1,2568-10,2568-10,unmapped_name,HOLD,PROVIDER_RAW_NAME,PROVIDER_RAW_NAME|POSSIBLE_POWERTRAIN_DERIVATIVE,HOLD,PROVIDER_RAW_NAME,PROVIDER_RAW_NAME|POSSIBLE_POWERTRAIN_DERIVATIVE,,LOW
JAECOO|ไม่ระบุ,JAECOO,ไม่ระบุ,12,11,2568-03,2568-11,unmapped_name,HOLD,PROVIDER_RAW_NAME,PROVIDER_RAW_NAME|NAME_UNSPECIFIED,HOLD,PROVIDER_RAW_NAME,PROVIDER_RAW_NAME|NAME_UNSPECIFIED,,LOW
JAGUAR|F TYPE S 3 0L V6 S C RWD,JAGUAR,F-TYPE S 3.0L V6 S/C RWD,1,0,2564-11,2564-11,unmapped_name,HOLD,PROVIDER_RAW_NAME,PROVIDER_RAW_NAME|BRAND_NOT_IN_TDR|POSSIBLE_POWERTRAIN_DERIVATIVE,HOLD,PROVIDER_RAW_NAME,PROVIDER_RAW_NAME|BRAND_NOT_IN_TDR|POSSIBLE_POWERTRAIN_DERIVATIVE,,LOW
JAGUAR|MARK IX,JAGUAR,MARK IX,1,0,2564-09,2564-09,unmapped_name,HOLD,PROVIDER_RAW_NAME,PROVIDER_RAW_NAME|BRAND_NOT_IN_TDR,HOLD,PROVIDER_RAW_NAME,PROVIDER_RAW_NAME|BRAND_NOT_IN_TDR,,LOW
JAGUAR|XE 2 0L I4P PETROL RWD,JAGUAR,XE 2.0L I4P PETROL RWD,1,0,2566-09,2566-09,unmapped_name,HOLD,PROVIDER_RAW_NAME,PROVIDER_RAW_NAME|BRAND_NOT_IN_TDR|POSSIBLE_POWERTRAIN_DERIVATIVE,HOLD,PROVIDER_RAW_NAME,PROVIDER_RAW_NAME|BRAND_NOT_IN_TDR|POSSIBLE_POWERTRAIN_DERIVATIVE,,LOW
JAGUAR|XF PRESTIGE 2 0 DIESEL,JAGUAR,XF PRESTIGE 2.0 DIESEL,1,0,2567-04,2567-04,unmapped_name,HOLD,PROVIDER_RAW_NAME,PROVIDER_RAW_NAME|BRAND_NOT_IN_TDR|POSSIBLE_POWERTRAIN_DERIVATIVE,HOLD,PROVIDER_RAW_NAME,PROVIDER_RAW_NAME|BRAND_NOT_IN_TDR|POSSIBLE_POWERTRAIN_DERIVATIVE,,LOW
JAGUAR|XJ 6,JAGUAR,XJ-6,1,0,2564-04,2564-04,unmapped_name,HOLD,PROVIDER_RAW_NAME,PROVIDER_RAW_NAME|BRAND_NOT_IN_TDR,HOLD,PROVIDER_RAW_NAME,PROVIDER_RAW_NAME|BRAND_NOT_IN_TDR,,LOW
JEEP|COMPASS 1 4L TURBO,JEEP,COMPASS 1.4L TURBO,1,0,2566-08,2566-08,unmapped_name,HOLD,PROVIDER_RAW_NAME,PROVIDER_RAW_NAME|POSSIBLE_POWERTRAIN_DERIVATIVE,HOLD,PROVIDER_RAW_NAME,PROVIDER_RAW_NAME|POSSIBLE_POWERTRAIN_DERIVATIVE,,LOW
JEEP|COMPASS LIMITED,JEEP,COMPASS LIMITED,1,0,2567-08,2567-08,unmapped_name,HOLD,PROVIDER_RAW_NAME,PROVIDER_RAW_NAME|POSSIBLE_TRIM_NOT_MODEL,HOLD,PROVIDER_RAW_NAME,PROVIDER_RAW_NAME|POSSIBLE_TRIM_NOT_MODEL,,LOW
JEEP|RENEGADE TRAILHAWK 1 3 PHEV,JEEP,RENEGADE TRAILHAWK 1.3 PHEV,3,0,2564-10,2567-08,unmapped_name,HOLD,PROVIDER_RAW_NAME,PROVIDER_RAW_NAME|POSSIBLE_POWERTRAIN_DERIVATIVE,HOLD,PROVIDER_RAW_NAME,PROVIDER_RAW_NAME|POSSIBLE_POWERTRAIN_DERIVATIVE,,LOW
JEEP|RENEGADE TRAILHAWK 2 0,JEEP,RENEGADE TRAILHAWK 2.0,2,0,2565-10,2566-04,unmapped_name,HOLD,PROVIDER_RAW_NAME,PROVIDER_RAW_NAME|POSSIBLE_POWERTRAIN_DERIVATIVE,HOLD,PROVIDER_RAW_NAME,PROVIDER_RAW_NAME|POSSIBLE_POWERTRAIN_DERIVATIVE,,LOW
JEEP|ไม่ระบุ,JEEP,ไม่ระบุ,1,0,2565-01,2565-01,unmapped_name,HOLD,PROVIDER_RAW_NAME,PROVIDER_RAW_NAME|NAME_UNSPECIFIED,HOLD,PROVIDER_RAW_NAME,PROVIDER_RAW_NAME|NAME_UNSPECIFIED,,LOW
JETOUR|ไม่ระบุ,JETOUR,ไม่ระบุ,3,0,2566-11,2567-01,unmapped_name,HOLD,PROVIDER_RAW_NAME,PROVIDER_RAW_NAME|NAME_UNSPECIFIED,HOLD,PROVIDER_RAW_NAME,PROVIDER_RAW_NAME|NAME_UNSPECIFIED,,LOW
JMC|JX1032DBR,JMC,JX1032DBR,1,0,2564-12,2564-12,unmapped_name,HOLD,PROVIDER_RAW_NAME,PROVIDER_RAW_NAME|BRAND_NOT_IN_TDR,HOLD,PROVIDER_RAW_NAME,PROVIDER_RAW_NAME|BRAND_NOT_IN_TDR,,LOW
JMC|JX5033XXYXAR,JMC,JX5033XXYXAR,2,0,2565-03,2565-05,unmapped_name,HOLD,PROVIDER_RAW_NAME,PROVIDER_RAW_NAME|BRAND_NOT_IN_TDR,HOLD,PROVIDER_RAW_NAME,PROVIDER_RAW_NAME|BRAND_NOT_IN_TDR,,LOW
JONWAY|IONAXS,JONWAY,IONAXS,2,2,2568-10,2568-10,unmapped_name,HOLD,PROVIDER_RAW_NAME,PROVIDER_RAW_NAME|BRAND_NOT_IN_TDR,HOLD,PROVIDER_RAW_NAME,PROVIDER_RAW_NAME|BRAND_NOT_IN_TDR,,LOW
JOYLONG|HKL6540RBEV,JOYLONG,HKL6540RBEV,1,0,2566-11,2566-11,unmapped_name,HOLD,PROVIDER_RAW_NAME,PROVIDER_RAW_NAME|BRAND_NOT_IN_TDR,HOLD,PROVIDER_RAW_NAME,PROVIDER_RAW_NAME|BRAND_NOT_IN_TDR,,LOW
JOYLONG|ไม่ระบุ,JOYLONG,ไม่ระบุ,2,0,2566-08,2566-08,unmapped_name,HOLD,PROVIDER_RAW_NAME,PROVIDER_RAW_NAME|NAME_UNSPECIFIED|BRAND_NOT_IN_TDR,HOLD,PROVIDER_RAW_NAME,PROVIDER_RAW_NAME|NAME_UNSPECIFIED|BRAND_NOT_IN_TDR,,LOW
JUST|J2 P,JUST,J2-P,1,0,2566-06,2566-06,unmapped_name,HOLD,PROVIDER_RAW_NAME,PROVIDER_RAW_NAME|BRAND_NOT_IN_TDR,HOLD,PROVIDER_RAW_NAME,PROVIDER_RAW_NAME|BRAND_NOT_IN_TDR,,LOW
KAMA|ESP7,KAMA,ESP7,1,0,2568-07,2568-07,unmapped_name,HOLD,PROVIDER_RAW_NAME,PROVIDER_RAW_NAME|BRAND_NOT_IN_TDR,HOLD,PROVIDER_RAW_NAME,PROVIDER_RAW_NAME|BRAND_NOT_IN_TDR,,LOW
KEYTON|M70L EV,KEYTON,M70L EV,1,0,2567-09,2567-09,unmapped_name,HOLD,PROVIDER_RAW_NAME,PROVIDER_RAW_NAME|BRAND_NOT_IN_TDR|POSSIBLE_POWERTRAIN_DERIVATIVE,HOLD,PROVIDER_RAW_NAME,PROVIDER_RAW_NAME|BRAND_NOT_IN_TDR|POSSIBLE_POWERTRAIN_DERIVATIVE,,LOW
KIA|CANIVAL,KIA,CANIVAL,7,0,2564-03,2564-07,unmapped_name,HOLD,NOT_ACTIVATED,NOT_ACTIVATED,HOLD,PROVIDER_RAW_NAME,PROVIDER_RAW_NAME|DUPLICATE_CANONICAL_SUSPECTED,,LOW
KIA|SOUL,KIA,SOUL,1,0,2565-01,2565-01,unmapped_name,HOLD,PROVIDER_RAW_NAME,PROVIDER_RAW_NAME,HOLD,PROVIDER_RAW_NAME,PROVIDER_RAW_NAME,,LOW
KIA|SOUL EV,KIA,SOUL EV,4,0,2564-02,2567-11,unmapped_name,HOLD,PROVIDER_RAW_NAME,PROVIDER_RAW_NAME|EXISTING_IDENTITY_SUSPECTED|POSSIBLE_POWERTRAIN_DERIVATIVE,HOLD,PROVIDER_RAW_NAME,PROVIDER_RAW_NAME|EXISTING_IDENTITY_SUSPECTED|POSSIBLE_POWERTRAIN_DERIVATIVE,,LOW
KIA|ไม่ระบุ,KIA,ไม่ระบุ,50,0,2564-04,2566-10,unmapped_name,HOLD,PROVIDER_RAW_NAME,PROVIDER_RAW_NAME|NAME_UNSPECIFIED,HOLD,PROVIDER_RAW_NAME,PROVIDER_RAW_NAME|NAME_UNSPECIFIED,,LOW
KINZAN|RHD620 EU COMFORT,KINZAN,RHD620 EU COMFORT,1,0,2567-02,2567-02,unmapped_name,HOLD,PROVIDER_RAW_NAME,PROVIDER_RAW_NAME|BRAND_NOT_IN_TDR|POSSIBLE_MODEL_CODE|POSSIBLE_TRIM_NOT_MODEL,HOLD,PROVIDER_RAW_NAME,PROVIDER_RAW_NAME|BRAND_NOT_IN_TDR|POSSIBLE_MODEL_CODE|POSSIBLE_TRIM_NOT_MODEL,,LOW
KYC|V5EV,KYC,V5EV,4,0,2566-09,2567-09,unmapped_name,HOLD,PROVIDER_RAW_NAME,PROVIDER_RAW_NAME|BRAND_NOT_IN_TDR|POSSIBLE_POWERTRAIN_DERIVATIVE,HOLD,PROVIDER_RAW_NAME,PROVIDER_RAW_NAME|BRAND_NOT_IN_TDR|POSSIBLE_POWERTRAIN_DERIVATIVE,,LOW
KYC|X5EV,KYC,X5EV,1,0,2567-03,2567-03,unmapped_name,HOLD,PROVIDER_RAW_NAME,PROVIDER_RAW_NAME|BRAND_NOT_IN_TDR|POSSIBLE_POWERTRAIN_DERIVATIVE,HOLD,PROVIDER_RAW_NAME,PROVIDER_RAW_NAME|BRAND_NOT_IN_TDR|POSSIBLE_POWERTRAIN_DERIVATIVE,,LOW
LAMBORGHINI|AVENTADOR S,LAMBORGHINI,AVENTADOR S,5,0,2564-03,2566-10,unmapped_name,HOLD,PROVIDER_RAW_NAME,PROVIDER_RAW_NAME,HOLD,PROVIDER_RAW_NAME,PROVIDER_RAW_NAME,,LOW
LAMBORGHINI|AVENTADOR S ROADSTER,LAMBORGHINI,AVENTADOR S ROADSTER,1,0,2564-09,2564-09,unmapped_name,HOLD,PROVIDER_RAW_NAME,PROVIDER_RAW_NAME|POSSIBLE_BODY_VARIANT,HOLD,PROVIDER_RAW_NAME,PROVIDER_RAW_NAME|POSSIBLE_BODY_VARIANT,,LOW
LAMBORGHINI|AVENTADOR SVJ,LAMBORGHINI,AVENTADOR SVJ,4,0,2564-10,2567-11,unmapped_name,HOLD,PROVIDER_RAW_NAME,PROVIDER_RAW_NAME,HOLD,PROVIDER_RAW_NAME,PROVIDER_RAW_NAME,,LOW
LAMBORGHINI|AVENTADOR SVJ 63 COUPE,LAMBORGHINI,AVENTADOR SVJ 63 COUPE,2,0,2567-03,2568-04,unmapped_name,HOLD,PROVIDER_RAW_NAME,PROVIDER_RAW_NAME|POSSIBLE_BODY_VARIANT,HOLD,PROVIDER_RAW_NAME,PROVIDER_RAW_NAME|POSSIBLE_BODY_VARIANT,,LOW
LAMBORGHINI|AVENTADOR SVJ 63 ROADSTER,LAMBORGHINI,AVENTADOR SVJ 63 ROADSTER,1,0,2566-04,2566-04,unmapped_name,HOLD,PROVIDER_RAW_NAME,PROVIDER_RAW_NAME|POSSIBLE_BODY_VARIANT,HOLD,PROVIDER_RAW_NAME,PROVIDER_RAW_NAME|POSSIBLE_BODY_VARIANT,,LOW
LAMBORGHINI|AVENTADOR SVJ ROADSTER,LAMBORGHINI,AVENTADOR SVJ ROADSTER,3,0,2564-06,2566-08,unmapped_name,HOLD,PROVIDER_RAW_NAME,PROVIDER_RAW_NAME|POSSIBLE_BODY_VARIANT,HOLD,PROVIDER_RAW_NAME,PROVIDER_RAW_NAME|POSSIBLE_BODY_VARIANT,,LOW
LAMBORGHINI|AVENTADOR ULTIMAE,LAMBORGHINI,AVENTADOR ULTIMAE,6,1,2565-12,2568-11,unmapped_name,HOLD,PROVIDER_RAW_NAME,PROVIDER_RAW_NAME,HOLD,PROVIDER_RAW_NAME,PROVIDER_RAW_NAME,,LOW
LAMBORGHINI|AVENTADOR ULTIMAE ROADSTER,LAMBORGHINI,AVENTADOR ULTIMAE ROADSTER,1,0,2565-12,2565-12,unmapped_name,HOLD,PROVIDER_RAW_NAME,PROVIDER_RAW_NAME|POSSIBLE_BODY_VARIANT,HOLD,PROVIDER_RAW_NAME,PROVIDER_RAW_NAME|POSSIBLE_BODY_VARIANT,,LOW
LAMBORGHINI|GALLARDO LP 560 4,LAMBORGHINI,GALLARDO LP 560-4,1,0,2564-07,2564-07,unmapped_name,HOLD,PROVIDER_RAW_NAME,PROVIDER_RAW_NAME,HOLD,PROVIDER_RAW_NAME,PROVIDER_RAW_NAME,,LOW
LAND ROVER|ไม่ระบุ,LAND ROVER,ไม่ระบุ,1,0,2564-12,2564-12,unmapped_name,HOLD,PROVIDER_RAW_NAME,PROVIDER_RAW_NAME|NAME_UNSPECIFIED,HOLD,PROVIDER_RAW_NAME,PROVIDER_RAW_NAME|NAME_UNSPECIFIED,,LOW
LEAPMOTOR|T03 300,LEAPMOTOR,T03 300,1,0,2568-03,2568-03,unmapped_name,HOLD,PROVIDER_RAW_NAME,PROVIDER_RAW_NAME,HOLD,PROVIDER_RAW_NAME,PROVIDER_RAW_NAME,,LOW
LEAPMOTOR|T03 400,LEAPMOTOR,T03 400,1,0,2568-03,2568-03,unmapped_name,HOLD,PROVIDER_RAW_NAME,PROVIDER_RAW_NAME,HOLD,PROVIDER_RAW_NAME,PROVIDER_RAW_NAME,,LOW
LEVC|TX5,LEVC,TX5,2,0,2567-10,2568-05,unmapped_name,HOLD,PROVIDER_RAW_NAME,PROVIDER_RAW_NAME|BRAND_NOT_IN_TDR,HOLD,PROVIDER_RAW_NAME,PROVIDER_RAW_NAME|BRAND_NOT_IN_TDR,,LOW
LEVDEO|LITTLE PRINCE,LEVDEO,LITTLE PRINCE,3,0,2564-09,2564-09,unmapped_name,HOLD,PROVIDER_RAW_NAME,PROVIDER_RAW_NAME|BRAND_NOT_IN_TDR,HOLD,PROVIDER_RAW_NAME,PROVIDER_RAW_NAME|BRAND_NOT_IN_TDR,,LOW
LEXUS|CT200H,LEXUS,CT200h,1,0,2564-01,2564-01,unmapped_name,HOLD,PROVIDER_RAW_NAME,PROVIDER_RAW_NAME|POSSIBLE_MODEL_CODE,HOLD,PROVIDER_RAW_NAME,PROVIDER_RAW_NAME|POSSIBLE_MODEL_CODE,,LOW
LEXUS|GS250,LEXUS,GS250,1,0,2565-01,2565-01,unmapped_name,HOLD,PROVIDER_RAW_NAME,PROVIDER_RAW_NAME|POSSIBLE_MODEL_CODE,HOLD,PROVIDER_RAW_NAME,PROVIDER_RAW_NAME|POSSIBLE_MODEL_CODE,,LOW
LEXUS|GSE20R AETLHW E4,LEXUS,GSE20R-AETLHW  E4,1,0,2564-05,2564-05,unmapped_name,HOLD,PROVIDER_RAW_NAME,PROVIDER_RAW_NAME,HOLD,PROVIDER_RAW_NAME,PROVIDER_RAW_NAME,,LOW
LEXUS|GX550,LEXUS,GX550,2,0,2568-02,2568-05,unmapped_name,HOLD,PROVIDER_RAW_NAME,PROVIDER_RAW_NAME|POSSIBLE_MODEL_CODE,HOLD,PROVIDER_RAW_NAME,PROVIDER_RAW_NAME|POSSIBLE_MODEL_CODE,,LOW
LEXUS|ไม่ระบุ,LEXUS,ไม่ระบุ,19,5,2564-01,2569-09,unmapped_name,HOLD,PROVIDER_RAW_NAME,PROVIDER_RAW_NAME|NAME_UNSPECIFIED,HOLD,PROVIDER_RAW_NAME,PROVIDER_RAW_NAME|NAME_UNSPECIFIED,,LOW
LINXYS|G100P R,LINXYS,G100P-R,4,4,2568-11,2569-09,unmapped_name,HOLD,PROVIDER_RAW_NAME,PROVIDER_RAW_NAME|BRAND_NOT_IN_TDR|POSSIBLE_MODEL_CODE,HOLD,PROVIDER_RAW_NAME,PROVIDER_RAW_NAME|BRAND_NOT_IN_TDR|POSSIBLE_MODEL_CODE,,LOW
LONDON TAXI|TX4,LONDON TAXI,TX4,2,0,2566-10,2566-10,unmapped_name,HOLD,PROVIDER_RAW_NAME,PROVIDER_RAW_NAME|BRAND_NOT_IN_TDR,HOLD,PROVIDER_RAW_NAME,PROVIDER_RAW_NAME|BRAND_NOT_IN_TDR,,LOW
LUMIN|CHANGAN LUMIN SWEET,LUMIN,CHANGAN LUMIN SWEET,2,0,2566-02,2566-03,unmapped_name,HOLD,PROVIDER_RAW_NAME,PROVIDER_RAW_NAME|BRAND_NOT_IN_TDR,HOLD,PROVIDER_RAW_NAME,PROVIDER_RAW_NAME|BRAND_NOT_IN_TDR,,LOW
MANGIA|ไม่ระบุ,MANGIA,ไม่ระบุ,1,0,2566-12,2566-12,unmapped_name,HOLD,PROVIDER_RAW_NAME,PROVIDER_RAW_NAME|NAME_UNSPECIFIED|BRAND_NOT_IN_TDR,HOLD,PROVIDER_RAW_NAME,PROVIDER_RAW_NAME|NAME_UNSPECIFIED|BRAND_NOT_IN_TDR,,LOW
MAN|TGL 12 250 4X2 BB,MAN,TGL 12.250 4X2 BB,6,0,2564-05,2564-05,unmapped_name,HOLD,PROVIDER_RAW_NAME,PROVIDER_RAW_NAME|BRAND_NOT_IN_TDR|POSSIBLE_POWERTRAIN_DERIVATIVE,HOLD,PROVIDER_RAW_NAME,PROVIDER_RAW_NAME|BRAND_NOT_IN_TDR|POSSIBLE_POWERTRAIN_DERIVATIVE,,LOW
MAN|TGL 12 250 4X2 BB CH,MAN,TGL 12.250 4X2 BB CH,7,0,2566-06,2566-07,unmapped_name,HOLD,PROVIDER_RAW_NAME,PROVIDER_RAW_NAME|BRAND_NOT_IN_TDR|POSSIBLE_POWERTRAIN_DERIVATIVE,HOLD,PROVIDER_RAW_NAME,PROVIDER_RAW_NAME|BRAND_NOT_IN_TDR|POSSIBLE_POWERTRAIN_DERIVATIVE,,LOW
MAN|TGM 13 290 4X4 BB CH,MAN,TGM 13.290 4X4 BB CH,2,0,2567-02,2567-02,unmapped_name,HOLD,PROVIDER_RAW_NAME,PROVIDER_RAW_NAME|BRAND_NOT_IN_TDR|POSSIBLE_POWERTRAIN_DERIVATIVE,HOLD,PROVIDER_RAW_NAME,PROVIDER_RAW_NAME|BRAND_NOT_IN_TDR|POSSIBLE_POWERTRAIN_DERIVATIVE,,LOW
MAN|TGS 33 360 6X4 BB CH,MAN,TGS 33.360 6X4 BB CH,2,1,2567-01,2569-09,unmapped_name,HOLD,PROVIDER_RAW_NAME,PROVIDER_RAW_NAME|BRAND_NOT_IN_TDR,HOLD,PROVIDER_RAW_NAME,PROVIDER_RAW_NAME|BRAND_NOT_IN_TDR,,LOW
MAN|TGS 33 480 6X4 BB CH,MAN,TGS 33.480 6x4 BB CH,1,0,2568-01,2568-01,unmapped_name,HOLD,PROVIDER_RAW_NAME,PROVIDER_RAW_NAME|BRAND_NOT_IN_TDR,HOLD,PROVIDER_RAW_NAME,PROVIDER_RAW_NAME|BRAND_NOT_IN_TDR,,LOW
MASERATI|GRANCABRIO SPORT,MASERATI,GRANCABRIO SPORT,1,0,2565-05,2565-05,unmapped_name,HOLD,PROVIDER_RAW_NAME,PROVIDER_RAW_NAME|POSSIBLE_TRIM_NOT_MODEL,HOLD,PROVIDER_RAW_NAME,PROVIDER_RAW_NAME|POSSIBLE_TRIM_NOT_MODEL,,LOW
MAZDA|RX 7 TYPE RB,MAZDA,RX-7 TYPE RB,1,0,2564-12,2564-12,unmapped_name,HOLD,PROVIDER_RAW_NAME,PROVIDER_RAW_NAME,HOLD,PROVIDER_RAW_NAME,PROVIDER_RAW_NAME,,LOW
MCLAREN|570GT COUPE,MCLAREN,570GT COUPE,3,0,2564-03,2564-11,unmapped_name,HOLD,PROVIDER_RAW_NAME,PROVIDER_RAW_NAME|POSSIBLE_MODEL_CODE|POSSIBLE_BODY_VARIANT,HOLD,PROVIDER_RAW_NAME,PROVIDER_RAW_NAME|POSSIBLE_MODEL_CODE|POSSIBLE_BODY_VARIANT,,LOW
MCLAREN|600LT,MCLAREN,600LT,1,0,2564-01,2564-01,unmapped_name,HOLD,PROVIDER_RAW_NAME,PROVIDER_RAW_NAME|POSSIBLE_MODEL_CODE,HOLD,PROVIDER_RAW_NAME,PROVIDER_RAW_NAME|POSSIBLE_MODEL_CODE,,LOW
MCLAREN|600LT SPIDER,MCLAREN,600LT Spider,1,0,2564-08,2564-08,unmapped_name,HOLD,PROVIDER_RAW_NAME,PROVIDER_RAW_NAME|POSSIBLE_MODEL_CODE,HOLD,PROVIDER_RAW_NAME,PROVIDER_RAW_NAME|POSSIBLE_MODEL_CODE,,LOW
MCLAREN|620R COUPE,MCLAREN,620R COUPE,1,0,2564-09,2564-09,unmapped_name,HOLD,PROVIDER_RAW_NAME,PROVIDER_RAW_NAME|POSSIBLE_MODEL_CODE|POSSIBLE_BODY_VARIANT,HOLD,PROVIDER_RAW_NAME,PROVIDER_RAW_NAME|POSSIBLE_MODEL_CODE|POSSIBLE_BODY_VARIANT,,LOW
MCLAREN|720S COUPE,MCLAREN,720S COUPE,26,0,2564-02,2567-05,unmapped_name,HOLD,PROVIDER_RAW_NAME,PROVIDER_RAW_NAME|POSSIBLE_MODEL_CODE|POSSIBLE_BODY_VARIANT,HOLD,PROVIDER_RAW_NAME,PROVIDER_RAW_NAME|POSSIBLE_MODEL_CODE|POSSIBLE_BODY_VARIANT,,LOW
MCLAREN|720S COUPE PERFORMANCE,MCLAREN,720S COUPE PERFORMANCE,1,0,2564-05,2564-05,unmapped_name,HOLD,PROVIDER_RAW_NAME,PROVIDER_RAW_NAME|POSSIBLE_MODEL_CODE|POSSIBLE_BODY_VARIANT,HOLD,PROVIDER_RAW_NAME,PROVIDER_RAW_NAME|POSSIBLE_MODEL_CODE|POSSIBLE_BODY_VARIANT,,LOW
MCLAREN|720S COUPE V8,MCLAREN,720S COUPE V8,1,0,2565-06,2565-06,unmapped_name,HOLD,PROVIDER_RAW_NAME,PROVIDER_RAW_NAME|POSSIBLE_MODEL_CODE|POSSIBLE_BODY_VARIANT,HOLD,PROVIDER_RAW_NAME,PROVIDER_RAW_NAME|POSSIBLE_MODEL_CODE|POSSIBLE_BODY_VARIANT,,LOW
MCLAREN|720S LE MANS COUPE,MCLAREN,720S LE MANS COUPE,2,0,2565-03,2565-08,unmapped_name,HOLD,PROVIDER_RAW_NAME,PROVIDER_RAW_NAME|POSSIBLE_MODEL_CODE|POSSIBLE_BODY_VARIANT,HOLD,PROVIDER_RAW_NAME,PROVIDER_RAW_NAME|POSSIBLE_MODEL_CODE|POSSIBLE_BODY_VARIANT,,LOW
MCLAREN|720S PERFORMANCE SPYDER,MCLAREN,720S PERFORMANCE SPYDER,1,0,2564-09,2564-09,unmapped_name,HOLD,PROVIDER_RAW_NAME,PROVIDER_RAW_NAME|POSSIBLE_MODEL_CODE,HOLD,PROVIDER_RAW_NAME,PROVIDER_RAW_NAME|POSSIBLE_MODEL_CODE,,LOW
MCLAREN|720S SPIDER,MCLAREN,720S SPIDER,11,0,2564-01,2566-12,unmapped_name,HOLD,PROVIDER_RAW_NAME,PROVIDER_RAW_NAME|POSSIBLE_MODEL_CODE,HOLD,PROVIDER_RAW_NAME,PROVIDER_RAW_NAME|POSSIBLE_MODEL_CODE,,LOW
MCLAREN|765L T COUPE,MCLAREN,765L T COUPE,11,0,2564-03,2565-10,unmapped_name,HOLD,PROVIDER_RAW_NAME,PROVIDER_RAW_NAME|POSSIBLE_MODEL_CODE|POSSIBLE_BODY_VARIANT,HOLD,PROVIDER_RAW_NAME,PROVIDER_RAW_NAME|POSSIBLE_MODEL_CODE|POSSIBLE_BODY_VARIANT,,LOW
MCLAREN|765LT,MCLAREN,765LT,2,0,2565-03,2567-08,unmapped_name,HOLD,PROVIDER_RAW_NAME,PROVIDER_RAW_NAME|POSSIBLE_MODEL_CODE,HOLD,PROVIDER_RAW_NAME,PROVIDER_RAW_NAME|POSSIBLE_MODEL_CODE,,LOW
MCLAREN|765LT COUPE,MCLAREN,765LT COUPE,7,0,2564-02,2564-10,unmapped_name,HOLD,PROVIDER_RAW_NAME,PROVIDER_RAW_NAME|POSSIBLE_MODEL_CODE|POSSIBLE_BODY_VARIANT,HOLD,PROVIDER_RAW_NAME,PROVIDER_RAW_NAME|POSSIBLE_MODEL_CODE|POSSIBLE_BODY_VARIANT,,LOW
MCLAREN|765LT COUPLE,MCLAREN,765LT COUPLE,1,0,2564-02,2564-02,unmapped_name,HOLD,PROVIDER_RAW_NAME,PROVIDER_RAW_NAME|POSSIBLE_MODEL_CODE,HOLD,PROVIDER_RAW_NAME,PROVIDER_RAW_NAME|POSSIBLE_MODEL_CODE,,LOW
MCLAREN|765LT SPIDER,MCLAREN,765LT SPIDER,2,0,2565-07,2565-11,unmapped_name,HOLD,PROVIDER_RAW_NAME,PROVIDER_RAW_NAME|POSSIBLE_MODEL_CODE,HOLD,PROVIDER_RAW_NAME,PROVIDER_RAW_NAME|POSSIBLE_MODEL_CODE,,LOW
MCLAREN|765LT SPIDER V8 4 0L,MCLAREN,765LT SPIDER V8 4.0L,2,0,2566-04,2566-05,unmapped_name,HOLD,PROVIDER_RAW_NAME,PROVIDER_RAW_NAME|POSSIBLE_MODEL_CODE|POSSIBLE_POWERTRAIN_DERIVATIVE,HOLD,PROVIDER_RAW_NAME,PROVIDER_RAW_NAME|POSSIBLE_MODEL_CODE|POSSIBLE_POWERTRAIN_DERIVATIVE,,LOW
MCLAREN|GT COUPE,MCLAREN,GT COUPE,1,0,2566-03,2566-03,unmapped_name,HOLD,PROVIDER_RAW_NAME,PROVIDER_RAW_NAME|POSSIBLE_TRIM_NOT_MODEL|POSSIBLE_BODY_VARIANT,HOLD,PROVIDER_RAW_NAME,PROVIDER_RAW_NAME|POSSIBLE_TRIM_NOT_MODEL|POSSIBLE_BODY_VARIANT,,LOW
MERCEDES AMG|SL 43,MERCEDES AMG,SL 43,2,1,2566-08,2569-09,unmapped_name,HOLD,PROVIDER_RAW_NAME,PROVIDER_RAW_NAME|BRAND_NOT_IN_TDR,HOLD,PROVIDER_RAW_NAME,PROVIDER_RAW_NAME|BRAND_NOT_IN_TDR,,LOW
MERCEDES AMG|SL 55 4MATIC,MERCEDES AMG,SL 55 4MATIC+,1,0,2566-11,2566-11,unmapped_name,HOLD,PROVIDER_RAW_NAME,PROVIDER_RAW_NAME|BRAND_NOT_IN_TDR,HOLD,PROVIDER_RAW_NAME,PROVIDER_RAW_NAME|BRAND_NOT_IN_TDR,,LOW
MERCEDES BENZ|280GE,MERCEDES BENZ,280GE,1,0,2564-11,2564-11,unmapped_name,HOLD,PROVIDER_RAW_NAME,PROVIDER_RAW_NAME|POSSIBLE_MODEL_CODE,HOLD,PROVIDER_RAW_NAME,PROVIDER_RAW_NAME|POSSIBLE_MODEL_CODE,,LOW
MERCEDES BENZ|380SL,MERCEDES BENZ,380SL,1,0,2564-08,2564-08,unmapped_name,HOLD,PROVIDER_RAW_NAME,PROVIDER_RAW_NAME|POSSIBLE_MODEL_CODE,HOLD,PROVIDER_RAW_NAME,PROVIDER_RAW_NAME|POSSIBLE_MODEL_CODE,,LOW
MERCEDES BENZ|A 180,MERCEDES BENZ,A 180,2,0,2566-02,2566-12,unmapped_name,HOLD,PROVIDER_RAW_NAME,PROVIDER_RAW_NAME|PROVIDER_FINER_THAN_TDR|POSSIBLE_MODEL_CODE,HOLD,PROVIDER_RAW_NAME,PROVIDER_RAW_NAME|PROVIDER_FINER_THAN_TDR|POSSIBLE_MODEL_CODE,,LOW
MERCEDES BENZ|C 180,MERCEDES BENZ,C 180,2,0,2564-03,2567-01,unmapped_name,HOLD,PROVIDER_RAW_NAME,PROVIDER_RAW_NAME|PROVIDER_FINER_THAN_TDR|POSSIBLE_MODEL_CODE,HOLD,PROVIDER_RAW_NAME,PROVIDER_RAW_NAME|PROVIDER_FINER_THAN_TDR|POSSIBLE_MODEL_CODE,,LOW
MERCEDES BENZ|C180 CGI SALOON,MERCEDES BENZ,C180 CGI SALOON,1,0,2564-04,2564-04,unmapped_name,HOLD,PROVIDER_RAW_NAME,PROVIDER_RAW_NAME|POSSIBLE_MODEL_CODE,HOLD,PROVIDER_RAW_NAME,PROVIDER_RAW_NAME|POSSIBLE_MODEL_CODE,,LOW
MERCEDES BENZ|CLA200D SHOOTING BRAKE,MERCEDES BENZ,CLA200D SHOOTING BRAKE,1,0,2564-11,2564-11,unmapped_name,HOLD,PROVIDER_RAW_NAME,PROVIDER_RAW_NAME|POSSIBLE_MODEL_CODE,HOLD,PROVIDER_RAW_NAME,PROVIDER_RAW_NAME|POSSIBLE_MODEL_CODE,,LOW
MERCEDES BENZ|E200 CGI SALOON,MERCEDES BENZ,E200 CGI SALOON,3,0,2564-12,2565-03,unmapped_name,HOLD,PROVIDER_RAW_NAME,PROVIDER_RAW_NAME|POSSIBLE_MODEL_CODE,HOLD,PROVIDER_RAW_NAME,PROVIDER_RAW_NAME|POSSIBLE_MODEL_CODE,,LOW
MERCEDES BENZ|E250 CDI,MERCEDES BENZ,E250 CDI,1,0,2565-03,2565-03,unmapped_name,HOLD,PROVIDER_RAW_NAME,PROVIDER_RAW_NAME|EXISTING_IDENTITY_SUSPECTED|POSSIBLE_MODEL_CODE,HOLD,PROVIDER_RAW_NAME,PROVIDER_RAW_NAME|EXISTING_IDENTITY_SUSPECTED|POSSIBLE_MODEL_CODE,,LOW
MERCEDES BENZ|E250 CGI SALOON,MERCEDES BENZ,E250 CGI SALOON,1,0,2566-03,2566-03,unmapped_name,HOLD,PROVIDER_RAW_NAME,PROVIDER_RAW_NAME|POSSIBLE_MODEL_CODE,HOLD,PROVIDER_RAW_NAME,PROVIDER_RAW_NAME|POSSIBLE_MODEL_CODE,,LOW
MERCEDES BENZ|G350 D HERITAGE EDITION,MERCEDES BENZ,G350 D HERITAGE EDITION,1,0,2565-11,2565-11,unmapped_name,HOLD,PROVIDER_RAW_NAME,PROVIDER_RAW_NAME|EXISTING_IDENTITY_SUSPECTED|POSSIBLE_MODEL_CODE|POSSIBLE_TRIM_NOT_MODEL,HOLD,PROVIDER_RAW_NAME,PROVIDER_RAW_NAME|EXISTING_IDENTITY_SUSPECTED|POSSIBLE_MODEL_CODE|POSSIBLE_TRIM_NOT_MODEL,,LOW
MERCEDES BENZ|G500 4X4 SQUARED,MERCEDES BENZ,G500 4X4 SQUARED,2,0,2567-09,2567-11,unmapped_name,HOLD,PROVIDER_RAW_NAME,PROVIDER_RAW_NAME|POSSIBLE_MODEL_CODE|POSSIBLE_POWERTRAIN_DERIVATIVE,HOLD,PROVIDER_RAW_NAME,PROVIDER_RAW_NAME|POSSIBLE_MODEL_CODE|POSSIBLE_POWERTRAIN_DERIVATIVE,,LOW
MERCEDES BENZ|OF917 4250 RHD,MERCEDES BENZ,OF917 4250 RHD,1,0,2565-05,2565-05,unmapped_name,HOLD,PROVIDER_RAW_NAME,PROVIDER_RAW_NAME|POSSIBLE_MODEL_CODE,HOLD,PROVIDER_RAW_NAME,PROVIDER_RAW_NAME|POSSIBLE_MODEL_CODE,,LOW
MERCEDES BENZ|PONTON 190,MERCEDES BENZ,PONTON 190,2,0,2566-03,2566-03,unmapped_name,HOLD,PROVIDER_RAW_NAME,PROVIDER_RAW_NAME,HOLD,PROVIDER_RAW_NAME,PROVIDER_RAW_NAME,,LOW
MERCEDES BENZ|PONTON 220S,MERCEDES BENZ,PONTON 220S,3,0,2566-03,2566-03,unmapped_name,HOLD,PROVIDER_RAW_NAME,PROVIDER_RAW_NAME|POSSIBLE_MODEL_CODE,HOLD,PROVIDER_RAW_NAME,PROVIDER_RAW_NAME|POSSIBLE_MODEL_CODE,,LOW
MERCEDES BENZ|S 500L MILD HYBRID,MERCEDES BENZ,S 500L MILD HYBRID,9,0,2564-05,2565-12,unmapped_name,HOLD,PROVIDER_RAW_NAME,PROVIDER_RAW_NAME|PROVIDER_FINER_THAN_TDR|POSSIBLE_MODEL_CODE|POSSIBLE_POWERTRAIN_DERIVATIVE,HOLD,PROVIDER_RAW_NAME,PROVIDER_RAW_NAME|PROVIDER_FINER_THAN_TDR|POSSIBLE_MODEL_CODE|POSSIBLE_POWERTRAIN_DERIVATIVE,,LOW
MERCEDES BENZ|S300L,MERCEDES BENZ,S300L,1,0,2564-01,2564-01,unmapped_name,HOLD,PROVIDER_RAW_NAME,PROVIDER_RAW_NAME|POSSIBLE_MODEL_CODE,HOLD,PROVIDER_RAW_NAME,PROVIDER_RAW_NAME|POSSIBLE_MODEL_CODE,,LOW
MERCEDES BENZ|S500 HYBRID,MERCEDES BENZ,S500 HYBRID,1,0,2564-11,2564-11,unmapped_name,HOLD,PROVIDER_RAW_NAME,PROVIDER_RAW_NAME|POSSIBLE_MODEL_CODE|POSSIBLE_POWERTRAIN_DERIVATIVE,HOLD,PROVIDER_RAW_NAME,PROVIDER_RAW_NAME|POSSIBLE_MODEL_CODE|POSSIBLE_POWERTRAIN_DERIVATIVE,,LOW
MERCEDES BENZ|SL350 ROADSTER,MERCEDES BENZ,SL350 ROADSTER,1,0,2564-05,2564-05,unmapped_name,HOLD,PROVIDER_RAW_NAME,PROVIDER_RAW_NAME|POSSIBLE_MODEL_CODE|POSSIBLE_BODY_VARIANT,HOLD,PROVIDER_RAW_NAME,PROVIDER_RAW_NAME|POSSIBLE_MODEL_CODE|POSSIBLE_BODY_VARIANT,,LOW
MERCEDES BENZ|SLC300,MERCEDES BENZ,SLC300,15,0,2564-01,2567-09,unmapped_name,HOLD,PROVIDER_RAW_NAME,PROVIDER_RAW_NAME|POSSIBLE_MODEL_CODE,HOLD,PROVIDER_RAW_NAME,PROVIDER_RAW_NAME|POSSIBLE_MODEL_CODE,,LOW
MERCEDES BENZ|SLK200,MERCEDES BENZ,SLK200,2,0,2564-05,2564-12,unmapped_name,HOLD,PROVIDER_RAW_NAME,PROVIDER_RAW_NAME|POSSIBLE_MODEL_CODE,HOLD,PROVIDER_RAW_NAME,PROVIDER_RAW_NAME|POSSIBLE_MODEL_CODE,,LOW
MERCEDES BENZ|SLK280,MERCEDES BENZ,SLK280,1,0,2566-06,2566-06,unmapped_name,HOLD,PROVIDER_RAW_NAME,PROVIDER_RAW_NAME|POSSIBLE_MODEL_CODE,HOLD,PROVIDER_RAW_NAME,PROVIDER_RAW_NAME|POSSIBLE_MODEL_CODE,,LOW
MERCEDES BENZ|UGE 232 UNIMOG U218,MERCEDES BENZ,UGE-232 (UNIMOG U218),1,0,2565-11,2565-11,unmapped_name,HOLD,PROVIDER_RAW_NAME,PROVIDER_RAW_NAME|POSSIBLE_MODEL_CODE,HOLD,PROVIDER_RAW_NAME,PROVIDER_RAW_NAME|POSSIBLE_MODEL_CODE,,LOW
MERCEDES BENZ|ไม่ระบุ,MERCEDES BENZ,ไม่ระบุ,91,2,2564-09,2569-02,unmapped_name,HOLD,PROVIDER_RAW_NAME,PROVIDER_RAW_NAME|NAME_UNSPECIFIED,HOLD,PROVIDER_RAW_NAME,PROVIDER_RAW_NAME|NAME_UNSPECIFIED,,LOW
MERCEDESBENZ MAYBACH|S680 4 M,MERCEDESBENZ MAYBACH,S680 4 M,2,0,2565-12,2565-12,unmapped_name,HOLD,PROVIDER_RAW_NAME,PROVIDER_RAW_NAME|BRAND_NOT_IN_TDR|POSSIBLE_MODEL_CODE,HOLD,PROVIDER_RAW_NAME,PROVIDER_RAW_NAME|BRAND_NOT_IN_TDR|POSSIBLE_MODEL_CODE,,LOW
MERCEDES|G63 AMG BRABUS 800,MERCEDES,G63 AMG BRABUS 800,1,0,2565-08,2565-08,unmapped_name,HOLD,PROVIDER_RAW_NAME,PROVIDER_RAW_NAME|EXISTING_IDENTITY_SUSPECTED|POSSIBLE_TRIM_NOT_MODEL,HOLD,PROVIDER_RAW_NAME,PROVIDER_RAW_NAME|EXISTING_IDENTITY_SUSPECTED|POSSIBLE_TRIM_NOT_MODEL,,LOW
MG|MG GS,MG,MG GS,28,1,2564-01,2569-09,unmapped_name,HOLD,PROVIDER_RAW_NAME,PROVIDER_RAW_NAME,HOLD,PROVIDER_RAW_NAME,PROVIDER_RAW_NAME,,LOW
MG|MG6,MG,MG6,9,0,2564-02,2568-02,unmapped_name,HOLD,PROVIDER_RAW_NAME,PROVIDER_RAW_NAME,HOLD,PROVIDER_RAW_NAME,PROVIDER_RAW_NAME,,LOW
MG|ไม่ระบุ,MG,ไม่ระบุ,1,0,2564-10,2564-10,unmapped_name,HOLD,PROVIDER_RAW_NAME,PROVIDER_RAW_NAME|NAME_UNSPECIFIED,HOLD,PROVIDER_RAW_NAME,PROVIDER_RAW_NAME|NAME_UNSPECIFIED,,LOW
MINE MOBILITY|SPA1,MINE MOBILITY,SPA1,13,0,2564-06,2564-06,unmapped_name,HOLD,PROVIDER_RAW_NAME,PROVIDER_RAW_NAME,HOLD,PROVIDER_RAW_NAME,PROVIDER_RAW_NAME,,LOW
MINI|ไม่ระบุ,MINI,ไม่ระบุ,6,0,2565-07,2567-01,unmapped_name,HOLD,PROVIDER_RAW_NAME,PROVIDER_RAW_NAME|NAME_UNSPECIFIED,HOLD,PROVIDER_RAW_NAME,PROVIDER_RAW_NAME|NAME_UNSPECIFIED,,LOW
MITSUBISHI|A03AXTHHRU,MITSUBISHI,A03AXTHHRU,3,3,2568-10,2568-12,unmapped_name,HOLD,PROVIDER_RAW_NAME,PROVIDER_RAW_NAME,HOLD,PROVIDER_RAW_NAME,PROVIDER_RAW_NAME,,LOW
MITSUBISHI|A03AXTMHRU,MITSUBISHI,A03AXTMHRU,1,0,2568-02,2568-02,unmapped_name,HOLD,PROVIDER_RAW_NAME,PROVIDER_RAW_NAME,HOLD,PROVIDER_RAW_NAME,PROVIDER_RAW_NAME,,LOW
MITSUBISHI|A13ASTMHRU,MITSUBISHI,A13ASTMHRU,1,0,2568-08,2568-08,unmapped_name,HOLD,PROVIDER_RAW_NAME,PROVIDER_RAW_NAME,HOLD,PROVIDER_RAW_NAME,PROVIDER_RAW_NAME,,LOW
MITSUBISHI|CY3ASTHHRU,MITSUBISHI,CY3ASTHHRU,2,0,2564-11,2566-06,unmapped_name,HOLD,PROVIDER_RAW_NAME,PROVIDER_RAW_NAME,HOLD,PROVIDER_RAW_NAME,PROVIDER_RAW_NAME,,LOW
MITSUBISHI|K14TUNSRUX,MITSUBISHI,K14TUNSRUX,1,0,2567-12,2567-12,unmapped_name,HOLD,PROVIDER_RAW_NAME,PROVIDER_RAW_NAME,HOLD,PROVIDER_RAW_NAME,PROVIDER_RAW_NAME,,LOW
MITSUBISHI|KA4TXJNHZPRU,MITSUBISHI,KA4TXJNHZPRU,2,0,2564-11,2565-04,unmapped_name,HOLD,PROVIDER_RAW_NAME,PROVIDER_RAW_NAME,HOLD,PROVIDER_RAW_NAME,PROVIDER_RAW_NAME,,LOW
MITSUBISHI|KA5TNCNUERU,MITSUBISHI,KA5TNCNUERU,3,1,2564-05,2568-11,unmapped_name,HOLD,PROVIDER_RAW_NAME,PROVIDER_RAW_NAME,HOLD,PROVIDER_RAW_NAME,PROVIDER_RAW_NAME,,LOW
MITSUBISHI|KA5TXJNHERU,MITSUBISHI,KA5TXJNHERU,1,0,2564-11,2564-11,unmapped_name,HOLD,PROVIDER_RAW_NAME,PROVIDER_RAW_NAME,HOLD,PROVIDER_RAW_NAME,PROVIDER_RAW_NAME,,LOW
MITSUBISHI|KB4TGJNXZPRU,MITSUBISHI,KB4TGJNXZPRU,1,0,2568-03,2568-03,unmapped_name,HOLD,PROVIDER_RAW_NAME,PROVIDER_RAW_NAME,HOLD,PROVIDER_RAW_NAME,PROVIDER_RAW_NAME,,LOW
MITSUBISHI|KB4TNENUZPRU,MITSUBISHI,KB4TNENUZPRU,2,0,2564-04,2564-08,unmapped_name,HOLD,PROVIDER_RAW_NAME,PROVIDER_RAW_NAME,HOLD,PROVIDER_RAW_NAME,PROVIDER_RAW_NAME,,LOW
MITSUBISHI|KG4WGYPSRU,MITSUBISHI,KG4WGYPSRU,1,0,2565-05,2565-05,unmapped_name,HOLD,PROVIDER_RAW_NAME,PROVIDER_RAW_NAME,HOLD,PROVIDER_RAW_NAME,PROVIDER_RAW_NAME,,LOW
MITSUBISHI|KG6WGYPYRU,MITSUBISHI,KG6WGYPYRU,1,0,2564-03,2564-03,unmapped_name,HOLD,PROVIDER_RAW_NAME,PROVIDER_RAW_NAME,HOLD,PROVIDER_RAW_NAME,PROVIDER_RAW_NAME,,LOW
MITSUBISHI|KH4WGYPZRU,MITSUBISHI,KH4WGYPZRU,4,1,2565-11,2568-10,unmapped_name,HOLD,PROVIDER_RAW_NAME,PROVIDER_RAW_NAME,HOLD,PROVIDER_RAW_NAME,PROVIDER_RAW_NAME,,LOW
MITSUBISHI|KP3TEYJFPRU,MITSUBISHI,KP3TEYJFPRU,4,0,2564-06,2567-08,unmapped_name,HOLD,PROVIDER_RAW_NAME,PROVIDER_RAW_NAME,HOLD,PROVIDER_RAW_NAME,PROVIDER_RAW_NAME,,LOW
MITSUBISHI|KR1WGUMFPRU,MITSUBISHI,KR1WGUMFPRU,1,0,2565-10,2565-10,unmapped_name,HOLD,PROVIDER_RAW_NAME,PROVIDER_RAW_NAME,HOLD,PROVIDER_RAW_NAME,PROVIDER_RAW_NAME,,LOW
MITSUBISHI|L049GWMNTJU,MITSUBISHI,L049GWMNTJU,1,0,2567-09,2567-09,unmapped_name,HOLD,PROVIDER_RAW_NAME,PROVIDER_RAW_NAME,HOLD,PROVIDER_RAW_NAME,PROVIDER_RAW_NAME,,LOW
MITSUBISHI|L200 2 5 STD P S STRADA 2WD,MITSUBISHI,L200 2.5 STD. P/S (STRADA 2WD),1,0,2566-01,2566-01,unmapped_name,HOLD,PROVIDER_RAW_NAME,PROVIDER_RAW_NAME|POSSIBLE_MODEL_CODE|POSSIBLE_POWERTRAIN_DERIVATIVE,HOLD,PROVIDER_RAW_NAME,PROVIDER_RAW_NAME|POSSIBLE_MODEL_CODE|POSSIBLE_POWERTRAIN_DERIVATIVE,,LOW
MITSUBISHI|L200 P 2 5 S CAB LOW,MITSUBISHI,L200 P 2.5 S-CAB LOW,24,0,2564-02,2567-09,unmapped_name,HOLD,PROVIDER_RAW_NAME,PROVIDER_RAW_NAME|EXISTING_IDENTITY_SUSPECTED|POSSIBLE_MODEL_CODE|POSSIBLE_POWERTRAIN_DERIVATIVE|POSSIBLE_BODY_VARIANT,HOLD,PROVIDER_RAW_NAME,PROVIDER_RAW_NAME|EXISTING_IDENTITY_SUSPECTED|POSSIBLE_MODEL_CODE|POSSIBLE_POWERTRAIN_DERIVATIVE|POSSIBLE_BODY_VARIANT,,LOW
MITSUBISHI|LANCER EVOLUTION VI GSR TOMMI,MITSUBISHI,LANCER EVOLUTION VI GSR TOMMI,1,0,2568-01,2568-01,unmapped_name,HOLD,PROVIDER_RAW_NAME,PROVIDER_RAW_NAME,HOLD,PROVIDER_RAW_NAME,PROVIDER_RAW_NAME,,LOW
MITSUBISHI|LANCER EVOLUTION X FINAL,MITSUBISHI,LANCER EVOLUTION X FINAL,1,0,2568-03,2568-03,unmapped_name,HOLD,PROVIDER_RAW_NAME,PROVIDER_RAW_NAME,HOLD,PROVIDER_RAW_NAME,PROVIDER_RAW_NAME,,LOW
MITSUBISHI|MINICAB MIEV,MITSUBISHI,MINICAB MIEV,6,0,2564-11,2565-06,unmapped_name,HOLD,PROVIDER_RAW_NAME,PROVIDER_RAW_NAME,HOLD,PROVIDER_RAW_NAME,PROVIDER_RAW_NAME,,LOW
MITSUBISHI|ไม่ระบุ,MITSUBISHI,ไม่ระบุ,370,1,2564-02,2569-06,unmapped_name,HOLD,PROVIDER_RAW_NAME,PROVIDER_RAW_NAME|NAME_UNSPECIFIED,HOLD,PROVIDER_RAW_NAME,PROVIDER_RAW_NAME|NAME_UNSPECIFIED,,MEDIUM
MORGAN|PLUS SIX SUPERSPORT,MORGAN,PLUS SIX SUPERSPORT,1,1,2569-06,2569-06,unmapped_name,HOLD,PROVIDER_RAW_NAME,PROVIDER_RAW_NAME|BRAND_NOT_IN_TDR|POSSIBLE_TRIM_NOT_MODEL,HOLD,PROVIDER_RAW_NAME,PROVIDER_RAW_NAME|BRAND_NOT_IN_TDR|POSSIBLE_TRIM_NOT_MODEL,,LOW
NAZA|FORZA,NAZA,FORZA,2,0,2568-09,2568-09,unmapped_name,HOLD,PROVIDER_RAW_NAME,PROVIDER_RAW_NAME|BRAND_NOT_IN_TDR,HOLD,PROVIDER_RAW_NAME,PROVIDER_RAW_NAME|BRAND_NOT_IN_TDR,,LOW
NEX|DYQ1030BEV1R HE,NEX,DYQ1030BEV1R-HE,1,0,2566-11,2566-11,unmapped_name,HOLD,PROVIDER_RAW_NAME,PROVIDER_RAW_NAME|BRAND_NOT_IN_TDR,HOLD,PROVIDER_RAW_NAME,PROVIDER_RAW_NAME|BRAND_NOT_IN_TDR,,LOW
NEX|DYQ1031BEV1R,NEX,DYQ1031BEV1R,1,0,2566-11,2566-11,unmapped_name,HOLD,PROVIDER_RAW_NAME,PROVIDER_RAW_NAME|BRAND_NOT_IN_TDR,HOLD,PROVIDER_RAW_NAME,PROVIDER_RAW_NAME|BRAND_NOT_IN_TDR,,LOW
NEX|DYQ1033BEV1R,NEX,DYQ1033BEV1R,1,0,2567-03,2567-03,unmapped_name,HOLD,PROVIDER_RAW_NAME,PROVIDER_RAW_NAME|BRAND_NOT_IN_TDR,HOLD,PROVIDER_RAW_NAME,PROVIDER_RAW_NAME|BRAND_NOT_IN_TDR,,LOW
NEX|DYX1040,NEX,DYX1040,7,0,2567-07,2567-10,unmapped_name,HOLD,PROVIDER_RAW_NAME,PROVIDER_RAW_NAME|BRAND_NOT_IN_TDR,HOLD,PROVIDER_RAW_NAME,PROVIDER_RAW_NAME|BRAND_NOT_IN_TDR,,LOW
NEX|XML6593JEVJ0,NEX,XML6593JEVJ0,2,0,2566-11,2567-04,unmapped_name,HOLD,PROVIDER_RAW_NAME,PROVIDER_RAW_NAME|BRAND_NOT_IN_TDR,HOLD,PROVIDER_RAW_NAME,PROVIDER_RAW_NAME|BRAND_NOT_IN_TDR,,LOW
NISSAN|ADB2RCYD23IHL C,NISSAN,ADB2RCYD23IHL---C-,1,0,2564-06,2564-06,unmapped_name,HOLD,PROVIDER_RAW_NAME,PROVIDER_RAW_NAME,HOLD,PROVIDER_RAW_NAME,PROVIDER_RAW_NAME,,LOW
NISSAN|AVPGRDFD22NXN,NISSAN,AVPGRDFD22NXN,1,0,2565-06,2565-06,unmapped_name,HOLD,PROVIDER_RAW_NAME,PROVIDER_RAW_NAME,HOLD,PROVIDER_RAW_NAME,PROVIDER_RAW_NAME,,LOW
NISSAN|BDB2RHYD23IHN C,NISSAN,BDB2RHYD23IHN---C-,1,0,2564-05,2564-05,unmapped_name,HOLD,PROVIDER_RAW_NAME,PROVIDER_RAW_NAME,HOLD,PROVIDER_RAW_NAME,PROVIDER_RAW_NAME,,LOW
NISSAN|BDBARGZL33MHA A,NISSAN,BDBARGZL33MHA---A-,4,0,2564-03,2567-12,unmapped_name,HOLD,PROVIDER_RAW_NAME,PROVIDER_RAW_NAME,HOLD,PROVIDER_RAW_NAME,PROVIDER_RAW_NAME,,LOW
NISSAN|BDBGRTYD40EHG A,NISSAN,BDBGRTYD40EHG--A--,1,0,2564-10,2564-10,unmapped_name,HOLD,PROVIDER_RAW_NAME,PROVIDER_RAW_NAME,HOLD,PROVIDER_RAW_NAME,PROVIDER_RAW_NAME,,LOW
NISSAN|BDRAREZL33MHA B,NISSAN,BDRAREZL33MHA---B-,5,0,2564-02,2567-12,unmapped_name,HOLD,PROVIDER_RAW_NAME,PROVIDER_RAW_NAME,HOLD,PROVIDER_RAW_NAME,PROVIDER_RAW_NAME,,LOW
NISSAN|BDSARGZB172HA A,NISSAN,BDSARGZB172HA---A-,2,0,2564-03,2565-07,unmapped_name,HOLD,PROVIDER_RAW_NAME,PROVIDER_RAW_NAME,HOLD,PROVIDER_RAW_NAME,PROVIDER_RAW_NAME,,LOW
NISSAN|BDTARCFB172HA,NISSAN,BDTARCFB172HA-----,1,0,2565-01,2565-01,unmapped_name,HOLD,PROVIDER_RAW_NAME,PROVIDER_RAW_NAME,HOLD,PROVIDER_RAW_NAME,PROVIDER_RAW_NAME,,LOW
NISSAN|BDTARGAC11MHA 2,NISSAN,BDTARGAC11MHA----2,2,0,2564-12,2565-12,unmapped_name,HOLD,PROVIDER_RAW_NAME,PROVIDER_RAW_NAME,HOLD,PROVIDER_RAW_NAME,PROVIDER_RAW_NAME,,LOW
NISSAN|BDTARGZB172HA,NISSAN,BDTARGZB172HA-----,2,0,2564-11,2566-09,unmapped_name,HOLD,PROVIDER_RAW_NAME,PROVIDER_RAW_NAME,HOLD,PROVIDER_RAW_NAME,PROVIDER_RAW_NAME,,LOW
NISSAN|BDTARGZB172HA B,NISSAN,BDTARGZB172HA----B,1,0,2565-08,2565-08,unmapped_name,HOLD,PROVIDER_RAW_NAME,PROVIDER_RAW_NAME,HOLD,PROVIDER_RAW_NAME,PROVIDER_RAW_NAME,,LOW
NISSAN|BDWARBGN17XHB,NISSAN,BDWARBGN17XHB-----,1,0,2568-06,2568-06,unmapped_name,HOLD,PROVIDER_RAW_NAME,PROVIDER_RAW_NAME,HOLD,PROVIDER_RAW_NAME,PROVIDER_RAW_NAME,,LOW
NISSAN|BDWARBZN17XHA,NISSAN,BDWARBZN17XHA-----,2,0,2564-02,2567-05,unmapped_name,HOLD,PROVIDER_RAW_NAME,PROVIDER_RAW_NAME,HOLD,PROVIDER_RAW_NAME,PROVIDER_RAW_NAME,,LOW
NISSAN|BDWARBZN17XHA B,NISSAN,BDWARBZN17XHA----B,1,0,2564-05,2564-05,unmapped_name,HOLD,PROVIDER_RAW_NAME,PROVIDER_RAW_NAME,HOLD,PROVIDER_RAW_NAME,PROVIDER_RAW_NAME,,LOW
NISSAN|BDWARBZN17XHAF B,NISSAN,BDWARBZN17XHAF---B,1,0,2568-09,2568-09,unmapped_name,HOLD,PROVIDER_RAW_NAME,PROVIDER_RAW_NAME,HOLD,PROVIDER_RAW_NAME,PROVIDER_RAW_NAME,,LOW
NISSAN|BDWARBZN17XHAFA B,NISSAN,BDWARBZN17XHAFA--B,1,0,2567-10,2567-10,unmapped_name,HOLD,PROVIDER_RAW_NAME,PROVIDER_RAW_NAME,HOLD,PROVIDER_RAW_NAME,PROVIDER_RAW_NAME,,LOW
NISSAN|BDWARBZN17XHAY114Z,NISSAN,BDWARBZN17XHAY114Z,2,0,2566-02,2566-11,unmapped_name,HOLD,PROVIDER_RAW_NAME,PROVIDER_RAW_NAME,HOLD,PROVIDER_RAW_NAME,PROVIDER_RAW_NAME,,LOW
NISSAN|BDWARBZN17XHAY211Z,NISSAN,BDWARBZN17XHAY211Z,3,1,2566-11,2569-09,unmapped_name,HOLD,PROVIDER_RAW_NAME,PROVIDER_RAW_NAME,HOLD,PROVIDER_RAW_NAME,PROVIDER_RAW_NAME,,LOW
NISSAN|BDWARGZN17XHA,NISSAN,BDWARGZN17XHA-----,1,0,2565-03,2565-03,unmapped_name,HOLD,PROVIDER_RAW_NAME,PROVIDER_RAW_NAME,HOLD,PROVIDER_RAW_NAME,PROVIDER_RAW_NAME,,LOW
NISSAN|BDWARGZN17XHAA,NISSAN,BDWARGZN17XHAA----,1,0,2564-11,2564-11,unmapped_name,HOLD,PROVIDER_RAW_NAME,PROVIDER_RAW_NAME,HOLD,PROVIDER_RAW_NAME,PROVIDER_RAW_NAME,,LOW
NISSAN|BDWARGZN17XHAB,NISSAN,BDWARGZN17XHAB----,1,0,2567-08,2567-08,unmapped_name,HOLD,PROVIDER_RAW_NAME,PROVIDER_RAW_NAME,HOLD,PROVIDER_RAW_NAME,PROVIDER_RAW_NAME,,LOW
NISSAN|BDWARGZN17XHAG,NISSAN,BDWARGZN17XHAG----,4,0,2564-10,2567-03,unmapped_name,HOLD,PROVIDER_RAW_NAME,PROVIDER_RAW_NAME,HOLD,PROVIDER_RAW_NAME,PROVIDER_RAW_NAME,,LOW
NISSAN|BDWARGZN17XHAGB,NISSAN,BDWARGZN17XHAGB---,1,0,2564-08,2564-08,unmapped_name,HOLD,PROVIDER_RAW_NAME,PROVIDER_RAW_NAME,HOLD,PROVIDER_RAW_NAME,PROVIDER_RAW_NAME,,LOW
NISSAN|BDWARGZN17XHAY124Z,NISSAN,BDWARGZN17XHAY124Z,1,0,2566-02,2566-02,unmapped_name,HOLD,PROVIDER_RAW_NAME,PROVIDER_RAW_NAME,HOLD,PROVIDER_RAW_NAME,PROVIDER_RAW_NAME,,LOW
NISSAN|BDWARGZN17XHAY231Z,NISSAN,BDWARGZN17XHAY231Z,1,0,2564-10,2564-10,unmapped_name,HOLD,PROVIDER_RAW_NAME,PROVIDER_RAW_NAME,HOLD,PROVIDER_RAW_NAME,PROVIDER_RAW_NAME,,LOW
NISSAN|BGD21SFUA,NISSAN,BGD21SFUA%,2,0,2564-06,2567-06,unmapped_name,HOLD,PROVIDER_RAW_NAME,PROVIDER_RAW_NAME,HOLD,PROVIDER_RAW_NAME,PROVIDER_RAW_NAME,,LOW
NISSAN|BLGURGWJ32EHAA,NISSAN,BLGURGWJ32EHAA----,1,1,2569-08,2569-08,unmapped_name,HOLD,PROVIDER_RAW_NAME,PROVIDER_RAW_NAME,HOLD,PROVIDER_RAW_NAME,PROVIDER_RAW_NAME,,LOW
NISSAN|BLGURGWJ32EHAA CA,NISSAN,BLGURGWJ32EHAA--CA,1,0,2564-10,2564-10,unmapped_name,HOLD,PROVIDER_RAW_NAME,PROVIDER_RAW_NAME,HOLD,PROVIDER_RAW_NAME,PROVIDER_RAW_NAME,,LOW
NISSAN|BVL2RDYD23FHN CA,NISSAN,BVL2RDYD23FHN---CA,5,0,2564-02,2567-04,unmapped_name,HOLD,PROVIDER_RAW_NAME,PROVIDER_RAW_NAME,HOLD,PROVIDER_RAW_NAME,PROVIDER_RAW_NAME,,LOW
NISSAN|BVL2RHYD23FHN CA,NISSAN,BVL2RHYD23FHN---CA,1,0,2566-03,2566-03,unmapped_name,HOLD,PROVIDER_RAW_NAME,PROVIDER_RAW_NAME,HOLD,PROVIDER_RAW_NAME,PROVIDER_RAW_NAME,,LOW
NISSAN|BVL2RSYD23FHP AA,NISSAN,BVL2RSYD23FHP--AA-,1,0,2564-01,2564-01,unmapped_name,HOLD,PROVIDER_RAW_NAME,PROVIDER_RAW_NAME,HOLD,PROVIDER_RAW_NAME,PROVIDER_RAW_NAME,,LOW
NISSAN|BVL2RSYD23FHP AAA,NISSAN,BVL2RSYD23FHP--AAA,3,0,2564-03,2566-11,unmapped_name,HOLD,PROVIDER_RAW_NAME,PROVIDER_RAW_NAME,HOLD,PROVIDER_RAW_NAME,PROVIDER_RAW_NAME,,LOW
NISSAN|BVL2RTYD23FHP A,NISSAN,BVL2RTYD23FHP--A--,3,0,2564-03,2566-11,unmapped_name,HOLD,PROVIDER_RAW_NAME,PROVIDER_RAW_NAME,HOLD,PROVIDER_RAW_NAME,PROVIDER_RAW_NAME,,LOW
NISSAN|BVL2RTYD23FHP A G,NISSAN,BVL2RTYD23FHP--A-G,7,1,2564-01,2569-09,unmapped_name,HOLD,PROVIDER_RAW_NAME,PROVIDER_RAW_NAME,HOLD,PROVIDER_RAW_NAME,PROVIDER_RAW_NAME,,LOW
NISSAN|BVL2RWLD23FHP,NISSAN,BVL2RWLD23FHP-----,2,0,2565-02,2567-12,unmapped_name,HOLD,PROVIDER_RAW_NAME,PROVIDER_RAW_NAME,HOLD,PROVIDER_RAW_NAME,PROVIDER_RAW_NAME,,LOW
NISSAN|BVL2RWLD23FHP A,NISSAN,BVL2RWLD23FHP----A,2,0,2565-01,2565-02,unmapped_name,HOLD,PROVIDER_RAW_NAME,PROVIDER_RAW_NAME,HOLD,PROVIDER_RAW_NAME,PROVIDER_RAW_NAME,,LOW
NISSAN|BVL2RWLD23FHP A G,NISSAN,BVL2RWLD23FHP-A--G,1,0,2566-08,2566-08,unmapped_name,HOLD,PROVIDER_RAW_NAME,PROVIDER_RAW_NAME,HOLD,PROVIDER_RAW_NAME,PROVIDER_RAW_NAME,,LOW
NISSAN|BVL4RWYD23IHP A G,NISSAN,BVL4RWYD23IHP-A--G,1,0,2564-06,2564-06,unmapped_name,HOLD,PROVIDER_RAW_NAME,PROVIDER_RAW_NAME,HOLD,PROVIDER_RAW_NAME,PROVIDER_RAW_NAME,,LOW
NISSAN|CGD21SFU1,NISSAN,CGD21SFU1%,3,0,2564-10,2567-08,unmapped_name,HOLD,PROVIDER_RAW_NAME,PROVIDER_RAW_NAME,HOLD,PROVIDER_RAW_NAME,PROVIDER_RAW_NAME,,LOW
NISSAN|CVL2RSYD23FHP AA,NISSAN,CVL2RSYD23FHP--AA-,1,0,2566-06,2566-06,unmapped_name,HOLD,PROVIDER_RAW_NAME,PROVIDER_RAW_NAME,HOLD,PROVIDER_RAW_NAME,PROVIDER_RAW_NAME,,LOW
NISSAN|CVL2RTLD23FHP A A,NISSAN,CVL2RTLD23FHP--A-A,1,0,2566-09,2566-09,unmapped_name,HOLD,PROVIDER_RAW_NAME,PROVIDER_RAW_NAME,HOLD,PROVIDER_RAW_NAME,PROVIDER_RAW_NAME,,LOW
NISSAN|CVL2RWLD23FHP,NISSAN,CVL2RWLD23FHP-----,1,0,2564-09,2564-09,unmapped_name,HOLD,PROVIDER_RAW_NAME,PROVIDER_RAW_NAME,HOLD,PROVIDER_RAW_NAME,PROVIDER_RAW_NAME,,LOW
NISSAN|CVL2RZYD23IHP,NISSAN,CVL2RZYD23IHP-----,4,0,2564-01,2566-12,unmapped_name,HOLD,PROVIDER_RAW_NAME,PROVIDER_RAW_NAME,HOLD,PROVIDER_RAW_NAME,PROVIDER_RAW_NAME,,LOW
NISSAN|CVL4RZLD23IHP,NISSAN,CVL4RZLD23IHP-----,2,0,2564-01,2564-11,unmapped_name,HOLD,PROVIDER_RAW_NAME,PROVIDER_RAW_NAME,HOLD,PROVIDER_RAW_NAME,PROVIDER_RAW_NAME,,LOW
NISSAN|FDTARRZC12MHAA,NISSAN,FDTARRZC12MHAA----,2,0,2564-04,2565-07,unmapped_name,HOLD,PROVIDER_RAW_NAME,PROVIDER_RAW_NAME,HOLD,PROVIDER_RAW_NAME,PROVIDER_RAW_NAME,,LOW
NISSAN|FDTARUZF15EHA2 1,NISSAN,FDTARUZF15EHA2---1,3,0,2564-05,2565-04,unmapped_name,HOLD,PROVIDER_RAW_NAME,PROVIDER_RAW_NAME|EXISTING_IDENTITY_SUSPECTED,HOLD,PROVIDER_RAW_NAME,PROVIDER_RAW_NAME|EXISTING_IDENTITY_SUSPECTED,,LOW
NISSAN|FDTARUZF15EHA6 1,NISSAN,FDTARUZF15EHA6---1,1,0,2567-09,2567-09,unmapped_name,HOLD,PROVIDER_RAW_NAME,PROVIDER_RAW_NAME|EXISTING_IDENTITY_SUSPECTED,HOLD,PROVIDER_RAW_NAME,PROVIDER_RAW_NAME|EXISTING_IDENTITY_SUSPECTED,,LOW
NISSAN|FDWURQFK13EH5 A,NISSAN,FDWURQFK13EH5--A--,2,0,2564-07,2564-09,unmapped_name,HOLD,PROVIDER_RAW_NAME,PROVIDER_RAW_NAME,HOLD,PROVIDER_RAW_NAME,PROVIDER_RAW_NAME,,LOW
NISSAN|FDWURTFK13EH5 BA,NISSAN,FDWURTFK13EH5--BA-,1,0,2564-10,2564-10,unmapped_name,HOLD,PROVIDER_RAW_NAME,PROVIDER_RAW_NAME,HOLD,PROVIDER_RAW_NAME,PROVIDER_RAW_NAME,,LOW
NISSAN|FDWURTZK13EH5,NISSAN,FDWURTZK13EH5-----,1,1,2569-08,2569-08,unmapped_name,HOLD,PROVIDER_RAW_NAME,PROVIDER_RAW_NAME,HOLD,PROVIDER_RAW_NAME,PROVIDER_RAW_NAME,,LOW
NISSAN|FDWURTZK13EH5 BA,NISSAN,FDWURTZK13EH5--BA-,11,0,2564-02,2565-04,unmapped_name,HOLD,PROVIDER_RAW_NAME,PROVIDER_RAW_NAME,HOLD,PROVIDER_RAW_NAME,PROVIDER_RAW_NAME,,LOW
NISSAN|FDWURTZK13EH5A,NISSAN,FDWURTZK13EH5A----,1,0,2565-04,2565-04,unmapped_name,HOLD,PROVIDER_RAW_NAME,PROVIDER_RAW_NAME,HOLD,PROVIDER_RAW_NAME,PROVIDER_RAW_NAME,,LOW
NISSAN|FDWURVZK13EH5,NISSAN,FDWURVZK13EH5-----,6,0,2564-02,2568-07,unmapped_name,HOLD,PROVIDER_RAW_NAME,PROVIDER_RAW_NAME,HOLD,PROVIDER_RAW_NAME,PROVIDER_RAW_NAME,,LOW
NISSAN|FDWURVZK13XH5YA23Y,NISSAN,FDWURVZK13XH5YA23Y,1,0,2567-02,2567-02,unmapped_name,HOLD,PROVIDER_RAW_NAME,PROVIDER_RAW_NAME,HOLD,PROVIDER_RAW_NAME,PROVIDER_RAW_NAME,,LOW
NISSAN|FGD21SFX,NISSAN,FGD21SFX%,1,0,2564-07,2564-07,unmapped_name,HOLD,PROVIDER_RAW_NAME,PROVIDER_RAW_NAME,HOLD,PROVIDER_RAW_NAME,PROVIDER_RAW_NAME,,LOW
NISSAN|KBGD21FX5,NISSAN,KBGD21FX5%,1,0,2564-12,2564-12,unmapped_name,HOLD,PROVIDER_RAW_NAME,PROVIDER_RAW_NAME,HOLD,PROVIDER_RAW_NAME,PROVIDER_RAW_NAME,,LOW
NISSAN|KTGD21FX3,NISSAN,KTGD21FX3%,2,0,2564-12,2566-03,unmapped_name,HOLD,PROVIDER_RAW_NAME,PROVIDER_RAW_NAME,HOLD,PROVIDER_RAW_NAME,PROVIDER_RAW_NAME,,LOW
NISSAN|ROOX X 2WD,NISSAN,ROOX X 2WD,1,0,2567-01,2567-01,unmapped_name,HOLD,PROVIDER_RAW_NAME,PROVIDER_RAW_NAME|EXISTING_IDENTITY_SUSPECTED|POSSIBLE_POWERTRAIN_DERIVATIVE,HOLD,PROVIDER_RAW_NAME,PROVIDER_RAW_NAME|EXISTING_IDENTITY_SUSPECTED|POSSIBLE_POWERTRAIN_DERIVATIVE,,LOW
NISSAN|SAKURA G,NISSAN,SAKURA G,5,1,2566-09,2568-10,unmapped_name,HOLD,PROVIDER_RAW_NAME,PROVIDER_RAW_NAME,HOLD,PROVIDER_RAW_NAME,PROVIDER_RAW_NAME,,LOW
NISSAN|TDB4RTFE25EWAY27BY,NISSAN,TDB4RTFE25EWAY27BY,1,0,2566-04,2566-04,unmapped_name,HOLD,PROVIDER_RAW_NAME,PROVIDER_RAW_NAME,HOLD,PROVIDER_RAW_NAME,PROVIDER_RAW_NAME,,LOW
NISSAN|TDTARGZL112HNN,NISSAN,TDTARGZL112HNN----,1,0,2564-10,2564-10,unmapped_name,HOLD,PROVIDER_RAW_NAME,PROVIDER_RAW_NAME,HOLD,PROVIDER_RAW_NAME,PROVIDER_RAW_NAME,,LOW
NISSAN|TDWAREZE12EHA,NISSAN,TDWAREZE12EHA-----,9,0,2564-01,2567-03,unmapped_name,HOLD,PROVIDER_RAW_NAME,PROVIDER_RAW_NAME,HOLD,PROVIDER_RAW_NAME,PROVIDER_RAW_NAME,,LOW
NISSAN|TDWARFZE12EHA,NISSAN,TDWARFZE12EHA-----,18,0,2564-01,2568-03,unmapped_name,HOLD,PROVIDER_RAW_NAME,PROVIDER_RAW_NAME,HOLD,PROVIDER_RAW_NAME,PROVIDER_RAW_NAME,,LOW
NISSAN|TGD21SFU5,NISSAN,TGD21SFU5%,1,0,2564-01,2564-01,unmapped_name,HOLD,PROVIDER_RAW_NAME,PROVIDER_RAW_NAME,HOLD,PROVIDER_RAW_NAME,PROVIDER_RAW_NAME,,LOW
NISSAN|TGD2S1U7,NISSAN,TGD2S1U7%,1,0,2564-01,2564-01,unmapped_name,HOLD,PROVIDER_RAW_NAME,PROVIDER_RAW_NAME,HOLD,PROVIDER_RAW_NAME,PROVIDER_RAW_NAME,,LOW
NISSAN|VVLGRVYD40UHGLD HT,NISSAN,VVLGRVYD40UHGLD-HT,2,1,2565-05,2568-12,unmapped_name,HOLD,PROVIDER_RAW_NAME,PROVIDER_RAW_NAME,HOLD,PROVIDER_RAW_NAME,PROVIDER_RAW_NAME,,LOW
NISSAN|VVLGRXND40UHG P 3,NISSAN,VVLGRXND40UHG-P--3,1,0,2567-03,2567-03,unmapped_name,HOLD,PROVIDER_RAW_NAME,PROVIDER_RAW_NAME,HOLD,PROVIDER_RAW_NAME,PROVIDER_RAW_NAME,,LOW
NISSAN|VVLURVND40UHGDBGLC,NISSAN,VVLURVND40UHGDBGLC,1,0,2564-04,2564-04,unmapped_name,HOLD,PROVIDER_RAW_NAME,PROVIDER_RAW_NAME,HOLD,PROVIDER_RAW_NAME,PROVIDER_RAW_NAME,,LOW
NISSAN|ไม่ระบุ,NISSAN,ไม่ระบุ,139,1,2564-01,2569-05,unmapped_name,HOLD,PROVIDER_RAW_NAME,PROVIDER_RAW_NAME|NAME_UNSPECIFIED,HOLD,PROVIDER_RAW_NAME,PROVIDER_RAW_NAME|NAME_UNSPECIFIED,,MEDIUM
PIERCE|ไม่ระบุ,PIERCE,ไม่ระบุ,1,0,2564-02,2564-02,unmapped_name,HOLD,PROVIDER_RAW_NAME,PROVIDER_RAW_NAME|NAME_UNSPECIFIED|BRAND_NOT_IN_TDR,HOLD,PROVIDER_RAW_NAME,PROVIDER_RAW_NAME|NAME_UNSPECIFIED|BRAND_NOT_IN_TDR,,LOW
PORSCHE|997 C4S,PORSCHE,997 C4S,1,0,2564-06,2564-06,unmapped_name,HOLD,PROVIDER_RAW_NAME,PROVIDER_RAW_NAME,HOLD,PROVIDER_RAW_NAME,PROVIDER_RAW_NAME,,LOW
PORSCHE|ไม่ระบุ,PORSCHE,ไม่ระบุ,2,0,2564-01,2568-06,unmapped_name,HOLD,PROVIDER_RAW_NAME,PROVIDER_RAW_NAME|NAME_UNSPECIFIED,HOLD,PROVIDER_RAW_NAME,PROVIDER_RAW_NAME|NAME_UNSPECIFIED,,LOW
PRODRIVE|P25,PRODRIVE,P25,1,0,2566-06,2566-06,unmapped_name,HOLD,PROVIDER_RAW_NAME,PROVIDER_RAW_NAME|BRAND_NOT_IN_TDR,HOLD,PROVIDER_RAW_NAME,PROVIDER_RAW_NAME|BRAND_NOT_IN_TDR,,LOW
PROTON|EXORA,PROTON,EXORA,4,0,2564-03,2568-09,unmapped_name,HOLD,PROVIDER_RAW_NAME,PROVIDER_RAW_NAME|BRAND_NOT_IN_TDR,HOLD,PROVIDER_RAW_NAME,PROVIDER_RAW_NAME|BRAND_NOT_IN_TDR,,LOW
RANGE ROVER|AUTOBIOGRAPHY P400E LWB,RANGE ROVER,AUTOBIOGRAPHY P400E LWB,2,0,2564-03,2564-04,unmapped_name,HOLD,PROVIDER_RAW_NAME,PROVIDER_RAW_NAME|BRAND_NOT_IN_TDR|POSSIBLE_MODEL_CODE,HOLD,PROVIDER_RAW_NAME,PROVIDER_RAW_NAME|BRAND_NOT_IN_TDR|POSSIBLE_MODEL_CODE,,LOW
RANGE ROVER|EVOQUE 2 2 SD4 DYNAMIC,RANGE ROVER,EVOQUE 2.2 SD4 DYNAMIC,1,0,2566-06,2566-06,unmapped_name,HOLD,PROVIDER_RAW_NAME,PROVIDER_RAW_NAME|BRAND_NOT_IN_TDR|POSSIBLE_POWERTRAIN_DERIVATIVE,HOLD,PROVIDER_RAW_NAME,PROVIDER_RAW_NAME|BRAND_NOT_IN_TDR|POSSIBLE_POWERTRAIN_DERIVATIVE,,LOW
RANGE ROVER|EVOQUE 2 2L SD4,RANGE ROVER,EVOQUE 2.2L SD4,1,0,2566-03,2566-03,unmapped_name,HOLD,PROVIDER_RAW_NAME,PROVIDER_RAW_NAME|BRAND_NOT_IN_TDR|POSSIBLE_POWERTRAIN_DERIVATIVE,HOLD,PROVIDER_RAW_NAME,PROVIDER_RAW_NAME|BRAND_NOT_IN_TDR|POSSIBLE_POWERTRAIN_DERIVATIVE,,LOW
RELY|Q22 1 2L,RELY,Q22 1.2L,2,0,2564-01,2564-01,unmapped_name,HOLD,PROVIDER_RAW_NAME,PROVIDER_RAW_NAME|BRAND_NOT_IN_TDR|POSSIBLE_POWERTRAIN_DERIVATIVE,HOLD,PROVIDER_RAW_NAME,PROVIDER_RAW_NAME|BRAND_NOT_IN_TDR|POSSIBLE_POWERTRAIN_DERIVATIVE,,LOW
RELY|Q22B 1 1L,RELY,Q22B 1.1L,3,0,2567-08,2568-07,unmapped_name,HOLD,PROVIDER_RAW_NAME,PROVIDER_RAW_NAME|BRAND_NOT_IN_TDR|POSSIBLE_POWERTRAIN_DERIVATIVE,HOLD,PROVIDER_RAW_NAME,PROVIDER_RAW_NAME|BRAND_NOT_IN_TDR|POSSIBLE_POWERTRAIN_DERIVATIVE,,LOW
RENAULT|MEGANE RS 300 TROPHY EDC,RENAULT,MEGANE RS 300 TROPHY EDC,1,0,2567-02,2567-02,unmapped_name,HOLD,PROVIDER_RAW_NAME,PROVIDER_RAW_NAME|BRAND_NOT_IN_TDR|POSSIBLE_TRIM_NOT_MODEL,HOLD,PROVIDER_RAW_NAME,PROVIDER_RAW_NAME|BRAND_NOT_IN_TDR|POSSIBLE_TRIM_NOT_MODEL,,LOW
ROLLS ROYCE|DAWN,ROLLS ROYCE,DAWN,2,0,2565-06,2566-04,unmapped_name,HOLD,PROVIDER_RAW_NAME,PROVIDER_RAW_NAME,HOLD,PROVIDER_RAW_NAME,PROVIDER_RAW_NAME,,LOW
ROLLS ROYCE|SILVER CLOUD,ROLLS ROYCE,SILVER CLOUD,2,0,2565-06,2568-06,unmapped_name,HOLD,PROVIDER_RAW_NAME,PROVIDER_RAW_NAME,HOLD,PROVIDER_RAW_NAME,PROVIDER_RAW_NAME,,LOW
ROLLS ROYCE|WRAITH,ROLLS ROYCE,WRAITH,7,0,2564-06,2566-02,unmapped_name,HOLD,PROVIDER_RAW_NAME,PROVIDER_RAW_NAME,HOLD,PROVIDER_RAW_NAME,PROVIDER_RAW_NAME,,LOW
ROLLS ROYCE|ไม่ระบุ,ROLLS ROYCE,ไม่ระบุ,1,0,2564-05,2564-05,unmapped_name,HOLD,PROVIDER_RAW_NAME,PROVIDER_RAW_NAME|NAME_UNSPECIFIED,HOLD,PROVIDER_RAW_NAME,PROVIDER_RAW_NAME|NAME_UNSPECIFIED,,LOW
ROSENBAUER|AERIAL LADDER L64P,ROSENBAUER,AERIAL LADDER L64P,1,0,2568-09,2568-09,unmapped_name,HOLD,PROVIDER_RAW_NAME,PROVIDER_RAW_NAME|BRAND_NOT_IN_TDR,HOLD,PROVIDER_RAW_NAME,PROVIDER_RAW_NAME|BRAND_NOT_IN_TDR,,LOW
ROSENBAUER|TURNTABLE LADDER L42A XS,ROSENBAUER,TURNTABLE LADDER L42A-XS,1,1,2568-10,2568-10,unmapped_name,HOLD,PROVIDER_RAW_NAME,PROVIDER_RAW_NAME|BRAND_NOT_IN_TDR,HOLD,PROVIDER_RAW_NAME,PROVIDER_RAW_NAME|BRAND_NOT_IN_TDR,,LOW
ROSENBAUER|TURNTABLE LADDER L64,ROSENBAUER,TURNTABLE LADDER L64,1,1,2568-10,2568-10,unmapped_name,HOLD,PROVIDER_RAW_NAME,PROVIDER_RAW_NAME|BRAND_NOT_IN_TDR,HOLD,PROVIDER_RAW_NAME,PROVIDER_RAW_NAME|BRAND_NOT_IN_TDR,,LOW
ROVER|MINI,ROVER,MINI,1,0,2568-09,2568-09,unmapped_name,HOLD,PROVIDER_RAW_NAME,PROVIDER_RAW_NAME|BRAND_NOT_IN_TDR,HOLD,PROVIDER_RAW_NAME,PROVIDER_RAW_NAME|BRAND_NOT_IN_TDR,,LOW
RUF|GT COUPE,RUF,GT COUPE,1,1,2568-11,2568-11,unmapped_name,HOLD,PROVIDER_RAW_NAME,PROVIDER_RAW_NAME|BRAND_NOT_IN_TDR|POSSIBLE_TRIM_NOT_MODEL|POSSIBLE_BODY_VARIANT,HOLD,PROVIDER_RAW_NAME,PROVIDER_RAW_NAME|BRAND_NOT_IN_TDR|POSSIBLE_TRIM_NOT_MODEL|POSSIBLE_BODY_VARIANT,,LOW
SCANIA|8X4,SCANIA,8X4,1,0,2568-06,2568-06,unmapped_name,HOLD,PROVIDER_RAW_NAME,PROVIDER_RAW_NAME|BRAND_NOT_IN_TDR,HOLD,PROVIDER_RAW_NAME,PROVIDER_RAW_NAME|BRAND_NOT_IN_TDR,,LOW
SCANIA|P 420 B6X4NZ,SCANIA,P 420 B6x4NZ,3,2,2568-07,2569-06,unmapped_name,HOLD,PROVIDER_RAW_NAME,PROVIDER_RAW_NAME|BRAND_NOT_IN_TDR,HOLD,PROVIDER_RAW_NAME,PROVIDER_RAW_NAME|BRAND_NOT_IN_TDR,,LOW
SCANIA|P 460 B10X4 6NA,SCANIA,P 460 B10x4*6NA,1,0,2565-04,2565-04,unmapped_name,HOLD,PROVIDER_RAW_NAME,PROVIDER_RAW_NAME|BRAND_NOT_IN_TDR,HOLD,PROVIDER_RAW_NAME,PROVIDER_RAW_NAME|BRAND_NOT_IN_TDR,,LOW
SCANIA|R560 B8X4NZ,SCANIA,R560 B8x4NZ,4,0,2564-05,2565-04,unmapped_name,HOLD,PROVIDER_RAW_NAME,PROVIDER_RAW_NAME|BRAND_NOT_IN_TDR|POSSIBLE_MODEL_CODE,HOLD,PROVIDER_RAW_NAME,PROVIDER_RAW_NAME|BRAND_NOT_IN_TDR|POSSIBLE_MODEL_CODE,,LOW
SHANGCH|ZQK5027XXYEV1R,SHANGCH,ZQK5027XXYEV1R,1,0,2566-06,2566-06,unmapped_name,HOLD,PROVIDER_RAW_NAME,PROVIDER_RAW_NAME|BRAND_NOT_IN_TDR,HOLD,PROVIDER_RAW_NAME,PROVIDER_RAW_NAME|BRAND_NOT_IN_TDR,,LOW
SHINERAY|T22,SHINERAY,T22,1,0,2565-03,2565-03,unmapped_name,HOLD,PROVIDER_RAW_NAME,PROVIDER_RAW_NAME|BRAND_NOT_IN_TDR,HOLD,PROVIDER_RAW_NAME,PROVIDER_RAW_NAME|BRAND_NOT_IN_TDR,,LOW
SINOTRUK HOWO|ไม่ระบุ,SINOTRUK HOWO,ไม่ระบุ,2,0,2565-08,2565-08,unmapped_name,HOLD,PROVIDER_RAW_NAME,PROVIDER_RAW_NAME|NAME_UNSPECIFIED|BRAND_NOT_IN_TDR,HOLD,PROVIDER_RAW_NAME,PROVIDER_RAW_NAME|NAME_UNSPECIFIED|BRAND_NOT_IN_TDR,,LOW
SKODA|SUPERB ELEGANCE,SKODA,SUPERB ELEGANCE,1,0,2564-02,2564-02,unmapped_name,HOLD,PROVIDER_RAW_NAME,PROVIDER_RAW_NAME|BRAND_NOT_IN_TDR,HOLD,PROVIDER_RAW_NAME,PROVIDER_RAW_NAME|BRAND_NOT_IN_TDR,,LOW
SKYWELL|BVCH1041,SKYWELL,BVCH1041,1,0,2567-05,2567-05,unmapped_name,HOLD,PROVIDER_RAW_NAME,PROVIDER_RAW_NAME|BRAND_NOT_IN_TDR,HOLD,PROVIDER_RAW_NAME,PROVIDER_RAW_NAME|BRAND_NOT_IN_TDR,,LOW
SKYWELL|SHODAI HIGH ROOF,SKYWELL,SHODAI-HIGH ROOF,1,0,2564-02,2564-02,unmapped_name,HOLD,PROVIDER_RAW_NAME,PROVIDER_RAW_NAME|BRAND_NOT_IN_TDR,HOLD,PROVIDER_RAW_NAME,PROVIDER_RAW_NAME|BRAND_NOT_IN_TDR,,LOW
SKYWELL|T05,SKYWELL,T05,15,0,2566-10,2567-07,unmapped_name,HOLD,PROVIDER_RAW_NAME,PROVIDER_RAW_NAME|BRAND_NOT_IN_TDR,HOLD,PROVIDER_RAW_NAME,PROVIDER_RAW_NAME|BRAND_NOT_IN_TDR,,LOW
SMART|FORTWO COUPE,SMART,FORTWO COUPE,1,0,2567-04,2567-04,unmapped_name,HOLD,PROVIDER_RAW_NAME,PROVIDER_RAW_NAME|BRAND_NOT_IN_TDR|POSSIBLE_BODY_VARIANT,HOLD,PROVIDER_RAW_NAME,PROVIDER_RAW_NAME|BRAND_NOT_IN_TDR|POSSIBLE_BODY_VARIANT,,LOW
SMART|FORTWO EQ BLUEDAWN COUPE,SMART,FORTWO EQ BLUEDAWN COUPE,1,0,2565-03,2565-03,unmapped_name,HOLD,PROVIDER_RAW_NAME,PROVIDER_RAW_NAME|BRAND_NOT_IN_TDR|POSSIBLE_BODY_VARIANT,HOLD,PROVIDER_RAW_NAME,PROVIDER_RAW_NAME|BRAND_NOT_IN_TDR|POSSIBLE_BODY_VARIANT,,LOW
SMART|FORTWO EQ COUPE,SMART,FORTWO EQ COUPE,4,0,2564-06,2565-06,unmapped_name,HOLD,PROVIDER_RAW_NAME,PROVIDER_RAW_NAME|BRAND_NOT_IN_TDR|POSSIBLE_BODY_VARIANT,HOLD,PROVIDER_RAW_NAME,PROVIDER_RAW_NAME|BRAND_NOT_IN_TDR|POSSIBLE_BODY_VARIANT,,LOW
SMART|FORTWO EQ EXCLUSIVE CABRIO,SMART,FORTWO EQ EXCLUSIVE CABRIO,2,0,2565-05,2566-09,unmapped_name,HOLD,PROVIDER_RAW_NAME,PROVIDER_RAW_NAME|BRAND_NOT_IN_TDR|POSSIBLE_TRIM_NOT_MODEL,HOLD,PROVIDER_RAW_NAME,PROVIDER_RAW_NAME|BRAND_NOT_IN_TDR|POSSIBLE_TRIM_NOT_MODEL,,LOW
SOKON|EC31,SOKON,EC31,1,0,2568-01,2568-01,unmapped_name,HOLD,NOT_ACTIVATED,NOT_ACTIVATED,HOLD,PROVIDER_RAW_NAME,PROVIDER_RAW_NAME|DUPLICATE_CANONICAL_SUSPECTED,,LOW
SSANGYONG|ACTYON SPORTS,SSANGYONG,ACTYON SPORTS,1,0,2568-01,2568-01,unmapped_name,HOLD,PROVIDER_RAW_NAME,PROVIDER_RAW_NAME|BRAND_NOT_IN_TDR|POSSIBLE_TRIM_NOT_MODEL,HOLD,PROVIDER_RAW_NAME,PROVIDER_RAW_NAME|BRAND_NOT_IN_TDR|POSSIBLE_TRIM_NOT_MODEL,,LOW
SSANGYONG|REXTON,SSANGYONG,REXTON,1,0,2566-07,2566-07,unmapped_name,HOLD,PROVIDER_RAW_NAME,PROVIDER_RAW_NAME|BRAND_NOT_IN_TDR,HOLD,PROVIDER_RAW_NAME,PROVIDER_RAW_NAME|BRAND_NOT_IN_TDR,,LOW
SSANGYONG|RODIUS,SSANGYONG,RODIUS,7,0,2564-03,2567-09,unmapped_name,HOLD,PROVIDER_RAW_NAME,PROVIDER_RAW_NAME|BRAND_NOT_IN_TDR,HOLD,PROVIDER_RAW_NAME,PROVIDER_RAW_NAME|BRAND_NOT_IN_TDR,,LOW
SSANGYONG|STAVIC SV200,SSANGYONG,STAVIC SV200,1,0,2566-02,2566-02,unmapped_name,HOLD,PROVIDER_RAW_NAME,PROVIDER_RAW_NAME|BRAND_NOT_IN_TDR|POSSIBLE_MODEL_CODE,HOLD,PROVIDER_RAW_NAME,PROVIDER_RAW_NAME|BRAND_NOT_IN_TDR|POSSIBLE_MODEL_CODE,,LOW
STELATO|S9,STELATO,S9,1,0,2568-06,2568-06,unmapped_name,HOLD,PROVIDER_RAW_NAME,PROVIDER_RAW_NAME|BRAND_NOT_IN_TDR,HOLD,PROVIDER_RAW_NAME,PROVIDER_RAW_NAME|BRAND_NOT_IN_TDR,,LOW
SUBARU|LEVORG 1 6GT S AWD CVT,SUBARU,LEVORG 1.6GT-S AWD CVT,2,0,2565-04,2567-09,unmapped_name,HOLD,PROVIDER_RAW_NAME,PROVIDER_RAW_NAME|POSSIBLE_POWERTRAIN_DERIVATIVE,HOLD,PROVIDER_RAW_NAME,PROVIDER_RAW_NAME|POSSIBLE_POWERTRAIN_DERIVATIVE,,LOW
SUBARU|ไม่ระบุ,SUBARU,ไม่ระบุ,1,1,2569-01,2569-01,unmapped_name,HOLD,PROVIDER_RAW_NAME,PROVIDER_RAW_NAME|NAME_UNSPECIFIED,HOLD,PROVIDER_RAW_NAME,PROVIDER_RAW_NAME|NAME_UNSPECIFIED,,LOW
SUZUKI|AF416PUM14060,SUZUKI,AF416PUM14060,18,2,2564-02,2569-09,unmapped_name,HOLD,PROVIDER_RAW_NAME,PROVIDER_RAW_NAME,HOLD,PROVIDER_RAW_NAME,PROVIDER_RAW_NAME,,LOW
SUZUKI|AQ416PUM14058,SUZUKI,AQ416PUM14058,9,0,2564-02,2566-11,unmapped_name,HOLD,PROVIDER_RAW_NAME,PROVIDER_RAW_NAME,HOLD,PROVIDER_RAW_NAME,PROVIDER_RAW_NAME,,LOW
SUZUKI|HUSTLER HYBRID G,SUZUKI,HUSTLER HYBRID G,2,2,2568-12,2568-12,unmapped_name,HOLD,PROVIDER_RAW_NAME,PROVIDER_RAW_NAME|POSSIBLE_POWERTRAIN_DERIVATIVE,HOLD,PROVIDER_RAW_NAME,PROVIDER_RAW_NAME|POSSIBLE_POWERTRAIN_DERIVATIVE,,LOW
SUZUKI|HUSTLER HYBRID J STYLE II,SUZUKI,HUSTLER HYBRID J STYLE II,2,0,2567-05,2567-07,unmapped_name,HOLD,PROVIDER_RAW_NAME,PROVIDER_RAW_NAME|POSSIBLE_POWERTRAIN_DERIVATIVE,HOLD,PROVIDER_RAW_NAME,PROVIDER_RAW_NAME|POSSIBLE_POWERTRAIN_DERIVATIVE,,LOW
SUZUKI|HUSTLER HYBRID X TURBO,SUZUKI,HUSTLER HYBRID X TURBO,10,0,2564-03,2565-11,unmapped_name,HOLD,PROVIDER_RAW_NAME,PROVIDER_RAW_NAME|POSSIBLE_POWERTRAIN_DERIVATIVE,HOLD,PROVIDER_RAW_NAME,PROVIDER_RAW_NAME|POSSIBLE_POWERTRAIN_DERIVATIVE,,LOW
SUZUKI|HUSTLER J STYLE II TURBO,SUZUKI,HUSTLER J STYLE II TURBO,3,0,2566-03,2566-09,unmapped_name,HOLD,PROVIDER_RAW_NAME,PROVIDER_RAW_NAME|POSSIBLE_POWERTRAIN_DERIVATIVE,HOLD,PROVIDER_RAW_NAME,PROVIDER_RAW_NAME|POSSIBLE_POWERTRAIN_DERIVATIVE,,LOW
SUZUKI|HUSTLER TOUGH WILD TURBO,SUZUKI,HUSTLER TOUGH WILD TURBO,2,1,2567-11,2569-08,unmapped_name,HOLD,PROVIDER_RAW_NAME,PROVIDER_RAW_NAME|POSSIBLE_POWERTRAIN_DERIVATIVE,HOLD,PROVIDER_RAW_NAME,PROVIDER_RAW_NAME|POSSIBLE_POWERTRAIN_DERIVATIVE,,LOW
SUZUKI|WAGON R SMILE HYBRID X,SUZUKI,WAGON R SMILE HYBRID X,1,0,2568-06,2568-06,unmapped_name,HOLD,PROVIDER_RAW_NAME,PROVIDER_RAW_NAME|POSSIBLE_POWERTRAIN_DERIVATIVE|POSSIBLE_BODY_VARIANT,HOLD,PROVIDER_RAW_NAME,PROVIDER_RAW_NAME|POSSIBLE_POWERTRAIN_DERIVATIVE|POSSIBLE_BODY_VARIANT,,LOW
SUZUKI|ไม่ระบุ,SUZUKI,ไม่ระบุ,19,1,2564-09,2568-11,unmapped_name,HOLD,PROVIDER_RAW_NAME,PROVIDER_RAW_NAME|NAME_UNSPECIFIED,HOLD,PROVIDER_RAW_NAME,PROVIDER_RAW_NAME|NAME_UNSPECIFIED,,LOW
TAKANO|TTE 500,TAKANO,TTE-500,21,0,2564-02,2567-03,unmapped_name,HOLD,PROVIDER_RAW_NAME,PROVIDER_RAW_NAME|BRAND_NOT_IN_TDR|POSSIBLE_MODEL_CODE,HOLD,PROVIDER_RAW_NAME,PROVIDER_RAW_NAME|BRAND_NOT_IN_TDR|POSSIBLE_MODEL_CODE,,LOW
TAKANO|TTE 500L,TAKANO,TTE-500L,5,0,2564-10,2566-07,unmapped_name,HOLD,PROVIDER_RAW_NAME,PROVIDER_RAW_NAME|BRAND_NOT_IN_TDR|POSSIBLE_MODEL_CODE,HOLD,PROVIDER_RAW_NAME,PROVIDER_RAW_NAME|BRAND_NOT_IN_TDR|POSSIBLE_MODEL_CODE,,LOW
TATA|WINGER FL 3200 FR 125 AC,TATA,WINGER FL 3200 FR 125 AC,1,0,2568-03,2568-03,unmapped_name,HOLD,PROVIDER_RAW_NAME,PROVIDER_RAW_NAME,HOLD,PROVIDER_RAW_NAME,PROVIDER_RAW_NAME,,LOW
THOMAS|ARFF 4X4,THOMAS,ARFF 4x4,4,0,2567-08,2567-09,unmapped_name,HOLD,PROVIDER_RAW_NAME,PROVIDER_RAW_NAME|BRAND_NOT_IN_TDR|POSSIBLE_POWERTRAIN_DERIVATIVE,HOLD,PROVIDER_RAW_NAME,PROVIDER_RAW_NAME|BRAND_NOT_IN_TDR|POSSIBLE_POWERTRAIN_DERIVATIVE,,LOW
THOMAS|VP 22 54 4X4,THOMAS,VP 22.54-4x4,2,0,2564-09,2564-09,unmapped_name,HOLD,PROVIDER_RAW_NAME,PROVIDER_RAW_NAME|BRAND_NOT_IN_TDR|POSSIBLE_POWERTRAIN_DERIVATIVE,HOLD,PROVIDER_RAW_NAME,PROVIDER_RAW_NAME|BRAND_NOT_IN_TDR|POSSIBLE_POWERTRAIN_DERIVATIVE,,LOW
TOYOTA|1 8E,TOYOTA,1.8E,2,0,2564-06,2565-12,unmapped_name,HOLD,PROVIDER_RAW_NAME,PROVIDER_RAW_NAME|EXISTING_IDENTITY_SUSPECTED|POSSIBLE_POWERTRAIN_DERIVATIVE,HOLD,PROVIDER_RAW_NAME,PROVIDER_RAW_NAME|EXISTING_IDENTITY_SUSPECTED|POSSIBLE_POWERTRAIN_DERIVATIVE,,LOW
TOYOTA|1 8ESPORT,TOYOTA,1.8ESPORT,1,0,2564-01,2564-01,unmapped_name,HOLD,PROVIDER_RAW_NAME,PROVIDER_RAW_NAME|EXISTING_IDENTITY_SUSPECTED|POSSIBLE_POWERTRAIN_DERIVATIVE,HOLD,PROVIDER_RAW_NAME,PROVIDER_RAW_NAME|EXISTING_IDENTITY_SUSPECTED|POSSIBLE_POWERTRAIN_DERIVATIVE,,LOW
TOYOTA|1 8V NAVI,TOYOTA,1.8V Navi,2,0,2565-06,2565-12,unmapped_name,HOLD,PROVIDER_RAW_NAME,PROVIDER_RAW_NAME|EXISTING_IDENTITY_SUSPECTED|POSSIBLE_POWERTRAIN_DERIVATIVE,HOLD,PROVIDER_RAW_NAME,PROVIDER_RAW_NAME|EXISTING_IDENTITY_SUSPECTED|POSSIBLE_POWERTRAIN_DERIVATIVE,,LOW
TOYOTA|2 0G EXTREMO,TOYOTA,2.0G Extremo,4,0,2564-09,2567-08,unmapped_name,HOLD,PROVIDER_RAW_NAME,PROVIDER_RAW_NAME|POSSIBLE_POWERTRAIN_DERIVATIVE,HOLD,PROVIDER_RAW_NAME,PROVIDER_RAW_NAME|POSSIBLE_POWERTRAIN_DERIVATIVE,,LOW
TOYOTA|2 5 HV AVN,TOYOTA,2.5 HV AVN,1,1,2569-08,2569-08,unmapped_name,HOLD,PROVIDER_RAW_NAME,PROVIDER_RAW_NAME|POSSIBLE_POWERTRAIN_DERIVATIVE,HOLD,PROVIDER_RAW_NAME,PROVIDER_RAW_NAME|POSSIBLE_POWERTRAIN_DERIVATIVE,,LOW
TOYOTA|2 5 HV CD,TOYOTA,2.5 HV CD,3,0,2564-01,2565-12,unmapped_name,HOLD,PROVIDER_RAW_NAME,PROVIDER_RAW_NAME|POSSIBLE_POWERTRAIN_DERIVATIVE,HOLD,PROVIDER_RAW_NAME,PROVIDER_RAW_NAME|POSSIBLE_POWERTRAIN_DERIVATIVE,,LOW
TOYOTA|2 5 HV PREMIUM,TOYOTA,2.5 HV Premium,1,0,2566-05,2566-05,unmapped_name,HOLD,PROVIDER_RAW_NAME,PROVIDER_RAW_NAME|POSSIBLE_TRIM_NOT_MODEL|POSSIBLE_POWERTRAIN_DERIVATIVE,HOLD,PROVIDER_RAW_NAME,PROVIDER_RAW_NAME|POSSIBLE_TRIM_NOT_MODEL|POSSIBLE_POWERTRAIN_DERIVATIVE,,LOW
TOYOTA|2 5HV,TOYOTA,2.5HV,1,0,2565-07,2565-07,unmapped_name,HOLD,PROVIDER_RAW_NAME,PROVIDER_RAW_NAME|POSSIBLE_POWERTRAIN_DERIVATIVE,HOLD,PROVIDER_RAW_NAME,PROVIDER_RAW_NAME|POSSIBLE_POWERTRAIN_DERIVATIVE,,LOW
TOYOTA|2 7V A T,TOYOTA,2.7V A/T,2,0,2564-05,2564-07,unmapped_name,HOLD,PROVIDER_RAW_NAME,PROVIDER_RAW_NAME|POSSIBLE_POWERTRAIN_DERIVATIVE,HOLD,PROVIDER_RAW_NAME,PROVIDER_RAW_NAME|POSSIBLE_POWERTRAIN_DERIVATIVE,,LOW
TOYOTA|2 7V NAVI,TOYOTA,2.7V Navi,1,0,2567-06,2567-06,unmapped_name,HOLD,PROVIDER_RAW_NAME,PROVIDER_RAW_NAME|POSSIBLE_POWERTRAIN_DERIVATIVE,HOLD,PROVIDER_RAW_NAME,PROVIDER_RAW_NAME|POSSIBLE_POWERTRAIN_DERIVATIVE,,LOW
TOYOTA|3 0V 4WD TRD,TOYOTA,3.0V 4WD TRD,2,0,2564-05,2566-05,unmapped_name,HOLD,PROVIDER_RAW_NAME,PROVIDER_RAW_NAME|EXISTING_IDENTITY_SUSPECTED|POSSIBLE_POWERTRAIN_DERIVATIVE,HOLD,PROVIDER_RAW_NAME,PROVIDER_RAW_NAME|EXISTING_IDENTITY_SUSPECTED|POSSIBLE_POWERTRAIN_DERIVATIVE,,LOW
TOYOTA|A CAB 2X4 2 5E VNT BLACK,TOYOTA,A-Cab 2X4 2.5E VNT(Black),1,0,2564-10,2564-10,unmapped_name,HOLD,PROVIDER_RAW_NAME,PROVIDER_RAW_NAME|EXISTING_IDENTITY_SUSPECTED|POSSIBLE_POWERTRAIN_DERIVATIVE|POSSIBLE_BODY_VARIANT,HOLD,PROVIDER_RAW_NAME,PROVIDER_RAW_NAME|EXISTING_IDENTITY_SUSPECTED|POSSIBLE_POWERTRAIN_DERIVATIVE|POSSIBLE_BODY_VARIANT,,LOW
TOYOTA|ACV40R JEAGKT A1,TOYOTA,ACV40R-JEAGKT  A1,1,0,2565-02,2565-02,unmapped_name,HOLD,PROVIDER_RAW_NAME,PROVIDER_RAW_NAME,HOLD,PROVIDER_RAW_NAME,PROVIDER_RAW_NAME,,LOW
TOYOTA|ACV41R JEPNKT AB,TOYOTA,ACV41R-JEPNKT  AB,1,0,2565-05,2565-05,unmapped_name,HOLD,PROVIDER_RAW_NAME,PROVIDER_RAW_NAME,HOLD,PROVIDER_RAW_NAME,PROVIDER_RAW_NAME,,LOW
TOYOTA|ACV51R JEPEKT AA,TOYOTA,ACV51R-JEPEKT  AA,1,0,2564-02,2564-02,unmapped_name,HOLD,PROVIDER_RAW_NAME,PROVIDER_RAW_NAME,HOLD,PROVIDER_RAW_NAME,PROVIDER_RAW_NAME,,LOW
TOYOTA|ACV51R JEPEKT AB,TOYOTA,ACV51R-JEPEKT  AB,2,0,2564-06,2564-10,unmapped_name,HOLD,PROVIDER_RAW_NAME,PROVIDER_RAW_NAME,HOLD,PROVIDER_RAW_NAME,PROVIDER_RAW_NAME,,LOW
TOYOTA|ACV51R JEPEKT AC,TOYOTA,ACV51R-JEPEKT  AC,1,0,2568-01,2568-01,unmapped_name,HOLD,PROVIDER_RAW_NAME,PROVIDER_RAW_NAME,HOLD,PROVIDER_RAW_NAME,PROVIDER_RAW_NAME,,LOW
TOYOTA|AHV40R JEXGBT A1,TOYOTA,AHV40R-JEXGBT  A1,1,0,2566-03,2566-03,unmapped_name,HOLD,PROVIDER_RAW_NAME,PROVIDER_RAW_NAME,HOLD,PROVIDER_RAW_NAME,PROVIDER_RAW_NAME,,LOW
TOYOTA|AHV40R JEXGBT BL,TOYOTA,AHV40R-JEXGBT  BL,1,0,2568-09,2568-09,unmapped_name,HOLD,PROVIDER_RAW_NAME,PROVIDER_RAW_NAME,HOLD,PROVIDER_RAW_NAME,PROVIDER_RAW_NAME,,LOW
TOYOTA|ANH20R PFXGK C4,TOYOTA,ANH20R-PFXGK   C4,1,0,2566-01,2566-01,unmapped_name,HOLD,PROVIDER_RAW_NAME,PROVIDER_RAW_NAME,HOLD,PROVIDER_RAW_NAME,PROVIDER_RAW_NAME,,LOW
TOYOTA|ASV50R JETEKT A1,TOYOTA,ASV50R-JETEKT  A1,5,0,2565-01,2566-06,unmapped_name,HOLD,PROVIDER_RAW_NAME,PROVIDER_RAW_NAME,HOLD,PROVIDER_RAW_NAME,PROVIDER_RAW_NAME,,LOW
TOYOTA|AVV50R JEXGBT A1,TOYOTA,AVV50R-JEXGBT  A1,1,0,2564-04,2564-04,unmapped_name,HOLD,PROVIDER_RAW_NAME,PROVIDER_RAW_NAME,HOLD,PROVIDER_RAW_NAME,PROVIDER_RAW_NAME,,LOW
TOYOTA|AVV50R JEXVBT A1,TOYOTA,AVV50R-JEXVBT  A1,1,0,2564-09,2564-09,unmapped_name,HOLD,PROVIDER_RAW_NAME,PROVIDER_RAW_NAME,HOLD,PROVIDER_RAW_NAME,PROVIDER_RAW_NAME,,LOW
TOYOTA|AYGO 1 0 X CLUSIV,TOYOTA,AYGO 1.0 X-CLUSIV,1,0,2566-06,2566-06,unmapped_name,HOLD,PROVIDER_RAW_NAME,PROVIDER_RAW_NAME|EXISTING_IDENTITY_SUSPECTED|POSSIBLE_POWERTRAIN_DERIVATIVE,HOLD,PROVIDER_RAW_NAME,PROVIDER_RAW_NAME|EXISTING_IDENTITY_SUSPECTED|POSSIBLE_POWERTRAIN_DERIVATIVE,,LOW
TOYOTA|C CAB 2X4 2 4E A T,TOYOTA,C-Cab 2x4 2.4E A/T,3,0,2564-05,2565-07,unmapped_name,HOLD,PROVIDER_RAW_NAME,PROVIDER_RAW_NAME|EXISTING_IDENTITY_SUSPECTED|POSSIBLE_POWERTRAIN_DERIVATIVE|POSSIBLE_BODY_VARIANT,HOLD,PROVIDER_RAW_NAME,PROVIDER_RAW_NAME|EXISTING_IDENTITY_SUSPECTED|POSSIBLE_POWERTRAIN_DERIVATIVE|POSSIBLE_BODY_VARIANT,,LOW
TOYOTA|C POD,TOYOTA,C+POD,11,0,2564-07,2564-09,unmapped_name,HOLD,PROVIDER_RAW_NAME,PROVIDER_RAW_NAME|EXISTING_IDENTITY_SUSPECTED,HOLD,PROVIDER_RAW_NAME,PROVIDER_RAW_NAME|EXISTING_IDENTITY_SUSPECTED,,LOW
TOYOTA|CENTURY,TOYOTA,CENTURY,1,0,2567-06,2567-06,unmapped_name,HOLD,PROVIDER_RAW_NAME,PROVIDER_RAW_NAME,HOLD,PROVIDER_RAW_NAME,PROVIDER_RAW_NAME,,LOW
TOYOTA|CENTURY 5 0L,TOYOTA,CENTURY 5.0L,1,0,2568-05,2568-05,unmapped_name,HOLD,PROVIDER_RAW_NAME,PROVIDER_RAW_NAME|POSSIBLE_POWERTRAIN_DERIVATIVE,HOLD,PROVIDER_RAW_NAME,PROVIDER_RAW_NAME|POSSIBLE_POWERTRAIN_DERIVATIVE,,LOW
TOYOTA|CENTURY HYBRID,TOYOTA,CENTURY HYBRID,2,0,2566-03,2566-06,unmapped_name,HOLD,PROVIDER_RAW_NAME,PROVIDER_RAW_NAME|POSSIBLE_POWERTRAIN_DERIVATIVE,HOLD,PROVIDER_RAW_NAME,PROVIDER_RAW_NAME|POSSIBLE_POWERTRAIN_DERIVATIVE,,LOW
TOYOTA|COASTER,TOYOTA,COASTER,7,0,2565-05,2567-12,unmapped_name,HOLD,PROVIDER_RAW_NAME,PROVIDER_RAW_NAME,HOLD,PROVIDER_RAW_NAME,PROVIDER_RAW_NAME,,LOW
TOYOTA|COMUTER,TOYOTA,COMUTER,1,0,2568-01,2568-01,unmapped_name,HOLD,NOT_ACTIVATED,NOT_ACTIVATED,HOLD,PROVIDER_RAW_NAME,PROVIDER_RAW_NAME|DUPLICATE_CANONICAL_SUSPECTED,,LOW
TOYOTA|ESTIMA AERAS PREMIUM,TOYOTA,ESTIMA AERAS PREMIUM,1,0,2565-03,2565-03,unmapped_name,HOLD,PROVIDER_RAW_NAME,PROVIDER_RAW_NAME|POSSIBLE_TRIM_NOT_MODEL,HOLD,PROVIDER_RAW_NAME,PROVIDER_RAW_NAME|POSSIBLE_TRIM_NOT_MODEL,,LOW
TOYOTA|ESTIMA HYBRID AERAS,TOYOTA,ESTIMA HYBRID AERAS,1,0,2564-03,2564-03,unmapped_name,HOLD,PROVIDER_RAW_NAME,PROVIDER_RAW_NAME|POSSIBLE_POWERTRAIN_DERIVATIVE,HOLD,PROVIDER_RAW_NAME,PROVIDER_RAW_NAME|POSSIBLE_POWERTRAIN_DERIVATIVE,,LOW
TOYOTA|GT86 BLACK LIMTED,TOYOTA,GT86 BLACK LIMTED,1,0,2567-11,2567-11,unmapped_name,HOLD,PROVIDER_RAW_NAME,PROVIDER_RAW_NAME,HOLD,PROVIDER_RAW_NAME,PROVIDER_RAW_NAME,,LOW
TOYOTA|GT86 RACING,TOYOTA,GT86 RACING,1,0,2566-12,2566-12,unmapped_name,HOLD,PROVIDER_RAW_NAME,PROVIDER_RAW_NAME,HOLD,PROVIDER_RAW_NAME,PROVIDER_RAW_NAME,,LOW
TOYOTA|GUN120R CTTSXT,TOYOTA,GUN120R-CTTSXT,1,0,2567-10,2567-10,unmapped_name,HOLD,PROVIDER_RAW_NAME,PROVIDER_RAW_NAME|POSSIBLE_MODEL_CODE,HOLD,PROVIDER_RAW_NAME,PROVIDER_RAW_NAME|POSSIBLE_MODEL_CODE,,LOW
TOYOTA|GUN135R CTFHXT,TOYOTA,GUN135R-CTFHXT,1,0,2568-09,2568-09,unmapped_name,HOLD,PROVIDER_RAW_NAME,PROVIDER_RAW_NAME|POSSIBLE_MODEL_CODE,HOLD,PROVIDER_RAW_NAME,PROVIDER_RAW_NAME|POSSIBLE_MODEL_CODE,,LOW
TOYOTA|HILUK,TOYOTA,HILUK,1,0,2564-11,2564-11,unmapped_name,HOLD,PROVIDER_RAW_NAME,PROVIDER_RAW_NAME,HOLD,PROVIDER_RAW_NAME,PROVIDER_RAW_NAME,,LOW
TOYOTA|KDH202R RDMDYE A1,TOYOTA,KDH202R-RDMDYE A1,2,0,2567-07,2567-11,unmapped_name,HOLD,PROVIDER_RAW_NAME,PROVIDER_RAW_NAME|POSSIBLE_MODEL_CODE,HOLD,PROVIDER_RAW_NAME,PROVIDER_RAW_NAME|POSSIBLE_MODEL_CODE,,LOW
TOYOTA|KDH202R RDMNY A1,TOYOTA,KDH202R-RDMNY  A1,1,0,2566-08,2566-08,unmapped_name,HOLD,PROVIDER_RAW_NAME,PROVIDER_RAW_NAME|POSSIBLE_MODEL_CODE,HOLD,PROVIDER_RAW_NAME,PROVIDER_RAW_NAME|POSSIBLE_MODEL_CODE,,LOW
TOYOTA|KDH202R RDMNYT B3,TOYOTA,KDH202R-RDMNYT B3,1,0,2567-09,2567-09,unmapped_name,HOLD,PROVIDER_RAW_NAME,PROVIDER_RAW_NAME|POSSIBLE_MODEL_CODE,HOLD,PROVIDER_RAW_NAME,PROVIDER_RAW_NAME|POSSIBLE_MODEL_CODE,,LOW
TOYOTA|KDH213R KDPNYT D1,TOYOTA,KDH213R-KDPNYT D1,1,0,2565-08,2565-08,unmapped_name,HOLD,PROVIDER_RAW_NAME,PROVIDER_RAW_NAME|POSSIBLE_MODEL_CODE,HOLD,PROVIDER_RAW_NAME,PROVIDER_RAW_NAME|POSSIBLE_MODEL_CODE,,LOW
TOYOTA|KUN15R CRMSHT A3,TOYOTA,KUN15R-CRMSHT  A3,1,0,2565-03,2565-03,unmapped_name,HOLD,PROVIDER_RAW_NAME,PROVIDER_RAW_NAME,HOLD,PROVIDER_RAW_NAME,PROVIDER_RAW_NAME,,LOW
TOYOTA|KUN15R PRMDYT A3,TOYOTA,KUN15R-PRMDYT  A3,2,0,2565-11,2566-01,unmapped_name,HOLD,PROVIDER_RAW_NAME,PROVIDER_RAW_NAME,HOLD,PROVIDER_RAW_NAME,PROVIDER_RAW_NAME,,LOW
TOYOTA|KUN15R TRMDHT B8,TOYOTA,KUN15R-TRMDHT  B8,3,0,2564-09,2567-07,unmapped_name,HOLD,PROVIDER_RAW_NAME,PROVIDER_RAW_NAME,HOLD,PROVIDER_RAW_NAME,PROVIDER_RAW_NAME,,LOW
TOYOTA|KUN15R TRMDYT B6,TOYOTA,KUN15R-TRMDYT  B6,1,0,2564-12,2564-12,unmapped_name,HOLD,PROVIDER_RAW_NAME,PROVIDER_RAW_NAME,HOLD,PROVIDER_RAW_NAME,PROVIDER_RAW_NAME,,LOW
TOYOTA|KUN15R TRMDYT3 A3,TOYOTA,KUN15R-TRMDYT3 A3,1,0,2565-02,2565-02,unmapped_name,HOLD,PROVIDER_RAW_NAME,PROVIDER_RAW_NAME,HOLD,PROVIDER_RAW_NAME,PROVIDER_RAW_NAME,,LOW
TOYOTA|KUN25R PRMSHT A4,TOYOTA,KUN25R-PRMSHT  A4,1,0,2566-11,2566-11,unmapped_name,HOLD,PROVIDER_RAW_NAME,PROVIDER_RAW_NAME,HOLD,PROVIDER_RAW_NAME,PROVIDER_RAW_NAME,,LOW
TOYOTA|KUN25R URMSHT A4,TOYOTA,KUN25R-URMSHT  A4,3,0,2564-03,2566-03,unmapped_name,HOLD,PROVIDER_RAW_NAME,PROVIDER_RAW_NAME,HOLD,PROVIDER_RAW_NAME,PROVIDER_RAW_NAME,,LOW
TOYOTA|KUN26R PRASYT A8,TOYOTA,KUN26R-PRASYT  A8,2,0,2564-09,2567-06,unmapped_name,HOLD,PROVIDER_RAW_NAME,PROVIDER_RAW_NAME,HOLD,PROVIDER_RAW_NAME,PROVIDER_RAW_NAME,,LOW
TOYOTA|KUN26R PRMSYT B3,TOYOTA,KUN26R-PRMSYT  B3,1,0,2567-11,2567-11,unmapped_name,HOLD,PROVIDER_RAW_NAME,PROVIDER_RAW_NAME,HOLD,PROVIDER_RAW_NAME,PROVIDER_RAW_NAME,,LOW
TOYOTA|KUN26R PRPSYT A7,TOYOTA,KUN26R-PRPSYT  A7,1,0,2565-05,2565-05,unmapped_name,HOLD,PROVIDER_RAW_NAME,PROVIDER_RAW_NAME,HOLD,PROVIDER_RAW_NAME,PROVIDER_RAW_NAME,,LOW
TOYOTA|KUN35R PRMDHT A6,TOYOTA,KUN35R-PRMDHT  A6,1,0,2564-12,2564-12,unmapped_name,HOLD,PROVIDER_RAW_NAME,PROVIDER_RAW_NAME,HOLD,PROVIDER_RAW_NAME,PROVIDER_RAW_NAME,,LOW
TOYOTA|KUN35R PRMDHT A8,TOYOTA,KUN35R-PRMDHT  A8,1,0,2564-02,2564-02,unmapped_name,HOLD,PROVIDER_RAW_NAME,PROVIDER_RAW_NAME,HOLD,PROVIDER_RAW_NAME,PROVIDER_RAW_NAME,,LOW
TOYOTA|KUN35R PRMSHT A5,TOYOTA,KUN35R-PRMSHT  A5,1,0,2565-08,2565-08,unmapped_name,HOLD,PROVIDER_RAW_NAME,PROVIDER_RAW_NAME,HOLD,PROVIDER_RAW_NAME,PROVIDER_RAW_NAME,,LOW
TOYOTA|KUN35R PRMSHT A6,TOYOTA,KUN35R-PRMSHT  A6,1,0,2564-08,2564-08,unmapped_name,HOLD,PROVIDER_RAW_NAME,PROVIDER_RAW_NAME,HOLD,PROVIDER_RAW_NAME,PROVIDER_RAW_NAME,,LOW
TOYOTA|KUN35R PRMSHT A8,TOYOTA,KUN35R-PRMSHT  A8,1,0,2565-01,2565-01,unmapped_name,HOLD,PROVIDER_RAW_NAME,PROVIDER_RAW_NAME,HOLD,PROVIDER_RAW_NAME,PROVIDER_RAW_NAME,,LOW
TOYOTA|KUN35R URASHT AJ,TOYOTA,KUN35R-URASHT  AJ,1,0,2564-08,2564-08,unmapped_name,HOLD,PROVIDER_RAW_NAME,PROVIDER_RAW_NAME,HOLD,PROVIDER_RAW_NAME,PROVIDER_RAW_NAME,,LOW
TOYOTA|KUN36R PRMSYT B5,TOYOTA,KUN36R-PRMSYT  B5,1,0,2566-01,2566-01,unmapped_name,HOLD,PROVIDER_RAW_NAME,PROVIDER_RAW_NAME,HOLD,PROVIDER_RAW_NAME,PROVIDER_RAW_NAME,,LOW
TOYOTA|KUN61R NKASYT A8,TOYOTA,KUN61R-NKASYT  A8,1,0,2564-08,2564-08,unmapped_name,HOLD,PROVIDER_RAW_NAME,PROVIDER_RAW_NAME,HOLD,PROVIDER_RAW_NAME,PROVIDER_RAW_NAME,,LOW
TOYOTA|KUN61R NKASYT B0,TOYOTA,KUN61R-NKASYT  B0,1,0,2567-07,2567-07,unmapped_name,HOLD,PROVIDER_RAW_NAME,PROVIDER_RAW_NAME,HOLD,PROVIDER_RAW_NAME,PROVIDER_RAW_NAME,,LOW
TOYOTA|LN106R TRMRS,TOYOTA,LN106R-TRMRS,2,0,2564-12,2567-09,unmapped_name,HOLD,PROVIDER_RAW_NAME,PROVIDER_RAW_NAME|POSSIBLE_MODEL_CODE,HOLD,PROVIDER_RAW_NAME,PROVIDER_RAW_NAME|POSSIBLE_MODEL_CODE,,LOW
TOYOTA|LN152R CRMSSTA,TOYOTA,LN152R-CRMSSTA,2,0,2564-10,2566-03,unmapped_name,HOLD,PROVIDER_RAW_NAME,PROVIDER_RAW_NAME|POSSIBLE_MODEL_CODE,HOLD,PROVIDER_RAW_NAME,PROVIDER_RAW_NAME|POSSIBLE_MODEL_CODE,,LOW
TOYOTA|LN155R TRMDST,TOYOTA,LN155R-TRMDST,1,0,2566-03,2566-03,unmapped_name,HOLD,PROVIDER_RAW_NAME,PROVIDER_RAW_NAME|POSSIBLE_MODEL_CODE,HOLD,PROVIDER_RAW_NAME,PROVIDER_RAW_NAME|POSSIBLE_MODEL_CODE,,LOW
TOYOTA|MIRAI,TOYOTA,MIRAI,2,0,2566-02,2566-02,unmapped_name,HOLD,PROVIDER_RAW_NAME,PROVIDER_RAW_NAME,HOLD,PROVIDER_RAW_NAME,PROVIDER_RAW_NAME,,LOW
TOYOTA|NCP150R BEPDKT AA,TOYOTA,NCP150R-BEPDKT AA,1,0,2564-10,2564-10,unmapped_name,HOLD,PROVIDER_RAW_NAME,PROVIDER_RAW_NAME|POSSIBLE_MODEL_CODE,HOLD,PROVIDER_RAW_NAME,PROVIDER_RAW_NAME|POSSIBLE_MODEL_CODE,,LOW
TOYOTA|NCP150R BEPRKT C1,TOYOTA,NCP150R-BEPRKT C1,1,0,2564-03,2564-03,unmapped_name,HOLD,PROVIDER_RAW_NAME,PROVIDER_RAW_NAME|POSSIBLE_MODEL_CODE,HOLD,PROVIDER_RAW_NAME,PROVIDER_RAW_NAME|POSSIBLE_MODEL_CODE,,LOW
TOYOTA|NCP93R BEPRKT A4,TOYOTA,NCP93R-BEPRKT  A4,1,0,2566-05,2566-05,unmapped_name,HOLD,PROVIDER_RAW_NAME,PROVIDER_RAW_NAME,HOLD,PROVIDER_RAW_NAME,PROVIDER_RAW_NAME,,LOW
TOYOTA|NSP152R AHXRKT CA,TOYOTA,NSP152R-AHXRKT CA,1,0,2566-02,2566-02,unmapped_name,HOLD,PROVIDER_RAW_NAME,PROVIDER_RAW_NAME|POSSIBLE_MODEL_CODE,HOLD,PROVIDER_RAW_NAME,PROVIDER_RAW_NAME|POSSIBLE_MODEL_CODE,,LOW
TOYOTA|TGN16R PRMSKT A7,TOYOTA,TGN16R-PRMSKT  A7,2,0,2565-12,2566-12,unmapped_name,HOLD,PROVIDER_RAW_NAME,PROVIDER_RAW_NAME,HOLD,PROVIDER_RAW_NAME,PROVIDER_RAW_NAME,,LOW
TOYOTA|TGN16R PRMSKT A8,TOYOTA,TGN16R-PRMSKT  A8,3,0,2564-04,2566-01,unmapped_name,HOLD,PROVIDER_RAW_NAME,PROVIDER_RAW_NAME,HOLD,PROVIDER_RAW_NAME,PROVIDER_RAW_NAME,,LOW
TOYOTA|TGN16R TRMDKT A7,TOYOTA,TGN16R-TRMDKT  A7,1,0,2565-04,2565-04,unmapped_name,HOLD,PROVIDER_RAW_NAME,PROVIDER_RAW_NAME,HOLD,PROVIDER_RAW_NAME,PROVIDER_RAW_NAME,,LOW
TOYOTA|TGN16R URMDMT A7,TOYOTA,TGN16R-URMDMT  A7,3,0,2564-09,2566-12,unmapped_name,HOLD,PROVIDER_RAW_NAME,PROVIDER_RAW_NAME,HOLD,PROVIDER_RAW_NAME,PROVIDER_RAW_NAME,,LOW
TOYOTA|TGN16R URMDMT A8,TOYOTA,TGN16R-URMDMT  A8,5,0,2564-11,2566-12,unmapped_name,HOLD,PROVIDER_RAW_NAME,PROVIDER_RAW_NAME,HOLD,PROVIDER_RAW_NAME,PROVIDER_RAW_NAME,,LOW
TOYOTA|TGN40R GKPDKT AE,TOYOTA,TGN40R-GKPDKT  AE,1,0,2564-06,2564-06,unmapped_name,HOLD,PROVIDER_RAW_NAME,PROVIDER_RAW_NAME,HOLD,PROVIDER_RAW_NAME,PROVIDER_RAW_NAME,,LOW
TOYOTA|TGN61R NKPSKT A3,TOYOTA,TGN61R-NKPSKT  A3,1,0,2564-09,2564-09,unmapped_name,HOLD,PROVIDER_RAW_NAME,PROVIDER_RAW_NAME,HOLD,PROVIDER_RAW_NAME,PROVIDER_RAW_NAME,,LOW
TOYOTA|TGN61R NKPSKT A5,TOYOTA,TGN61R-NKPSKT  A5,1,0,2567-04,2567-04,unmapped_name,HOLD,PROVIDER_RAW_NAME,PROVIDER_RAW_NAME,HOLD,PROVIDER_RAW_NAME,PROVIDER_RAW_NAME,,LOW
TOYOTA|TGN61R NKPSKT A8,TOYOTA,TGN61R-NKPSKT  A8,1,0,2564-03,2564-03,unmapped_name,HOLD,PROVIDER_RAW_NAME,PROVIDER_RAW_NAME,HOLD,PROVIDER_RAW_NAME,PROVIDER_RAW_NAME,,LOW
TOYOTA|TUNDRA 3 5L,TOYOTA,TUNDRA 3.5L,1,0,2567-07,2567-07,unmapped_name,HOLD,PROVIDER_RAW_NAME,PROVIDER_RAW_NAME|POSSIBLE_POWERTRAIN_DERIVATIVE,HOLD,PROVIDER_RAW_NAME,PROVIDER_RAW_NAME|POSSIBLE_POWERTRAIN_DERIVATIVE,,LOW
TOYOTA|YN85R TRMRST,TOYOTA,YN85R-TRMRST,1,0,2566-01,2566-01,unmapped_name,HOLD,PROVIDER_RAW_NAME,PROVIDER_RAW_NAME,HOLD,PROVIDER_RAW_NAME,PROVIDER_RAW_NAME,,LOW
TOYOTA|ZRE141R GEPEKT A1,TOYOTA,ZRE141R-GEPEKT A1,1,0,2565-02,2565-02,unmapped_name,HOLD,PROVIDER_RAW_NAME,PROVIDER_RAW_NAME|POSSIBLE_MODEL_CODE,HOLD,PROVIDER_RAW_NAME,PROVIDER_RAW_NAME|POSSIBLE_MODEL_CODE,,LOW
TOYOTA|ZRE142R GEXNGT A2,TOYOTA,ZRE142R-GEXNGT A2,1,0,2566-07,2566-07,unmapped_name,HOLD,PROVIDER_RAW_NAME,PROVIDER_RAW_NAME|POSSIBLE_MODEL_CODE,HOLD,PROVIDER_RAW_NAME,PROVIDER_RAW_NAME|POSSIBLE_MODEL_CODE,,LOW
TOYOTA|ZRE171R GEFDKT A1,TOYOTA,ZRE171R-GEFDKT A1,1,0,2565-11,2565-11,unmapped_name,HOLD,PROVIDER_RAW_NAME,PROVIDER_RAW_NAME|POSSIBLE_MODEL_CODE,HOLD,PROVIDER_RAW_NAME,PROVIDER_RAW_NAME|POSSIBLE_MODEL_CODE,,LOW
TOYOTA|ZRE171R GEXEMT A1,TOYOTA,ZRE171R-GEXEMT A1,2,1,2565-03,2569-09,unmapped_name,HOLD,PROVIDER_RAW_NAME,PROVIDER_RAW_NAME|POSSIBLE_MODEL_CODE,HOLD,PROVIDER_RAW_NAME,PROVIDER_RAW_NAME|POSSIBLE_MODEL_CODE,,LOW
TOYOTA|ZRE172R GEXEGT A1,TOYOTA,ZRE172R-GEXEGT A1,1,0,2564-05,2564-05,unmapped_name,HOLD,PROVIDER_RAW_NAME,PROVIDER_RAW_NAME|POSSIBLE_MODEL_CODE,HOLD,PROVIDER_RAW_NAME,PROVIDER_RAW_NAME|POSSIBLE_MODEL_CODE,,LOW
TOYOTA|ZRE172R GEXEGT B1,TOYOTA,ZRE172R-GEXEGT B1,3,0,2564-03,2565-02,unmapped_name,HOLD,PROVIDER_RAW_NAME,PROVIDER_RAW_NAME|POSSIBLE_MODEL_CODE,HOLD,PROVIDER_RAW_NAME,PROVIDER_RAW_NAME|POSSIBLE_MODEL_CODE,,LOW
TOYOTA|ZRE172R GEXEGT BB,TOYOTA,ZRE172R-GEXEGT BB,1,0,2565-07,2565-07,unmapped_name,HOLD,PROVIDER_RAW_NAME,PROVIDER_RAW_NAME|POSSIBLE_MODEL_CODE,HOLD,PROVIDER_RAW_NAME,PROVIDER_RAW_NAME|POSSIBLE_MODEL_CODE,,LOW
TOYOTA|ZRE172R GEXGGT A1,TOYOTA,ZRE172R-GEXGGT A1,2,0,2564-11,2565-02,unmapped_name,HOLD,PROVIDER_RAW_NAME,PROVIDER_RAW_NAME|POSSIBLE_MODEL_CODE,HOLD,PROVIDER_RAW_NAME,PROVIDER_RAW_NAME|POSSIBLE_MODEL_CODE,,LOW
TOYOTA|ZVW30R AHXEBT CB,TOYOTA,ZVW30R-AHXEBT  CB,2,0,2565-05,2567-06,unmapped_name,HOLD,PROVIDER_RAW_NAME,PROVIDER_RAW_NAME,HOLD,PROVIDER_RAW_NAME,PROVIDER_RAW_NAME,,LOW
TOYOTA|ZZE141R GEMDKT A1,TOYOTA,ZZE141R-GEMDKT A1,1,0,2566-03,2566-03,unmapped_name,HOLD,PROVIDER_RAW_NAME,PROVIDER_RAW_NAME|POSSIBLE_MODEL_CODE,HOLD,PROVIDER_RAW_NAME,PROVIDER_RAW_NAME|POSSIBLE_MODEL_CODE,,LOW
TOYOTA|ZZE141R GEPEKT C1,TOYOTA,ZZE141R-GEPEKT C1,1,0,2565-03,2565-03,unmapped_name,HOLD,PROVIDER_RAW_NAME,PROVIDER_RAW_NAME|POSSIBLE_MODEL_CODE,HOLD,PROVIDER_RAW_NAME,PROVIDER_RAW_NAME|POSSIBLE_MODEL_CODE,,LOW
TOYOTA|ZZE141R GEPEKT D1,TOYOTA,ZZE141R-GEPEKT D1,1,0,2565-02,2565-02,unmapped_name,HOLD,PROVIDER_RAW_NAME,PROVIDER_RAW_NAME|POSSIBLE_MODEL_CODE,HOLD,PROVIDER_RAW_NAME,PROVIDER_RAW_NAME|POSSIBLE_MODEL_CODE,,LOW
TOYOTA|ไม่ระบุ,TOYOTA,ไม่ระบุ,122,5,2564-02,2569-03,unmapped_name,HOLD,PROVIDER_RAW_NAME,PROVIDER_RAW_NAME|NAME_UNSPECIFIED,HOLD,PROVIDER_RAW_NAME,PROVIDER_RAW_NAME|NAME_UNSPECIFIED,,MEDIUM
UD TRUCKS|CWE08N43R350SS9,UD TRUCKS,CWE08N43R350SS9,2,0,2567-10,2567-10,unmapped_name,HOLD,PROVIDER_RAW_NAME,PROVIDER_RAW_NAME,HOLD,PROVIDER_RAW_NAME,PROVIDER_RAW_NAME,,LOW
UD TRUCKS|CWE11N43R370CSS9,UD TRUCKS,CWE11N43R370CSS9,4,3,2568-05,2569-08,unmapped_name,HOLD,PROVIDER_RAW_NAME,PROVIDER_RAW_NAME,HOLD,PROVIDER_RAW_NAME,PROVIDER_RAW_NAME,,LOW
UD TRUCKS|CWE11N43R390SSI,UD TRUCKS,CWE11N43R390SSI,2,0,2566-07,2567-03,unmapped_name,HOLD,PROVIDER_RAW_NAME,PROVIDER_RAW_NAME,HOLD,PROVIDER_RAW_NAME,PROVIDER_RAW_NAME,,LOW
UD TRUCKS|PKE250ELRM,UD TRUCKS,PKE250ELRM,5,0,2564-06,2567-08,unmapped_name,HOLD,PROVIDER_RAW_NAME,PROVIDER_RAW_NAME,HOLD,PROVIDER_RAW_NAME,PROVIDER_RAW_NAME,,LOW
UD TRUCKS|PKE250HLRM,UD TRUCKS,PKE250HLRM,11,0,2566-10,2568-03,unmapped_name,HOLD,PROVIDER_RAW_NAME,PROVIDER_RAW_NAME,HOLD,PROVIDER_RAW_NAME,PROVIDER_RAW_NAME,,LOW
VOLKAN|M32K,VOLKAN,M32K,1,0,2565-08,2565-08,unmapped_name,HOLD,PROVIDER_RAW_NAME,PROVIDER_RAW_NAME|BRAND_NOT_IN_TDR,HOLD,PROVIDER_RAW_NAME,PROVIDER_RAW_NAME|BRAND_NOT_IN_TDR,,LOW
VOLKAN|VOLKAN 6X6 ARFF,VOLKAN,VOLKAN 6X6 ARFF,3,3,2569-08,2569-08,unmapped_name,HOLD,PROVIDER_RAW_NAME,PROVIDER_RAW_NAME|BRAND_NOT_IN_TDR,HOLD,PROVIDER_RAW_NAME,PROVIDER_RAW_NAME|BRAND_NOT_IN_TDR,,LOW
VOLKSWAGEN|ID 3 PRO S,VOLKSWAGEN,ID 3 PRO S,1,0,2565-05,2565-05,unmapped_name,HOLD,PROVIDER_RAW_NAME,PROVIDER_RAW_NAME|EXISTING_IDENTITY_SUSPECTED|POSSIBLE_TRIM_NOT_MODEL,HOLD,PROVIDER_RAW_NAME,PROVIDER_RAW_NAME|EXISTING_IDENTITY_SUSPECTED|POSSIBLE_TRIM_NOT_MODEL,,LOW
VOLKSWAGEN|ID 3 TOURER PRO S,VOLKSWAGEN,ID.3 TOURER PRO S,1,0,2565-06,2565-06,unmapped_name,HOLD,PROVIDER_RAW_NAME,PROVIDER_RAW_NAME|EXISTING_IDENTITY_SUSPECTED|POSSIBLE_TRIM_NOT_MODEL,HOLD,PROVIDER_RAW_NAME,PROVIDER_RAW_NAME|EXISTING_IDENTITY_SUSPECTED|POSSIBLE_TRIM_NOT_MODEL,,LOW
VOLKSWAGEN|ID4 CROZZ PURE PLUS,VOLKSWAGEN,ID4 CROZZ PURE PLUS,1,0,2566-06,2566-06,unmapped_name,HOLD,PROVIDER_RAW_NAME,PROVIDER_RAW_NAME|POSSIBLE_TRIM_NOT_MODEL,HOLD,PROVIDER_RAW_NAME,PROVIDER_RAW_NAME|POSSIBLE_TRIM_NOT_MODEL,,LOW
VOLKSWAGEN|KARMANNGHIA,VOLKSWAGEN,KARMANNGHIA,1,0,2564-06,2564-06,unmapped_name,HOLD,PROVIDER_RAW_NAME,PROVIDER_RAW_NAME,HOLD,PROVIDER_RAW_NAME,PROVIDER_RAW_NAME,,LOW
VOLKSWAGEN|PASSAT ESTATE 2 0 TDI,VOLKSWAGEN,PASSAT ESTATE 2.0 TDI,1,0,2567-05,2567-05,unmapped_name,HOLD,PROVIDER_RAW_NAME,PROVIDER_RAW_NAME|POSSIBLE_POWERTRAIN_DERIVATIVE|POSSIBLE_BODY_VARIANT,HOLD,PROVIDER_RAW_NAME,PROVIDER_RAW_NAME|POSSIBLE_POWERTRAIN_DERIVATIVE|POSSIBLE_BODY_VARIANT,,LOW
VOLKSWAGEN|SCIROCCO 2 0 TSI,VOLKSWAGEN,SCIROCCO 2.0 TSI,1,0,2566-12,2566-12,unmapped_name,HOLD,PROVIDER_RAW_NAME,PROVIDER_RAW_NAME|POSSIBLE_POWERTRAIN_DERIVATIVE,HOLD,PROVIDER_RAW_NAME,PROVIDER_RAW_NAME|POSSIBLE_POWERTRAIN_DERIVATIVE,,LOW
VOLKSWAGEN|T6,VOLKSWAGEN,T6,13,0,2564-01,2567-06,unmapped_name,HOLD,PROVIDER_RAW_NAME,PROVIDER_RAW_NAME,HOLD,PROVIDER_RAW_NAME,PROVIDER_RAW_NAME,,LOW
VOLKSWAGEN|TOURAN MATCH ESTATE 1 5 TSI,VOLKSWAGEN,TOURAN MATCH ESTATE 1.5 TSI,1,0,2568-07,2568-07,unmapped_name,HOLD,PROVIDER_RAW_NAME,PROVIDER_RAW_NAME|POSSIBLE_POWERTRAIN_DERIVATIVE|POSSIBLE_BODY_VARIANT,HOLD,PROVIDER_RAW_NAME,PROVIDER_RAW_NAME|POSSIBLE_POWERTRAIN_DERIVATIVE|POSSIBLE_BODY_VARIANT,,LOW
VOLKSWAGEN|TRANSPORTER,VOLKSWAGEN,TRANSPORTER,12,0,2566-07,2568-03,unmapped_name,HOLD,PROVIDER_RAW_NAME,PROVIDER_RAW_NAME,HOLD,PROVIDER_RAW_NAME,PROVIDER_RAW_NAME,,LOW
VOLKSWAGEN|TRANSPORTER 6 1 PANEL VAN,VOLKSWAGEN,TRANSPORTER 6.1 PANEL VAN,1,0,2565-04,2565-04,unmapped_name,HOLD,PROVIDER_RAW_NAME,PROVIDER_RAW_NAME|POSSIBLE_POWERTRAIN_DERIVATIVE|POSSIBLE_BODY_VARIANT,HOLD,PROVIDER_RAW_NAME,PROVIDER_RAW_NAME|POSSIBLE_POWERTRAIN_DERIVATIVE|POSSIBLE_BODY_VARIANT,,LOW
VOLKSWAGEN|VW E LAVIDA,VOLKSWAGEN,VW E LAVIDA,1,0,2564-09,2564-09,unmapped_name,HOLD,PROVIDER_RAW_NAME,PROVIDER_RAW_NAME,HOLD,PROVIDER_RAW_NAME,PROVIDER_RAW_NAME,,LOW
VOLKSWAGEN|คาราเวล,VOLKSWAGEN,คาราเวล,1,0,2567-10,2567-10,unmapped_name,HOLD,PROVIDER_RAW_NAME,PROVIDER_RAW_NAME,HOLD,PROVIDER_RAW_NAME,PROVIDER_RAW_NAME,,LOW
VOLKSWAGEN|ไม่ระบุ,VOLKSWAGEN,ไม่ระบุ,1,0,2564-05,2564-05,unmapped_name,HOLD,PROVIDER_RAW_NAME,PROVIDER_RAW_NAME|NAME_UNSPECIFIED,HOLD,PROVIDER_RAW_NAME,PROVIDER_RAW_NAME|NAME_UNSPECIFIED,,LOW
VOLVO|FM1164R49370AASI TH,VOLVO,FM1164R49370AASI-TH,1,0,2566-10,2566-10,unmapped_name,HOLD,PROVIDER_RAW_NAME,PROVIDER_RAW_NAME,HOLD,PROVIDER_RAW_NAME,PROVIDER_RAW_NAME,,LOW
VOLVO|FM1342R49400ALSI TH,VOLVO,FM1342R49400ALSI-TH,4,0,2567-08,2567-08,unmapped_name,HOLD,PROVIDER_RAW_NAME,PROVIDER_RAW_NAME,HOLD,PROVIDER_RAW_NAME,PROVIDER_RAW_NAME,,LOW
VOLVO|FM1342R49420CLSI,VOLVO,FM1342R49420CLSI,4,0,2567-09,2567-09,unmapped_name,HOLD,PROVIDER_RAW_NAME,PROVIDER_RAW_NAME,HOLD,PROVIDER_RAW_NAME,PROVIDER_RAW_NAME,,LOW
VOLVO|FM1342R52420CLSI EURO 5 CBU,VOLVO,FM1342R52420CLSI (EURO 5) CBU,1,0,2568-03,2568-03,unmapped_name,HOLD,PROVIDER_RAW_NAME,PROVIDER_RAW_NAME,HOLD,PROVIDER_RAW_NAME,PROVIDER_RAW_NAME,,LOW
VOLVO|FM1364R49420CLSI TH,VOLVO,FM1364R49420CLSI-TH,1,0,2568-03,2568-03,unmapped_name,HOLD,PROVIDER_RAW_NAME,PROVIDER_RAW_NAME,HOLD,PROVIDER_RAW_NAME,PROVIDER_RAW_NAME,,LOW
VOLVO|FMX1364R56420CLHI,VOLVO,FMX1364R56420CLHI,1,0,2568-02,2568-02,unmapped_name,HOLD,PROVIDER_RAW_NAME,PROVIDER_RAW_NAME,HOLD,PROVIDER_RAW_NAME,PROVIDER_RAW_NAME,,LOW
VOLVO|FMX1364R56480ALHI TH,VOLVO,FMX1364R56480ALHI-TH,1,0,2567-03,2567-03,unmapped_name,HOLD,PROVIDER_RAW_NAME,PROVIDER_RAW_NAME,HOLD,PROVIDER_RAW_NAME,PROVIDER_RAW_NAME,,LOW
VOLVO|PANTHER 8X8,VOLVO,PANTHER 8X8,3,0,2566-05,2566-05,unmapped_name,HOLD,PROVIDER_RAW_NAME,PROVIDER_RAW_NAME,HOLD,PROVIDER_RAW_NAME,PROVIDER_RAW_NAME,,LOW
VOLVO|V40,VOLVO,V40,1,0,2565-03,2565-03,unmapped_name,HOLD,PROVIDER_RAW_NAME,PROVIDER_RAW_NAME,HOLD,PROVIDER_RAW_NAME,PROVIDER_RAW_NAME,,LOW
VOLVO|V50 2 0,VOLVO,V50 2.0,1,0,2564-06,2564-06,unmapped_name,HOLD,PROVIDER_RAW_NAME,PROVIDER_RAW_NAME|POSSIBLE_POWERTRAIN_DERIVATIVE,HOLD,PROVIDER_RAW_NAME,PROVIDER_RAW_NAME|POSSIBLE_POWERTRAIN_DERIVATIVE,,LOW
VOLVO|V90,VOLVO,V90,2,0,2564-08,2565-11,unmapped_name,HOLD,PROVIDER_RAW_NAME,PROVIDER_RAW_NAME,HOLD,PROVIDER_RAW_NAME,PROVIDER_RAW_NAME,,LOW
VOLVO|VOLKAN M24,VOLVO,VOLKAN M24,1,0,2566-09,2566-09,unmapped_name,HOLD,PROVIDER_RAW_NAME,PROVIDER_RAW_NAME,HOLD,PROVIDER_RAW_NAME,PROVIDER_RAW_NAME,,LOW
VOLVO|ไม่ระบุ,VOLVO,ไม่ระบุ,29,0,2564-02,2567-11,unmapped_name,HOLD,PROVIDER_RAW_NAME,PROVIDER_RAW_NAME|NAME_UNSPECIFIED,HOLD,PROVIDER_RAW_NAME,PROVIDER_RAW_NAME|NAME_UNSPECIFIED,,LOW
WEIAO BOMA|STANDARD,WEIAO BOMA,STANDARD,3,0,2567-05,2567-05,unmapped_name,HOLD,PROVIDER_RAW_NAME,PROVIDER_RAW_NAME|BRAND_NOT_IN_TDR|POSSIBLE_TRIM_NOT_MODEL,HOLD,PROVIDER_RAW_NAME,PROVIDER_RAW_NAME|BRAND_NOT_IN_TDR|POSSIBLE_TRIM_NOT_MODEL,,LOW
WEIAO BOMA|ไม่ระบุ,WEIAO BOMA,ไม่ระบุ,1,0,2566-10,2566-10,unmapped_name,HOLD,PROVIDER_RAW_NAME,PROVIDER_RAW_NAME|NAME_UNSPECIFIED|BRAND_NOT_IN_TDR,HOLD,PROVIDER_RAW_NAME,PROVIDER_RAW_NAME|NAME_UNSPECIFIED|BRAND_NOT_IN_TDR,,LOW
WELTMEISTER|EX5Z FUN,WELTMEISTER,EX5Z FUN,1,0,2564-08,2564-08,unmapped_name,HOLD,PROVIDER_RAW_NAME,PROVIDER_RAW_NAME|BRAND_NOT_IN_TDR,HOLD,PROVIDER_RAW_NAME,PROVIDER_RAW_NAME|BRAND_NOT_IN_TDR,,LOW
WELTMEISTER|EX5Z PRO,WELTMEISTER,EX5Z PRO,1,0,2564-08,2564-08,unmapped_name,HOLD,PROVIDER_RAW_NAME,PROVIDER_RAW_NAME|BRAND_NOT_IN_TDR|POSSIBLE_TRIM_NOT_MODEL,HOLD,PROVIDER_RAW_NAME,PROVIDER_RAW_NAME|BRAND_NOT_IN_TDR|POSSIBLE_TRIM_NOT_MODEL,,LOW
WELTMEISTER|EX6 NEXT,WELTMEISTER,EX6 NEXT,1,0,2564-08,2564-08,unmapped_name,HOLD,PROVIDER_RAW_NAME,PROVIDER_RAW_NAME|BRAND_NOT_IN_TDR,HOLD,PROVIDER_RAW_NAME,PROVIDER_RAW_NAME|BRAND_NOT_IN_TDR,,LOW
WULING|BINGOU SRD,WULING,Bingou SRD,5,0,2567-08,2567-08,unmapped_name,HOLD,PROVIDER_RAW_NAME,PROVIDER_RAW_NAME|PROVIDER_FINER_THAN_TDR,HOLD,PROVIDER_RAW_NAME,PROVIDER_RAW_NAME|PROVIDER_FINER_THAN_TDR,,LOW
WULING|GXA5032XXYEV,WULING,GXA5032XXYEV,1,0,2565-01,2565-01,unmapped_name,HOLD,PROVIDER_RAW_NAME,PROVIDER_RAW_NAME,HOLD,PROVIDER_RAW_NAME,PROVIDER_RAW_NAME,,LOW
WULING|HONGGUANG,WULING,HONGGUANG,1,0,2564-05,2564-05,unmapped_name,HOLD,PROVIDER_RAW_NAME,PROVIDER_RAW_NAME,HOLD,PROVIDER_RAW_NAME,PROVIDER_RAW_NAME,,LOW
WULING|MULIN MINI,WULING,MULIN MINI,24,0,2564-05,2565-06,unmapped_name,HOLD,PROVIDER_RAW_NAME,PROVIDER_RAW_NAME,HOLD,PROVIDER_RAW_NAME,PROVIDER_RAW_NAME,,LOW
WULING|WULING MINI,WULING,WULING MINI,1,0,2565-10,2565-10,unmapped_name,HOLD,PROVIDER_RAW_NAME,PROVIDER_RAW_NAME,HOLD,PROVIDER_RAW_NAME,PROVIDER_RAW_NAME,,LOW
XIAOMI|SU7 MAX,XIAOMI,SU7 MAX,2,0,2568-04,2568-04,unmapped_name,HOLD,PROVIDER_RAW_NAME,PROVIDER_RAW_NAME|BRAND_NOT_IN_TDR,HOLD,PROVIDER_RAW_NAME,PROVIDER_RAW_NAME|BRAND_NOT_IN_TDR,,LOW
YAMAHA|NMAX,YAMAHA,NMAX,1,0,2567-01,2567-01,unmapped_name,HOLD,PROVIDER_RAW_NAME,PROVIDER_RAW_NAME|BRAND_NOT_IN_TDR,HOLD,PROVIDER_RAW_NAME,PROVIDER_RAW_NAME|BRAND_NOT_IN_TDR,,LOW
YUCHAI|LZ1041L2ACT,YUCHAI,LZ1041L2ACT,1,0,2568-06,2568-06,unmapped_name,HOLD,PROVIDER_RAW_NAME,PROVIDER_RAW_NAME|BRAND_NOT_IN_TDR,HOLD,PROVIDER_RAW_NAME,PROVIDER_RAW_NAME|BRAND_NOT_IN_TDR,,LOW
YUCHAI|NZ5161ZYSH,YUCHAI,NZ5161ZYSH,2,2,2568-12,2569-09,unmapped_name,HOLD,PROVIDER_RAW_NAME,PROVIDER_RAW_NAME|BRAND_NOT_IN_TDR,HOLD,PROVIDER_RAW_NAME,PROVIDER_RAW_NAME|BRAND_NOT_IN_TDR,,LOW
YUCHAI|NZ5161ZYSR,YUCHAI,NZ5161ZYSR,3,1,2568-06,2568-12,unmapped_name,HOLD,PROVIDER_RAW_NAME,PROVIDER_RAW_NAME|BRAND_NOT_IN_TDR,HOLD,PROVIDER_RAW_NAME,PROVIDER_RAW_NAME|BRAND_NOT_IN_TDR,,LOW
YUCHAI|NZ5250GSS,YUCHAI,NZ5250GSS,1,1,2569-08,2569-08,unmapped_name,HOLD,PROVIDER_RAW_NAME,PROVIDER_RAW_NAME|BRAND_NOT_IN_TDR,HOLD,PROVIDER_RAW_NAME,PROVIDER_RAW_NAME|BRAND_NOT_IN_TDR,,LOW
ZIEGLER|Z6 FLF 80 125 15 250P,ZIEGLER,Z6-FLF 80/125-15+250P,7,7,2568-11,2568-11,unmapped_name,HOLD,PROVIDER_RAW_NAME,PROVIDER_RAW_NAME|BRAND_NOT_IN_TDR|POSSIBLE_MODEL_CODE,HOLD,PROVIDER_RAW_NAME,PROVIDER_RAW_NAME|BRAND_NOT_IN_TDR|POSSIBLE_MODEL_CODE,,LOW
ZX AUTO|FP3A,ZX AUTO,FP3A,1,0,2568-08,2568-08,unmapped_name,HOLD,PROVIDER_RAW_NAME,PROVIDER_RAW_NAME|BRAND_NOT_IN_TDR,HOLD,PROVIDER_RAW_NAME,PROVIDER_RAW_NAME|BRAND_NOT_IN_TDR,,LOW
ZX AUTO|FP3B,ZX AUTO,FP3B,1,0,2568-08,2568-08,unmapped_name,HOLD,PROVIDER_RAW_NAME,PROVIDER_RAW_NAME|BRAND_NOT_IN_TDR,HOLD,PROVIDER_RAW_NAME,PROVIDER_RAW_NAME|BRAND_NOT_IN_TDR,,LOW
aion-aion-es,AION,Aion ES,2437,820,2567-01,2569-09,settled,HOLD,NOT_ACTIVATED,NOT_ACTIVATED,IDENTITY_REVIEW,DUPLICATE_CANONICAL_SUSPECTED,DUPLICATE_CANONICAL_SUSPECTED,,HIGH
aion-aion-ut,AION,Aion UT,10296,9030,2568-07,2569-09,settled,HOLD,NOT_ACTIVATED,NOT_ACTIVATED,IDENTITY_REVIEW,DUPLICATE_CANONICAL_SUSPECTED,DUPLICATE_CANONICAL_SUSPECTED,,HIGH
aion-aion-v,AION,Aion V,9264,5957,2568-01,2569-09,settled,HOLD,NOT_ACTIVATED,NOT_ACTIVATED,IDENTITY_REVIEW,DUPLICATE_CANONICAL_SUSPECTED,DUPLICATE_CANONICAL_SUSPECTED|POSSIBLE_TRUNCATED_NAME,,HIGH
aion-aion-y-plus,AION,Aion Y Plus,9720,3140,2566-09,2569-09,settled,HOLD,NOT_ACTIVATED,NOT_ACTIVATED,IDENTITY_REVIEW,DUPLICATE_CANONICAL_SUSPECTED,DUPLICATE_CANONICAL_SUSPECTED|POSSIBLE_TRIM_NOT_MODEL,,HIGH
aion-hyptec-ht,AION,Hyptec HT,4207,2239,2567-10,2569-09,settled,HOLD,NOT_ACTIVATED,NOT_ACTIVATED,IDENTITY_REVIEW,DUPLICATE_CANONICAL_SUSPECTED,DUPLICATE_CANONICAL_SUSPECTED,,HIGH
asia-cab-as4,ASIA CAB,Asia Cab AS4,248,0,2564-01,2565-05,settled,IDENTITY_REVIEW,BRAND_NOT_IN_TDR,BRAND_NOT_IN_TDR,IDENTITY_REVIEW,BRAND_NOT_IN_TDR,BRAND_NOT_IN_TDR,,MEDIUM
aston-martin-aston-martin-db11,ASTON MARTIN,Aston Martin DB11,14,1,2564-02,2569-06,settled,IDENTITY_REVIEW,BRAND_NOT_IN_TDR,BRAND_NOT_IN_TDR|STRUCTURAL_CONFLICT|DUPLICATE_CANONICAL_SUSPECTED,IDENTITY_REVIEW,BRAND_NOT_IN_TDR,BRAND_NOT_IN_TDR|STRUCTURAL_CONFLICT|DUPLICATE_CANONICAL_SUSPECTED,,LOW
aston-martin-aston-martin-db12,ASTON MARTIN,Aston Martin DB12,8,3,2567-07,2569-07,settled,IDENTITY_REVIEW,BRAND_NOT_IN_TDR,BRAND_NOT_IN_TDR|STRUCTURAL_CONFLICT|DUPLICATE_CANONICAL_SUSPECTED,IDENTITY_REVIEW,BRAND_NOT_IN_TDR,BRAND_NOT_IN_TDR|STRUCTURAL_CONFLICT|DUPLICATE_CANONICAL_SUSPECTED,,LOW
aston-martin-aston-martin-dbx,ASTON MARTIN,Aston Martin DBX,9,3,2565-05,2569-06,settled,IDENTITY_REVIEW,BRAND_NOT_IN_TDR,BRAND_NOT_IN_TDR,IDENTITY_REVIEW,BRAND_NOT_IN_TDR,BRAND_NOT_IN_TDR,,LOW
aston-martin-aston-martin-vanquish,ASTON MARTIN,Aston Martin Vanquish,3,1,2564-01,2569-06,settled,IDENTITY_REVIEW,BRAND_NOT_IN_TDR,BRAND_NOT_IN_TDR,IDENTITY_REVIEW,BRAND_NOT_IN_TDR,BRAND_NOT_IN_TDR,,LOW
aston-martin-aston-martin-vantage,ASTON MARTIN,Aston Martin Vantage,32,8,2564-01,2569-06,settled,IDENTITY_REVIEW,BRAND_NOT_IN_TDR,BRAND_NOT_IN_TDR,IDENTITY_REVIEW,BRAND_NOT_IN_TDR,BRAND_NOT_IN_TDR,,LOW
audi-a3-20tdi-s-line-saloon-manual__provisional,AUDI,A3 2.0TDI S LINE SALOON MANUAL,1,0,2566-04,2566-04,provisional,HOLD,PROVIDER_IDENTITY_PROVISIONAL,PROVIDER_IDENTITY_PROVISIONAL|POSSIBLE_POWERTRAIN_DERIVATIVE,HOLD,PROVIDER_IDENTITY_PROVISIONAL,PROVIDER_IDENTITY_PROVISIONAL|POSSIBLE_POWERTRAIN_DERIVATIVE,,LOW
audi-a3-saloon-35-tfsi__provisional,AUDI,A3 SALOON 35 TFSI,1,0,2566-07,2566-07,provisional,HOLD,PROVIDER_IDENTITY_PROVISIONAL,PROVIDER_IDENTITY_PROVISIONAL|EXISTING_IDENTITY_SUSPECTED,HOLD,PROVIDER_IDENTITY_PROVISIONAL,PROVIDER_IDENTITY_PROVISIONAL|EXISTING_IDENTITY_SUSPECTED,,LOW
audi-a3-sb-35-tfsi-s-line__provisional,AUDI,A3 SB 35 TFSI S line,27,0,2565-07,2568-01,provisional,HOLD,PROVIDER_IDENTITY_PROVISIONAL,PROVIDER_IDENTITY_PROVISIONAL|EXISTING_IDENTITY_SUSPECTED,HOLD,PROVIDER_IDENTITY_PROVISIONAL,PROVIDER_IDENTITY_PROVISIONAL|EXISTING_IDENTITY_SUSPECTED,,LOW
audi-audi-a1,AUDI,AUDI A1,31,1,2564-01,2569-01,settled,HOLD,NOT_ACTIVATED,NOT_ACTIVATED,IDENTITY_REVIEW,DUPLICATE_CANONICAL_SUSPECTED,DUPLICATE_CANONICAL_SUSPECTED,,LOW
audi-audi-a4,AUDI,Audi A4,153,8,2564-01,2569-07,settled,HOLD,NOT_ACTIVATED,NOT_ACTIVATED,IDENTITY_REVIEW,DUPLICATE_CANONICAL_SUSPECTED,DUPLICATE_CANONICAL_SUSPECTED,,MEDIUM
audi-audi-a5,AUDI,Audi A5,2020,181,2564-01,2569-09,settled,HOLD,NOT_ACTIVATED,NOT_ACTIVATED,IDENTITY_REVIEW,DUPLICATE_CANONICAL_SUSPECTED,DUPLICATE_CANONICAL_SUSPECTED,,HIGH
audi-audi-a6,AUDI,Audi A6,104,4,2564-01,2569-08,settled,HOLD,NOT_ACTIVATED,NOT_ACTIVATED,IDENTITY_REVIEW,DUPLICATE_CANONICAL_SUSPECTED,DUPLICATE_CANONICAL_SUSPECTED|PROVIDER_COARSER_THAN_TDR,,MEDIUM
audi-audi-a7,AUDI,AUDI A7,114,13,2564-01,2569-09,settled,HOLD,NOT_ACTIVATED,NOT_ACTIVATED,IDENTITY_REVIEW,DUPLICATE_CANONICAL_SUSPECTED,DUPLICATE_CANONICAL_SUSPECTED,,MEDIUM
audi-audi-a8l,AUDI,Audi A8L,22,3,2564-03,2569-06,settled,HOLD,NOT_ACTIVATED,NOT_ACTIVATED,IDENTITY_REVIEW,DUPLICATE_CANONICAL_SUSPECTED,DUPLICATE_CANONICAL_SUSPECTED,,LOW
audi-audi-e-tron,AUDI,AUDI E-TRON,183,7,2564-01,2569-09,settled,HOLD,NOT_ACTIVATED,NOT_ACTIVATED,IDENTITY_REVIEW,DUPLICATE_CANONICAL_SUSPECTED,DUPLICATE_CANONICAL_SUSPECTED|PROVIDER_COARSER_THAN_TDR,,MEDIUM
audi-audi-q3,AUDI,Audi Q3,759,23,2564-01,2569-09,settled,HOLD,NOT_ACTIVATED,NOT_ACTIVATED,IDENTITY_REVIEW,DUPLICATE_CANONICAL_SUSPECTED,DUPLICATE_CANONICAL_SUSPECTED,,MEDIUM
audi-audi-q5,AUDI,Audi Q5,299,37,2564-01,2569-07,settled,HOLD,NOT_ACTIVATED,NOT_ACTIVATED,IDENTITY_REVIEW,DUPLICATE_CANONICAL_SUSPECTED,DUPLICATE_CANONICAL_SUSPECTED,,MEDIUM
audi-audi-q6,AUDI,AUDI Q6,7,7,2569-02,2569-09,settled,IDENTITY_REVIEW,PROVIDER_COARSER_THAN_TDR,PROVIDER_COARSER_THAN_TDR,IDENTITY_REVIEW,PROVIDER_COARSER_THAN_TDR,PROVIDER_COARSER_THAN_TDR,,LOW
audi-audi-q7,AUDI,Audi Q7,164,17,2564-01,2569-06,settled,HOLD,NOT_ACTIVATED,NOT_ACTIVATED,IDENTITY_REVIEW,DUPLICATE_CANONICAL_SUSPECTED,DUPLICATE_CANONICAL_SUSPECTED,,MEDIUM
audi-audi-q8,AUDI,Audi Q8,327,66,2564-01,2569-09,settled,HOLD,NOT_ACTIVATED,NOT_ACTIVATED,IDENTITY_REVIEW,DUPLICATE_CANONICAL_SUSPECTED,DUPLICATE_CANONICAL_SUSPECTED|PROVIDER_COARSER_THAN_TDR,,MEDIUM
audi-audi-rs-3,AUDI,AUDI RS 3,22,4,2565-11,2569-02,settled,IDENTITY_REVIEW,STRUCTURAL_CONFLICT,STRUCTURAL_CONFLICT|EXISTING_IDENTITY_SUSPECTED|PROVIDER_FINER_THAN_TDR|POSSIBLE_TRIM_NOT_MODEL,IDENTITY_REVIEW,STRUCTURAL_CONFLICT,STRUCTURAL_CONFLICT|EXISTING_IDENTITY_SUSPECTED|PROVIDER_FINER_THAN_TDR|POSSIBLE_TRIM_NOT_MODEL,,LOW
audi-audi-rs-4,AUDI,AUDI RS 4,103,8,2564-02,2569-08,settled,HOLD,NOT_ACTIVATED,NOT_ACTIVATED,IDENTITY_REVIEW,STRUCTURAL_CONFLICT,STRUCTURAL_CONFLICT|DUPLICATE_CANONICAL_SUSPECTED|EXISTING_IDENTITY_SUSPECTED|POSSIBLE_TRIM_NOT_MODEL,,MEDIUM
audi-audi-rs-5,AUDI,AUDI RS 5,94,7,2564-08,2569-05,settled,HOLD,NOT_ACTIVATED,NOT_ACTIVATED,IDENTITY_REVIEW,STRUCTURAL_CONFLICT,STRUCTURAL_CONFLICT|DUPLICATE_CANONICAL_SUSPECTED|EXISTING_IDENTITY_SUSPECTED|POSSIBLE_TRIM_NOT_MODEL,,LOW
audi-audi-rs-6,AUDI,AUDI RS 6,44,2,2564-01,2569-03,settled,IDENTITY_REVIEW,STRUCTURAL_CONFLICT,STRUCTURAL_CONFLICT|EXISTING_IDENTITY_SUSPECTED|PROVIDER_FINER_THAN_TDR|POSSIBLE_TRIM_NOT_MODEL,IDENTITY_REVIEW,STRUCTURAL_CONFLICT,STRUCTURAL_CONFLICT|EXISTING_IDENTITY_SUSPECTED|PROVIDER_FINER_THAN_TDR|POSSIBLE_TRIM_NOT_MODEL,,LOW
audi-audi-rs-7,AUDI,AUDI RS 7,16,2,2564-08,2569-01,settled,HOLD,NOT_ACTIVATED,NOT_ACTIVATED,IDENTITY_REVIEW,STRUCTURAL_CONFLICT,STRUCTURAL_CONFLICT|DUPLICATE_CANONICAL_SUSPECTED|EXISTING_IDENTITY_SUSPECTED|POSSIBLE_TRIM_NOT_MODEL,,LOW
audi-audi-rs-q3,AUDI,AUDI RS Q3,81,10,2564-08,2569-07,settled,IDENTITY_REVIEW,STRUCTURAL_CONFLICT,STRUCTURAL_CONFLICT|EXISTING_IDENTITY_SUSPECTED|PROVIDER_FINER_THAN_TDR|POSSIBLE_TRIM_NOT_MODEL,IDENTITY_REVIEW,STRUCTURAL_CONFLICT,STRUCTURAL_CONFLICT|EXISTING_IDENTITY_SUSPECTED|PROVIDER_FINER_THAN_TDR|POSSIBLE_TRIM_NOT_MODEL,,LOW
audi-audi-rs-q8,AUDI,AUDI RS Q8,34,7,2564-04,2569-03,settled,HOLD,NOT_ACTIVATED,NOT_ACTIVATED,IDENTITY_REVIEW,STRUCTURAL_CONFLICT,STRUCTURAL_CONFLICT|DUPLICATE_CANONICAL_SUSPECTED|EXISTING_IDENTITY_SUSPECTED|PROVIDER_FINER_THAN_TDR|POSSIBLE_TRIM_NOT_MODEL,,LOW
audi-audi-s3,AUDI,AUDI S3,20,6,2565-10,2569-07,settled,HOLD,NOT_ACTIVATED,NOT_ACTIVATED,IDENTITY_REVIEW,DUPLICATE_CANONICAL_SUSPECTED,DUPLICATE_CANONICAL_SUSPECTED,,LOW
audi-audi-tt,AUDI,Audi TT,1131,98,2564-01,2569-09,settled,HOLD,NOT_ACTIVATED,NOT_ACTIVATED,IDENTITY_REVIEW,DUPLICATE_CANONICAL_SUSPECTED,DUPLICATE_CANONICAL_SUSPECTED,,MEDIUM
audi-q2-35-tfsi__provisional,AUDI,Q2 35 TFSI,19,0,2564-01,2566-04,provisional,HOLD,PROVIDER_IDENTITY_PROVISIONAL,PROVIDER_IDENTITY_PROVISIONAL|EXISTING_IDENTITY_SUSPECTED,HOLD,PROVIDER_IDENTITY_PROVISIONAL,PROVIDER_IDENTITY_PROVISIONAL|EXISTING_IDENTITY_SUSPECTED,,LOW
audi-r8-coupe-v10-performance__provisional,AUDI,R8 COUPE V10 PERFORMANCE,6,0,2564-04,2567-10,provisional,HOLD,PROVIDER_IDENTITY_PROVISIONAL,PROVIDER_IDENTITY_PROVISIONAL|EXISTING_IDENTITY_SUSPECTED|POSSIBLE_BODY_VARIANT,HOLD,PROVIDER_IDENTITY_PROVISIONAL,PROVIDER_IDENTITY_PROVISIONAL|EXISTING_IDENTITY_SUSPECTED|POSSIBLE_BODY_VARIANT,,LOW
audi-r8-coupe-v10__provisional,AUDI,R8 COUPE V10,1,0,2567-03,2567-03,provisional,HOLD,PROVIDER_IDENTITY_PROVISIONAL,PROVIDER_IDENTITY_PROVISIONAL|EXISTING_IDENTITY_SUSPECTED|POSSIBLE_BODY_VARIANT,HOLD,PROVIDER_IDENTITY_PROVISIONAL,PROVIDER_IDENTITY_PROVISIONAL|EXISTING_IDENTITY_SUSPECTED|POSSIBLE_BODY_VARIANT,,LOW
audi-r8-cp-v10-performance-q__provisional,AUDI,R8 CP V10 Performance q,1,0,2565-03,2565-03,provisional,HOLD,PROVIDER_IDENTITY_PROVISIONAL,PROVIDER_IDENTITY_PROVISIONAL|EXISTING_IDENTITY_SUSPECTED,HOLD,PROVIDER_IDENTITY_PROVISIONAL,PROVIDER_IDENTITY_PROVISIONAL|EXISTING_IDENTITY_SUSPECTED,,LOW
audi-r8-spyder-v10-performance__provisional,AUDI,R8 SPYDER V10 PERFORMANCE,1,0,2565-05,2565-05,provisional,HOLD,PROVIDER_IDENTITY_PROVISIONAL,PROVIDER_IDENTITY_PROVISIONAL,HOLD,PROVIDER_IDENTITY_PROVISIONAL,PROVIDER_IDENTITY_PROVISIONAL,,LOW
audi-r8-v10-coupe__provisional,AUDI,R8 V10 COUPE,6,0,2564-01,2568-06,provisional,HOLD,PROVIDER_IDENTITY_PROVISIONAL,PROVIDER_IDENTITY_PROVISIONAL|EXISTING_IDENTITY_SUSPECTED|POSSIBLE_BODY_VARIANT,HOLD,PROVIDER_IDENTITY_PROVISIONAL,PROVIDER_IDENTITY_PROVISIONAL|EXISTING_IDENTITY_SUSPECTED|POSSIBLE_BODY_VARIANT,,LOW
audi-s8-tfsi-quattro__provisional,AUDI,S8 TFSI QUATTRO,1,0,2565-01,2565-01,provisional,HOLD,PROVIDER_IDENTITY_PROVISIONAL,PROVIDER_IDENTITY_PROVISIONAL|EXISTING_IDENTITY_SUSPECTED,HOLD,PROVIDER_IDENTITY_PROVISIONAL,PROVIDER_IDENTITY_PROVISIONAL|EXISTING_IDENTITY_SUSPECTED,,LOW
audi-sq8-vorsprung-tdi-quattro__provisional,AUDI,SQ8 VORSPRUNG TDI QUATTRO,1,0,2564-03,2564-03,provisional,HOLD,PROVIDER_IDENTITY_PROVISIONAL,PROVIDER_IDENTITY_PROVISIONAL|EXISTING_IDENTITY_SUSPECTED,HOLD,PROVIDER_IDENTITY_PROVISIONAL,PROVIDER_IDENTITY_PROVISIONAL|EXISTING_IDENTITY_SUSPECTED,,LOW
avatr-avatr-07,AVATR,Avatr 07,564,564,2569-04,2569-09,settled,HOLD,NOT_ACTIVATED,NOT_ACTIVATED,IDENTITY_REVIEW,DUPLICATE_CANONICAL_SUSPECTED,DUPLICATE_CANONICAL_SUSPECTED,,MEDIUM
avatr-avatr-11,AVATR,Avatr 11,1256,643,2567-12,2569-09,settled,HOLD,NOT_ACTIVATED,NOT_ACTIVATED,IDENTITY_REVIEW,DUPLICATE_CANONICAL_SUSPECTED,DUPLICATE_CANONICAL_SUSPECTED,,MEDIUM
axion-axion-t5,AXION,Axion T5,3,3,2568-10,2569-02,settled,IDENTITY_REVIEW,BRAND_NOT_IN_TDR,BRAND_NOT_IN_TDR,IDENTITY_REVIEW,BRAND_NOT_IN_TDR,BRAND_NOT_IN_TDR,,LOW
baw-m8,BAW,BAW M8,2,2,2569-09,2569-09,settled,IDENTITY_REVIEW,BRAND_NOT_IN_TDR,BRAND_NOT_IN_TDR,IDENTITY_REVIEW,BRAND_NOT_IN_TDR,BRAND_NOT_IN_TDR,,LOW
bentley-bentley-bentayga,BENTLEY,Bentley Bentayga,294,16,2564-01,2569-08,settled,HOLD,NOT_ACTIVATED,NOT_ACTIVATED,IDENTITY_REVIEW,DUPLICATE_CANONICAL_SUSPECTED,DUPLICATE_CANONICAL_SUSPECTED,,MEDIUM
bentley-bentley-continental,BENTLEY,Bentley Continental,117,8,2564-01,2569-09,settled,CREATE_IDENTITY,NEW_IDENTITY_CONFIRMED,NEW_IDENTITY_CONFIRMED,CREATE_IDENTITY,NEW_IDENTITY_CONFIRMED,NEW_IDENTITY_CONFIRMED,bentley.continental,MEDIUM
bentley-bentley-flying,BENTLEY,Bentley Flying,182,11,2564-02,2569-09,settled,IDENTITY_REVIEW,PROVIDER_COARSER_THAN_TDR,PROVIDER_COARSER_THAN_TDR|POSSIBLE_TRUNCATED_NAME,IDENTITY_REVIEW,PROVIDER_COARSER_THAN_TDR,PROVIDER_COARSER_THAN_TDR|POSSIBLE_TRUNCATED_NAME,,MEDIUM
bmw-420d-coupe-rhd__provisional,BMW,420D COUPE RHD,4,1,2564-03,2568-11,provisional,HOLD,PROVIDER_IDENTITY_PROVISIONAL,PROVIDER_IDENTITY_PROVISIONAL|EXISTING_IDENTITY_SUSPECTED|PROVIDER_FINER_THAN_TDR|POSSIBLE_MODEL_CODE|POSSIBLE_BODY_VARIANT,HOLD,PROVIDER_IDENTITY_PROVISIONAL,PROVIDER_IDENTITY_PROVISIONAL|EXISTING_IDENTITY_SUSPECTED|PROVIDER_FINER_THAN_TDR|POSSIBLE_MODEL_CODE|POSSIBLE_BODY_VARIANT,,LOW
bmw-420d-gran-coupe-rhd__provisional,BMW,420D GRAN COUPE RHD,1,0,2564-04,2564-04,provisional,HOLD,PROVIDER_IDENTITY_PROVISIONAL,PROVIDER_IDENTITY_PROVISIONAL|EXISTING_IDENTITY_SUSPECTED|PROVIDER_FINER_THAN_TDR|POSSIBLE_MODEL_CODE|POSSIBLE_BODY_VARIANT,HOLD,PROVIDER_IDENTITY_PROVISIONAL,PROVIDER_IDENTITY_PROVISIONAL|EXISTING_IDENTITY_SUSPECTED|PROVIDER_FINER_THAN_TDR|POSSIBLE_MODEL_CODE|POSSIBLE_BODY_VARIANT,,LOW
bmw-430d-convertible-mild-hybrid__provisional,BMW,430D CONVERTIBLE Mild-hybrid,2,0,2567-11,2568-02,provisional,HOLD,PROVIDER_IDENTITY_PROVISIONAL,PROVIDER_IDENTITY_PROVISIONAL|PROVIDER_FINER_THAN_TDR|POSSIBLE_MODEL_CODE|POSSIBLE_POWERTRAIN_DERIVATIVE|POSSIBLE_BODY_VARIANT,HOLD,PROVIDER_IDENTITY_PROVISIONAL,PROVIDER_IDENTITY_PROVISIONAL|PROVIDER_FINER_THAN_TDR|POSSIBLE_MODEL_CODE|POSSIBLE_POWERTRAIN_DERIVATIVE|POSSIBLE_BODY_VARIANT,,LOW
bmw-840d-xdrive-coupe__provisional,BMW,840D XDRIVE COUPE,2,0,2564-09,2566-05,provisional,HOLD,PROVIDER_IDENTITY_PROVISIONAL,PROVIDER_IDENTITY_PROVISIONAL|EXISTING_IDENTITY_SUSPECTED|POSSIBLE_MODEL_CODE|POSSIBLE_BODY_VARIANT,HOLD,PROVIDER_IDENTITY_PROVISIONAL,PROVIDER_IDENTITY_PROVISIONAL|EXISTING_IDENTITY_SUSPECTED|POSSIBLE_MODEL_CODE|POSSIBLE_BODY_VARIANT,,LOW
bmw-840d-xdrive-m-coupe__provisional,BMW,840D XDRIVE M COUPE,1,0,2565-08,2565-08,provisional,HOLD,PROVIDER_IDENTITY_PROVISIONAL,PROVIDER_IDENTITY_PROVISIONAL|EXISTING_IDENTITY_SUSPECTED|POSSIBLE_MODEL_CODE|POSSIBLE_BODY_VARIANT,HOLD,PROVIDER_IDENTITY_PROVISIONAL,PROVIDER_IDENTITY_PROVISIONAL|EXISTING_IDENTITY_SUSPECTED|POSSIBLE_MODEL_CODE|POSSIBLE_BODY_VARIANT,,LOW
bmw-840d-xdrive__provisional,BMW,840D XDRIVE,2,0,2564-10,2565-01,provisional,HOLD,PROVIDER_IDENTITY_PROVISIONAL,PROVIDER_IDENTITY_PROVISIONAL|EXISTING_IDENTITY_SUSPECTED|POSSIBLE_MODEL_CODE,HOLD,PROVIDER_IDENTITY_PROVISIONAL,PROVIDER_IDENTITY_PROVISIONAL|EXISTING_IDENTITY_SUSPECTED|POSSIBLE_MODEL_CODE,,LOW
bmw-840i-convertible__provisional,BMW,840I CONVERTIBLE,2,0,2564-01,2566-04,provisional,HOLD,PROVIDER_IDENTITY_PROVISIONAL,PROVIDER_IDENTITY_PROVISIONAL|EXISTING_IDENTITY_SUSPECTED|POSSIBLE_MODEL_CODE|POSSIBLE_BODY_VARIANT,HOLD,PROVIDER_IDENTITY_PROVISIONAL,PROVIDER_IDENTITY_PROVISIONAL|EXISTING_IDENTITY_SUSPECTED|POSSIBLE_MODEL_CODE|POSSIBLE_BODY_VARIANT,,LOW
bmw-840i-m-sport-coupe__provisional,BMW,840I M SPORT COUPE,1,0,2568-09,2568-09,provisional,HOLD,PROVIDER_IDENTITY_PROVISIONAL,PROVIDER_IDENTITY_PROVISIONAL|EXISTING_IDENTITY_SUSPECTED|POSSIBLE_MODEL_CODE|POSSIBLE_TRIM_NOT_MODEL|POSSIBLE_BODY_VARIANT,HOLD,PROVIDER_IDENTITY_PROVISIONAL,PROVIDER_IDENTITY_PROVISIONAL|EXISTING_IDENTITY_SUSPECTED|POSSIBLE_MODEL_CODE|POSSIBLE_TRIM_NOT_MODEL|POSSIBLE_BODY_VARIANT,,LOW
bmw-840i-m-sport-gran-coupe__provisional,BMW,840i M SPORT GRAN COUPE,1,0,2566-01,2566-01,provisional,HOLD,PROVIDER_IDENTITY_PROVISIONAL,PROVIDER_IDENTITY_PROVISIONAL|EXISTING_IDENTITY_SUSPECTED|POSSIBLE_MODEL_CODE|POSSIBLE_TRIM_NOT_MODEL|POSSIBLE_BODY_VARIANT,HOLD,PROVIDER_IDENTITY_PROVISIONAL,PROVIDER_IDENTITY_PROVISIONAL|EXISTING_IDENTITY_SUSPECTED|POSSIBLE_MODEL_CODE|POSSIBLE_TRIM_NOT_MODEL|POSSIBLE_BODY_VARIANT,,LOW
bmw-alpina-b3-s-bi-turbo-touring__provisional,BMW,ALPINA B3 S BI-TURBO TOURING,1,0,2567-11,2567-11,provisional,HOLD,PROVIDER_IDENTITY_PROVISIONAL,PROVIDER_IDENTITY_PROVISIONAL|EXISTING_IDENTITY_SUSPECTED|POSSIBLE_POWERTRAIN_DERIVATIVE,HOLD,PROVIDER_IDENTITY_PROVISIONAL,PROVIDER_IDENTITY_PROVISIONAL|EXISTING_IDENTITY_SUSPECTED|POSSIBLE_POWERTRAIN_DERIVATIVE,,LOW
bmw-alpina-b5-touring__provisional,BMW,ALPINA B5 TOURING,1,0,2567-09,2567-09,provisional,HOLD,PROVIDER_IDENTITY_PROVISIONAL,PROVIDER_IDENTITY_PROVISIONAL|EXISTING_IDENTITY_SUSPECTED,HOLD,PROVIDER_IDENTITY_PROVISIONAL,PROVIDER_IDENTITY_PROVISIONAL|EXISTING_IDENTITY_SUSPECTED,,LOW
bmw-alpina-d3-s-touring-mild__provisional,BMW,ALPINA D3 S TOURING MILD,2,0,2565-07,2566-03,provisional,HOLD,PROVIDER_IDENTITY_PROVISIONAL,PROVIDER_IDENTITY_PROVISIONAL|EXISTING_IDENTITY_SUSPECTED,HOLD,PROVIDER_IDENTITY_PROVISIONAL,PROVIDER_IDENTITY_PROVISIONAL|EXISTING_IDENTITY_SUSPECTED,,LOW
bmw-alpina-d3-s-touring__provisional,BMW,ALPINA D3 S TOURING,2,0,2565-04,2565-04,provisional,HOLD,PROVIDER_IDENTITY_PROVISIONAL,PROVIDER_IDENTITY_PROVISIONAL|EXISTING_IDENTITY_SUSPECTED,HOLD,PROVIDER_IDENTITY_PROVISIONAL,PROVIDER_IDENTITY_PROVISIONAL|EXISTING_IDENTITY_SUSPECTED,,LOW
bmw-bmw-2-series,BMW,BMW 2 Series,5192,628,2564-01,2569-09,settled,IDENTITY_REVIEW,PROVIDER_COARSER_THAN_TDR,PROVIDER_COARSER_THAN_TDR,IDENTITY_REVIEW,PROVIDER_COARSER_THAN_TDR,PROVIDER_COARSER_THAN_TDR,,HIGH
bmw-bmw-218i,BMW,BMW 218i,47,0,2564-01,2566-04,settled,HOLD,NOT_ACTIVATED,NOT_ACTIVATED,IDENTITY_REVIEW,DUPLICATE_CANONICAL_SUSPECTED,DUPLICATE_CANONICAL_SUSPECTED|POSSIBLE_MODEL_CODE,,LOW
bmw-bmw-3-series,BMW,BMW 3 Series,16645,1904,2564-01,2569-09,settled,HOLD,NOT_ACTIVATED,NOT_ACTIVATED,IDENTITY_REVIEW,DUPLICATE_CANONICAL_SUSPECTED,DUPLICATE_CANONICAL_SUSPECTED|PROVIDER_COARSER_THAN_TDR,,HIGH
bmw-bmw-320i,BMW,BMW 320i,3,0,2564-08,2566-06,settled,HOLD,NOT_ACTIVATED,NOT_ACTIVATED,IDENTITY_REVIEW,STRUCTURAL_CONFLICT,STRUCTURAL_CONFLICT|DUPLICATE_CANONICAL_SUSPECTED|POSSIBLE_MODEL_CODE,,LOW
bmw-bmw-330i,BMW,BMW 330i,39,0,2564-01,2568-01,settled,HOLD,NOT_ACTIVATED,NOT_ACTIVATED,IDENTITY_REVIEW,STRUCTURAL_CONFLICT,STRUCTURAL_CONFLICT|DUPLICATE_CANONICAL_SUSPECTED|POSSIBLE_MODEL_CODE,,LOW
bmw-bmw-420i,BMW,BMW 420I,95,24,2564-02,2569-08,settled,HOLD,NOT_ACTIVATED,NOT_ACTIVATED,IDENTITY_REVIEW,STRUCTURAL_CONFLICT,STRUCTURAL_CONFLICT|DUPLICATE_CANONICAL_SUSPECTED|POSSIBLE_MODEL_CODE,,LOW
bmw-bmw-430i,BMW,BMW 430i,1044,114,2564-02,2569-09,settled,HOLD,NOT_ACTIVATED,NOT_ACTIVATED,IDENTITY_REVIEW,STRUCTURAL_CONFLICT,STRUCTURAL_CONFLICT|DUPLICATE_CANONICAL_SUSPECTED|POSSIBLE_MODEL_CODE,,MEDIUM
bmw-bmw-5-series,BMW,BMW 5 Series,5091,586,2564-01,2569-09,settled,HOLD,NOT_ACTIVATED,NOT_ACTIVATED,IDENTITY_REVIEW,DUPLICATE_CANONICAL_SUSPECTED,DUPLICATE_CANONICAL_SUSPECTED,,HIGH
bmw-bmw-520i,BMW,BMW 520i,2,0,2565-02,2566-04,settled,HOLD,NOT_ACTIVATED,NOT_ACTIVATED,IDENTITY_REVIEW,STRUCTURAL_CONFLICT,STRUCTURAL_CONFLICT|DUPLICATE_CANONICAL_SUSPECTED|POSSIBLE_MODEL_CODE,,LOW
bmw-bmw-530e,BMW,BMW 530e,5524,659,2564-01,2569-09,settled,HOLD,NOT_ACTIVATED,NOT_ACTIVATED,IDENTITY_REVIEW,DUPLICATE_CANONICAL_SUSPECTED,DUPLICATE_CANONICAL_SUSPECTED|POSSIBLE_MODEL_CODE,,HIGH
bmw-bmw-630i,BMW,BMW 630I,802,11,2564-01,2569-09,settled,HOLD,NOT_ACTIVATED,NOT_ACTIVATED,IDENTITY_REVIEW,STRUCTURAL_CONFLICT,STRUCTURAL_CONFLICT|DUPLICATE_CANONICAL_SUSPECTED|POSSIBLE_MODEL_CODE,,MEDIUM
bmw-bmw-7-series,BMW,BMW 7 Series,1005,80,2564-01,2569-09,settled,HOLD,NOT_ACTIVATED,NOT_ACTIVATED,IDENTITY_REVIEW,DUPLICATE_CANONICAL_SUSPECTED,DUPLICATE_CANONICAL_SUSPECTED|PROVIDER_COARSER_THAN_TDR,,MEDIUM
bmw-bmw-i4,BMW,BMW i4,421,57,2565-06,2569-08,settled,HOLD,NOT_ACTIVATED,NOT_ACTIVATED,IDENTITY_REVIEW,DUPLICATE_CANONICAL_SUSPECTED,DUPLICATE_CANONICAL_SUSPECTED,,MEDIUM
bmw-bmw-i5,BMW,BMW i5,645,329,2566-12,2569-09,settled,HOLD,NOT_ACTIVATED,NOT_ACTIVATED,IDENTITY_REVIEW,DUPLICATE_CANONICAL_SUSPECTED,DUPLICATE_CANONICAL_SUSPECTED,,MEDIUM
bmw-bmw-i7,BMW,BMW i7,385,136,2566-02,2569-09,settled,HOLD,NOT_ACTIVATED,NOT_ACTIVATED,IDENTITY_REVIEW,DUPLICATE_CANONICAL_SUSPECTED,DUPLICATE_CANONICAL_SUSPECTED,,MEDIUM
bmw-bmw-ix,BMW,BMW iX,3399,293,2565-01,2569-09,settled,HOLD,NOT_ACTIVATED,NOT_ACTIVATED,IDENTITY_REVIEW,DUPLICATE_CANONICAL_SUSPECTED,DUPLICATE_CANONICAL_SUSPECTED|PROVIDER_COARSER_THAN_TDR,,HIGH
bmw-bmw-ix1,BMW,BMW iX1,675,665,2568-09,2569-09,settled,HOLD,NOT_ACTIVATED,NOT_ACTIVATED,IDENTITY_REVIEW,DUPLICATE_CANONICAL_SUSPECTED,DUPLICATE_CANONICAL_SUSPECTED,,MEDIUM
bmw-bmw-ix2,BMW,BMW iX2,106,18,2567-05,2569-08,settled,HOLD,NOT_ACTIVATED,NOT_ACTIVATED,IDENTITY_REVIEW,DUPLICATE_CANONICAL_SUSPECTED,DUPLICATE_CANONICAL_SUSPECTED,,MEDIUM
bmw-bmw-m2,BMW,BMW M2,300,69,2564-01,2569-09,settled,CREATE_IDENTITY,NEW_IDENTITY_CONFIRMED,NEW_IDENTITY_CONFIRMED,CREATE_IDENTITY,NEW_IDENTITY_CONFIRMED,NEW_IDENTITY_CONFIRMED,bmw.m2,MEDIUM
bmw-bmw-m3,BMW,BMW M3,639,117,2564-05,2569-09,settled,CREATE_IDENTITY,NEW_IDENTITY_CONFIRMED,NEW_IDENTITY_CONFIRMED,CREATE_IDENTITY,NEW_IDENTITY_CONFIRMED,NEW_IDENTITY_CONFIRMED,bmw.m3,MEDIUM
bmw-bmw-m4,BMW,BMW M4,147,32,2564-01,2569-09,settled,CREATE_IDENTITY,NEW_IDENTITY_CONFIRMED,NEW_IDENTITY_CONFIRMED,CREATE_IDENTITY,NEW_IDENTITY_CONFIRMED,NEW_IDENTITY_CONFIRMED,bmw.m4,MEDIUM
bmw-bmw-m5,BMW,BMW M5,18,1,2564-01,2569-09,settled,CREATE_IDENTITY,NEW_IDENTITY_CONFIRMED,NEW_IDENTITY_CONFIRMED,CREATE_IDENTITY,NEW_IDENTITY_CONFIRMED,NEW_IDENTITY_CONFIRMED,bmw.m5,LOW
bmw-bmw-m760e,BMW,BMW M760E,102,21,2566-10,2569-09,settled,HOLD,NOT_ACTIVATED,NOT_ACTIVATED,IDENTITY_REVIEW,DUPLICATE_CANONICAL_SUSPECTED,DUPLICATE_CANONICAL_SUSPECTED|POSSIBLE_MODEL_CODE,,MEDIUM
bmw-bmw-x1,BMW,BMW X1,11743,1480,2564-01,2569-09,settled,HOLD,NOT_ACTIVATED,NOT_ACTIVATED,IDENTITY_REVIEW,DUPLICATE_CANONICAL_SUSPECTED,DUPLICATE_CANONICAL_SUSPECTED,,HIGH
bmw-bmw-x3,BMW,BMW X3,5079,992,2564-01,2569-09,settled,HOLD,NOT_ACTIVATED,NOT_ACTIVATED,IDENTITY_REVIEW,DUPLICATE_CANONICAL_SUSPECTED,DUPLICATE_CANONICAL_SUSPECTED,,HIGH
bmw-bmw-x4,BMW,BMW X4,2003,173,2564-01,2569-09,settled,HOLD,NOT_ACTIVATED,NOT_ACTIVATED,IDENTITY_REVIEW,DUPLICATE_CANONICAL_SUSPECTED,DUPLICATE_CANONICAL_SUSPECTED,,HIGH
bmw-bmw-x5,BMW,BMW X5,3628,379,2564-01,2569-09,settled,HOLD,NOT_ACTIVATED,NOT_ACTIVATED,IDENTITY_REVIEW,DUPLICATE_CANONICAL_SUSPECTED,DUPLICATE_CANONICAL_SUSPECTED,,HIGH
bmw-bmw-x6,BMW,BMW X6,893,128,2564-01,2569-09,settled,HOLD,NOT_ACTIVATED,NOT_ACTIVATED,IDENTITY_REVIEW,DUPLICATE_CANONICAL_SUSPECTED,DUPLICATE_CANONICAL_SUSPECTED,,MEDIUM
bmw-bmw-x7,BMW,BMW X7,1191,107,2564-01,2569-09,settled,HOLD,NOT_ACTIVATED,NOT_ACTIVATED,IDENTITY_REVIEW,DUPLICATE_CANONICAL_SUSPECTED,DUPLICATE_CANONICAL_SUSPECTED,,MEDIUM
bmw-bmw-xm,BMW,BMW XM,214,52,2567-01,2569-09,settled,HOLD,NOT_ACTIVATED,NOT_ACTIVATED,IDENTITY_REVIEW,DUPLICATE_CANONICAL_SUSPECTED,DUPLICATE_CANONICAL_SUSPECTED,,MEDIUM
bmw-bmw-z4,BMW,BMW Z4,562,48,2564-01,2569-09,settled,HOLD,NOT_ACTIVATED,NOT_ACTIVATED,IDENTITY_REVIEW,DUPLICATE_CANONICAL_SUSPECTED,DUPLICATE_CANONICAL_SUSPECTED,,MEDIUM
bmw-m8-competition-coupe__provisional,BMW,M8 COMPETITION COUPE,1,0,2566-06,2566-06,provisional,HOLD,PROVIDER_IDENTITY_PROVISIONAL,PROVIDER_IDENTITY_PROVISIONAL|EXISTING_IDENTITY_SUSPECTED|POSSIBLE_BODY_VARIANT,HOLD,PROVIDER_IDENTITY_PROVISIONAL,PROVIDER_IDENTITY_PROVISIONAL|EXISTING_IDENTITY_SUSPECTED|POSSIBLE_BODY_VARIANT,,LOW
bmw-m8-coupe-rhd__provisional,BMW,M8 Coupe RHD,1,0,2565-01,2565-01,provisional,HOLD,PROVIDER_IDENTITY_PROVISIONAL,PROVIDER_IDENTITY_PROVISIONAL|EXISTING_IDENTITY_SUSPECTED|POSSIBLE_BODY_VARIANT,HOLD,PROVIDER_IDENTITY_PROVISIONAL,PROVIDER_IDENTITY_PROVISIONAL|EXISTING_IDENTITY_SUSPECTED|POSSIBLE_BODY_VARIANT,,LOW
bmw-m8-gran-coupe-rhd__provisional,BMW,M8 Gran Coupe RHD,1,0,2566-12,2566-12,provisional,HOLD,PROVIDER_IDENTITY_PROVISIONAL,PROVIDER_IDENTITY_PROVISIONAL|EXISTING_IDENTITY_SUSPECTED|POSSIBLE_BODY_VARIANT,HOLD,PROVIDER_IDENTITY_PROVISIONAL,PROVIDER_IDENTITY_PROVISIONAL|EXISTING_IDENTITY_SUSPECTED|POSSIBLE_BODY_VARIANT,,LOW
bmw-m850i-xdrive-cabrio-rhd__provisional,BMW,M850i xDrive Cabrio RHD,2,1,2564-09,2568-12,provisional,HOLD,PROVIDER_IDENTITY_PROVISIONAL,PROVIDER_IDENTITY_PROVISIONAL|EXISTING_IDENTITY_SUSPECTED|POSSIBLE_MODEL_CODE,HOLD,PROVIDER_IDENTITY_PROVISIONAL,PROVIDER_IDENTITY_PROVISIONAL|EXISTING_IDENTITY_SUSPECTED|POSSIBLE_MODEL_CODE,,LOW
bmw-m850i-xdrive-coupe-rhd__provisional,BMW,M850i xDrive Coupe RHD,12,0,2564-04,2566-06,provisional,HOLD,PROVIDER_IDENTITY_PROVISIONAL,PROVIDER_IDENTITY_PROVISIONAL|EXISTING_IDENTITY_SUSPECTED|POSSIBLE_MODEL_CODE|POSSIBLE_BODY_VARIANT,HOLD,PROVIDER_IDENTITY_PROVISIONAL,PROVIDER_IDENTITY_PROVISIONAL|EXISTING_IDENTITY_SUSPECTED|POSSIBLE_MODEL_CODE|POSSIBLE_BODY_VARIANT,,LOW
bmw-m850i-xdrive-rhd__provisional,BMW,M850i xDrive RHD,2,1,2567-04,2568-10,provisional,HOLD,PROVIDER_IDENTITY_PROVISIONAL,PROVIDER_IDENTITY_PROVISIONAL|EXISTING_IDENTITY_SUSPECTED|POSSIBLE_MODEL_CODE,HOLD,PROVIDER_IDENTITY_PROVISIONAL,PROVIDER_IDENTITY_PROVISIONAL|EXISTING_IDENTITY_SUSPECTED|POSSIBLE_MODEL_CODE,,LOW
bmw-x2,BMW,BMW X2,64,0,2564-01,2567-09,settled,IDENTITY_REVIEW,PROVIDER_COARSER_THAN_TDR,PROVIDER_COARSER_THAN_TDR,IDENTITY_REVIEW,PROVIDER_COARSER_THAN_TDR,PROVIDER_COARSER_THAN_TDR,,LOW
byd-atto-1,BYD,Atto 1,978,978,2569-05,2569-09,settled,HOLD,NOT_ACTIVATED,NOT_ACTIVATED,IDENTITY_REVIEW,STRUCTURAL_CONFLICT,STRUCTURAL_CONFLICT|DUPLICATE_CANONICAL_SUSPECTED|EXISTING_IDENTITY_SUSPECTED,,MEDIUM
byd-atto-2,BYD,Atto 2,1308,1308,2569-04,2569-09,settled,HOLD,NOT_ACTIVATED,NOT_ACTIVATED,IDENTITY_REVIEW,STRUCTURAL_CONFLICT,STRUCTURAL_CONFLICT|DUPLICATE_CANONICAL_SUSPECTED|EXISTING_IDENTITY_SUSPECTED,,MEDIUM
byd-atto-3,BYD,Atto 3,44588,11475,2565-11,2569-09,settled,HOLD,NOT_ACTIVATED,NOT_ACTIVATED,IDENTITY_REVIEW,STRUCTURAL_CONFLICT,STRUCTURAL_CONFLICT|DUPLICATE_CANONICAL_SUSPECTED|EXISTING_IDENTITY_SUSPECTED,,HIGH
byd-byd-shark-6-limited__provisional,BYD,BYD SHARK 6 LIMITED,1,1,2569-07,2569-07,provisional,HOLD,PROVIDER_IDENTITY_PROVISIONAL,PROVIDER_IDENTITY_PROVISIONAL|EXISTING_IDENTITY_SUSPECTED|PROVIDER_FINER_THAN_TDR|POSSIBLE_TRIM_NOT_MODEL,HOLD,PROVIDER_IDENTITY_PROVISIONAL,PROVIDER_IDENTITY_PROVISIONAL|EXISTING_IDENTITY_SUSPECTED|PROVIDER_FINER_THAN_TDR|POSSIBLE_TRIM_NOT_MODEL,,LOW
byd-byd-t3,BYD,BYD T3,712,260,2564-01,2569-07,settled,HOLD,NOT_ACTIVATED,NOT_ACTIVATED,IDENTITY_REVIEW,DUPLICATE_CANONICAL_SUSPECTED,DUPLICATE_CANONICAL_SUSPECTED,,MEDIUM
byd-dolphin,BYD,Dolphin,45283,12316,2566-02,2569-09,settled,HOLD,NOT_ACTIVATED,NOT_ACTIVATED,IDENTITY_REVIEW,DUPLICATE_CANONICAL_SUSPECTED,DUPLICATE_CANONICAL_SUSPECTED|PROVIDER_COARSER_THAN_TDR,,HIGH
byd-e6,BYD,e6,420,93,2564-10,2569-07,settled,HOLD,NOT_ACTIVATED,NOT_ACTIVATED,IDENTITY_REVIEW,DUPLICATE_CANONICAL_SUSPECTED,DUPLICATE_CANONICAL_SUSPECTED,,MEDIUM
byd-m6,BYD,M6,3856,1354,2567-10,2569-09,settled,HOLD,NOT_ACTIVATED,NOT_ACTIVATED,IDENTITY_REVIEW,DUPLICATE_CANONICAL_SUSPECTED,DUPLICATE_CANONICAL_SUSPECTED,,HIGH
byd-seal,BYD,Seal,11798,3645,2566-11,2569-09,settled,HOLD,NOT_ACTIVATED,NOT_ACTIVATED,IDENTITY_REVIEW,DUPLICATE_CANONICAL_SUSPECTED,DUPLICATE_CANONICAL_SUSPECTED|PROVIDER_COARSER_THAN_TDR,,HIGH
byd-sealion-5,BYD,Sealion 5,946,946,2569-06,2569-09,settled,HOLD,NOT_ACTIVATED,NOT_ACTIVATED,IDENTITY_REVIEW,STRUCTURAL_CONFLICT,STRUCTURAL_CONFLICT|DUPLICATE_CANONICAL_SUSPECTED|EXISTING_IDENTITY_SUSPECTED,,MEDIUM
byd-sealion-6,BYD,Sealion 6,12545,5302,2568-02,2569-09,settled,HOLD,NOT_ACTIVATED,NOT_ACTIVATED,IDENTITY_REVIEW,STRUCTURAL_CONFLICT,STRUCTURAL_CONFLICT|DUPLICATE_CANONICAL_SUSPECTED|EXISTING_IDENTITY_SUSPECTED,,HIGH
byd-sealion-7,BYD,Sealion 7,11136,3680,2568-01,2569-09,settled,HOLD,NOT_ACTIVATED,NOT_ACTIVATED,IDENTITY_REVIEW,STRUCTURAL_CONFLICT,STRUCTURAL_CONFLICT|DUPLICATE_CANONICAL_SUSPECTED|EXISTING_IDENTITY_SUSPECTED,,HIGH
changan-changan-nevo-q05,CHANGAN,Changan Nevo Q05,2153,2153,2569-07,2569-09,settled,HOLD,NOT_ACTIVATED,NOT_ACTIVATED,IDENTITY_REVIEW,DUPLICATE_CANONICAL_SUSPECTED,DUPLICATE_CANONICAL_SUSPECTED,,HIGH
changan-deepal-e07,CHANGAN,Deepal E07,289,86,2568-02,2569-09,settled,HOLD,NOT_ACTIVATED,NOT_ACTIVATED,IDENTITY_REVIEW,STRUCTURAL_CONFLICT,STRUCTURAL_CONFLICT|DUPLICATE_CANONICAL_SUSPECTED,,MEDIUM
changan-deepal-hunter,CHANGAN,Deepal Hunter,33,27,2568-07,2569-09,settled,HOLD,NOT_ACTIVATED,NOT_ACTIVATED,IDENTITY_REVIEW,STRUCTURAL_CONFLICT,STRUCTURAL_CONFLICT|DUPLICATE_CANONICAL_SUSPECTED,,LOW
changan-deepal-l07,CHANGAN,Deepal L07,1512,312,2567-01,2569-07,settled,HOLD,NOT_ACTIVATED,NOT_ACTIVATED,IDENTITY_REVIEW,STRUCTURAL_CONFLICT,STRUCTURAL_CONFLICT|DUPLICATE_CANONICAL_SUSPECTED,,MEDIUM
changan-deepal-s05,CHANGAN,Deepal S05,11983,10717,2568-07,2569-09,settled,HOLD,NOT_ACTIVATED,NOT_ACTIVATED,IDENTITY_REVIEW,STRUCTURAL_CONFLICT,STRUCTURAL_CONFLICT|DUPLICATE_CANONICAL_SUSPECTED,,HIGH
changan-deepal-s07,CHANGAN,Deepal S07,11650,2969,2567-01,2569-09,settled,HOLD,NOT_ACTIVATED,NOT_ACTIVATED,IDENTITY_REVIEW,STRUCTURAL_CONFLICT,STRUCTURAL_CONFLICT|DUPLICATE_CANONICAL_SUSPECTED,,HIGH
changan-lumin,CHANGAN,Lumin,6272,3421,2567-05,2569-09,settled,HOLD,NOT_ACTIVATED,NOT_ACTIVATED,IDENTITY_REVIEW,DUPLICATE_CANONICAL_SUSPECTED,DUPLICATE_CANONICAL_SUSPECTED,,HIGH
chenglong-chenglong-lz3240m3cc2,CHENGLONG,Chenglong LZ3240M3CC2,1,1,2569-02,2569-02,settled,HOLD,PROVIDER_RAW_NAME,PROVIDER_RAW_NAME|BRAND_NOT_IN_TDR,HOLD,PROVIDER_RAW_NAME,PROVIDER_RAW_NAME|BRAND_NOT_IN_TDR,,LOW
chery-chery-c5-ev-omoda-e5,CHERY,Chery C5 EV (Omoda E5),4459,2777,2567-11,2569-09,settled,IDENTITY_REVIEW,PROVIDER_FINER_THAN_TDR,PROVIDER_FINER_THAN_TDR|POSSIBLE_POWERTRAIN_DERIVATIVE,IDENTITY_REVIEW,PROVIDER_FINER_THAN_TDR,PROVIDER_FINER_THAN_TDR|POSSIBLE_POWERTRAIN_DERIVATIVE,,HIGH
chery-chery-q,CHERY,Chery Q,332,332,2569-08,2569-09,settled,IDENTITY_REVIEW,POSSIBLE_TRUNCATED_NAME,POSSIBLE_TRUNCATED_NAME,IDENTITY_REVIEW,POSSIBLE_TRUNCATED_NAME,POSSIBLE_TRUNCATED_NAME,,MEDIUM
chery-chery-v23,CHERY,Chery V23,7711,7711,2568-11,2569-09,settled,HOLD,NOT_ACTIVATED,NOT_ACTIVATED,IDENTITY_REVIEW,DUPLICATE_CANONICAL_SUSPECTED,DUPLICATE_CANONICAL_SUSPECTED,,HIGH
chery-tiggo-8,CHERY,Tiggo 8,139,139,2569-04,2569-09,settled,HOLD,NOT_ACTIVATED,NOT_ACTIVATED,IDENTITY_REVIEW,STRUCTURAL_CONFLICT,STRUCTURAL_CONFLICT|DUPLICATE_CANONICAL_SUSPECTED,,MEDIUM
chery-tiggo-cross,CHERY,Tiggo Cross,1,0,2564-04,2564-04,settled,IDENTITY_REVIEW,EXISTING_IDENTITY_SUSPECTED,EXISTING_IDENTITY_SUSPECTED,IDENTITY_REVIEW,STRUCTURAL_CONFLICT,STRUCTURAL_CONFLICT|EXISTING_IDENTITY_SUSPECTED,,LOW
chevrolet-camaro-2ss-coupe-62l-v8__provisional,CHEVROLET,CAMARO 2SS COUPE 6.2L V8,1,0,2564-02,2564-02,provisional,HOLD,PROVIDER_IDENTITY_PROVISIONAL,PROVIDER_IDENTITY_PROVISIONAL|POSSIBLE_POWERTRAIN_DERIVATIVE|POSSIBLE_BODY_VARIANT,HOLD,PROVIDER_IDENTITY_PROVISIONAL,PROVIDER_IDENTITY_PROVISIONAL|POSSIBLE_POWERTRAIN_DERIVATIVE|POSSIBLE_BODY_VARIANT,,LOW
chevrolet-camaro-coupe__provisional,CHEVROLET,CAMARO COUPE,1,0,2568-07,2568-07,provisional,HOLD,PROVIDER_IDENTITY_PROVISIONAL,PROVIDER_IDENTITY_PROVISIONAL|POSSIBLE_BODY_VARIANT,HOLD,PROVIDER_IDENTITY_PROVISIONAL,PROVIDER_IDENTITY_PROVISIONAL|POSSIBLE_BODY_VARIANT,,LOW
chevrolet-chevrolet-captiva,CHEVROLET,Chevrolet Captiva,215,3,2564-01,2569-06,settled,HOLD,NOT_ACTIVATED,NOT_ACTIVATED,IDENTITY_REVIEW,DUPLICATE_CANONICAL_SUSPECTED,DUPLICATE_CANONICAL_SUSPECTED,,MEDIUM
chevrolet-chevrolet-colorado,CHEVROLET,Chevrolet Colorado,499,5,2564-01,2569-02,settled,IDENTITY_REVIEW,PROVIDER_COARSER_THAN_TDR,PROVIDER_COARSER_THAN_TDR,IDENTITY_REVIEW,PROVIDER_COARSER_THAN_TDR,PROVIDER_COARSER_THAN_TDR,,MEDIUM
chevrolet-chevrolet-corvette,CHEVROLET,Chevrolet Corvette,82,9,2564-03,2569-08,settled,CREATE_IDENTITY,NEW_IDENTITY_CONFIRMED,NEW_IDENTITY_CONFIRMED,CREATE_IDENTITY,NEW_IDENTITY_CONFIRMED,NEW_IDENTITY_CONFIRMED,chevrolet.corvette,LOW
chevrolet-trailblazer,CHEVROLET,Chevrolet Trailblazer,88,1,2564-01,2568-10,settled,CREATE_IDENTITY,NEW_IDENTITY_CONFIRMED,NEW_IDENTITY_CONFIRMED,CREATE_IDENTITY,NEW_IDENTITY_CONFIRMED,NEW_IDENTITY_CONFIRMED,chevrolet.trailblazer,LOW
citroen-citroen-ds3,CITROEN,Citroen DS3,2,1,2564-02,2569-02,settled,IDENTITY_REVIEW,BRAND_NOT_IN_TDR,BRAND_NOT_IN_TDR,IDENTITY_REVIEW,BRAND_NOT_IN_TDR,BRAND_NOT_IN_TDR,,LOW
daihatsu-daihatsu-copen,DAIHATSU,Daihatsu Copen,22,4,2565-12,2569-08,settled,CREATE_IDENTITY,NEW_IDENTITY_CONFIRMED,NEW_IDENTITY_CONFIRMED,CREATE_IDENTITY,NEW_IDENTITY_CONFIRMED,NEW_IDENTITY_CONFIRMED,daihatsu.copen,LOW
daihatsu-daihatsu-hijet,DAIHATSU,Daihatsu Hijet,369,58,2564-01,2569-09,settled,HOLD,NOT_ACTIVATED,NOT_ACTIVATED,IDENTITY_REVIEW,DUPLICATE_CANONICAL_SUSPECTED,DUPLICATE_CANONICAL_SUSPECTED,,MEDIUM
daihatsu-daihatsu-move,DAIHATSU,Daihatsu Move,41,6,2564-08,2569-08,settled,CREATE_IDENTITY,NEW_IDENTITY_CONFIRMED,NEW_IDENTITY_CONFIRMED,CREATE_IDENTITY,NEW_IDENTITY_CONFIRMED,NEW_IDENTITY_CONFIRMED,daihatsu.move,LOW
dayun-dayun-dyq1033bev1r-h,DAYUN,Dayun DYQ1033BEV1R-H,2,2,2569-06,2569-06,settled,HOLD,PROVIDER_RAW_NAME,PROVIDER_RAW_NAME|BRAND_NOT_IN_TDR,HOLD,PROVIDER_RAW_NAME,PROVIDER_RAW_NAME|BRAND_NOT_IN_TDR,,LOW
denza-denza-d9,DENZA,Denza D9,4072,1257,2568-01,2569-09,settled,HOLD,NOT_ACTIVATED,NOT_ACTIVATED,IDENTITY_REVIEW,DUPLICATE_CANONICAL_SUSPECTED,DUPLICATE_CANONICAL_SUSPECTED,,HIGH
dfsk-dfsk-glory,DFSK,DFSK Glory,70,3,2564-11,2569-02,settled,IDENTITY_REVIEW,BRAND_NOT_IN_TDR,BRAND_NOT_IN_TDR,IDENTITY_REVIEW,BRAND_NOT_IN_TDR,BRAND_NOT_IN_TDR,,LOW
dongfeng-dongfeng-e-star,DONGFENG,Dongfeng E-STAR,2,2,2569-06,2569-06,settled,IDENTITY_REVIEW,BRAND_NOT_IN_TDR,BRAND_NOT_IN_TDR,IDENTITY_REVIEW,BRAND_NOT_IN_TDR,BRAND_NOT_IN_TDR,,LOW
eveasy-eveasy-gse,EVEASY,Eveasy GSE,14,14,2569-04,2569-04,settled,IDENTITY_REVIEW,BRAND_NOT_IN_TDR,BRAND_NOT_IN_TDR,IDENTITY_REVIEW,BRAND_NOT_IN_TDR,BRAND_NOT_IN_TDR,,LOW
farizon-farizon-mpv-sv6,FARIZON,Farizon MPV SV6,1,1,2569-09,2569-09,settled,IDENTITY_REVIEW,POSSIBLE_BODY_VARIANT,POSSIBLE_BODY_VARIANT,IDENTITY_REVIEW,POSSIBLE_BODY_VARIANT,POSSIBLE_BODY_VARIANT,,LOW
farizon-farizon-sv,FARIZON,Farizon SV,64,62,2568-09,2569-09,settled,HOLD,NOT_ACTIVATED,NOT_ACTIVATED,IDENTITY_REVIEW,DUPLICATE_CANONICAL_SUSPECTED,DUPLICATE_CANONICAL_SUSPECTED,,LOW
faw-faw-ca1040p40k58le5yza84,FAW,FAW CA1040P40K58LE5YZA84,2,2,2569-02,2569-02,settled,HOLD,PROVIDER_RAW_NAME,PROVIDER_RAW_NAME|BRAND_NOT_IN_TDR,HOLD,PROVIDER_RAW_NAME,PROVIDER_RAW_NAME|BRAND_NOT_IN_TDR,,LOW
ferrari-348-spider__provisional,FERRARI,348 SPIDER,1,0,2565-08,2565-08,provisional,HOLD,PROVIDER_IDENTITY_PROVISIONAL,PROVIDER_IDENTITY_PROVISIONAL,HOLD,PROVIDER_IDENTITY_PROVISIONAL,PROVIDER_IDENTITY_PROVISIONAL,,LOW
ferrari-ferrari-12cilindri,FERRARI,Ferrari 12CILINDRI,6,6,2568-11,2569-09,settled,HOLD,NOT_ACTIVATED,NOT_ACTIVATED,HOLD,PROVIDER_RAW_NAME,PROVIDER_RAW_NAME|DUPLICATE_CANONICAL_SUSPECTED,,LOW
ferrari-ferrari-296,FERRARI,Ferrari 296,95,17,2566-05,2569-09,settled,HOLD,NOT_ACTIVATED,NOT_ACTIVATED,IDENTITY_REVIEW,DUPLICATE_CANONICAL_SUSPECTED,DUPLICATE_CANONICAL_SUSPECTED,,LOW
ferrari-ferrari-488,FERRARI,Ferrari 488,35,1,2564-01,2569-03,settled,CREATE_IDENTITY,NEW_IDENTITY_CONFIRMED,NEW_IDENTITY_CONFIRMED,CREATE_IDENTITY,NEW_IDENTITY_CONFIRMED,NEW_IDENTITY_CONFIRMED,ferrari.488,LOW
ferrari-ferrari-f8,FERRARI,Ferrari F8,90,2,2564-02,2569-06,settled,HOLD,NOT_ACTIVATED,NOT_ACTIVATED,IDENTITY_REVIEW,DUPLICATE_CANONICAL_SUSPECTED,DUPLICATE_CANONICAL_SUSPECTED,,LOW
ferrari-ferrari-portofino,FERRARI,Ferrari Portofino,21,2,2564-03,2569-06,settled,CREATE_IDENTITY,NEW_IDENTITY_CONFIRMED,NEW_IDENTITY_CONFIRMED,CREATE_IDENTITY,NEW_IDENTITY_CONFIRMED,NEW_IDENTITY_CONFIRMED,ferrari.portofino,LOW
ferrari-ferrari-purosangue,FERRARI,Ferrari Purosangue,23,4,2567-03,2569-09,settled,CREATE_IDENTITY,NEW_IDENTITY_CONFIRMED,NEW_IDENTITY_CONFIRMED,CREATE_IDENTITY,NEW_IDENTITY_CONFIRMED,NEW_IDENTITY_CONFIRMED,ferrari.purosangue,LOW
ferrari-ferrari-roma,FERRARI,Ferrari Roma,34,3,2564-08,2569-03,settled,HOLD,NOT_ACTIVATED,NOT_ACTIVATED,IDENTITY_REVIEW,DUPLICATE_CANONICAL_SUSPECTED,DUPLICATE_CANONICAL_SUSPECTED,,LOW
ferrari-ferrari-sf90,FERRARI,Ferrari SF90,30,3,2564-12,2569-08,settled,HOLD,NOT_ACTIVATED,NOT_ACTIVATED,IDENTITY_REVIEW,DUPLICATE_CANONICAL_SUSPECTED,DUPLICATE_CANONICAL_SUSPECTED,,LOW
fomm-fomm-one,FOMM,FOMM One,186,3,2564-01,2569-03,settled,HOLD,NOT_ACTIVATED,NOT_ACTIVATED,IDENTITY_REVIEW,DUPLICATE_CANONICAL_SUSPECTED,DUPLICATE_CANONICAL_SUSPECTED,,MEDIUM
ford-ford-everest,FORD,Ford Everest,47508,6913,2564-01,2569-09,settled,HOLD,NOT_ACTIVATED,NOT_ACTIVATED,IDENTITY_REVIEW,DUPLICATE_CANONICAL_SUSPECTED,DUPLICATE_CANONICAL_SUSPECTED,,HIGH
ford-ford-focus,FORD,FORD Focus,29,1,2564-01,2569-03,settled,CREATE_IDENTITY,NEW_IDENTITY_CONFIRMED,NEW_IDENTITY_CONFIRMED,CREATE_IDENTITY,NEW_IDENTITY_CONFIRMED,NEW_IDENTITY_CONFIRMED,ford.focus,LOW
ford-ford-mustang,FORD,Ford Mustang,508,24,2564-01,2569-09,settled,HOLD,NOT_ACTIVATED,NOT_ACTIVATED,IDENTITY_REVIEW,DUPLICATE_CANONICAL_SUSPECTED,DUPLICATE_CANONICAL_SUSPECTED,,MEDIUM
ford-ford-ranger,FORD,Ford Ranger,109610,8208,2564-01,2569-09,settled,HOLD,NOT_ACTIVATED,NOT_ACTIVATED,IDENTITY_REVIEW,DUPLICATE_CANONICAL_SUSPECTED,DUPLICATE_CANONICAL_SUSPECTED,,HIGH
ford-ford-ranger-raptor,FORD,Ford Ranger Raptor,12839,1548,2564-01,2569-09,settled,HOLD,NOT_ACTIVATED,NOT_ACTIVATED,IDENTITY_REVIEW,STRUCTURAL_CONFLICT,STRUCTURAL_CONFLICT|DUPLICATE_CANONICAL_SUSPECTED|PROVIDER_FINER_THAN_TDR,,HIGH
foton-bj1041,FOTON,Foton BJ1041,81,0,2564-01,2567-11,settled,CREATE_IDENTITY,NEW_IDENTITY_CONFIRMED,NEW_IDENTITY_CONFIRMED,CREATE_IDENTITY,NEW_IDENTITY_CONFIRMED,NEW_IDENTITY_CONFIRMED,foton.bj1041,LOW
foton-bj6536b1dwa-r-view__provisional,FOTON,BJ6536B1DWA - R VIEW,1,0,2565-05,2565-05,provisional,HOLD,PROVIDER_IDENTITY_PROVISIONAL,PROVIDER_IDENTITY_PROVISIONAL|PROVIDER_RAW_NAME,HOLD,PROVIDER_IDENTITY_PROVISIONAL,PROVIDER_IDENTITY_PROVISIONAL|PROVIDER_RAW_NAME,,LOW
foton-e-view-cs2-cargo__provisional,FOTON,E-VIEW CS2 CARGO,1,0,2568-04,2568-04,provisional,HOLD,PROVIDER_IDENTITY_PROVISIONAL,PROVIDER_IDENTITY_PROVISIONAL,HOLD,PROVIDER_IDENTITY_PROVISIONAL,PROVIDER_IDENTITY_PROVISIONAL,,LOW
foton-e-view-cs2-passenger__provisional,FOTON,E-VIEW CS2 PASSENGER,1,0,2568-04,2568-04,provisional,HOLD,PROVIDER_IDENTITY_PROVISIONAL,PROVIDER_IDENTITY_PROVISIONAL,HOLD,PROVIDER_IDENTITY_PROVISIONAL,PROVIDER_IDENTITY_PROVISIONAL,,LOW
foton-eview,FOTON,Foton eView,144,144,2569-08,2569-09,settled,CREATE_IDENTITY,NEW_IDENTITY_CONFIRMED,NEW_IDENTITY_CONFIRMED,CREATE_IDENTITY,NEW_IDENTITY_CONFIRMED,NEW_IDENTITY_CONFIRMED,foton.eview,MEDIUM
foton-foton-bj1031evja3,FOTON,Foton BJ1031EVJA3,487,30,2566-07,2569-08,settled,HOLD,PROVIDER_RAW_NAME,PROVIDER_RAW_NAME,HOLD,PROVIDER_RAW_NAME,PROVIDER_RAW_NAME,,MEDIUM
foton-foton-bj1031evja4,FOTON,Foton BJ1031EVJA4,27,27,2568-10,2569-09,settled,HOLD,PROVIDER_RAW_NAME,PROVIDER_RAW_NAME,HOLD,PROVIDER_RAW_NAME,PROVIDER_RAW_NAME,,LOW
foton-foton-bj1044evjar,FOTON,Foton BJ1044EVJAR,86,78,2567-11,2569-09,settled,HOLD,PROVIDER_RAW_NAME,PROVIDER_RAW_NAME,HOLD,PROVIDER_RAW_NAME,PROVIDER_RAW_NAME,,LOW
foton-foton-bj1044v9jb3-r1,FOTON,Foton BJ1044V9JB3-R1,59,55,2568-04,2569-09,settled,HOLD,PROVIDER_RAW_NAME,PROVIDER_RAW_NAME,HOLD,PROVIDER_RAW_NAME,PROVIDER_RAW_NAME,,LOW
foton-foton-bj1045v8jd3-fa,FOTON,Foton BJ1045V8JD3-FA,248,9,2565-08,2569-09,settled,HOLD,PROVIDER_RAW_NAME,PROVIDER_RAW_NAME,HOLD,PROVIDER_RAW_NAME,PROVIDER_RAW_NAME,,MEDIUM
foton-foton-bj1045v9jd4-r1,FOTON,Foton BJ1045V9JD4-R1,361,353,2568-06,2569-09,settled,HOLD,PROVIDER_RAW_NAME,PROVIDER_RAW_NAME,HOLD,PROVIDER_RAW_NAME,PROVIDER_RAW_NAME,,MEDIUM
foton-foton-etunland,FOTON,Foton Etunland,23,22,2568-04,2569-09,settled,IDENTITY_REVIEW,STRUCTURAL_CONFLICT,STRUCTURAL_CONFLICT|DUPLICATE_CANONICAL_SUSPECTED,IDENTITY_REVIEW,STRUCTURAL_CONFLICT,STRUCTURAL_CONFLICT|DUPLICATE_CANONICAL_SUSPECTED,,LOW
foton-tunland,FOTON,Foton Tunland,140,0,2564-01,2566-07,settled,IDENTITY_REVIEW,STRUCTURAL_CONFLICT,STRUCTURAL_CONFLICT|DUPLICATE_CANONICAL_SUSPECTED,IDENTITY_REVIEW,STRUCTURAL_CONFLICT,STRUCTURAL_CONFLICT|DUPLICATE_CANONICAL_SUSPECTED,,MEDIUM
gac-gac-m8,GAC,GAC M8,350,343,2568-09,2569-09,settled,HOLD,NOT_ACTIVATED,NOT_ACTIVATED,IDENTITY_REVIEW,DUPLICATE_CANONICAL_SUSPECTED,DUPLICATE_CANONICAL_SUSPECTED,,MEDIUM
geely-geely-ex2,GEELY,Geely EX2,10490,10490,2569-02,2569-09,settled,HOLD,NOT_ACTIVATED,NOT_ACTIVATED,IDENTITY_REVIEW,DUPLICATE_CANONICAL_SUSPECTED,DUPLICATE_CANONICAL_SUSPECTED,,HIGH
geely-geely-ex5,GEELY,Geely EX5,4346,3295,2568-04,2569-09,settled,HOLD,NOT_ACTIVATED,NOT_ACTIVATED,IDENTITY_REVIEW,DUPLICATE_CANONICAL_SUSPECTED,DUPLICATE_CANONICAL_SUSPECTED,,HIGH
gmc-gmc-yukon,GMC,GMC Yukon,3,2,2567-02,2569-06,settled,IDENTITY_REVIEW,BRAND_NOT_IN_TDR,BRAND_NOT_IN_TDR,IDENTITY_REVIEW,BRAND_NOT_IN_TDR,BRAND_NOT_IN_TDR,,LOW
gwm-gwm-poer,GWM,GWM Poer,232,212,2566-12,2569-09,settled,HOLD,NOT_ACTIVATED,NOT_ACTIVATED,IDENTITY_REVIEW,DUPLICATE_CANONICAL_SUSPECTED,DUPLICATE_CANONICAL_SUSPECTED,,MEDIUM
gwm-haval-h6,GWM,Haval H6,12225,1195,2564-08,2569-09,settled,HOLD,NOT_ACTIVATED,NOT_ACTIVATED,IDENTITY_REVIEW,STRUCTURAL_CONFLICT,STRUCTURAL_CONFLICT|DUPLICATE_CANONICAL_SUSPECTED|EXISTING_IDENTITY_SUSPECTED,,HIGH
gwm-haval-jolion,GWM,Haval Jolion,9586,373,2565-01,2569-09,settled,HOLD,NOT_ACTIVATED,NOT_ACTIVATED,IDENTITY_REVIEW,STRUCTURAL_CONFLICT,STRUCTURAL_CONFLICT|DUPLICATE_CANONICAL_SUSPECTED|EXISTING_IDENTITY_SUSPECTED,,HIGH
gwm-ora-07,GWM,Ora 07,1698,156,2566-12,2569-02,settled,IDENTITY_REVIEW,STRUCTURAL_CONFLICT,STRUCTURAL_CONFLICT|EXISTING_IDENTITY_SUSPECTED|PROVIDER_FINER_THAN_TDR,IDENTITY_REVIEW,STRUCTURAL_CONFLICT,STRUCTURAL_CONFLICT|EXISTING_IDENTITY_SUSPECTED|PROVIDER_FINER_THAN_TDR,,MEDIUM
gwm-ora-5,GWM,Ora 5,4809,4809,2569-06,2569-09,settled,IDENTITY_REVIEW,STRUCTURAL_CONFLICT,STRUCTURAL_CONFLICT|EXISTING_IDENTITY_SUSPECTED|PROVIDER_FINER_THAN_TDR,IDENTITY_REVIEW,STRUCTURAL_CONFLICT,STRUCTURAL_CONFLICT|EXISTING_IDENTITY_SUSPECTED|PROVIDER_FINER_THAN_TDR,,HIGH
gwm-ora-good-cat,GWM,Ora Good Cat,20823,3530,2565-01,2569-08,settled,HOLD,NOT_ACTIVATED,NOT_ACTIVATED,IDENTITY_REVIEW,STRUCTURAL_CONFLICT,STRUCTURAL_CONFLICT|DUPLICATE_CANONICAL_SUSPECTED|EXISTING_IDENTITY_SUSPECTED,,HIGH
gwm-tank-300,GWM,Tank 300,12017,8294,2566-11,2569-09,settled,HOLD,NOT_ACTIVATED,NOT_ACTIVATED,IDENTITY_REVIEW,STRUCTURAL_CONFLICT,STRUCTURAL_CONFLICT|DUPLICATE_CANONICAL_SUSPECTED|EXISTING_IDENTITY_SUSPECTED,,HIGH
gwm-tank-500,GWM,Tank 500,1524,1085,2566-11,2569-09,settled,HOLD,NOT_ACTIVATED,NOT_ACTIVATED,IDENTITY_REVIEW,STRUCTURAL_CONFLICT,STRUCTURAL_CONFLICT|DUPLICATE_CANONICAL_SUSPECTED|EXISTING_IDENTITY_SUSPECTED,,MEDIUM
gwm-wey-g9,GWM,Wey G9,333,333,2569-03,2569-09,settled,HOLD,NOT_ACTIVATED,NOT_ACTIVATED,IDENTITY_REVIEW,DUPLICATE_CANONICAL_SUSPECTED,DUPLICATE_CANONICAL_SUSPECTED,,MEDIUM
higer-higer-klq6540evn3r,HIGER,Higer KLQ6540EVN3R,8,8,2569-02,2569-02,settled,HOLD,PROVIDER_RAW_NAME,PROVIDER_RAW_NAME|BRAND_NOT_IN_TDR,HOLD,PROVIDER_RAW_NAME,PROVIDER_RAW_NAME|BRAND_NOT_IN_TDR,,LOW
hino-hino-fg8jj1a-jjt,HINO,HINO FG8JJ1A-JJT,125,2,2564-01,2569-09,settled,HOLD,PROVIDER_RAW_NAME,PROVIDER_RAW_NAME,HOLD,PROVIDER_RAW_NAME,PROVIDER_RAW_NAME,,MEDIUM
hino-hino-fg8jj3a-acdmh,HINO,HINO FG8JJ3A-ACDMH,2,2,2569-07,2569-09,settled,HOLD,PROVIDER_RAW_NAME,PROVIDER_RAW_NAME,HOLD,PROVIDER_RAW_NAME,PROVIDER_RAW_NAME,,LOW
hino-hino-fm1an1d-sht,HINO,HINO FM1AN1D-SHT,17,2,2564-08,2569-02,settled,HOLD,PROVIDER_RAW_NAME,PROVIDER_RAW_NAME,HOLD,PROVIDER_RAW_NAME,PROVIDER_RAW_NAME,,LOW
hino-hino-fm2pn1d-xht,HINO,HINO FM2PN1D-XHT,11,1,2564-09,2569-01,settled,HOLD,PROVIDER_RAW_NAME,PROVIDER_RAW_NAME,HOLD,PROVIDER_RAW_NAME,PROVIDER_RAW_NAME,,LOW
hino-hino-fm8jn1d-sgt,HINO,HINO FM8JN1D-SGT,66,6,2564-01,2569-04,settled,HOLD,PROVIDER_RAW_NAME,PROVIDER_RAW_NAME,HOLD,PROVIDER_RAW_NAME,PROVIDER_RAW_NAME,,LOW
hino-hino-fm8jn3d-cddmh,HINO,HINO FM8JN3D-CDDMH,1,1,2569-09,2569-09,settled,HOLD,PROVIDER_RAW_NAME,PROVIDER_RAW_NAME,HOLD,PROVIDER_RAW_NAME,PROVIDER_RAW_NAME,,LOW
hino-hino-xzu600r-hkmqlt3,HINO,HINO XZU600R-HKMQLT3,19,15,2567-08,2569-04,settled,HOLD,PROVIDER_RAW_NAME,PROVIDER_RAW_NAME|POSSIBLE_MODEL_CODE,HOLD,PROVIDER_RAW_NAME,PROVIDER_RAW_NAME|POSSIBLE_MODEL_CODE,,LOW
hino-hino-xzu600r-wkmlst3,HINO,HINO XZU600R-WKMLST3,2634,224,2564-01,2569-09,settled,HOLD,PROVIDER_RAW_NAME,PROVIDER_RAW_NAME|POSSIBLE_MODEL_CODE,HOLD,PROVIDER_RAW_NAME,PROVIDER_RAW_NAME|POSSIBLE_MODEL_CODE,,HIGH
hino-hino-xzu600r-wktlst3,HINO,HINO XZU600R-WKTLST3,25,25,2568-11,2569-09,settled,HOLD,PROVIDER_RAW_NAME,PROVIDER_RAW_NAME|POSSIBLE_MODEL_CODE,HOLD,PROVIDER_RAW_NAME,PROVIDER_RAW_NAME|POSSIBLE_MODEL_CODE,,LOW
hino-hino-xzu720r-wkftst3,HINO,HINO XZU720R-WKFTST3,6,3,2565-08,2569-05,settled,HOLD,PROVIDER_RAW_NAME,PROVIDER_RAW_NAME|POSSIBLE_MODEL_CODE,HOLD,PROVIDER_RAW_NAME,PROVIDER_RAW_NAME|POSSIBLE_MODEL_CODE,,LOW
honda-accord,HONDA,Accord,17222,1820,2564-01,2569-09,settled,HOLD,NOT_ACTIVATED,NOT_ACTIVATED,IDENTITY_REVIEW,DUPLICATE_CANONICAL_SUSPECTED,DUPLICATE_CANONICAL_SUSPECTED,,HIGH
honda-br-v,HONDA,BR-V,4130,8,2564-01,2569-09,settled,HOLD,NOT_ACTIVATED,NOT_ACTIVATED,IDENTITY_REVIEW,STRUCTURAL_CONFLICT,STRUCTURAL_CONFLICT|DUPLICATE_CANONICAL_SUSPECTED|EXISTING_IDENTITY_SUSPECTED,,HIGH
honda-brio,HONDA,Brio,31,1,2564-02,2569-08,settled,CREATE_IDENTITY,NEW_IDENTITY_CONFIRMED,NEW_IDENTITY_CONFIRMED,CREATE_IDENTITY,NEW_IDENTITY_CONFIRMED,NEW_IDENTITY_CONFIRMED,honda.brio,LOW
honda-city,HONDA,City,110131,11248,2564-01,2569-09,settled,HOLD,NOT_ACTIVATED,NOT_ACTIVATED,IDENTITY_REVIEW,DUPLICATE_CANONICAL_SUSPECTED,DUPLICATE_CANONICAL_SUSPECTED|PROVIDER_COARSER_THAN_TDR,,HIGH
honda-city-hatchback,HONDA,City Hatchback,106582,16297,2564-02,2569-09,settled,HOLD,NOT_ACTIVATED,NOT_ACTIVATED,IDENTITY_REVIEW,STRUCTURAL_CONFLICT,STRUCTURAL_CONFLICT|DUPLICATE_CANONICAL_SUSPECTED|PROVIDER_FINER_THAN_TDR|POSSIBLE_BODY_VARIANT,,HIGH
honda-civic,HONDA,Civic,75495,11220,2564-01,2569-09,settled,HOLD,NOT_ACTIVATED,NOT_ACTIVATED,IDENTITY_REVIEW,DUPLICATE_CANONICAL_SUSPECTED,DUPLICATE_CANONICAL_SUSPECTED,,HIGH
honda-cr-v,HONDA,CR-V,38413,7042,2564-01,2569-09,settled,HOLD,NOT_ACTIVATED,NOT_ACTIVATED,IDENTITY_REVIEW,STRUCTURAL_CONFLICT,STRUCTURAL_CONFLICT|DUPLICATE_CANONICAL_SUSPECTED|EXISTING_IDENTITY_SUSPECTED,,HIGH
honda-en1,HONDA,e:N1,696,246,2567-04,2569-09,settled,HOLD,NOT_ACTIVATED,NOT_ACTIVATED,IDENTITY_REVIEW,DUPLICATE_CANONICAL_SUSPECTED,DUPLICATE_CANONICAL_SUSPECTED,,MEDIUM
honda-en2,HONDA,e:N2,61,61,2569-03,2569-09,settled,HOLD,NOT_ACTIVATED,NOT_ACTIVATED,IDENTITY_REVIEW,DUPLICATE_CANONICAL_SUSPECTED,DUPLICATE_CANONICAL_SUSPECTED,,LOW
honda-honda-acty,HONDA,Honda Acty,7,2,2565-02,2569-03,settled,CREATE_IDENTITY,NEW_IDENTITY_CONFIRMED,NEW_IDENTITY_CONFIRMED,CREATE_IDENTITY,NEW_IDENTITY_CONFIRMED,NEW_IDENTITY_CONFIRMED,honda.acty,LOW
honda-honda-amaze,HONDA,Honda Amaze,1,1,2569-03,2569-03,settled,CREATE_IDENTITY,NEW_IDENTITY_CONFIRMED,NEW_IDENTITY_CONFIRMED,CREATE_IDENTITY,NEW_IDENTITY_CONFIRMED,NEW_IDENTITY_CONFIRMED,honda.amaze,LOW
honda-honda-e,HONDA,Honda E,2,0,2564-08,2567-09,settled,IDENTITY_REVIEW,PROVIDER_COARSER_THAN_TDR,PROVIDER_COARSER_THAN_TDR|POSSIBLE_TRUNCATED_NAME,IDENTITY_REVIEW,PROVIDER_COARSER_THAN_TDR,PROVIDER_COARSER_THAN_TDR|POSSIBLE_TRUNCATED_NAME,,LOW
honda-honda-fit,HONDA,Honda FIT,2,2,2568-11,2569-02,settled,CREATE_IDENTITY,NEW_IDENTITY_CONFIRMED,NEW_IDENTITY_CONFIRMED,CREATE_IDENTITY,NEW_IDENTITY_CONFIRMED,NEW_IDENTITY_CONFIRMED,honda.fit,LOW
honda-honda-freed,HONDA,Honda Freed,4,1,2564-10,2569-05,settled,CREATE_IDENTITY,NEW_IDENTITY_CONFIRMED,NEW_IDENTITY_CONFIRMED,CREATE_IDENTITY,NEW_IDENTITY_CONFIRMED,NEW_IDENTITY_CONFIRMED,honda.freed,LOW
honda-honda-mobilio,HONDA,Honda Mobilio,347,4,2564-01,2569-08,settled,HOLD,NOT_ACTIVATED,NOT_ACTIVATED,IDENTITY_REVIEW,DUPLICATE_CANONICAL_SUSPECTED,DUPLICATE_CANONICAL_SUSPECTED,,MEDIUM
honda-honda-n-box,HONDA,Honda N-BOX,71,7,2564-02,2569-09,settled,CREATE_IDENTITY,NEW_IDENTITY_CONFIRMED,NEW_IDENTITY_CONFIRMED,CREATE_IDENTITY,NEW_IDENTITY_CONFIRMED,NEW_IDENTITY_CONFIRMED,honda.n_box,LOW
honda-honda-odyssey,HONDA,Honda Odyssey,122,11,2564-04,2569-09,settled,HOLD,NOT_ACTIVATED,NOT_ACTIVATED,IDENTITY_REVIEW,DUPLICATE_CANONICAL_SUSPECTED,DUPLICATE_CANONICAL_SUSPECTED,,MEDIUM
honda-honda-s660,HONDA,Honda S660,43,4,2564-03,2569-06,settled,IDENTITY_REVIEW,POSSIBLE_MODEL_CODE,POSSIBLE_MODEL_CODE,IDENTITY_REVIEW,POSSIBLE_MODEL_CODE,POSSIBLE_MODEL_CODE,,LOW
honda-honda-stepwagon,HONDA,Honda Stepwagon,73,2,2564-03,2569-04,settled,CREATE_IDENTITY,NEW_IDENTITY_CONFIRMED,NEW_IDENTITY_CONFIRMED,CREATE_IDENTITY,NEW_IDENTITY_CONFIRMED,NEW_IDENTITY_CONFIRMED,honda.stepwagon,LOW
honda-hr-v,HONDA,HR-V,105452,23635,2564-01,2569-09,settled,HOLD,NOT_ACTIVATED,NOT_ACTIVATED,IDENTITY_REVIEW,STRUCTURAL_CONFLICT,STRUCTURAL_CONFLICT|DUPLICATE_CANONICAL_SUSPECTED|EXISTING_IDENTITY_SUSPECTED,,HIGH
honda-jazz,HONDA,Jazz,13790,5,2564-01,2569-08,settled,CREATE_IDENTITY,NEW_IDENTITY_CONFIRMED,NEW_IDENTITY_CONFIRMED,CREATE_IDENTITY,NEW_IDENTITY_CONFIRMED,NEW_IDENTITY_CONFIRMED,honda.jazz,HIGH
honda-n-one-rs-spoon__provisional,HONDA,N-ONE RS SPOON,1,0,2566-06,2566-06,provisional,HOLD,PROVIDER_IDENTITY_PROVISIONAL,PROVIDER_IDENTITY_PROVISIONAL|POSSIBLE_TRIM_NOT_MODEL,HOLD,PROVIDER_IDENTITY_PROVISIONAL,PROVIDER_IDENTITY_PROVISIONAL|POSSIBLE_TRIM_NOT_MODEL,,LOW
honda-n-one-rs__provisional,HONDA,N-ONE RS,2,0,2564-02,2566-03,provisional,HOLD,PROVIDER_IDENTITY_PROVISIONAL,PROVIDER_IDENTITY_PROVISIONAL|POSSIBLE_TRIM_NOT_MODEL,HOLD,PROVIDER_IDENTITY_PROVISIONAL,PROVIDER_IDENTITY_PROVISIONAL|POSSIBLE_TRIM_NOT_MODEL,,LOW
honda-n-one__provisional,HONDA,N-ONE,1,0,2565-08,2565-08,provisional,HOLD,PROVIDER_IDENTITY_PROVISIONAL,PROVIDER_IDENTITY_PROVISIONAL|NAME_UNSPECIFIED,HOLD,PROVIDER_IDENTITY_PROVISIONAL,PROVIDER_IDENTITY_PROVISIONAL|NAME_UNSPECIFIED,,LOW
honda-prelude,HONDA,Prelude,7,7,2569-02,2569-09,settled,CREATE_IDENTITY,NEW_IDENTITY_CONFIRMED,NEW_IDENTITY_CONFIRMED,CREATE_IDENTITY,NEW_IDENTITY_CONFIRMED,NEW_IDENTITY_CONFIRMED,honda.prelude,LOW
honda-step-wgn,HONDA,Step WGN,1288,537,2564-01,2569-09,settled,HOLD,NOT_ACTIVATED,NOT_ACTIVATED,IDENTITY_REVIEW,DUPLICATE_CANONICAL_SUSPECTED,DUPLICATE_CANONICAL_SUSPECTED,,MEDIUM
honda-super-one,HONDA,Honda Super-ONE,3,3,2569-09,2569-09,settled,CREATE_IDENTITY,NEW_IDENTITY_CONFIRMED,NEW_IDENTITY_CONFIRMED,CREATE_IDENTITY,NEW_IDENTITY_CONFIRMED,NEW_IDENTITY_CONFIRMED,honda.super_one,LOW
honda-wr-v,HONDA,WR-V,3688,24,2566-04,2569-09,settled,HOLD,NOT_ACTIVATED,NOT_ACTIVATED,IDENTITY_REVIEW,STRUCTURAL_CONFLICT,STRUCTURAL_CONFLICT|DUPLICATE_CANONICAL_SUSPECTED|EXISTING_IDENTITY_SUSPECTED,,HIGH
hongqi-e-hs9,HONGQI,Hongqi E-HS9,9,9,2569-09,2569-09,settled,IDENTITY_REVIEW,BRAND_NOT_IN_TDR,BRAND_NOT_IN_TDR,IDENTITY_REVIEW,BRAND_NOT_IN_TDR,BRAND_NOT_IN_TDR,,LOW
hyundai-creta,HYUNDAI,Creta,1584,129,2565-04,2569-09,settled,HOLD,NOT_ACTIVATED,NOT_ACTIVATED,IDENTITY_REVIEW,DUPLICATE_CANONICAL_SUSPECTED,DUPLICATE_CANONICAL_SUSPECTED,,MEDIUM
hyundai-elantra-n__provisional,HYUNDAI,ELANTRA N,2,1,2568-05,2568-10,provisional,HOLD,PROVIDER_IDENTITY_PROVISIONAL,PROVIDER_IDENTITY_PROVISIONAL,HOLD,PROVIDER_IDENTITY_PROVISIONAL,PROVIDER_IDENTITY_PROVISIONAL,,LOW
hyundai-elantra__provisional,HYUNDAI,ELANTRA,1,0,2566-03,2566-03,provisional,HOLD,PROVIDER_IDENTITY_PROVISIONAL,PROVIDER_IDENTITY_PROVISIONAL,HOLD,PROVIDER_IDENTITY_PROVISIONAL,PROVIDER_IDENTITY_PROVISIONAL,,LOW
hyundai-genesis-g80,HYUNDAI,Genesis G80,1,0,2568-01,2568-01,settled,CREATE_IDENTITY,NEW_IDENTITY_CONFIRMED,NEW_IDENTITY_CONFIRMED,CREATE_IDENTITY,NEW_IDENTITY_CONFIRMED,NEW_IDENTITY_CONFIRMED,hyundai.genesis_g80,LOW
hyundai-h-1,HYUNDAI,H-1,6068,48,2564-01,2569-09,settled,HOLD,NOT_ACTIVATED,NOT_ACTIVATED,IDENTITY_REVIEW,DUPLICATE_CANONICAL_SUSPECTED,DUPLICATE_CANONICAL_SUSPECTED,,HIGH
hyundai-ioniq-5,HYUNDAI,Ioniq 5,604,410,2564-01,2569-09,settled,HOLD,NOT_ACTIVATED,NOT_ACTIVATED,IDENTITY_REVIEW,STRUCTURAL_CONFLICT,STRUCTURAL_CONFLICT|DUPLICATE_CANONICAL_SUSPECTED|EXISTING_IDENTITY_SUSPECTED,,MEDIUM
hyundai-ioniq-6,HYUNDAI,Ioniq 6,63,24,2567-10,2569-09,settled,HOLD,NOT_ACTIVATED,NOT_ACTIVATED,IDENTITY_REVIEW,STRUCTURAL_CONFLICT,STRUCTURAL_CONFLICT|DUPLICATE_CANONICAL_SUSPECTED|EXISTING_IDENTITY_SUSPECTED,,LOW
hyundai-kona,HYUNDAI,Kona,19,1,2564-01,2569-08,settled,CREATE_IDENTITY,NEW_IDENTITY_CONFIRMED,NEW_IDENTITY_CONFIRMED,CREATE_IDENTITY,NEW_IDENTITY_CONFIRMED,NEW_IDENTITY_CONFIRMED,hyundai.kona,LOW
hyundai-palisade,HYUNDAI,Palisade,415,241,2565-08,2569-09,settled,HOLD,NOT_ACTIVATED,NOT_ACTIVATED,IDENTITY_REVIEW,DUPLICATE_CANONICAL_SUSPECTED,DUPLICATE_CANONICAL_SUSPECTED,,MEDIUM
hyundai-santa-fe,HYUNDAI,Santa Fe,580,442,2567-07,2569-09,settled,HOLD,NOT_ACTIVATED,NOT_ACTIVATED,IDENTITY_REVIEW,DUPLICATE_CANONICAL_SUSPECTED,DUPLICATE_CANONICAL_SUSPECTED,,MEDIUM
hyundai-stargazer,HYUNDAI,Stargazer,3083,356,2566-05,2569-09,settled,HOLD,NOT_ACTIVATED,NOT_ACTIVATED,IDENTITY_REVIEW,DUPLICATE_CANONICAL_SUSPECTED,DUPLICATE_CANONICAL_SUSPECTED,,HIGH
hyundai-staria,HYUNDAI,Staria,9315,860,2564-08,2569-09,settled,HOLD,NOT_ACTIVATED,NOT_ACTIVATED,IDENTITY_REVIEW,DUPLICATE_CANONICAL_SUSPECTED,DUPLICATE_CANONICAL_SUSPECTED,,HIGH
hyundai-tucson,HYUNDAI,Tucson,1,0,2565-10,2565-10,settled,CREATE_IDENTITY,NEW_IDENTITY_CONFIRMED,NEW_IDENTITY_CONFIRMED,CREATE_IDENTITY,NEW_IDENTITY_CONFIRMED,NEW_IDENTITY_CONFIRMED,hyundai.tucson,LOW
isuzu-isuzu-cab4,ISUZU,Isuzu CAB4,6,2,2565-11,2569-01,settled,HOLD,NOT_ACTIVATED,NOT_ACTIVATED,IDENTITY_REVIEW,DUPLICATE_CANONICAL_SUSPECTED,DUPLICATE_CANONICAL_SUSPECTED,,LOW
isuzu-isuzu-d-max,ISUZU,Isuzu D-Max,615360,49986,2564-01,2569-09,settled,HOLD,NOT_ACTIVATED,NOT_ACTIVATED,IDENTITY_REVIEW,DUPLICATE_CANONICAL_SUSPECTED,DUPLICATE_CANONICAL_SUSPECTED,,HIGH
isuzu-isuzu-mu-x,ISUZU,Isuzu MU-X,92980,11348,2564-01,2569-09,settled,HOLD,NOT_ACTIVATED,NOT_ACTIVATED,IDENTITY_REVIEW,DUPLICATE_CANONICAL_SUSPECTED,DUPLICATE_CANONICAL_SUSPECTED,,HIGH
jac-jac-hfc1040ev2,JAC,JAC HFC1040EV2,1,1,2569-03,2569-03,settled,HOLD,PROVIDER_RAW_NAME,PROVIDER_RAW_NAME,HOLD,PROVIDER_RAW_NAME,PROVIDER_RAW_NAME,,LOW
jac-jac-hfc1040ev3,JAC,JAC HFC1040EV3,97,29,2567-10,2569-08,settled,HOLD,PROVIDER_RAW_NAME,PROVIDER_RAW_NAME,HOLD,PROVIDER_RAW_NAME,PROVIDER_RAW_NAME,,LOW
jac-jac-t8ev,JAC,JAC T8EV,2,1,2568-08,2569-05,settled,IDENTITY_REVIEW,POSSIBLE_POWERTRAIN_DERIVATIVE,POSSIBLE_POWERTRAIN_DERIVATIVE,IDENTITY_REVIEW,POSSIBLE_POWERTRAIN_DERIVATIVE,POSSIBLE_POWERTRAIN_DERIVATIVE,,LOW
jac-t8,JAC,JAC T8,73,1,2566-09,2568-12,settled,CREATE_IDENTITY,NEW_IDENTITY_CONFIRMED,NEW_IDENTITY_CONFIRMED,CREATE_IDENTITY,NEW_IDENTITY_CONFIRMED,NEW_IDENTITY_CONFIRMED,jac.t8,LOW
jaecoo-jaecoo-j5,JAECOO,Jaecoo J5,24045,24044,2568-09,2569-09,settled,HOLD,NOT_ACTIVATED,NOT_ACTIVATED,IDENTITY_REVIEW,DUPLICATE_CANONICAL_SUSPECTED,DUPLICATE_CANONICAL_SUSPECTED,,HIGH
jaecoo-jaecoo-j6,JAECOO,Jaecoo J6,8659,6848,2567-12,2569-09,settled,CREATE_IDENTITY,NEW_IDENTITY_CONFIRMED,NEW_IDENTITY_CONFIRMED,CREATE_IDENTITY,NEW_IDENTITY_CONFIRMED,NEW_IDENTITY_CONFIRMED,jaecoo.j6,HIGH
jaecoo-jaecoo-j7,JAECOO,Jaecoo J7,1091,937,2568-07,2569-09,settled,HOLD,NOT_ACTIVATED,NOT_ACTIVATED,IDENTITY_REVIEW,DUPLICATE_CANONICAL_SUSPECTED,DUPLICATE_CANONICAL_SUSPECTED,,MEDIUM
jaguar-e-pace-20l-tc-awd-auto__provisional,JAGUAR,E-PACE 2.0L T/C AWD AUTO,2,0,2564-01,2564-03,provisional,HOLD,PROVIDER_IDENTITY_PROVISIONAL,PROVIDER_IDENTITY_PROVISIONAL|BRAND_NOT_IN_TDR|POSSIBLE_POWERTRAIN_DERIVATIVE,HOLD,PROVIDER_IDENTITY_PROVISIONAL,PROVIDER_IDENTITY_PROVISIONAL|BRAND_NOT_IN_TDR|POSSIBLE_POWERTRAIN_DERIVATIVE,,LOW
jaguar-f-pace-20-litre-tc-petrol__provisional,JAGUAR,F-PACE 2.0 LITRE T/C PETROL,7,0,2566-02,2567-10,provisional,HOLD,PROVIDER_IDENTITY_PROVISIONAL,PROVIDER_IDENTITY_PROVISIONAL|BRAND_NOT_IN_TDR|POSSIBLE_POWERTRAIN_DERIVATIVE,HOLD,PROVIDER_IDENTITY_PROVISIONAL,PROVIDER_IDENTITY_PROVISIONAL|BRAND_NOT_IN_TDR|POSSIBLE_POWERTRAIN_DERIVATIVE,,LOW
jaguar-f-pace-20l-tc-awd-auto__provisional,JAGUAR,F-PACE 2.0L T/C AWD AUTO,3,0,2565-02,2566-02,provisional,HOLD,PROVIDER_IDENTITY_PROVISIONAL,PROVIDER_IDENTITY_PROVISIONAL|BRAND_NOT_IN_TDR|POSSIBLE_POWERTRAIN_DERIVATIVE,HOLD,PROVIDER_IDENTITY_PROVISIONAL,PROVIDER_IDENTITY_PROVISIONAL|BRAND_NOT_IN_TDR|POSSIBLE_POWERTRAIN_DERIVATIVE,,LOW
jaguar-f-pace-50l-sc-petrol-awd__provisional,JAGUAR,F-PACE 5.0L S/C PETROL AWD,1,0,2568-01,2568-01,provisional,HOLD,PROVIDER_IDENTITY_PROVISIONAL,PROVIDER_IDENTITY_PROVISIONAL|BRAND_NOT_IN_TDR|POSSIBLE_POWERTRAIN_DERIVATIVE,HOLD,PROVIDER_IDENTITY_PROVISIONAL,PROVIDER_IDENTITY_PROVISIONAL|BRAND_NOT_IN_TDR|POSSIBLE_POWERTRAIN_DERIVATIVE,,LOW
jaguar-f-pace-r-sport-20-d__provisional,JAGUAR,F-PACE R-SPORT 2.0 D,1,0,2564-12,2564-12,provisional,HOLD,PROVIDER_IDENTITY_PROVISIONAL,PROVIDER_IDENTITY_PROVISIONAL|BRAND_NOT_IN_TDR|POSSIBLE_TRIM_NOT_MODEL|POSSIBLE_POWERTRAIN_DERIVATIVE,HOLD,PROVIDER_IDENTITY_PROVISIONAL,PROVIDER_IDENTITY_PROVISIONAL|BRAND_NOT_IN_TDR|POSSIBLE_TRIM_NOT_MODEL|POSSIBLE_POWERTRAIN_DERIVATIVE,,LOW
jaguar-f-type-20-litre-tc-petrol__provisional,JAGUAR,F-TYPE 2.0 LITRE T/C PETROL,6,0,2564-06,2568-06,provisional,HOLD,PROVIDER_IDENTITY_PROVISIONAL,PROVIDER_IDENTITY_PROVISIONAL|BRAND_NOT_IN_TDR|POSSIBLE_POWERTRAIN_DERIVATIVE,HOLD,PROVIDER_IDENTITY_PROVISIONAL,PROVIDER_IDENTITY_PROVISIONAL|BRAND_NOT_IN_TDR|POSSIBLE_POWERTRAIN_DERIVATIVE,,LOW
jaguar-f-type-20-litre-tc-rwd__provisional,JAGUAR,F-TYPE 2.0 LITRE T/C RWD,1,0,2565-06,2565-06,provisional,HOLD,PROVIDER_IDENTITY_PROVISIONAL,PROVIDER_IDENTITY_PROVISIONAL|BRAND_NOT_IN_TDR|POSSIBLE_POWERTRAIN_DERIVATIVE,HOLD,PROVIDER_IDENTITY_PROVISIONAL,PROVIDER_IDENTITY_PROVISIONAL|BRAND_NOT_IN_TDR|POSSIBLE_POWERTRAIN_DERIVATIVE,,LOW
jaguar-f-type-20l-tc-rwd-auto__provisional,JAGUAR,F-TYPE 2.0L T/C RWD AUTO,1,0,2564-08,2564-08,provisional,HOLD,PROVIDER_IDENTITY_PROVISIONAL,PROVIDER_IDENTITY_PROVISIONAL|BRAND_NOT_IN_TDR|POSSIBLE_POWERTRAIN_DERIVATIVE,HOLD,PROVIDER_IDENTITY_PROVISIONAL,PROVIDER_IDENTITY_PROVISIONAL|BRAND_NOT_IN_TDR|POSSIBLE_POWERTRAIN_DERIVATIVE,,LOW
jaguar-f-type-r-dynamic-coupe__provisional,JAGUAR,F-TYPE R-DYNAMIC COUPE,1,0,2567-11,2567-11,provisional,HOLD,PROVIDER_IDENTITY_PROVISIONAL,PROVIDER_IDENTITY_PROVISIONAL|BRAND_NOT_IN_TDR|POSSIBLE_BODY_VARIANT,HOLD,PROVIDER_IDENTITY_PROVISIONAL,PROVIDER_IDENTITY_PROVISIONAL|BRAND_NOT_IN_TDR|POSSIBLE_BODY_VARIANT,,LOW
jaguar-i-pace-awd-hse__provisional,JAGUAR,I-PACE AWD HSE,4,0,2564-06,2566-06,provisional,HOLD,PROVIDER_IDENTITY_PROVISIONAL,PROVIDER_IDENTITY_PROVISIONAL|BRAND_NOT_IN_TDR|POSSIBLE_POWERTRAIN_DERIVATIVE,HOLD,PROVIDER_IDENTITY_PROVISIONAL,PROVIDER_IDENTITY_PROVISIONAL|BRAND_NOT_IN_TDR|POSSIBLE_POWERTRAIN_DERIVATIVE,,LOW
jaguar-i-pace-awd-s__provisional,JAGUAR,I-PACE AWD S,10,0,2564-03,2567-08,provisional,HOLD,PROVIDER_IDENTITY_PROVISIONAL,PROVIDER_IDENTITY_PROVISIONAL|BRAND_NOT_IN_TDR|POSSIBLE_POWERTRAIN_DERIVATIVE,HOLD,PROVIDER_IDENTITY_PROVISIONAL,PROVIDER_IDENTITY_PROVISIONAL|BRAND_NOT_IN_TDR|POSSIBLE_POWERTRAIN_DERIVATIVE,,LOW
jaguar-i-pace-awd__provisional,JAGUAR,I-PACE AWD,1,0,2564-07,2564-07,provisional,HOLD,PROVIDER_IDENTITY_PROVISIONAL,PROVIDER_IDENTITY_PROVISIONAL|BRAND_NOT_IN_TDR|POSSIBLE_POWERTRAIN_DERIVATIVE,HOLD,PROVIDER_IDENTITY_PROVISIONAL,PROVIDER_IDENTITY_PROVISIONAL|BRAND_NOT_IN_TDR|POSSIBLE_POWERTRAIN_DERIVATIVE,,LOW
jaguar-mark-ii-38-litre__provisional,JAGUAR,MARK II 3.8 LITRE,1,0,2564-12,2564-12,provisional,HOLD,PROVIDER_IDENTITY_PROVISIONAL,PROVIDER_IDENTITY_PROVISIONAL|BRAND_NOT_IN_TDR|POSSIBLE_POWERTRAIN_DERIVATIVE,HOLD,PROVIDER_IDENTITY_PROVISIONAL,PROVIDER_IDENTITY_PROVISIONAL|BRAND_NOT_IN_TDR|POSSIBLE_POWERTRAIN_DERIVATIVE,,LOW
jaguar-xf-20-litre-tc-rwd-auto__provisional,JAGUAR,XF 2.0 LITRE T/C RWD AUTO,1,0,2566-07,2566-07,provisional,HOLD,PROVIDER_IDENTITY_PROVISIONAL,PROVIDER_IDENTITY_PROVISIONAL|BRAND_NOT_IN_TDR|POSSIBLE_POWERTRAIN_DERIVATIVE,HOLD,PROVIDER_IDENTITY_PROVISIONAL,PROVIDER_IDENTITY_PROVISIONAL|BRAND_NOT_IN_TDR|POSSIBLE_POWERTRAIN_DERIVATIVE,,LOW
jaguar-xf-20l-tc-rwd-auto-portfolio__provisional,JAGUAR,XF 2.0L T/C RWD AUTO PORTFOLIO,1,0,2565-01,2565-01,provisional,HOLD,PROVIDER_IDENTITY_PROVISIONAL,PROVIDER_IDENTITY_PROVISIONAL|BRAND_NOT_IN_TDR|POSSIBLE_POWERTRAIN_DERIVATIVE,HOLD,PROVIDER_IDENTITY_PROVISIONAL,PROVIDER_IDENTITY_PROVISIONAL|BRAND_NOT_IN_TDR|POSSIBLE_POWERTRAIN_DERIVATIVE,,LOW
jeep-cherokee-20__provisional,JEEP,CHEROKEE 2.0,2,0,2564-12,2565-04,provisional,HOLD,PROVIDER_IDENTITY_PROVISIONAL,PROVIDER_IDENTITY_PROVISIONAL|POSSIBLE_POWERTRAIN_DERIVATIVE,HOLD,PROVIDER_IDENTITY_PROVISIONAL,PROVIDER_IDENTITY_PROVISIONAL|POSSIBLE_POWERTRAIN_DERIVATIVE,,LOW
jeep-jeep-gladiator,JEEP,JEEP Gladiator,50,1,2564-01,2569-05,settled,CREATE_IDENTITY,NEW_IDENTITY_CONFIRMED,NEW_IDENTITY_CONFIRMED,CREATE_IDENTITY,NEW_IDENTITY_CONFIRMED,NEW_IDENTITY_CONFIRMED,jeep.gladiator,LOW
jeep-jeep-grand,JEEP,JEEP Grand,3,2,2567-11,2569-07,settled,IDENTITY_REVIEW,POSSIBLE_TRUNCATED_NAME,POSSIBLE_TRUNCATED_NAME,IDENTITY_REVIEW,POSSIBLE_TRUNCATED_NAME,POSSIBLE_TRUNCATED_NAME,,LOW
jeep-jeep-wrangler,JEEP,Jeep Wrangler,264,32,2564-01,2569-08,settled,HOLD,NOT_ACTIVATED,NOT_ACTIVATED,IDENTITY_REVIEW,DUPLICATE_CANONICAL_SUSPECTED,DUPLICATE_CANONICAL_SUSPECTED,,MEDIUM
jeep-renegade-summit-e-hybrid-mhev__provisional,JEEP,RENEGADE SUMMIT E-HYBRID MHEV,1,0,2568-06,2568-06,provisional,HOLD,PROVIDER_IDENTITY_PROVISIONAL,PROVIDER_IDENTITY_PROVISIONAL|POSSIBLE_POWERTRAIN_DERIVATIVE,HOLD,PROVIDER_IDENTITY_PROVISIONAL,PROVIDER_IDENTITY_PROVISIONAL|POSSIBLE_POWERTRAIN_DERIVATIVE,,LOW
jiayuan-jiayuan-jy1320-zlh,JIAYUAN,Jiayuan JY1320-ZLH,4,3,2568-07,2569-02,settled,HOLD,PROVIDER_RAW_NAME,PROVIDER_RAW_NAME|BRAND_NOT_IN_TDR,HOLD,PROVIDER_RAW_NAME,PROVIDER_RAW_NAME|BRAND_NOT_IN_TDR,,LOW
jiayuan-jiayuan-jy7222-zqr,JIAYUAN,Jiayuan JY7222-ZQR,6,4,2567-07,2569-05,settled,HOLD,PROVIDER_RAW_NAME,PROVIDER_RAW_NAME|BRAND_NOT_IN_TDR,HOLD,PROVIDER_RAW_NAME,PROVIDER_RAW_NAME|BRAND_NOT_IN_TDR,,LOW
jonway-jonway-t21,JONWAY,Jonway T21,1,1,2569-02,2569-02,settled,IDENTITY_REVIEW,BRAND_NOT_IN_TDR,BRAND_NOT_IN_TDR,IDENTITY_REVIEW,BRAND_NOT_IN_TDR,BRAND_NOT_IN_TDR,,LOW
juneyao-juneyao-jy,JUNEYAO,Juneyao JY,62,43,2568-02,2569-09,settled,IDENTITY_REVIEW,BRAND_NOT_IN_TDR,BRAND_NOT_IN_TDR,IDENTITY_REVIEW,BRAND_NOT_IN_TDR,BRAND_NOT_IN_TDR,,LOW
karba-karba-new,KARBA,Karba NEW,1,1,2569-03,2569-03,settled,IDENTITY_REVIEW,BRAND_NOT_IN_TDR,BRAND_NOT_IN_TDR|POSSIBLE_GENERATION_VARIANT,IDENTITY_REVIEW,BRAND_NOT_IN_TDR,BRAND_NOT_IN_TDR|POSSIBLE_GENERATION_VARIANT,,LOW
kia-carnival,KIA,Carnival,6862,873,2564-01,2569-09,settled,HOLD,NOT_ACTIVATED,NOT_ACTIVATED,IDENTITY_REVIEW,DUPLICATE_CANONICAL_SUSPECTED,DUPLICATE_CANONICAL_SUSPECTED,,HIGH
kia-ev6,KIA,EV6,1,0,2566-09,2566-09,settled,HOLD,NOT_ACTIVATED,NOT_ACTIVATED,IDENTITY_REVIEW,DUPLICATE_CANONICAL_SUSPECTED,DUPLICATE_CANONICAL_SUSPECTED,,LOW
kia-ev9,KIA,EV9,101,24,2567-05,2569-08,settled,HOLD,NOT_ACTIVATED,NOT_ACTIVATED,IDENTITY_REVIEW,DUPLICATE_CANONICAL_SUSPECTED,DUPLICATE_CANONICAL_SUSPECTED,,MEDIUM
kia-k2500,KIA,Kia K2500,68,0,2564-01,2567-03,settled,CREATE_IDENTITY,NEW_IDENTITY_CONFIRMED,NEW_IDENTITY_CONFIRMED,CREATE_IDENTITY,NEW_IDENTITY_CONFIRMED,NEW_IDENTITY_CONFIRMED,kia.k2500,LOW
kia-kia-ev5,KIA,Kia EV5,1409,408,2567-08,2569-09,settled,HOLD,NOT_ACTIVATED,NOT_ACTIVATED,IDENTITY_REVIEW,DUPLICATE_CANONICAL_SUSPECTED,DUPLICATE_CANONICAL_SUSPECTED,,MEDIUM
kia-kia-pv5,KIA,Kia PV5,150,150,2569-07,2569-07,settled,HOLD,NOT_ACTIVATED,NOT_ACTIVATED,IDENTITY_REVIEW,DUPLICATE_CANONICAL_SUSPECTED,DUPLICATE_CANONICAL_SUSPECTED,,MEDIUM
kia-sorento,KIA,Sorento,292,97,2567-07,2569-09,settled,HOLD,NOT_ACTIVATED,NOT_ACTIVATED,IDENTITY_REVIEW,DUPLICATE_CANONICAL_SUSPECTED,DUPLICATE_CANONICAL_SUSPECTED,,MEDIUM
king-long-king-long-dracon,KING LONG,King Long Dracon,83,65,2568-06,2569-09,settled,IDENTITY_REVIEW,BRAND_NOT_IN_TDR,BRAND_NOT_IN_TDR,IDENTITY_REVIEW,BRAND_NOT_IN_TDR,BRAND_NOT_IN_TDR,,LOW
king-long-king-long-venus,KING LONG,King Long Venus,18,11,2568-07,2569-09,settled,IDENTITY_REVIEW,BRAND_NOT_IN_TDR,BRAND_NOT_IN_TDR,IDENTITY_REVIEW,BRAND_NOT_IN_TDR,BRAND_NOT_IN_TDR,,LOW
lamborghini-lamborghini-huracan,LAMBORGHINI,Lamborghini Huracan,175,30,2564-02,2569-09,settled,HOLD,NOT_ACTIVATED,NOT_ACTIVATED,IDENTITY_REVIEW,DUPLICATE_CANONICAL_SUSPECTED,DUPLICATE_CANONICAL_SUSPECTED,,MEDIUM
lamborghini-lamborghini-revuelto,LAMBORGHINI,Lamborghini Revuelto,13,9,2567-11,2569-09,settled,HOLD,NOT_ACTIVATED,NOT_ACTIVATED,IDENTITY_REVIEW,DUPLICATE_CANONICAL_SUSPECTED,DUPLICATE_CANONICAL_SUSPECTED,,LOW
lamborghini-lamborghini-temerario,LAMBORGHINI,Lamborghini Temerario,4,4,2569-07,2569-08,settled,CREATE_IDENTITY,NEW_IDENTITY_CONFIRMED,NEW_IDENTITY_CONFIRMED,CREATE_IDENTITY,NEW_IDENTITY_CONFIRMED,NEW_IDENTITY_CONFIRMED,lamborghini.temerario,LOW
lamborghini-lamborghini-urus,LAMBORGHINI,Lamborghini Urus,118,21,2564-01,2569-09,settled,HOLD,NOT_ACTIVATED,NOT_ACTIVATED,IDENTITY_REVIEW,DUPLICATE_CANONICAL_SUSPECTED,DUPLICATE_CANONICAL_SUSPECTED,,MEDIUM
land-rover-land-rover-defender,LAND ROVER,Land Rover Defender,280,46,2564-01,2569-09,settled,HOLD,NOT_ACTIVATED,NOT_ACTIVATED,IDENTITY_REVIEW,DUPLICATE_CANONICAL_SUSPECTED,DUPLICATE_CANONICAL_SUSPECTED,,MEDIUM
land-rover-land-rover-discovery,LAND ROVER,Land Rover Discovery,5,1,2564-06,2569-06,settled,CREATE_IDENTITY,NEW_IDENTITY_CONFIRMED,NEW_IDENTITY_CONFIRMED,CREATE_IDENTITY,NEW_IDENTITY_CONFIRMED,NEW_IDENTITY_CONFIRMED,land_rover.discovery,LOW
land-rover-land-rover-range,LAND ROVER,Land Rover Range,514,70,2564-01,2569-09,settled,IDENTITY_REVIEW,PROVIDER_COARSER_THAN_TDR,PROVIDER_COARSER_THAN_TDR|POSSIBLE_TRUNCATED_NAME,IDENTITY_REVIEW,PROVIDER_COARSER_THAN_TDR,PROVIDER_COARSER_THAN_TDR|POSSIBLE_TRUNCATED_NAME,,MEDIUM
leapmotor-leapmotor-b10,LEAPMOTOR,Leapmotor B10,272,272,2568-11,2569-09,settled,HOLD,NOT_ACTIVATED,NOT_ACTIVATED,IDENTITY_REVIEW,DUPLICATE_CANONICAL_SUSPECTED,DUPLICATE_CANONICAL_SUSPECTED,,MEDIUM
leapmotor-leapmotor-c10,LEAPMOTOR,Leapmotor C10,209,143,2568-01,2569-09,settled,HOLD,NOT_ACTIVATED,NOT_ACTIVATED,IDENTITY_REVIEW,DUPLICATE_CANONICAL_SUSPECTED,DUPLICATE_CANONICAL_SUSPECTED,,MEDIUM
lepas-l6,LEPAS,Lepas L6,290,290,2569-09,2569-09,settled,IDENTITY_REVIEW,BRAND_NOT_IN_TDR,BRAND_NOT_IN_TDR,IDENTITY_REVIEW,BRAND_NOT_IN_TDR,BRAND_NOT_IN_TDR,,MEDIUM
lexus-lexus-es300h,LEXUS,Lexus ES300H,332,8,2564-01,2569-08,settled,HOLD,NOT_ACTIVATED,NOT_ACTIVATED,IDENTITY_REVIEW,STRUCTURAL_CONFLICT,STRUCTURAL_CONFLICT|DUPLICATE_CANONICAL_SUSPECTED|POSSIBLE_MODEL_CODE,,MEDIUM
lexus-lexus-es350e,LEXUS,Lexus ES350E,2,2,2569-09,2569-09,settled,IDENTITY_REVIEW,POSSIBLE_MODEL_CODE,POSSIBLE_MODEL_CODE,IDENTITY_REVIEW,STRUCTURAL_CONFLICT,STRUCTURAL_CONFLICT|DUPLICATE_CANONICAL_SUSPECTED|POSSIBLE_MODEL_CODE,,LOW
lexus-lexus-es350h,LEXUS,Lexus ES350H,3,3,2569-09,2569-09,settled,HOLD,NOT_ACTIVATED,NOT_ACTIVATED,IDENTITY_REVIEW,STRUCTURAL_CONFLICT,STRUCTURAL_CONFLICT|DUPLICATE_CANONICAL_SUSPECTED|POSSIBLE_MODEL_CODE,,LOW
lexus-lexus-is300h,LEXUS,Lexus IS300H,295,40,2564-02,2569-09,settled,HOLD,NOT_ACTIVATED,NOT_ACTIVATED,IDENTITY_REVIEW,STRUCTURAL_CONFLICT,STRUCTURAL_CONFLICT|DUPLICATE_CANONICAL_SUSPECTED|POSSIBLE_MODEL_CODE,,MEDIUM
lexus-lexus-lbx,LEXUS,Lexus LBX,68,23,2567-06,2569-09,settled,HOLD,NOT_ACTIVATED,NOT_ACTIVATED,IDENTITY_REVIEW,DUPLICATE_CANONICAL_SUSPECTED,DUPLICATE_CANONICAL_SUSPECTED,,LOW
lexus-lexus-lc,LEXUS,Lexus LC,10,4,2564-10,2569-06,settled,HOLD,NOT_ACTIVATED,NOT_ACTIVATED,IDENTITY_REVIEW,DUPLICATE_CANONICAL_SUSPECTED,DUPLICATE_CANONICAL_SUSPECTED,,LOW
lexus-lexus-lm,LEXUS,Lexus LM,1946,387,2564-01,2569-09,settled,HOLD,NOT_ACTIVATED,NOT_ACTIVATED,IDENTITY_REVIEW,DUPLICATE_CANONICAL_SUSPECTED,DUPLICATE_CANONICAL_SUSPECTED,,MEDIUM
lexus-lexus-ls,LEXUS,Lexus LS,14,0,2564-01,2568-08,settled,HOLD,NOT_ACTIVATED,NOT_ACTIVATED,IDENTITY_REVIEW,DUPLICATE_CANONICAL_SUSPECTED,DUPLICATE_CANONICAL_SUSPECTED,,LOW
lexus-lexus-lx,LEXUS,Lexus LX,14,3,2564-06,2569-05,settled,HOLD,NOT_ACTIVATED,NOT_ACTIVATED,IDENTITY_REVIEW,DUPLICATE_CANONICAL_SUSPECTED,DUPLICATE_CANONICAL_SUSPECTED|POSSIBLE_TRIM_NOT_MODEL,,LOW
lexus-lexus-nx,LEXUS,Lexus NX,859,164,2564-01,2569-09,settled,HOLD,NOT_ACTIVATED,NOT_ACTIVATED,IDENTITY_REVIEW,DUPLICATE_CANONICAL_SUSPECTED,DUPLICATE_CANONICAL_SUSPECTED,,MEDIUM
lexus-lexus-rc,LEXUS,Lexus RC,3,1,2564-01,2569-05,settled,CREATE_IDENTITY,NEW_IDENTITY_CONFIRMED,NEW_IDENTITY_CONFIRMED,CREATE_IDENTITY,NEW_IDENTITY_CONFIRMED,NEW_IDENTITY_CONFIRMED,lexus.rc,LOW
lexus-lexus-rx,LEXUS,Lexus RX,690,122,2564-01,2569-09,settled,HOLD,NOT_ACTIVATED,NOT_ACTIVATED,IDENTITY_REVIEW,DUPLICATE_CANONICAL_SUSPECTED,DUPLICATE_CANONICAL_SUSPECTED,,MEDIUM
lexus-lexus-rz350e,LEXUS,Lexus RZ350E,27,27,2569-02,2569-09,settled,IDENTITY_REVIEW,STRUCTURAL_CONFLICT,STRUCTURAL_CONFLICT|DUPLICATE_CANONICAL_SUSPECTED|POSSIBLE_MODEL_CODE,IDENTITY_REVIEW,STRUCTURAL_CONFLICT,STRUCTURAL_CONFLICT|DUPLICATE_CANONICAL_SUSPECTED|POSSIBLE_MODEL_CODE,,LOW
lexus-lexus-rz450e,LEXUS,Lexus RZ450E,151,5,2566-06,2569-09,settled,IDENTITY_REVIEW,STRUCTURAL_CONFLICT,STRUCTURAL_CONFLICT|DUPLICATE_CANONICAL_SUSPECTED|POSSIBLE_MODEL_CODE,IDENTITY_REVIEW,STRUCTURAL_CONFLICT,STRUCTURAL_CONFLICT|DUPLICATE_CANONICAL_SUSPECTED|POSSIBLE_MODEL_CODE,,MEDIUM
lexus-lexus-rz500e,LEXUS,Lexus RZ500E,15,15,2569-02,2569-09,settled,IDENTITY_REVIEW,POSSIBLE_MODEL_CODE,POSSIBLE_MODEL_CODE,IDENTITY_REVIEW,POSSIBLE_MODEL_CODE,POSSIBLE_MODEL_CODE,,LOW
lexus-lexus-ux,LEXUS,Lexus UX,189,11,2564-01,2569-08,settled,HOLD,NOT_ACTIVATED,NOT_ACTIVATED,IDENTITY_REVIEW,DUPLICATE_CANONICAL_SUSPECTED,DUPLICATE_CANONICAL_SUSPECTED,,MEDIUM
linxys-linxys-g100-r,LINXYS,Linxys G100-R,34,34,2569-07,2569-09,settled,IDENTITY_REVIEW,BRAND_NOT_IN_TDR,BRAND_NOT_IN_TDR|POSSIBLE_MODEL_CODE,IDENTITY_REVIEW,BRAND_NOT_IN_TDR,BRAND_NOT_IN_TDR|POSSIBLE_MODEL_CODE,,LOW
lotus-elise-sport-220__provisional,LOTUS,ELISE SPORT 220,2,0,2565-10,2566-03,provisional,HOLD,PROVIDER_IDENTITY_PROVISIONAL,PROVIDER_IDENTITY_PROVISIONAL|POSSIBLE_TRIM_NOT_MODEL,HOLD,PROVIDER_IDENTITY_PROVISIONAL,PROVIDER_IDENTITY_PROVISIONAL|POSSIBLE_TRIM_NOT_MODEL,,LOW
lotus-emira,LOTUS,Lotus Emira,1,1,2569-09,2569-09,settled,CREATE_IDENTITY,NEW_IDENTITY_CONFIRMED,NEW_IDENTITY_CONFIRMED,CREATE_IDENTITY,NEW_IDENTITY_CONFIRMED,NEW_IDENTITY_CONFIRMED,lotus.emira,LOW
lotus-emira-i4-first-edition__provisional,LOTUS,EMIRA I4 FIRST EDITION,2,1,2568-04,2569-09,provisional,HOLD,PROVIDER_IDENTITY_PROVISIONAL,PROVIDER_IDENTITY_PROVISIONAL|POSSIBLE_TRIM_NOT_MODEL,HOLD,PROVIDER_IDENTITY_PROVISIONAL,PROVIDER_IDENTITY_PROVISIONAL|POSSIBLE_TRIM_NOT_MODEL,,LOW
lotus-emira-v6-first-edition__provisional,LOTUS,EMIRA V6 FIRST EDITION,4,1,2566-10,2568-12,provisional,HOLD,PROVIDER_IDENTITY_PROVISIONAL,PROVIDER_IDENTITY_PROVISIONAL|POSSIBLE_TRIM_NOT_MODEL,HOLD,PROVIDER_IDENTITY_PROVISIONAL,PROVIDER_IDENTITY_PROVISIONAL|POSSIBLE_TRIM_NOT_MODEL,,LOW
lotus-emira-v6__provisional,LOTUS,EMIRA V6,1,0,2566-06,2566-06,provisional,HOLD,PROVIDER_IDENTITY_PROVISIONAL,PROVIDER_IDENTITY_PROVISIONAL,HOLD,PROVIDER_IDENTITY_PROVISIONAL,PROVIDER_IDENTITY_PROVISIONAL,,LOW
lotus-exige-sport-350__provisional,LOTUS,EXIGE SPORT 350,1,0,2567-09,2567-09,provisional,HOLD,PROVIDER_IDENTITY_PROVISIONAL,PROVIDER_IDENTITY_PROVISIONAL|POSSIBLE_TRIM_NOT_MODEL,HOLD,PROVIDER_IDENTITY_PROVISIONAL,PROVIDER_IDENTITY_PROVISIONAL|POSSIBLE_TRIM_NOT_MODEL,,LOW
lotus-lotus-eletre,LOTUS,Lotus Eletre,229,47,2567-02,2569-09,settled,HOLD,NOT_ACTIVATED,NOT_ACTIVATED,IDENTITY_REVIEW,DUPLICATE_CANONICAL_SUSPECTED,DUPLICATE_CANONICAL_SUSPECTED,,MEDIUM
lotus-lotus-emeya,LOTUS,Lotus Emeya,37,19,2567-11,2569-09,settled,HOLD,NOT_ACTIVATED,NOT_ACTIVATED,IDENTITY_REVIEW,DUPLICATE_CANONICAL_SUSPECTED,DUPLICATE_CANONICAL_SUSPECTED,,LOW
maserati-maserati-ghibli,MASERATI,Maserati Ghibli,68,1,2564-01,2569-04,settled,CREATE_IDENTITY,NEW_IDENTITY_CONFIRMED,NEW_IDENTITY_CONFIRMED,CREATE_IDENTITY,NEW_IDENTITY_CONFIRMED,NEW_IDENTITY_CONFIRMED,maserati.ghibli,LOW
maserati-maserati-granturismo,MASERATI,Maserati Granturismo,10,7,2568-01,2569-07,settled,HOLD,NOT_ACTIVATED,NOT_ACTIVATED,IDENTITY_REVIEW,DUPLICATE_CANONICAL_SUSPECTED,DUPLICATE_CANONICAL_SUSPECTED,,LOW
maserati-maserati-grecale,MASERATI,Maserati Grecale,85,25,2566-09,2569-09,settled,HOLD,NOT_ACTIVATED,NOT_ACTIVATED,IDENTITY_REVIEW,DUPLICATE_CANONICAL_SUSPECTED,DUPLICATE_CANONICAL_SUSPECTED,,LOW
maserati-maserati-levante,MASERATI,Maserati Levante,76,4,2564-01,2569-08,settled,HOLD,NOT_ACTIVATED,NOT_ACTIVATED,IDENTITY_REVIEW,DUPLICATE_CANONICAL_SUSPECTED,DUPLICATE_CANONICAL_SUSPECTED,,LOW
maserati-maserati-mc20,MASERATI,Maserati MC20,18,1,2565-03,2569-07,settled,CREATE_IDENTITY,NEW_IDENTITY_CONFIRMED,NEW_IDENTITY_CONFIRMED,CREATE_IDENTITY,NEW_IDENTITY_CONFIRMED,NEW_IDENTITY_CONFIRMED,maserati.mc20,LOW
maserati-maserati-quattroporte,MASERATI,Maserati Quattroporte,12,2,2564-01,2569-09,settled,CREATE_IDENTITY,NEW_IDENTITY_CONFIRMED,NEW_IDENTITY_CONFIRMED,CREATE_IDENTITY,NEW_IDENTITY_CONFIRMED,NEW_IDENTITY_CONFIRMED,maserati.quattroporte,LOW
maxus-maxus-epc1a,MAXUS,Maxus EPC1A,6,6,2569-03,2569-03,settled,IDENTITY_REVIEW,BRAND_NOT_IN_TDR,BRAND_NOT_IN_TDR,IDENTITY_REVIEW,BRAND_NOT_IN_TDR,BRAND_NOT_IN_TDR,,LOW
maxus-maxus-v80,MG,Maxus V80,135,1,2564-01,2569-07,settled,IDENTITY_REVIEW,EXISTING_IDENTITY_SUSPECTED,EXISTING_IDENTITY_SUSPECTED,IDENTITY_REVIEW,EXISTING_IDENTITY_SUSPECTED,EXISTING_IDENTITY_SUSPECTED,,MEDIUM
maxus-mifa-7,MG,Mifa 7,934,698,2567-11,2569-09,settled,IDENTITY_REVIEW,EXISTING_IDENTITY_SUSPECTED,EXISTING_IDENTITY_SUSPECTED,IDENTITY_REVIEW,STRUCTURAL_CONFLICT,STRUCTURAL_CONFLICT|EXISTING_IDENTITY_SUSPECTED,,MEDIUM
maxus-mifa-9,MG,Mifa 9,1963,347,2566-06,2569-09,settled,HOLD,NOT_ACTIVATED,NOT_ACTIVATED,IDENTITY_REVIEW,STRUCTURAL_CONFLICT,STRUCTURAL_CONFLICT|DUPLICATE_CANONICAL_SUSPECTED,,MEDIUM
mazda-mazda-bt-50,MAZDA,Mazda BT-50,5170,77,2564-01,2569-09,settled,HOLD,NOT_ACTIVATED,NOT_ACTIVATED,IDENTITY_REVIEW,DUPLICATE_CANONICAL_SUSPECTED,DUPLICATE_CANONICAL_SUSPECTED,,HIGH
mazda-mazda-cx-3,MAZDA,Mazda CX-3,14905,884,2564-01,2569-09,settled,HOLD,NOT_ACTIVATED,NOT_ACTIVATED,IDENTITY_REVIEW,STRUCTURAL_CONFLICT,STRUCTURAL_CONFLICT|DUPLICATE_CANONICAL_SUSPECTED|EXISTING_IDENTITY_SUSPECTED|PROVIDER_FINER_THAN_TDR|PROVIDER_LINEAGE_AMBIGUOUS,,HIGH
mazda-mazda-cx-30,MAZDA,Mazda CX-30,22782,1306,2564-01,2569-09,settled,HOLD,NOT_ACTIVATED,NOT_ACTIVATED,IDENTITY_REVIEW,STRUCTURAL_CONFLICT,STRUCTURAL_CONFLICT|DUPLICATE_CANONICAL_SUSPECTED|EXISTING_IDENTITY_SUSPECTED|PROVIDER_LINEAGE_AMBIGUOUS,,HIGH
mazda-mazda-cx-5,MAZDA,Mazda CX-5,4168,628,2564-01,2569-09,settled,HOLD,NOT_ACTIVATED,NOT_ACTIVATED,IDENTITY_REVIEW,STRUCTURAL_CONFLICT,STRUCTURAL_CONFLICT|DUPLICATE_CANONICAL_SUSPECTED|EXISTING_IDENTITY_SUSPECTED,,HIGH
mazda-mazda-cx-8,MAZDA,Mazda CX-8,4823,149,2564-01,2569-09,settled,HOLD,NOT_ACTIVATED,NOT_ACTIVATED,IDENTITY_REVIEW,STRUCTURAL_CONFLICT,STRUCTURAL_CONFLICT|DUPLICATE_CANONICAL_SUSPECTED|EXISTING_IDENTITY_SUSPECTED,,HIGH
mazda-mazda-mx-30,MAZDA,Mazda MX-30,1,0,2567-12,2567-12,settled,IDENTITY_REVIEW,EXISTING_IDENTITY_SUSPECTED,EXISTING_IDENTITY_SUSPECTED,IDENTITY_REVIEW,STRUCTURAL_CONFLICT,STRUCTURAL_CONFLICT|EXISTING_IDENTITY_SUSPECTED,,LOW
mazda-mazda-mx-5,MAZDA,Mazda MX-5,81,9,2564-02,2569-06,settled,HOLD,NOT_ACTIVATED,NOT_ACTIVATED,IDENTITY_REVIEW,STRUCTURAL_CONFLICT,STRUCTURAL_CONFLICT|DUPLICATE_CANONICAL_SUSPECTED|EXISTING_IDENTITY_SUSPECTED,,LOW
mazda-mazda-roadster,MAZDA,Mazda Roadster,96,36,2566-03,2569-09,settled,HOLD,NOT_ACTIVATED,NOT_ACTIVATED,IDENTITY_REVIEW,DUPLICATE_CANONICAL_SUSPECTED,DUPLICATE_CANONICAL_SUSPECTED|POSSIBLE_BODY_VARIANT,,LOW
mazda-mazda2,MAZDA,Mazda2,61313,4443,2564-01,2569-09,settled,HOLD,NOT_ACTIVATED,NOT_ACTIVATED,IDENTITY_REVIEW,STRUCTURAL_CONFLICT,STRUCTURAL_CONFLICT|DUPLICATE_CANONICAL_SUSPECTED|PROVIDER_COARSER_THAN_TDR,,HIGH
mazda-mazda3,MAZDA,Mazda3,6613,201,2564-01,2569-09,settled,HOLD,NOT_ACTIVATED,NOT_ACTIVATED,IDENTITY_REVIEW,STRUCTURAL_CONFLICT,STRUCTURAL_CONFLICT|DUPLICATE_CANONICAL_SUSPECTED|PROVIDER_COARSER_THAN_TDR,,HIGH
mazda-mazda6,MAZDA,Mazda6,29,13,2567-08,2569-09,settled,HOLD,NOT_ACTIVATED,NOT_ACTIVATED,IDENTITY_REVIEW,STRUCTURAL_CONFLICT,STRUCTURAL_CONFLICT|DUPLICATE_CANONICAL_SUSPECTED,,LOW
mazda-mazda6e,MAZDA,Mazda6e,604,604,2569-07,2569-09,settled,HOLD,NOT_ACTIVATED,NOT_ACTIVATED,IDENTITY_REVIEW,STRUCTURAL_CONFLICT,STRUCTURAL_CONFLICT|DUPLICATE_CANONICAL_SUSPECTED,,MEDIUM
mazda-rx-7-spirit-r-type-a__provisional,MAZDA,RX-7 SPIRIT R TYPE A,2,0,2564-11,2568-02,provisional,HOLD,PROVIDER_IDENTITY_PROVISIONAL,PROVIDER_IDENTITY_PROVISIONAL,HOLD,PROVIDER_IDENTITY_PROVISIONAL,PROVIDER_IDENTITY_PROVISIONAL,,LOW
mclaren-mclaren-750s,MCLAREN,Mclaren 750S,7,2,2567-08,2569-06,settled,IDENTITY_REVIEW,POSSIBLE_MODEL_CODE,POSSIBLE_MODEL_CODE,IDENTITY_REVIEW,POSSIBLE_MODEL_CODE,POSSIBLE_MODEL_CODE,,LOW
mclaren-mclaren-artura,MCLAREN,Mclaren Artura,29,3,2566-01,2569-08,settled,CREATE_IDENTITY,NEW_IDENTITY_CONFIRMED,NEW_IDENTITY_CONFIRMED,CREATE_IDENTITY,NEW_IDENTITY_CONFIRMED,NEW_IDENTITY_CONFIRMED,mclaren.artura,LOW
mclaren-mclaren-gts,MCLAREN,Mclaren GTS,15,2,2564-02,2569-02,settled,HOLD,NOT_ACTIVATED,NOT_ACTIVATED,IDENTITY_REVIEW,DUPLICATE_CANONICAL_SUSPECTED,DUPLICATE_CANONICAL_SUSPECTED,,LOW
mercedes-benz-2508__provisional,MERCEDES BENZ,250/8,5,0,2566-03,2566-03,provisional,HOLD,PROVIDER_IDENTITY_PROVISIONAL,PROVIDER_IDENTITY_PROVISIONAL|EXISTING_IDENTITY_SUSPECTED,HOLD,PROVIDER_IDENTITY_PROVISIONAL,PROVIDER_IDENTITY_PROVISIONAL|EXISTING_IDENTITY_SUSPECTED,,LOW
mercedes-benz-mercedes-benz-a-class,MERCEDES BENZ,Mercedes-Benz A-Class,3685,238,2564-01,2569-09,settled,HOLD,NOT_ACTIVATED,NOT_ACTIVATED,IDENTITY_REVIEW,DUPLICATE_CANONICAL_SUSPECTED,DUPLICATE_CANONICAL_SUSPECTED|PROVIDER_LINEAGE_AMBIGUOUS|POSSIBLE_TRUNCATED_NAME,,HIGH
mercedes-benz-mercedes-benz-amg-c,MERCEDES BENZ,Mercedes-Benz AMG C,550,12,2564-01,2569-09,settled,IDENTITY_REVIEW,STRUCTURAL_CONFLICT,STRUCTURAL_CONFLICT|EXISTING_IDENTITY_SUSPECTED|PROVIDER_FINER_THAN_TDR|PROVIDER_LINEAGE_AMBIGUOUS|POSSIBLE_TRIM_NOT_MODEL,IDENTITY_REVIEW,STRUCTURAL_CONFLICT,STRUCTURAL_CONFLICT|EXISTING_IDENTITY_SUSPECTED|PROVIDER_FINER_THAN_TDR|PROVIDER_LINEAGE_AMBIGUOUS|POSSIBLE_TRIM_NOT_MODEL,,MEDIUM
mercedes-benz-mercedes-benz-amg-g63,MERCEDES BENZ,Mercedes-Benz AMG G63,209,29,2564-01,2569-09,settled,HOLD,NOT_ACTIVATED,NOT_ACTIVATED,IDENTITY_REVIEW,STRUCTURAL_CONFLICT,STRUCTURAL_CONFLICT|DUPLICATE_CANONICAL_SUSPECTED|EXISTING_IDENTITY_SUSPECTED|PROVIDER_LINEAGE_AMBIGUOUS|POSSIBLE_TRIM_NOT_MODEL,,MEDIUM
mercedes-benz-mercedes-benz-amg-sl,MERCEDES BENZ,Mercedes-Benz AMG SL,22,12,2564-01,2569-08,settled,IDENTITY_REVIEW,STRUCTURAL_CONFLICT,STRUCTURAL_CONFLICT|EXISTING_IDENTITY_SUSPECTED|PROVIDER_LINEAGE_AMBIGUOUS|POSSIBLE_TRIM_NOT_MODEL,IDENTITY_REVIEW,STRUCTURAL_CONFLICT,STRUCTURAL_CONFLICT|EXISTING_IDENTITY_SUSPECTED|PROVIDER_LINEAGE_AMBIGUOUS|POSSIBLE_TRIM_NOT_MODEL,,LOW
mercedes-benz-mercedes-benz-c-class,MERCEDES BENZ,Mercedes-Benz C-Class,10733,769,2564-01,2569-09,settled,HOLD,NOT_ACTIVATED,NOT_ACTIVATED,IDENTITY_REVIEW,DUPLICATE_CANONICAL_SUSPECTED,DUPLICATE_CANONICAL_SUSPECTED|POSSIBLE_TRUNCATED_NAME,,HIGH
mercedes-benz-mercedes-benz-c250,MERCEDES BENZ,Mercedes-Benz C250,61,2,2564-01,2569-01,settled,HOLD,NOT_ACTIVATED,NOT_ACTIVATED,IDENTITY_REVIEW,STRUCTURAL_CONFLICT,STRUCTURAL_CONFLICT|DUPLICATE_CANONICAL_SUSPECTED|PROVIDER_LINEAGE_AMBIGUOUS|POSSIBLE_MODEL_CODE,,LOW
mercedes-benz-mercedes-benz-c350,MERCEDES BENZ,Mercedes-Benz C350,2549,485,2564-01,2569-09,settled,HOLD,NOT_ACTIVATED,NOT_ACTIVATED,IDENTITY_REVIEW,STRUCTURAL_CONFLICT,STRUCTURAL_CONFLICT|DUPLICATE_CANONICAL_SUSPECTED|PROVIDER_LINEAGE_AMBIGUOUS|POSSIBLE_MODEL_CODE,,HIGH
mercedes-benz-mercedes-benz-cla-class,MERCEDES BENZ,Mercedes-Benz CLA-Class,429,222,2564-01,2569-09,settled,HOLD,NOT_ACTIVATED,NOT_ACTIVATED,IDENTITY_REVIEW,DUPLICATE_CANONICAL_SUSPECTED,DUPLICATE_CANONICAL_SUSPECTED|PROVIDER_LINEAGE_AMBIGUOUS,,MEDIUM
mercedes-benz-mercedes-benz-cle-class,MERCEDES BENZ,Mercedes-Benz CLE-Class,926,522,2567-10,2569-09,settled,HOLD,NOT_ACTIVATED,NOT_ACTIVATED,IDENTITY_REVIEW,DUPLICATE_CANONICAL_SUSPECTED,DUPLICATE_CANONICAL_SUSPECTED|PROVIDER_LINEAGE_AMBIGUOUS,,MEDIUM
mercedes-benz-mercedes-benz-cls,MERCEDES BENZ,Mercedes-Benz CLS,4650,516,2564-01,2569-09,settled,HOLD,NOT_ACTIVATED,NOT_ACTIVATED,IDENTITY_REVIEW,DUPLICATE_CANONICAL_SUSPECTED,DUPLICATE_CANONICAL_SUSPECTED,,HIGH
mercedes-benz-mercedes-benz-e-class,MERCEDES BENZ,Mercedes-Benz E-Class,5660,1136,2564-01,2569-09,settled,HOLD,NOT_ACTIVATED,NOT_ACTIVATED,IDENTITY_REVIEW,DUPLICATE_CANONICAL_SUSPECTED,DUPLICATE_CANONICAL_SUSPECTED|PROVIDER_COARSER_THAN_TDR|PROVIDER_LINEAGE_AMBIGUOUS|POSSIBLE_TRUNCATED_NAME,,HIGH
mercedes-benz-mercedes-benz-e300,MERCEDES BENZ,Mercedes-Benz E300,4473,85,2564-01,2569-09,settled,HOLD,NOT_ACTIVATED,NOT_ACTIVATED,IDENTITY_REVIEW,DUPLICATE_CANONICAL_SUSPECTED,DUPLICATE_CANONICAL_SUSPECTED|PROVIDER_LINEAGE_AMBIGUOUS|POSSIBLE_MODEL_CODE,,HIGH
mercedes-benz-mercedes-benz-eqb-class,MERCEDES BENZ,Mercedes-Benz EQB-Class,171,0,2566-07,2568-09,settled,HOLD,NOT_ACTIVATED,NOT_ACTIVATED,IDENTITY_REVIEW,DUPLICATE_CANONICAL_SUSPECTED,DUPLICATE_CANONICAL_SUSPECTED,,MEDIUM
mercedes-benz-mercedes-benz-eqe-class,MERCEDES BENZ,Mercedes-Benz EQE-Class,766,517,2566-03,2569-09,settled,HOLD,NOT_ACTIVATED,NOT_ACTIVATED,IDENTITY_REVIEW,DUPLICATE_CANONICAL_SUSPECTED,DUPLICATE_CANONICAL_SUSPECTED,,MEDIUM
mercedes-benz-mercedes-benz-eqs-class,MERCEDES BENZ,Mercedes-Benz EQS-Class,521,217,2565-08,2569-09,settled,HOLD,NOT_ACTIVATED,NOT_ACTIVATED,IDENTITY_REVIEW,DUPLICATE_CANONICAL_SUSPECTED,DUPLICATE_CANONICAL_SUSPECTED,,MEDIUM
mercedes-benz-mercedes-benz-g-class,MERCEDES BENZ,Mercedes-Benz G-Class,529,147,2564-01,2569-09,settled,HOLD,NOT_ACTIVATED,NOT_ACTIVATED,IDENTITY_REVIEW,DUPLICATE_CANONICAL_SUSPECTED,DUPLICATE_CANONICAL_SUSPECTED|PROVIDER_LINEAGE_AMBIGUOUS|POSSIBLE_TRUNCATED_NAME,,MEDIUM
mercedes-benz-mercedes-benz-glb-class,MERCEDES BENZ,Mercedes-Benz GLB-Class,374,4,2564-01,2569-08,settled,HOLD,NOT_ACTIVATED,NOT_ACTIVATED,IDENTITY_REVIEW,DUPLICATE_CANONICAL_SUSPECTED,DUPLICATE_CANONICAL_SUSPECTED,,MEDIUM
mercedes-benz-mercedes-benz-gt-class,MERCEDES BENZ,Mercedes-Benz GT-Class,44,3,2564-02,2569-05,settled,IDENTITY_REVIEW,PROVIDER_LINEAGE_AMBIGUOUS,PROVIDER_LINEAGE_AMBIGUOUS|POSSIBLE_TRIM_NOT_MODEL,IDENTITY_REVIEW,PROVIDER_LINEAGE_AMBIGUOUS,PROVIDER_LINEAGE_AMBIGUOUS|POSSIBLE_TRIM_NOT_MODEL,,LOW
mercedes-benz-mercedes-benz-s-class,MERCEDES BENZ,Mercedes-Benz S-Class,1423,165,2564-01,2569-09,settled,HOLD,NOT_ACTIVATED,NOT_ACTIVATED,IDENTITY_REVIEW,DUPLICATE_CANONICAL_SUSPECTED,DUPLICATE_CANONICAL_SUSPECTED|PROVIDER_LINEAGE_AMBIGUOUS|POSSIBLE_TRUNCATED_NAME,,MEDIUM
mercedes-benz-mercedes-benz-s350d,MERCEDES BENZ,Mercedes-Benz S350D,504,31,2564-01,2569-08,settled,HOLD,NOT_ACTIVATED,NOT_ACTIVATED,IDENTITY_REVIEW,DUPLICATE_CANONICAL_SUSPECTED,DUPLICATE_CANONICAL_SUSPECTED|PROVIDER_LINEAGE_AMBIGUOUS|POSSIBLE_MODEL_CODE,,MEDIUM
mercedes-benz-mercedes-benz-sprinter,MERCEDES BENZ,Mercedes-Benz Sprinter,409,86,2564-01,2569-09,settled,HOLD,NOT_ACTIVATED,NOT_ACTIVATED,IDENTITY_REVIEW,DUPLICATE_CANONICAL_SUSPECTED,DUPLICATE_CANONICAL_SUSPECTED,,MEDIUM
mercedes-benz-mercedes-benz-v-class,MERCEDES BENZ,Mercedes-Benz V-Class,517,89,2564-01,2569-09,settled,HOLD,NOT_ACTIVATED,NOT_ACTIVATED,IDENTITY_REVIEW,DUPLICATE_CANONICAL_SUSPECTED,DUPLICATE_CANONICAL_SUSPECTED|PROVIDER_LINEAGE_AMBIGUOUS|POSSIBLE_TRUNCATED_NAME,,MEDIUM
mercedes-benz-mercedes-benz-vito,MERCEDES BENZ,Mercedes-Benz Vito,631,105,2564-02,2569-09,settled,HOLD,NOT_ACTIVATED,NOT_ACTIVATED,IDENTITY_REVIEW,DUPLICATE_CANONICAL_SUSPECTED,DUPLICATE_CANONICAL_SUSPECTED,,MEDIUM
mercedes-benz-mercedes-gla,MERCEDES BENZ,Mercedes GLA,6443,503,2564-01,2569-09,settled,HOLD,NOT_ACTIVATED,NOT_ACTIVATED,IDENTITY_REVIEW,DUPLICATE_CANONICAL_SUSPECTED,DUPLICATE_CANONICAL_SUSPECTED|PROVIDER_LINEAGE_AMBIGUOUS,,HIGH
mercedes-benz-mercedes-glc,MERCEDES BENZ,Mercedes GLC,10029,979,2564-01,2569-09,settled,HOLD,NOT_ACTIVATED,NOT_ACTIVATED,IDENTITY_REVIEW,DUPLICATE_CANONICAL_SUSPECTED,DUPLICATE_CANONICAL_SUSPECTED|PROVIDER_LINEAGE_AMBIGUOUS,,HIGH
mercedes-benz-mercedes-gle,MERCEDES BENZ,Mercedes GLE,2513,253,2564-01,2569-09,settled,HOLD,NOT_ACTIVATED,NOT_ACTIVATED,IDENTITY_REVIEW,DUPLICATE_CANONICAL_SUSPECTED,DUPLICATE_CANONICAL_SUSPECTED|PROVIDER_LINEAGE_AMBIGUOUS,,HIGH
mercedes-benz-mercedes-gls,MERCEDES BENZ,Mercedes GLS,549,51,2564-03,2569-09,settled,HOLD,NOT_ACTIVATED,NOT_ACTIVATED,IDENTITY_REVIEW,DUPLICATE_CANONICAL_SUSPECTED,DUPLICATE_CANONICAL_SUSPECTED|PROVIDER_LINEAGE_AMBIGUOUS,,MEDIUM
mercedes-benz-ml-250-bluetec-4matic__provisional,MERCEDES BENZ,ML 250 BLUETEC 4MATIC,5,1,2564-03,2569-09,provisional,HOLD,PROVIDER_IDENTITY_PROVISIONAL,PROVIDER_IDENTITY_PROVISIONAL|EXISTING_IDENTITY_SUSPECTED,HOLD,PROVIDER_IDENTITY_PROVISIONAL,PROVIDER_IDENTITY_PROVISIONAL|EXISTING_IDENTITY_SUSPECTED,,LOW
mercedes-benz-slc-300__provisional,MERCEDES BENZ,SLC 300,5,0,2564-03,2567-06,provisional,HOLD,PROVIDER_IDENTITY_PROVISIONAL,PROVIDER_IDENTITY_PROVISIONAL|EXISTING_IDENTITY_SUSPECTED|POSSIBLE_MODEL_CODE,HOLD,PROVIDER_IDENTITY_PROVISIONAL,PROVIDER_IDENTITY_PROVISIONAL|EXISTING_IDENTITY_SUSPECTED|POSSIBLE_MODEL_CODE,,LOW
mercedes-benz-slk-200-be-roadster__provisional,MERCEDES BENZ,SLK 200 BE ROADSTER,2,0,2565-05,2565-11,provisional,HOLD,PROVIDER_IDENTITY_PROVISIONAL,PROVIDER_IDENTITY_PROVISIONAL|EXISTING_IDENTITY_SUSPECTED|POSSIBLE_BODY_VARIANT,HOLD,PROVIDER_IDENTITY_PROVISIONAL,PROVIDER_IDENTITY_PROVISIONAL|EXISTING_IDENTITY_SUSPECTED|POSSIBLE_BODY_VARIANT,,LOW
mercedes-benz-type-s-580-4matic__provisional,MERCEDES BENZ,TYPE S 580 4MATIC,1,0,2565-09,2565-09,provisional,HOLD,PROVIDER_IDENTITY_PROVISIONAL,PROVIDER_IDENTITY_PROVISIONAL|EXISTING_IDENTITY_SUSPECTED|PROVIDER_FINER_THAN_TDR,HOLD,PROVIDER_IDENTITY_PROVISIONAL,PROVIDER_IDENTITY_PROVISIONAL|EXISTING_IDENTITY_SUSPECTED|PROVIDER_FINER_THAN_TDR,,LOW
mercedes-benz-x-250-d-4matic__provisional,MERCEDES BENZ,X 250 D 4MATIC,1,0,2566-04,2566-04,provisional,HOLD,PROVIDER_IDENTITY_PROVISIONAL,PROVIDER_IDENTITY_PROVISIONAL|EXISTING_IDENTITY_SUSPECTED,HOLD,PROVIDER_IDENTITY_PROVISIONAL,PROVIDER_IDENTITY_PROVISIONAL|EXISTING_IDENTITY_SUSPECTED,,LOW
mg-mg-cyberster,MG,MG Cyberster,277,79,2567-11,2569-09,settled,HOLD,NOT_ACTIVATED,NOT_ACTIVATED,IDENTITY_REVIEW,DUPLICATE_CANONICAL_SUSPECTED,DUPLICATE_CANONICAL_SUSPECTED,,MEDIUM
mg-mg-ep,MG,MG EP,12009,1747,2564-01,2569-09,settled,HOLD,NOT_ACTIVATED,NOT_ACTIVATED,IDENTITY_REVIEW,DUPLICATE_CANONICAL_SUSPECTED,DUPLICATE_CANONICAL_SUSPECTED,,HIGH
mg-mg-extender,MG,MG Extender,11882,176,2564-01,2569-09,settled,HOLD,NOT_ACTIVATED,NOT_ACTIVATED,IDENTITY_REVIEW,DUPLICATE_CANONICAL_SUSPECTED,DUPLICATE_CANONICAL_SUSPECTED,,HIGH
mg-mg-hs,MG,MG HS,12179,228,2564-01,2569-09,settled,HOLD,NOT_ACTIVATED,NOT_ACTIVATED,IDENTITY_REVIEW,DUPLICATE_CANONICAL_SUSPECTED,DUPLICATE_CANONICAL_SUSPECTED,,HIGH
mg-mg-im5,MG,MG IM5,741,741,2569-05,2569-09,settled,HOLD,NOT_ACTIVATED,NOT_ACTIVATED,IDENTITY_REVIEW,DUPLICATE_CANONICAL_SUSPECTED,DUPLICATE_CANONICAL_SUSPECTED,,MEDIUM
mg-mg-im6,MG,MG IM6,2562,1702,2568-06,2569-09,settled,HOLD,NOT_ACTIVATED,NOT_ACTIVATED,IDENTITY_REVIEW,DUPLICATE_CANONICAL_SUSPECTED,DUPLICATE_CANONICAL_SUSPECTED,,HIGH
mg-mg-s5-ev,MG,MG S5 EV,13675,10808,2566-04,2569-09,settled,HOLD,NOT_ACTIVATED,NOT_ACTIVATED,IDENTITY_REVIEW,STRUCTURAL_CONFLICT,STRUCTURAL_CONFLICT|DUPLICATE_CANONICAL_SUSPECTED|EXISTING_IDENTITY_SUSPECTED|POSSIBLE_POWERTRAIN_DERIVATIVE,,HIGH
mg-mg-urban-ev,MG,MG Urban EV,2473,2473,2569-07,2569-09,settled,IDENTITY_REVIEW,EXISTING_IDENTITY_SUSPECTED,EXISTING_IDENTITY_SUSPECTED|PROVIDER_FINER_THAN_TDR|POSSIBLE_POWERTRAIN_DERIVATIVE,IDENTITY_REVIEW,STRUCTURAL_CONFLICT,STRUCTURAL_CONFLICT|EXISTING_IDENTITY_SUSPECTED|PROVIDER_FINER_THAN_TDR|POSSIBLE_POWERTRAIN_DERIVATIVE,,HIGH
mg-mg-vs-hev,MG,MG VS HEV,4308,324,2565-09,2569-09,settled,HOLD,NOT_ACTIVATED,NOT_ACTIVATED,IDENTITY_REVIEW,DUPLICATE_CANONICAL_SUSPECTED,DUPLICATE_CANONICAL_SUSPECTED|POSSIBLE_POWERTRAIN_DERIVATIVE,,HIGH
mg-mg-zs,MG,MG ZS,29506,620,2564-01,2569-09,settled,HOLD,NOT_ACTIVATED,NOT_ACTIVATED,IDENTITY_REVIEW,DUPLICATE_CANONICAL_SUSPECTED,DUPLICATE_CANONICAL_SUSPECTED|PROVIDER_COARSER_THAN_TDR,,HIGH
mg-mg3,MG,MG3,8405,1284,2564-01,2569-09,settled,HOLD,NOT_ACTIVATED,NOT_ACTIVATED,IDENTITY_REVIEW,DUPLICATE_CANONICAL_SUSPECTED,DUPLICATE_CANONICAL_SUSPECTED,,HIGH
mg-mg4-ev,MG,MG4 EV,29161,10559,2566-01,2569-09,settled,HOLD,NOT_ACTIVATED,NOT_ACTIVATED,IDENTITY_REVIEW,STRUCTURAL_CONFLICT,STRUCTURAL_CONFLICT|DUPLICATE_CANONICAL_SUSPECTED|EXISTING_IDENTITY_SUSPECTED|POSSIBLE_POWERTRAIN_DERIVATIVE,,HIGH
mg-mg5,MG,MG5,28194,1206,2564-01,2569-09,settled,HOLD,NOT_ACTIVATED,NOT_ACTIVATED,IDENTITY_REVIEW,DUPLICATE_CANONICAL_SUSPECTED,DUPLICATE_CANONICAL_SUSPECTED,,HIGH
mine-mobility-mine-mts-mt30,MINE MOBILITY,MINE MTS-MT30,87,39,2566-06,2569-01,settled,IDENTITY_REVIEW,PROVIDER_FINER_THAN_TDR,PROVIDER_FINER_THAN_TDR,IDENTITY_REVIEW,PROVIDER_FINER_THAN_TDR,PROVIDER_FINER_THAN_TDR,,LOW
mini-clubman,MINI,MINI Clubman,366,6,2564-01,2569-09,settled,IDENTITY_REVIEW,PROVIDER_LINEAGE_AMBIGUOUS,PROVIDER_LINEAGE_AMBIGUOUS,IDENTITY_REVIEW,PROVIDER_LINEAGE_AMBIGUOUS,PROVIDER_LINEAGE_AMBIGUOUS,,MEDIUM
mini-cooper,MINI,MINI Cooper,851,27,2564-01,2569-09,settled,HOLD,NOT_ACTIVATED,NOT_ACTIVATED,IDENTITY_REVIEW,DUPLICATE_CANONICAL_SUSPECTED,DUPLICATE_CANONICAL_SUSPECTED|PROVIDER_COARSER_THAN_TDR|PROVIDER_LINEAGE_AMBIGUOUS,,MEDIUM
mini-countryman,MINI,MINI Countryman,3659,295,2564-01,2569-09,settled,HOLD,NOT_ACTIVATED,NOT_ACTIVATED,IDENTITY_REVIEW,DUPLICATE_CANONICAL_SUSPECTED,DUPLICATE_CANONICAL_SUSPECTED|PROVIDER_LINEAGE_AMBIGUOUS,,HIGH
mini-mini-aceman-ev,MINI,Mini Aceman EV,1057,584,2567-11,2569-09,settled,IDENTITY_REVIEW,STRUCTURAL_CONFLICT,STRUCTURAL_CONFLICT|PROVIDER_FINER_THAN_TDR|POSSIBLE_POWERTRAIN_DERIVATIVE,IDENTITY_REVIEW,STRUCTURAL_CONFLICT,STRUCTURAL_CONFLICT|PROVIDER_FINER_THAN_TDR|POSSIBLE_POWERTRAIN_DERIVATIVE,,MEDIUM
mini-mini-cooper-ev,MINI,Mini Cooper EV,1772,643,2564-01,2569-09,settled,HOLD,LINEAGE_UNRESOLVED,LINEAGE_UNRESOLVED|STRUCTURAL_CONFLICT|EXISTING_IDENTITY_SUSPECTED|PROVIDER_FINER_THAN_TDR|PROVIDER_LINEAGE_AMBIGUOUS|POSSIBLE_POWERTRAIN_DERIVATIVE,HOLD,LINEAGE_UNRESOLVED,LINEAGE_UNRESOLVED|STRUCTURAL_CONFLICT|EXISTING_IDENTITY_SUSPECTED|PROVIDER_FINER_THAN_TDR|PROVIDER_LINEAGE_AMBIGUOUS|POSSIBLE_POWERTRAIN_DERIVATIVE,,MEDIUM
mini-mini-jcw-convertible,MINI,MINI JCW Convertible,85,21,2564-01,2569-09,settled,HOLD,LINEAGE_UNRESOLVED,LINEAGE_UNRESOLVED|STRUCTURAL_CONFLICT|EXISTING_IDENTITY_SUSPECTED|PROVIDER_LINEAGE_AMBIGUOUS|POSSIBLE_BODY_VARIANT,HOLD,LINEAGE_UNRESOLVED,LINEAGE_UNRESOLVED|STRUCTURAL_CONFLICT|EXISTING_IDENTITY_SUSPECTED|PROVIDER_LINEAGE_AMBIGUOUS|POSSIBLE_BODY_VARIANT,,LOW
mini-mini-jcw-rhd,MINI,MINI JCW RHD,581,177,2564-01,2569-09,settled,IDENTITY_REVIEW,STRUCTURAL_CONFLICT,STRUCTURAL_CONFLICT|EXISTING_IDENTITY_SUSPECTED|PROVIDER_LINEAGE_AMBIGUOUS,IDENTITY_REVIEW,STRUCTURAL_CONFLICT,STRUCTURAL_CONFLICT|EXISTING_IDENTITY_SUSPECTED|PROVIDER_LINEAGE_AMBIGUOUS,,MEDIUM
mitsubishi-attrage,MITSUBISHI,Attrage,22492,2241,2564-01,2569-09,settled,HOLD,NOT_ACTIVATED,NOT_ACTIVATED,IDENTITY_REVIEW,DUPLICATE_CANONICAL_SUSPECTED,DUPLICATE_CANONICAL_SUSPECTED,,HIGH
mitsubishi-l200-25-m-cab-glx-strada-2wd__provisional,MITSUBISHI,L200 2.5 M-CAB GLX (STRADA 2WD,1,0,2565-08,2565-08,provisional,HOLD,PROVIDER_IDENTITY_PROVISIONAL,PROVIDER_IDENTITY_PROVISIONAL|EXISTING_IDENTITY_SUSPECTED|POSSIBLE_MODEL_CODE|POSSIBLE_POWERTRAIN_DERIVATIVE|POSSIBLE_BODY_VARIANT,HOLD,PROVIDER_IDENTITY_PROVISIONAL,PROVIDER_IDENTITY_PROVISIONAL|EXISTING_IDENTITY_SUSPECTED|POSSIBLE_MODEL_CODE|POSSIBLE_POWERTRAIN_DERIVATIVE|POSSIBLE_BODY_VARIANT,,LOW
mitsubishi-l200-super-28-glx-4wd-strada__provisional,MITSUBISHI,L200 SUPER 2.8 GLX 4WD (STRADA,2,0,2565-03,2566-10,provisional,HOLD,PROVIDER_IDENTITY_PROVISIONAL,PROVIDER_IDENTITY_PROVISIONAL|POSSIBLE_MODEL_CODE|POSSIBLE_POWERTRAIN_DERIVATIVE,HOLD,PROVIDER_IDENTITY_PROVISIONAL,PROVIDER_IDENTITY_PROVISIONAL|POSSIBLE_MODEL_CODE|POSSIBLE_POWERTRAIN_DERIVATIVE,,LOW
mitsubishi-mirage,MITSUBISHI,Mirage,19028,1741,2564-01,2569-09,settled,HOLD,NOT_ACTIVATED,NOT_ACTIVATED,IDENTITY_REVIEW,DUPLICATE_CANONICAL_SUSPECTED,DUPLICATE_CANONICAL_SUSPECTED,,HIGH
mitsubishi-mitsubishi-cy4astxhru,MITSUBISHI,Mitsubishi CY4ASTXHRU,2,1,2564-08,2569-02,settled,HOLD,PROVIDER_RAW_NAME,PROVIDER_RAW_NAME,HOLD,PROVIDER_RAW_NAME,PROVIDER_RAW_NAME,,LOW
mitsubishi-mitsubishi-lb2tcldjcru,MITSUBISHI,Mitsubishi LB2TCLDJCRU,2,2,2569-01,2569-03,settled,HOLD,PROVIDER_RAW_NAME,PROVIDER_RAW_NAME,HOLD,PROVIDER_RAW_NAME,PROVIDER_RAW_NAME,,LOW
mitsubishi-outlander,MITSUBISHI,Outlander,829,11,2564-01,2569-09,settled,HOLD,NOT_ACTIVATED,NOT_ACTIVATED,IDENTITY_REVIEW,DUPLICATE_CANONICAL_SUSPECTED,DUPLICATE_CANONICAL_SUSPECTED,,MEDIUM
mitsubishi-pajero,MITSUBISHI,Pajero,37,37,2569-09,2569-09,settled,HOLD,NOT_ACTIVATED,NOT_ACTIVATED,IDENTITY_REVIEW,DUPLICATE_CANONICAL_SUSPECTED,DUPLICATE_CANONICAL_SUSPECTED,,LOW
mitsubishi-pajero-sport,MITSUBISHI,Pajero Sport,26287,1652,2564-01,2569-09,settled,HOLD,NOT_ACTIVATED,NOT_ACTIVATED,IDENTITY_REVIEW,STRUCTURAL_CONFLICT,STRUCTURAL_CONFLICT|DUPLICATE_CANONICAL_SUSPECTED|POSSIBLE_TRIM_NOT_MODEL,,HIGH
mitsubishi-triton,MITSUBISHI,Triton,81068,6389,2564-01,2569-09,settled,HOLD,NOT_ACTIVATED,NOT_ACTIVATED,IDENTITY_REVIEW,DUPLICATE_CANONICAL_SUSPECTED,DUPLICATE_CANONICAL_SUSPECTED,,HIGH
mitsubishi-xforce,MITSUBISHI,Xforce,11657,9032,2568-05,2569-09,settled,HOLD,NOT_ACTIVATED,NOT_ACTIVATED,IDENTITY_REVIEW,DUPLICATE_CANONICAL_SUSPECTED,DUPLICATE_CANONICAL_SUSPECTED,,HIGH
mitsubishi-xpander,MITSUBISHI,Xpander,53534,5220,2564-01,2569-09,settled,HOLD,NOT_ACTIVATED,NOT_ACTIVATED,IDENTITY_REVIEW,DUPLICATE_CANONICAL_SUSPECTED,DUPLICATE_CANONICAL_SUSPECTED|PROVIDER_COARSER_THAN_TDR,,HIGH
neomor-d01__provisional,NEOMOR,D01,12,4,2567-12,2568-12,provisional,HOLD,PROVIDER_IDENTITY_PROVISIONAL,PROVIDER_IDENTITY_PROVISIONAL|BRAND_NOT_IN_TDR,HOLD,PROVIDER_IDENTITY_PROVISIONAL,PROVIDER_IDENTITY_PROVISIONAL|BRAND_NOT_IN_TDR,,LOW
neta-neta-v,NETA,Neta V,22130,547,2565-06,2569-09,settled,HOLD,NOT_ACTIVATED,NOT_ACTIVATED,IDENTITY_REVIEW,DUPLICATE_CANONICAL_SUSPECTED,DUPLICATE_CANONICAL_SUSPECTED|POSSIBLE_TRUNCATED_NAME,,HIGH
neta-neta-x,NETA,Neta X,2238,29,2567-10,2569-09,settled,HOLD,NOT_ACTIVATED,NOT_ACTIVATED,IDENTITY_REVIEW,DUPLICATE_CANONICAL_SUSPECTED,DUPLICATE_CANONICAL_SUSPECTED|POSSIBLE_TRUNCATED_NAME,,HIGH
nex-nex-nps,NEX,NEX NPS,41,9,2567-01,2569-05,settled,IDENTITY_REVIEW,BRAND_NOT_IN_TDR,BRAND_NOT_IN_TDR,IDENTITY_REVIEW,BRAND_NOT_IN_TDR,BRAND_NOT_IN_TDR,,LOW
nex-npd,NEX,NEX NPD,38,1,2567-02,2569-08,settled,IDENTITY_REVIEW,BRAND_NOT_IN_TDR,BRAND_NOT_IN_TDR,IDENTITY_REVIEW,BRAND_NOT_IN_TDR,BRAND_NOT_IN_TDR,,LOW
nextem-nextem-orca,NEXTEM,Nextem Orca,13,4,2567-03,2569-09,settled,HOLD,NOT_ACTIVATED,NOT_ACTIVATED,IDENTITY_REVIEW,DUPLICATE_CANONICAL_SUSPECTED,DUPLICATE_CANONICAL_SUSPECTED,,LOW
nio-nio-firefly,NIO,NIO Firefly,20,20,2569-05,2569-09,settled,IDENTITY_REVIEW,BRAND_NOT_IN_TDR,BRAND_NOT_IN_TDR,IDENTITY_REVIEW,BRAND_NOT_IN_TDR,BRAND_NOT_IN_TDR,,LOW
nissan-almera,NISSAN,Almera,43660,1703,2564-01,2569-09,settled,HOLD,NOT_ACTIVATED,NOT_ACTIVATED,IDENTITY_REVIEW,DUPLICATE_CANONICAL_SUSPECTED,DUPLICATE_CANONICAL_SUSPECTED,,HIGH
nissan-elgrand-250-highway-star-s__provisional,NISSAN,ELGRAND 250 HIGHWAY STAR S,1,0,2567-10,2567-10,provisional,HOLD,PROVIDER_IDENTITY_PROVISIONAL,PROVIDER_IDENTITY_PROVISIONAL,HOLD,PROVIDER_IDENTITY_PROVISIONAL,PROVIDER_IDENTITY_PROVISIONAL,,LOW
nissan-elgrand-250-highway-star__provisional,NISSAN,ELGRAND 250 HIGHWAY STAR,6,2,2565-09,2569-08,provisional,HOLD,PROVIDER_IDENTITY_PROVISIONAL,PROVIDER_IDENTITY_PROVISIONAL,HOLD,PROVIDER_IDENTITY_PROVISIONAL,PROVIDER_IDENTITY_PROVISIONAL,,LOW
nissan-elgrand-350-highway-star__provisional,NISSAN,ELGRAND 350 HIGHWAY STAR,1,0,2565-08,2565-08,provisional,HOLD,PROVIDER_IDENTITY_PROVISIONAL,PROVIDER_IDENTITY_PROVISIONAL,HOLD,PROVIDER_IDENTITY_PROVISIONAL,PROVIDER_IDENTITY_PROVISIONAL,,LOW
nissan-kicks-e-power,NISSAN,Kicks e-Power,18388,2371,2564-01,2569-09,settled,HOLD,NOT_ACTIVATED,NOT_ACTIVATED,IDENTITY_REVIEW,DUPLICATE_CANONICAL_SUSPECTED,DUPLICATE_CANONICAL_SUSPECTED,,HIGH
nissan-leaf,NISSAN,Leaf,237,4,2564-01,2569-08,settled,CREATE_IDENTITY,NEW_IDENTITY_CONFIRMED,NEW_IDENTITY_CONFIRMED,CREATE_IDENTITY,NEW_IDENTITY_CONFIRMED,NEW_IDENTITY_CONFIRMED,nissan.leaf,MEDIUM
nissan-navara,NISSAN,Navara,23988,1436,2564-01,2569-09,settled,HOLD,NOT_ACTIVATED,NOT_ACTIVATED,IDENTITY_REVIEW,DUPLICATE_CANONICAL_SUSPECTED,DUPLICATE_CANONICAL_SUSPECTED,,HIGH
nissan-nissan-bdtarczb172ha,NISSAN,Nissan BDTARCZB172HA-----,4,2,2564-01,2569-02,settled,HOLD,PROVIDER_RAW_NAME,PROVIDER_RAW_NAME,HOLD,PROVIDER_RAW_NAME,PROVIDER_RAW_NAME,,LOW
nissan-nissan-be-1,NISSAN,Nissan BE-1,1,1,2569-01,2569-01,settled,IDENTITY_REVIEW,EXISTING_IDENTITY_SUSPECTED,EXISTING_IDENTITY_SUSPECTED,IDENTITY_REVIEW,EXISTING_IDENTITY_SUSPECTED,EXISTING_IDENTITY_SUSPECTED,,LOW
nissan-nissan-cvlgrvyd40uhgcaglc,NISSAN,Nissan CVLGRVYD40UHGCAGLC,3,1,2565-08,2569-02,settled,HOLD,PROVIDER_RAW_NAME,PROVIDER_RAW_NAME,HOLD,PROVIDER_RAW_NAME,PROVIDER_RAW_NAME,,LOW
nissan-nissan-fairlady,NISSAN,Nissan Fairlady,31,9,2566-04,2569-08,settled,CREATE_IDENTITY,NEW_IDENTITY_CONFIRMED,NEW_IDENTITY_CONFIRMED,CREATE_IDENTITY,NEW_IDENTITY_CONFIRMED,NEW_IDENTITY_CONFIRMED,nissan.fairlady,LOW
nissan-nissan-gt-r,NISSAN,Nissan GT-R,194,41,2564-01,2569-09,settled,HOLD,NOT_ACTIVATED,NOT_ACTIVATED,IDENTITY_REVIEW,DUPLICATE_CANONICAL_SUSPECTED,DUPLICATE_CANONICAL_SUSPECTED|POSSIBLE_TRIM_NOT_MODEL,,MEDIUM
nissan-nissan-march,NISSAN,Nissan March,4000,2,2564-01,2569-08,settled,CREATE_IDENTITY,NEW_IDENTITY_CONFIRMED,NEW_IDENTITY_CONFIRMED,CREATE_IDENTITY,NEW_IDENTITY_CONFIRMED,NEW_IDENTITY_CONFIRMED,nissan.march,HIGH
nissan-nissan-sylphy,NISSAN,Nissan Sylphy,165,16,2564-01,2569-07,settled,HOLD,NOT_ACTIVATED,NOT_ACTIVATED,IDENTITY_REVIEW,DUPLICATE_CANONICAL_SUSPECTED,DUPLICATE_CANONICAL_SUSPECTED,,MEDIUM
nissan-nissan-teana,NISSAN,Nissan Teana,47,2,2564-01,2569-06,settled,HOLD,NOT_ACTIVATED,NOT_ACTIVATED,IDENTITY_REVIEW,DUPLICATE_CANONICAL_SUSPECTED,DUPLICATE_CANONICAL_SUSPECTED,,LOW
nissan-nissan-udb4rdre26ewdder-c,NISSAN,Nissan UDB4RDRE26EWDDER-C,5,1,2565-11,2569-02,settled,HOLD,PROVIDER_RAW_NAME,PROVIDER_RAW_NAME,HOLD,PROVIDER_RAW_NAME,PROVIDER_RAW_NAME,,LOW
nissan-nissan-udb4rgke26ewb-s-c,NISSAN,Nissan UDB4RGKE26EWB--S-C,5,1,2564-02,2569-01,settled,HOLD,PROVIDER_RAW_NAME,PROVIDER_RAW_NAME,HOLD,PROVIDER_RAW_NAME,PROVIDER_RAW_NAME,,LOW
nissan-nissan-urvan-e26,NISSAN,Nissan Urvan E26,212,7,2564-01,2569-07,settled,IDENTITY_REVIEW,STRUCTURAL_CONFLICT,STRUCTURAL_CONFLICT,IDENTITY_REVIEW,STRUCTURAL_CONFLICT,STRUCTURAL_CONFLICT,,MEDIUM
nissan-nissan-vws4rtfe25uway42dy,NISSAN,Nissan VWS4RTFE25UWAY42DY,1,1,2569-03,2569-03,settled,HOLD,PROVIDER_RAW_NAME,PROVIDER_RAW_NAME,HOLD,PROVIDER_RAW_NAME,PROVIDER_RAW_NAME,,LOW
nissan-note,NISSAN,Nissan Note,3667,2,2564-01,2569-08,settled,CREATE_IDENTITY,NEW_IDENTITY_CONFIRMED,NEW_IDENTITY_CONFIRMED,CREATE_IDENTITY,NEW_IDENTITY_CONFIRMED,NEW_IDENTITY_CONFIRMED,nissan.note,HIGH
nissan-roox-highway-star-g-turbo__provisional,NISSAN,ROOX HIGHWAY STAR G TURBO,1,0,2566-06,2566-06,provisional,HOLD,PROVIDER_IDENTITY_PROVISIONAL,PROVIDER_IDENTITY_PROVISIONAL|POSSIBLE_POWERTRAIN_DERIVATIVE,HOLD,PROVIDER_IDENTITY_PROVISIONAL,PROVIDER_IDENTITY_PROVISIONAL|POSSIBLE_POWERTRAIN_DERIVATIVE,,LOW
nissan-serena,NISSAN,Serena,3585,2409,2564-01,2569-09,settled,HOLD,NOT_ACTIVATED,NOT_ACTIVATED,IDENTITY_REVIEW,DUPLICATE_CANONICAL_SUSPECTED,DUPLICATE_CANONICAL_SUSPECTED,,HIGH
nissan-skyline-r32-v-spec-ii-n1__provisional,NISSAN,SKYLINE R32 V-SPEC II N1,1,0,2567-07,2567-07,provisional,HOLD,PROVIDER_IDENTITY_PROVISIONAL,PROVIDER_IDENTITY_PROVISIONAL,HOLD,PROVIDER_IDENTITY_PROVISIONAL,PROVIDER_IDENTITY_PROVISIONAL,,LOW
nissan-terra,NISSAN,Terra,4456,53,2564-01,2569-07,settled,HOLD,NOT_ACTIVATED,NOT_ACTIVATED,IDENTITY_REVIEW,DUPLICATE_CANONICAL_SUSPECTED,DUPLICATE_CANONICAL_SUSPECTED,,HIGH
nissan-urvan,NISSAN,Nissan Urvan,550,0,2564-01,2567-04,settled,CREATE_IDENTITY,NEW_IDENTITY_CONFIRMED,NEW_IDENTITY_CONFIRMED,CREATE_IDENTITY,NEW_IDENTITY_CONFIRMED,NEW_IDENTITY_CONFIRMED,nissan.urvan,MEDIUM
nissan-x-trail,NISSAN,X-Trail,266,143,2564-01,2569-09,settled,HOLD,NOT_ACTIVATED,NOT_ACTIVATED,IDENTITY_REVIEW,DUPLICATE_CANONICAL_SUSPECTED,DUPLICATE_CANONICAL_SUSPECTED,,MEDIUM
peugeot-peugeot-2008,PEUGEOT,Peugeot 2008,566,41,2565-02,2569-07,settled,HOLD,NOT_ACTIVATED,NOT_ACTIVATED,IDENTITY_REVIEW,STRUCTURAL_CONFLICT,STRUCTURAL_CONFLICT|DUPLICATE_CANONICAL_SUSPECTED,,MEDIUM
peugeot-peugeot-3008,PEUGEOT,Peugeot 3008,939,38,2564-01,2569-07,settled,HOLD,NOT_ACTIVATED,NOT_ACTIVATED,IDENTITY_REVIEW,STRUCTURAL_CONFLICT,STRUCTURAL_CONFLICT|DUPLICATE_CANONICAL_SUSPECTED,,MEDIUM
peugeot-peugeot-408,PEUGEOT,Peugeot 408,79,5,2567-10,2569-08,settled,CREATE_IDENTITY,NEW_IDENTITY_CONFIRMED,NEW_IDENTITY_CONFIRMED,CREATE_IDENTITY,NEW_IDENTITY_CONFIRMED,NEW_IDENTITY_CONFIRMED,peugeot.408,LOW
peugeot-peugeot-5008,PEUGEOT,Peugeot 5008,316,4,2564-01,2569-07,settled,HOLD,NOT_ACTIVATED,NOT_ACTIVATED,IDENTITY_REVIEW,STRUCTURAL_CONFLICT,STRUCTURAL_CONFLICT|DUPLICATE_CANONICAL_SUSPECTED,,MEDIUM
pocco-pocco-dd,POCCO,Pocco DD,17,2,2566-04,2569-08,settled,IDENTITY_REVIEW,BRAND_NOT_IN_TDR,BRAND_NOT_IN_TDR,IDENTITY_REVIEW,BRAND_NOT_IN_TDR,BRAND_NOT_IN_TDR,,LOW
pocco-pocco-mm,POCCO,Pocco MM,8,5,2566-07,2569-03,settled,IDENTITY_REVIEW,BRAND_NOT_IN_TDR,BRAND_NOT_IN_TDR,IDENTITY_REVIEW,BRAND_NOT_IN_TDR,BRAND_NOT_IN_TDR,,LOW
porsche-boxster-25-years__provisional,PORSCHE,BOXSTER 25 YEARS,3,0,2564-12,2565-09,provisional,HOLD,PROVIDER_IDENTITY_PROVISIONAL,PROVIDER_IDENTITY_PROVISIONAL|PROVIDER_FINER_THAN_TDR,HOLD,PROVIDER_IDENTITY_PROVISIONAL,PROVIDER_IDENTITY_PROVISIONAL|PROVIDER_FINER_THAN_TDR,,LOW
porsche-cayman-pdk__provisional,PORSCHE,CAYMAN PDK,1,0,2565-05,2565-05,provisional,HOLD,PROVIDER_IDENTITY_PROVISIONAL,PROVIDER_IDENTITY_PROVISIONAL|PROVIDER_FINER_THAN_TDR,HOLD,PROVIDER_IDENTITY_PROVISIONAL,PROVIDER_IDENTITY_PROVISIONAL|PROVIDER_FINER_THAN_TDR,,LOW
porsche-porsche-718,PORSCHE,Porsche 718,477,83,2564-01,2569-09,settled,HOLD,NOT_ACTIVATED,NOT_ACTIVATED,IDENTITY_REVIEW,DUPLICATE_CANONICAL_SUSPECTED,DUPLICATE_CANONICAL_SUSPECTED,,MEDIUM
porsche-porsche-911,PORSCHE,Porsche 911,1233,180,2564-01,2569-09,settled,HOLD,NOT_ACTIVATED,NOT_ACTIVATED,IDENTITY_REVIEW,DUPLICATE_CANONICAL_SUSPECTED,DUPLICATE_CANONICAL_SUSPECTED,,MEDIUM
porsche-porsche-cayenne,PORSCHE,Porsche Cayenne,4635,829,2564-01,2569-09,settled,HOLD,NOT_ACTIVATED,NOT_ACTIVATED,IDENTITY_REVIEW,DUPLICATE_CANONICAL_SUSPECTED,DUPLICATE_CANONICAL_SUSPECTED,,HIGH
porsche-porsche-macan,PORSCHE,Porsche Macan,1067,134,2564-01,2569-09,settled,HOLD,NOT_ACTIVATED,NOT_ACTIVATED,IDENTITY_REVIEW,DUPLICATE_CANONICAL_SUSPECTED,DUPLICATE_CANONICAL_SUSPECTED,,MEDIUM
porsche-porsche-panamera,PORSCHE,Porsche Panamera,1162,198,2564-01,2569-09,settled,HOLD,NOT_ACTIVATED,NOT_ACTIVATED,IDENTITY_REVIEW,DUPLICATE_CANONICAL_SUSPECTED,DUPLICATE_CANONICAL_SUSPECTED,,MEDIUM
porsche-porsche-taycan,PORSCHE,Porsche Taycan,1245,136,2564-01,2569-09,settled,HOLD,NOT_ACTIVATED,NOT_ACTIVATED,IDENTITY_REVIEW,DUPLICATE_CANONICAL_SUSPECTED,DUPLICATE_CANONICAL_SUSPECTED,,MEDIUM
proton-proton-preve,PROTON,Proton Preve,2,1,2565-06,2569-02,settled,IDENTITY_REVIEW,BRAND_NOT_IN_TDR,BRAND_NOT_IN_TDR,IDENTITY_REVIEW,BRAND_NOT_IN_TDR,BRAND_NOT_IN_TDR,,LOW
riddara-riddara-rd6,RIDDARA,Riddara RD6,2236,1702,2568-01,2569-09,settled,HOLD,NOT_ACTIVATED,NOT_ACTIVATED,IDENTITY_REVIEW,DUPLICATE_CANONICAL_SUSPECTED,DUPLICATE_CANONICAL_SUSPECTED,,HIGH
rolls-royce-rolls-royce-cullinan,ROLLS ROYCE,Rolls-Royce Cullinan,36,3,2564-01,2569-08,settled,CREATE_IDENTITY,NEW_IDENTITY_CONFIRMED,NEW_IDENTITY_CONFIRMED,CREATE_IDENTITY,NEW_IDENTITY_CONFIRMED,NEW_IDENTITY_CONFIRMED,rolls_royce.cullinan,LOW
rolls-royce-rolls-royce-ghost,ROLLS ROYCE,Rolls-Royce Ghost,59,11,2564-03,2569-09,settled,HOLD,NOT_ACTIVATED,NOT_ACTIVATED,IDENTITY_REVIEW,DUPLICATE_CANONICAL_SUSPECTED,DUPLICATE_CANONICAL_SUSPECTED,,LOW
rolls-royce-rolls-royce-phantom,ROLLS ROYCE,Rolls-Royce Phantom,14,4,2564-01,2569-09,settled,CREATE_IDENTITY,NEW_IDENTITY_CONFIRMED,NEW_IDENTITY_CONFIRMED,CREATE_IDENTITY,NEW_IDENTITY_CONFIRMED,NEW_IDENTITY_CONFIRMED,rolls_royce.phantom,LOW
rolls-royce-rolls-royce-spectre,ROLLS ROYCE,Rolls-Royce Spectre,17,6,2567-03,2569-07,settled,CREATE_IDENTITY,NEW_IDENTITY_CONFIRMED,NEW_IDENTITY_CONFIRMED,CREATE_IDENTITY,NEW_IDENTITY_CONFIRMED,NEW_IDENTITY_CONFIRMED,rolls_royce.spectre,LOW
rosenbauer-rosenbauer-panther,ROSENBAUER,Rosenbauer Panther,22,5,2566-10,2569-06,settled,IDENTITY_REVIEW,BRAND_NOT_IN_TDR,BRAND_NOT_IN_TDR,IDENTITY_REVIEW,BRAND_NOT_IN_TDR,BRAND_NOT_IN_TDR,,LOW
sany-sany-sym1030t1bevh3,SANY,SANY SYM1030T1BEVH3,10,10,2569-04,2569-06,settled,HOLD,PROVIDER_RAW_NAME,PROVIDER_RAW_NAME|BRAND_NOT_IN_TDR,HOLD,PROVIDER_RAW_NAME,PROVIDER_RAW_NAME|BRAND_NOT_IN_TDR,,LOW
seres-seres-3,SERES,Seres 3,10,9,2568-07,2569-09,settled,HOLD,NOT_ACTIVATED,NOT_ACTIVATED,IDENTITY_REVIEW,DUPLICATE_CANONICAL_SUSPECTED,DUPLICATE_CANONICAL_SUSPECTED,,LOW
seres-seres-ec31,SERES,Seres EC31,73,11,2566-12,2569-08,settled,CREATE_IDENTITY,NEW_IDENTITY_CONFIRMED,NEW_IDENTITY_CONFIRMED,CREATE_IDENTITY,NEW_IDENTITY_CONFIRMED,NEW_IDENTITY_CONFIRMED,seres.ec31,LOW
smart-smart-eq,SMART,Smart EQ,2,1,2564-08,2569-07,settled,IDENTITY_REVIEW,BRAND_NOT_IN_TDR,BRAND_NOT_IN_TDR,IDENTITY_REVIEW,BRAND_NOT_IN_TDR,BRAND_NOT_IN_TDR,,LOW
sokon-crc50,SOKON,Sokon CRC50,101,0,2564-01,2567-05,settled,CREATE_IDENTITY,NEW_IDENTITY_CONFIRMED,NEW_IDENTITY_CONFIRMED,CREATE_IDENTITY,NEW_IDENTITY_CONFIRMED,NEW_IDENTITY_CONFIRMED,sokon.crc50,MEDIUM
sokon-sokon-ec35,SOKON,Sokon EC35,39,15,2566-09,2569-08,settled,HOLD,NOT_ACTIVATED,NOT_ACTIVATED,IDENTITY_REVIEW,DUPLICATE_CANONICAL_SUSPECTED,DUPLICATE_CANONICAL_SUSPECTED,,LOW
solarky-solarky-model,SOLARKY,Solarky Model,2,2,2569-03,2569-03,settled,IDENTITY_REVIEW,BRAND_NOT_IN_TDR,BRAND_NOT_IN_TDR|POSSIBLE_TRUNCATED_NAME,IDENTITY_REVIEW,BRAND_NOT_IN_TDR,BRAND_NOT_IN_TDR|POSSIBLE_TRUNCATED_NAME,,LOW
srm-srm-t3ev,SRM,SRM T3EV,5,5,2568-12,2569-08,settled,IDENTITY_REVIEW,BRAND_NOT_IN_TDR,BRAND_NOT_IN_TDR|POSSIBLE_POWERTRAIN_DERIVATIVE,IDENTITY_REVIEW,BRAND_NOT_IN_TDR,BRAND_NOT_IN_TDR|POSSIBLE_POWERTRAIN_DERIVATIVE,,LOW
subaru-levorg-sti-sport-r__provisional,SUBARU,LEVORG STI SPORT R,1,0,2567-01,2567-01,provisional,HOLD,PROVIDER_IDENTITY_PROVISIONAL,PROVIDER_IDENTITY_PROVISIONAL|POSSIBLE_TRIM_NOT_MODEL,HOLD,PROVIDER_IDENTITY_PROVISIONAL,PROVIDER_IDENTITY_PROVISIONAL|POSSIBLE_TRIM_NOT_MODEL,,LOW
subaru-levorg-sti-sports-r-ex__provisional,SUBARU,LEVORG STI SPORTS R EX,1,0,2566-09,2566-09,provisional,HOLD,PROVIDER_IDENTITY_PROVISIONAL,PROVIDER_IDENTITY_PROVISIONAL|POSSIBLE_TRIM_NOT_MODEL,HOLD,PROVIDER_IDENTITY_PROVISIONAL,PROVIDER_IDENTITY_PROVISIONAL|POSSIBLE_TRIM_NOT_MODEL,,LOW
subaru-subaru-brz,SUBARU,Subaru BRZ,152,18,2564-01,2569-09,settled,HOLD,NOT_ACTIVATED,NOT_ACTIVATED,IDENTITY_REVIEW,DUPLICATE_CANONICAL_SUSPECTED,DUPLICATE_CANONICAL_SUSPECTED,,MEDIUM
subaru-subaru-crosstrek,SUBARU,Subaru Crosstrek,1628,128,2564-01,2569-09,settled,HOLD,NOT_ACTIVATED,NOT_ACTIVATED,IDENTITY_REVIEW,DUPLICATE_CANONICAL_SUSPECTED,DUPLICATE_CANONICAL_SUSPECTED,,MEDIUM
subaru-subaru-forester,SUBARU,Subaru Forester,6003,157,2564-01,2569-09,settled,HOLD,NOT_ACTIVATED,NOT_ACTIVATED,IDENTITY_REVIEW,DUPLICATE_CANONICAL_SUSPECTED,DUPLICATE_CANONICAL_SUSPECTED,,HIGH
subaru-subaru-outback,SUBARU,Subaru Outback,107,10,2564-07,2569-09,settled,HOLD,NOT_ACTIVATED,NOT_ACTIVATED,IDENTITY_REVIEW,DUPLICATE_CANONICAL_SUSPECTED,DUPLICATE_CANONICAL_SUSPECTED,,MEDIUM
subaru-subaru-wrx,SUBARU,Subaru WRX,80,11,2564-01,2569-09,settled,CREATE_IDENTITY,NEW_IDENTITY_CONFIRMED,NEW_IDENTITY_CONFIRMED,CREATE_IDENTITY,NEW_IDENTITY_CONFIRMED,NEW_IDENTITY_CONFIRMED,subaru.wrx,LOW
suzuki-apv,SUZUKI,APV,2,0,2567-02,2567-05,settled,CREATE_IDENTITY,NEW_IDENTITY_CONFIRMED,NEW_IDENTITY_CONFIRMED,CREATE_IDENTITY,NEW_IDENTITY_CONFIRMED,NEW_IDENTITY_CONFIRMED,suzuki.apv,LOW
suzuki-carry,SUZUKI,Carry,10815,517,2564-01,2569-09,settled,HOLD,NOT_ACTIVATED,NOT_ACTIVATED,IDENTITY_REVIEW,DUPLICATE_CANONICAL_SUSPECTED,DUPLICATE_CANONICAL_SUSPECTED,,HIGH
suzuki-celerio,SUZUKI,Celerio,15258,426,2564-01,2569-09,settled,HOLD,NOT_ACTIVATED,NOT_ACTIVATED,IDENTITY_REVIEW,DUPLICATE_CANONICAL_SUSPECTED,DUPLICATE_CANONICAL_SUSPECTED,,HIGH
suzuki-ciaz,SUZUKI,Ciaz,5737,9,2564-01,2569-08,settled,HOLD,NOT_ACTIVATED,NOT_ACTIVATED,IDENTITY_REVIEW,DUPLICATE_CANONICAL_SUSPECTED,DUPLICATE_CANONICAL_SUSPECTED,,HIGH
suzuki-ertiga,SUZUKI,Ertiga,3001,13,2564-01,2569-06,settled,HOLD,NOT_ACTIVATED,NOT_ACTIVATED,IDENTITY_REVIEW,DUPLICATE_CANONICAL_SUSPECTED,DUPLICATE_CANONICAL_SUSPECTED,,HIGH
suzuki-fronx,SUZUKI,Fronx,896,893,2568-08,2569-09,settled,HOLD,NOT_ACTIVATED,NOT_ACTIVATED,IDENTITY_REVIEW,DUPLICATE_CANONICAL_SUSPECTED,DUPLICATE_CANONICAL_SUSPECTED,,MEDIUM
suzuki-grand-vitara,SUZUKI,Grand Vitara,1,1,2569-06,2569-06,settled,CREATE_IDENTITY,NEW_IDENTITY_CONFIRMED,NEW_IDENTITY_CONFIRMED,CREATE_IDENTITY,NEW_IDENTITY_CONFIRMED,NEW_IDENTITY_CONFIRMED,suzuki.grand_vitara,LOW
suzuki-jimny,SUZUKI,Jimny,974,261,2564-01,2569-09,settled,HOLD,NOT_ACTIVATED,NOT_ACTIVATED,IDENTITY_REVIEW,DUPLICATE_CANONICAL_SUSPECTED,DUPLICATE_CANONICAL_SUSPECTED,,MEDIUM
suzuki-landy-hybrid-g-2wd__provisional,SUZUKI,LANDY HYBRID G 2WD,1,0,2567-03,2567-03,provisional,HOLD,PROVIDER_IDENTITY_PROVISIONAL,PROVIDER_IDENTITY_PROVISIONAL|POSSIBLE_POWERTRAIN_DERIVATIVE,HOLD,PROVIDER_IDENTITY_PROVISIONAL,PROVIDER_IDENTITY_PROVISIONAL|POSSIBLE_POWERTRAIN_DERIVATIVE,,LOW
suzuki-suzuki-ap416pum14058,SUZUKI,Suzuki AP416PUM14058,6,1,2564-01,2569-04,settled,HOLD,PROVIDER_RAW_NAME,PROVIDER_RAW_NAME,HOLD,PROVIDER_RAW_NAME,PROVIDER_RAW_NAME,,LOW
suzuki-suzuki-spacia,SUZUKI,Suzuki Spacia,78,6,2564-01,2569-06,settled,CREATE_IDENTITY,NEW_IDENTITY_CONFIRMED,NEW_IDENTITY_CONFIRMED,CREATE_IDENTITY,NEW_IDENTITY_CONFIRMED,NEW_IDENTITY_CONFIRMED,suzuki.spacia,LOW
suzuki-swift,SUZUKI,Swift,31459,2331,2564-01,2569-09,settled,HOLD,NOT_ACTIVATED,NOT_ACTIVATED,IDENTITY_REVIEW,DUPLICATE_CANONICAL_SUSPECTED,DUPLICATE_CANONICAL_SUSPECTED,,HIGH
suzuki-xl-7,SUZUKI,XL-7,8235,148,2564-01,2569-09,settled,HOLD,NOT_ACTIVATED,NOT_ACTIVATED,IDENTITY_REVIEW,DUPLICATE_CANONICAL_SUSPECTED,DUPLICATE_CANONICAL_SUSPECTED,,HIGH
tata-intra-v50-pickup-vx-clb-bs6__provisional,TATA,INTRA V50 PICKUP VX CLB BS6,2,0,2568-06,2568-07,provisional,HOLD,PROVIDER_IDENTITY_PROVISIONAL,PROVIDER_IDENTITY_PROVISIONAL|POSSIBLE_BODY_VARIANT,HOLD,PROVIDER_IDENTITY_PROVISIONAL,PROVIDER_IDENTITY_PROVISIONAL|POSSIBLE_BODY_VARIANT,,LOW
tata-tata-super,TATA,TATA Super,349,13,2564-01,2569-09,settled,IDENTITY_REVIEW,PROVIDER_COARSER_THAN_TDR,PROVIDER_COARSER_THAN_TDR|POSSIBLE_TRUNCATED_NAME,IDENTITY_REVIEW,PROVIDER_COARSER_THAN_TDR,PROVIDER_COARSER_THAN_TDR|POSSIBLE_TRUNCATED_NAME,,MEDIUM
tata-tata-xenon,TATA,TATA Xenon,76,6,2564-01,2569-05,settled,CREATE_IDENTITY,NEW_IDENTITY_CONFIRMED,NEW_IDENTITY_CONFIRMED,CREATE_IDENTITY,NEW_IDENTITY_CONFIRMED,NEW_IDENTITY_CONFIRMED,tata.xenon,LOW
tesla-tesla-model,TESLA,Tesla Model,33,1,2564-01,2569-03,settled,IDENTITY_REVIEW,PROVIDER_COARSER_THAN_TDR,PROVIDER_COARSER_THAN_TDR|POSSIBLE_TRUNCATED_NAME,IDENTITY_REVIEW,PROVIDER_COARSER_THAN_TDR,PROVIDER_COARSER_THAN_TDR|POSSIBLE_TRUNCATED_NAME,,LOW
tesla-tesla-model-3,TESLA,Tesla Model 3,12594,5626,2564-01,2569-09,settled,HOLD,NOT_ACTIVATED,NOT_ACTIVATED,IDENTITY_REVIEW,STRUCTURAL_CONFLICT,STRUCTURAL_CONFLICT|DUPLICATE_CANONICAL_SUSPECTED|EXISTING_IDENTITY_SUSPECTED,,HIGH
tesla-tesla-model-y,TESLA,Tesla Model Y,14168,4396,2564-11,2569-09,settled,HOLD,NOT_ACTIVATED,NOT_ACTIVATED,IDENTITY_REVIEW,STRUCTURAL_CONFLICT,STRUCTURAL_CONFLICT|DUPLICATE_CANONICAL_SUSPECTED|EXISTING_IDENTITY_SUSPECTED,,HIGH
thaina-cr6__provisional,THAINA,CR6,24,0,2564-02,2564-03,provisional,HOLD,PROVIDER_IDENTITY_PROVISIONAL,PROVIDER_IDENTITY_PROVISIONAL|BRAND_NOT_IN_TDR,HOLD,PROVIDER_IDENTITY_PROVISIONAL,PROVIDER_IDENTITY_PROVISIONAL|BRAND_NOT_IN_TDR,,LOW
toyota-15s-touring__provisional,TOYOTA,1.5S Touring,1,0,2566-10,2566-10,provisional,HOLD,PROVIDER_IDENTITY_PROVISIONAL,PROVIDER_IDENTITY_PROVISIONAL|EXISTING_IDENTITY_SUSPECTED|POSSIBLE_POWERTRAIN_DERIVATIVE,HOLD,PROVIDER_IDENTITY_PROVISIONAL,PROVIDER_IDENTITY_PROVISIONAL|EXISTING_IDENTITY_SUSPECTED|POSSIBLE_POWERTRAIN_DERIVATIVE,,LOW
toyota-16g__provisional,TOYOTA,1.6G,1,0,2568-05,2568-05,provisional,HOLD,PROVIDER_IDENTITY_PROVISIONAL,PROVIDER_IDENTITY_PROVISIONAL|EXISTING_IDENTITY_SUSPECTED|POSSIBLE_POWERTRAIN_DERIVATIVE,HOLD,PROVIDER_IDENTITY_PROVISIONAL,PROVIDER_IDENTITY_PROVISIONAL|EXISTING_IDENTITY_SUSPECTED|POSSIBLE_POWERTRAIN_DERIVATIVE,,LOW
toyota-86-gr__provisional,TOYOTA,86 GR,1,0,2564-01,2564-01,provisional,HOLD,PROVIDER_IDENTITY_PROVISIONAL,PROVIDER_IDENTITY_PROVISIONAL|EXISTING_IDENTITY_SUSPECTED,HOLD,PROVIDER_IDENTITY_PROVISIONAL,PROVIDER_IDENTITY_PROVISIONAL|EXISTING_IDENTITY_SUSPECTED,,LOW
toyota-86-gt-limited__provisional,TOYOTA,86 GT LIMITED,1,0,2564-03,2564-03,provisional,HOLD,PROVIDER_IDENTITY_PROVISIONAL,PROVIDER_IDENTITY_PROVISIONAL|POSSIBLE_TRIM_NOT_MODEL,HOLD,PROVIDER_IDENTITY_PROVISIONAL,PROVIDER_IDENTITY_PROVISIONAL|POSSIBLE_TRIM_NOT_MODEL,,LOW
toyota-86__provisional,TOYOTA,86,1,0,2564-12,2564-12,provisional,HOLD,PROVIDER_IDENTITY_PROVISIONAL,PROVIDER_IDENTITY_PROVISIONAL,HOLD,PROVIDER_IDENTITY_PROVISIONAL,PROVIDER_IDENTITY_PROVISIONAL,,LOW
toyota-a-cab-4x2-25e__provisional,TOYOTA,A-Cab 4X2 2.5E,1,0,2564-06,2564-06,provisional,HOLD,PROVIDER_IDENTITY_PROVISIONAL,PROVIDER_IDENTITY_PROVISIONAL|EXISTING_IDENTITY_SUSPECTED|POSSIBLE_POWERTRAIN_DERIVATIVE|POSSIBLE_BODY_VARIANT,HOLD,PROVIDER_IDENTITY_PROVISIONAL,PROVIDER_IDENTITY_PROVISIONAL|EXISTING_IDENTITY_SUSPECTED|POSSIBLE_POWERTRAIN_DERIVATIVE|POSSIBLE_BODY_VARIANT,,LOW
toyota-a-cab-4x2-25j__provisional,TOYOTA,A-Cab 4X2 2.5J,1,0,2564-02,2564-02,provisional,HOLD,PROVIDER_IDENTITY_PROVISIONAL,PROVIDER_IDENTITY_PROVISIONAL|EXISTING_IDENTITY_SUSPECTED|POSSIBLE_POWERTRAIN_DERIVATIVE|POSSIBLE_BODY_VARIANT,HOLD,PROVIDER_IDENTITY_PROVISIONAL,PROVIDER_IDENTITY_PROVISIONAL|EXISTING_IDENTITY_SUSPECTED|POSSIBLE_POWERTRAIN_DERIVATIVE|POSSIBLE_BODY_VARIANT,,LOW
toyota-a-cab-4x2-27j-cng__provisional,TOYOTA,A-Cab 4x2 2.7J CNG,1,0,2565-02,2565-02,provisional,HOLD,PROVIDER_IDENTITY_PROVISIONAL,PROVIDER_IDENTITY_PROVISIONAL|EXISTING_IDENTITY_SUSPECTED|POSSIBLE_POWERTRAIN_DERIVATIVE|POSSIBLE_BODY_VARIANT,HOLD,PROVIDER_IDENTITY_PROVISIONAL,PROVIDER_IDENTITY_PROVISIONAL|EXISTING_IDENTITY_SUSPECTED|POSSIBLE_POWERTRAIN_DERIVATIVE|POSSIBLE_BODY_VARIANT,,LOW
toyota-a-cab-4x2-27j__provisional,TOYOTA,A-Cab 4x2 2.7J,1,0,2566-11,2566-11,provisional,HOLD,PROVIDER_IDENTITY_PROVISIONAL,PROVIDER_IDENTITY_PROVISIONAL|EXISTING_IDENTITY_SUSPECTED|POSSIBLE_POWERTRAIN_DERIVATIVE|POSSIBLE_BODY_VARIANT,HOLD,PROVIDER_IDENTITY_PROVISIONAL,PROVIDER_IDENTITY_PROVISIONAL|EXISTING_IDENTITY_SUSPECTED|POSSIBLE_POWERTRAIN_DERIVATIVE|POSSIBLE_BODY_VARIANT,,LOW
toyota-alphard,TOYOTA,Alphard,23985,3289,2564-01,2569-09,settled,HOLD,NOT_ACTIVATED,NOT_ACTIVATED,IDENTITY_REVIEW,DUPLICATE_CANONICAL_SUSPECTED,DUPLICATE_CANONICAL_SUSPECTED,,HIGH
toyota-avanza,TOYOTA,Avanza,250,0,2564-01,2566-04,settled,HOLD,NOT_ACTIVATED,NOT_ACTIVATED,IDENTITY_REVIEW,DUPLICATE_CANONICAL_SUSPECTED,DUPLICATE_CANONICAL_SUSPECTED,,MEDIUM
toyota-b-cab-4x2-24j__provisional,TOYOTA,B-Cab 4x2 2.4J,8,0,2564-02,2566-10,provisional,HOLD,PROVIDER_IDENTITY_PROVISIONAL,PROVIDER_IDENTITY_PROVISIONAL|EXISTING_IDENTITY_SUSPECTED|POSSIBLE_POWERTRAIN_DERIVATIVE|POSSIBLE_BODY_VARIANT,HOLD,PROVIDER_IDENTITY_PROVISIONAL,PROVIDER_IDENTITY_PROVISIONAL|EXISTING_IDENTITY_SUSPECTED|POSSIBLE_POWERTRAIN_DERIVATIVE|POSSIBLE_BODY_VARIANT,,LOW
toyota-b-cab-4x2-25j-no-ps__provisional,TOYOTA,B-Cab 4X2 2.5J no-PS,1,0,2565-10,2565-10,provisional,HOLD,PROVIDER_IDENTITY_PROVISIONAL,PROVIDER_IDENTITY_PROVISIONAL|EXISTING_IDENTITY_SUSPECTED|POSSIBLE_POWERTRAIN_DERIVATIVE|POSSIBLE_BODY_VARIANT,HOLD,PROVIDER_IDENTITY_PROVISIONAL,PROVIDER_IDENTITY_PROVISIONAL|EXISTING_IDENTITY_SUSPECTED|POSSIBLE_POWERTRAIN_DERIVATIVE|POSSIBLE_BODY_VARIANT,,LOW
toyota-b-cab-4x2-25j-vnt__provisional,TOYOTA,B-Cab 4X2 2.5J VNT,1,0,2565-03,2565-03,provisional,HOLD,PROVIDER_IDENTITY_PROVISIONAL,PROVIDER_IDENTITY_PROVISIONAL|EXISTING_IDENTITY_SUSPECTED|POSSIBLE_POWERTRAIN_DERIVATIVE|POSSIBLE_BODY_VARIANT,HOLD,PROVIDER_IDENTITY_PROVISIONAL,PROVIDER_IDENTITY_PROVISIONAL|EXISTING_IDENTITY_SUSPECTED|POSSIBLE_POWERTRAIN_DERIVATIVE|POSSIBLE_BODY_VARIANT,,LOW
toyota-b-cab-4x2-27j__provisional,TOYOTA,B-Cab 4X2 2.7J,2,0,2564-04,2566-02,provisional,HOLD,PROVIDER_IDENTITY_PROVISIONAL,PROVIDER_IDENTITY_PROVISIONAL|EXISTING_IDENTITY_SUSPECTED|POSSIBLE_POWERTRAIN_DERIVATIVE|POSSIBLE_BODY_VARIANT,HOLD,PROVIDER_IDENTITY_PROVISIONAL,PROVIDER_IDENTITY_PROVISIONAL|EXISTING_IDENTITY_SUSPECTED|POSSIBLE_POWERTRAIN_DERIVATIVE|POSSIBLE_BODY_VARIANT,,LOW
toyota-b-cab-4x4-28j__provisional,TOYOTA,B-Cab 4x4 2.8J,3,0,2564-01,2565-05,provisional,HOLD,PROVIDER_IDENTITY_PROVISIONAL,PROVIDER_IDENTITY_PROVISIONAL|EXISTING_IDENTITY_SUSPECTED|POSSIBLE_POWERTRAIN_DERIVATIVE|POSSIBLE_BODY_VARIANT,HOLD,PROVIDER_IDENTITY_PROVISIONAL,PROVIDER_IDENTITY_PROVISIONAL|EXISTING_IDENTITY_SUSPECTED|POSSIBLE_POWERTRAIN_DERIVATIVE|POSSIBLE_BODY_VARIANT,,LOW
toyota-bz4x,TOYOTA,bZ4X,1163,1036,2566-02,2569-09,settled,HOLD,NOT_ACTIVATED,NOT_ACTIVATED,IDENTITY_REVIEW,DUPLICATE_CANONICAL_SUSPECTED,DUPLICATE_CANONICAL_SUSPECTED,,MEDIUM
toyota-c-cab-2x4-28g__provisional,TOYOTA,C-Cab 2x4 2.8G,1,0,2564-01,2564-01,provisional,HOLD,PROVIDER_IDENTITY_PROVISIONAL,PROVIDER_IDENTITY_PROVISIONAL|EXISTING_IDENTITY_SUSPECTED|POSSIBLE_POWERTRAIN_DERIVATIVE|POSSIBLE_BODY_VARIANT,HOLD,PROVIDER_IDENTITY_PROVISIONAL,PROVIDER_IDENTITY_PROVISIONAL|EXISTING_IDENTITY_SUSPECTED|POSSIBLE_POWERTRAIN_DERIVATIVE|POSSIBLE_BODY_VARIANT,,LOW
toyota-c-cab-4x2-24j-plus__provisional,TOYOTA,C-Cab 4x2 2.4J Plus,1,0,2564-11,2564-11,provisional,HOLD,PROVIDER_IDENTITY_PROVISIONAL,PROVIDER_IDENTITY_PROVISIONAL|EXISTING_IDENTITY_SUSPECTED|POSSIBLE_TRIM_NOT_MODEL|POSSIBLE_POWERTRAIN_DERIVATIVE|POSSIBLE_BODY_VARIANT,HOLD,PROVIDER_IDENTITY_PROVISIONAL,PROVIDER_IDENTITY_PROVISIONAL|EXISTING_IDENTITY_SUSPECTED|POSSIBLE_TRIM_NOT_MODEL|POSSIBLE_POWERTRAIN_DERIVATIVE|POSSIBLE_BODY_VARIANT,,LOW
toyota-c-cab-4x2-24j__provisional,TOYOTA,C-Cab 4x2 2.4J,1,0,2564-11,2564-11,provisional,HOLD,PROVIDER_IDENTITY_PROVISIONAL,PROVIDER_IDENTITY_PROVISIONAL|EXISTING_IDENTITY_SUSPECTED|POSSIBLE_POWERTRAIN_DERIVATIVE|POSSIBLE_BODY_VARIANT,HOLD,PROVIDER_IDENTITY_PROVISIONAL,PROVIDER_IDENTITY_PROVISIONAL|EXISTING_IDENTITY_SUSPECTED|POSSIBLE_POWERTRAIN_DERIVATIVE|POSSIBLE_BODY_VARIANT,,LOW
toyota-c-cab-4x4-28g__provisional,TOYOTA,C-Cab 4x4 2.8G,1,0,2565-06,2565-06,provisional,HOLD,PROVIDER_IDENTITY_PROVISIONAL,PROVIDER_IDENTITY_PROVISIONAL|EXISTING_IDENTITY_SUSPECTED|POSSIBLE_POWERTRAIN_DERIVATIVE|POSSIBLE_BODY_VARIANT,HOLD,PROVIDER_IDENTITY_PROVISIONAL,PROVIDER_IDENTITY_PROVISIONAL|EXISTING_IDENTITY_SUSPECTED|POSSIBLE_POWERTRAIN_DERIVATIVE|POSSIBLE_BODY_VARIANT,,LOW
toyota-c-hr,TOYOTA,C-HR,4055,38,2564-01,2569-07,settled,HOLD,NOT_ACTIVATED,NOT_ACTIVATED,IDENTITY_REVIEW,DUPLICATE_CANONICAL_SUSPECTED,DUPLICATE_CANONICAL_SUSPECTED,,HIGH
toyota-camry,TOYOTA,Camry,29337,4909,2564-01,2569-09,settled,HOLD,NOT_ACTIVATED,NOT_ACTIVATED,IDENTITY_REVIEW,DUPLICATE_CANONICAL_SUSPECTED,DUPLICATE_CANONICAL_SUSPECTED,,HIGH
toyota-corolla-altis,TOYOTA,Corolla Altis,31043,2436,2564-01,2569-09,settled,HOLD,NOT_ACTIVATED,NOT_ACTIVATED,IDENTITY_REVIEW,STRUCTURAL_CONFLICT,STRUCTURAL_CONFLICT|DUPLICATE_CANONICAL_SUSPECTED|EXISTING_IDENTITY_SUSPECTED|PROVIDER_LINEAGE_AMBIGUOUS,,HIGH
toyota-corolla-cross,TOYOTA,Corolla Cross,103951,15852,2564-01,2569-09,settled,HOLD,NOT_ACTIVATED,NOT_ACTIVATED,IDENTITY_REVIEW,STRUCTURAL_CONFLICT,STRUCTURAL_CONFLICT|DUPLICATE_CANONICAL_SUSPECTED|EXISTING_IDENTITY_SUSPECTED|PROVIDER_FINER_THAN_TDR|PROVIDER_LINEAGE_AMBIGUOUS,,HIGH
toyota-esquire-gi-7-seats__provisional,TOYOTA,ESQUIRE GI 7 SEATS,4,0,2564-01,2565-05,provisional,HOLD,PROVIDER_IDENTITY_PROVISIONAL,PROVIDER_IDENTITY_PROVISIONAL,HOLD,PROVIDER_IDENTITY_PROVISIONAL,PROVIDER_IDENTITY_PROVISIONAL,,LOW
toyota-esquire-gi__provisional,TOYOTA,ESQUIRE GI,1,0,2564-02,2564-02,provisional,HOLD,PROVIDER_IDENTITY_PROVISIONAL,PROVIDER_IDENTITY_PROVISIONAL,HOLD,PROVIDER_IDENTITY_PROVISIONAL,PROVIDER_IDENTITY_PROVISIONAL,,LOW
toyota-esquire-hybrid-gi-7-seats__provisional,TOYOTA,ESQUIRE HYBRID GI 7 SEATS,3,0,2565-03,2565-09,provisional,HOLD,PROVIDER_IDENTITY_PROVISIONAL,PROVIDER_IDENTITY_PROVISIONAL|POSSIBLE_POWERTRAIN_DERIVATIVE,HOLD,PROVIDER_IDENTITY_PROVISIONAL,PROVIDER_IDENTITY_PROVISIONAL|POSSIBLE_POWERTRAIN_DERIVATIVE,,LOW
toyota-esquire-hybrid-gi-premium__provisional,TOYOTA,ESQUIRE HYBRID GI PREMIUM,1,0,2564-03,2564-03,provisional,HOLD,PROVIDER_IDENTITY_PROVISIONAL,PROVIDER_IDENTITY_PROVISIONAL|POSSIBLE_TRIM_NOT_MODEL|POSSIBLE_POWERTRAIN_DERIVATIVE,HOLD,PROVIDER_IDENTITY_PROVISIONAL,PROVIDER_IDENTITY_PROVISIONAL|POSSIBLE_TRIM_NOT_MODEL|POSSIBLE_POWERTRAIN_DERIVATIVE,,LOW
toyota-fortuner,TOYOTA,Fortuner,115433,13795,2564-01,2569-09,settled,HOLD,NOT_ACTIVATED,NOT_ACTIVATED,IDENTITY_REVIEW,DUPLICATE_CANONICAL_SUSPECTED,DUPLICATE_CANONICAL_SUSPECTED,,HIGH
toyota-gr-corolla,TOYOTA,GR Corolla,45,16,2566-02,2569-09,settled,IDENTITY_REVIEW,STRUCTURAL_CONFLICT,STRUCTURAL_CONFLICT|EXISTING_IDENTITY_SUSPECTED|PROVIDER_FINER_THAN_TDR|PROVIDER_LINEAGE_AMBIGUOUS,IDENTITY_REVIEW,STRUCTURAL_CONFLICT,STRUCTURAL_CONFLICT|EXISTING_IDENTITY_SUSPECTED|PROVIDER_FINER_THAN_TDR|PROVIDER_LINEAGE_AMBIGUOUS,,LOW
toyota-gr-supra,TOYOTA,GR Supra,97,26,2564-01,2569-09,settled,HOLD,NOT_ACTIVATED,NOT_ACTIVATED,IDENTITY_REVIEW,STRUCTURAL_CONFLICT,STRUCTURAL_CONFLICT|DUPLICATE_CANONICAL_SUSPECTED|PROVIDER_LINEAGE_AMBIGUOUS,,LOW
toyota-gr-yaris,TOYOTA,GR Yaris,149,16,2564-05,2569-09,settled,IDENTITY_REVIEW,STRUCTURAL_CONFLICT,STRUCTURAL_CONFLICT|EXISTING_IDENTITY_SUSPECTED|PROVIDER_FINER_THAN_TDR,IDENTITY_REVIEW,STRUCTURAL_CONFLICT,STRUCTURAL_CONFLICT|EXISTING_IDENTITY_SUSPECTED|PROVIDER_FINER_THAN_TDR,,MEDIUM
toyota-gr86,TOYOTA,GR86,350,109,2565-03,2569-09,settled,HOLD,NOT_ACTIVATED,NOT_ACTIVATED,IDENTITY_REVIEW,DUPLICATE_CANONICAL_SUSPECTED,DUPLICATE_CANONICAL_SUSPECTED|PROVIDER_LINEAGE_AMBIGUOUS,,MEDIUM
toyota-gt86-14r-60-trd__provisional,TOYOTA,GT86 14R-60 TRD,3,0,2566-08,2567-04,provisional,HOLD,PROVIDER_IDENTITY_PROVISIONAL,PROVIDER_IDENTITY_PROVISIONAL|EXISTING_IDENTITY_SUSPECTED,HOLD,PROVIDER_IDENTITY_PROVISIONAL,PROVIDER_IDENTITY_PROVISIONAL|EXISTING_IDENTITY_SUSPECTED,,LOW
toyota-hiace,TOYOTA,Hiace,9986,2305,2564-01,2569-09,settled,HOLD,NOT_ACTIVATED,NOT_ACTIVATED,IDENTITY_REVIEW,DUPLICATE_CANONICAL_SUSPECTED,DUPLICATE_CANONICAL_SUSPECTED|PROVIDER_COARSER_THAN_TDR,,HIGH
toyota-hiace-commuter,TOYOTA,Hiace / Commuter,37053,7359,2564-01,2569-09,settled,IDENTITY_REVIEW,EXISTING_IDENTITY_SUSPECTED,EXISTING_IDENTITY_SUSPECTED|PROVIDER_FINER_THAN_TDR,IDENTITY_REVIEW,STRUCTURAL_CONFLICT,STRUCTURAL_CONFLICT|EXISTING_IDENTITY_SUSPECTED|PROVIDER_FINER_THAN_TDR,,HIGH
toyota-hilux,TOYOTA,Hilux,3,0,2565-09,2568-05,settled,IDENTITY_REVIEW,PROVIDER_COARSER_THAN_TDR,PROVIDER_COARSER_THAN_TDR,IDENTITY_REVIEW,PROVIDER_COARSER_THAN_TDR,PROVIDER_COARSER_THAN_TDR,,LOW
toyota-hilux-champ,TOYOTA,Hilux Champ,22310,6747,2567-01,2569-09,settled,HOLD,NOT_ACTIVATED,NOT_ACTIVATED,IDENTITY_REVIEW,STRUCTURAL_CONFLICT,STRUCTURAL_CONFLICT|DUPLICATE_CANONICAL_SUSPECTED|EXISTING_IDENTITY_SUSPECTED,,HIGH
toyota-hilux-revo,TOYOTA,Hilux Revo,550946,34398,2564-01,2569-09,settled,HOLD,NOT_ACTIVATED,NOT_ACTIVATED,IDENTITY_REVIEW,STRUCTURAL_CONFLICT,STRUCTURAL_CONFLICT|DUPLICATE_CANONICAL_SUSPECTED|EXISTING_IDENTITY_SUSPECTED,,HIGH
toyota-hilux-travo,TOYOTA,Hilux Travo,30119,30119,2568-11,2569-09,settled,HOLD,NOT_ACTIVATED,NOT_ACTIVATED,IDENTITY_REVIEW,STRUCTURAL_CONFLICT,STRUCTURAL_CONFLICT|DUPLICATE_CANONICAL_SUSPECTED|EXISTING_IDENTITY_SUSPECTED,,HIGH
toyota-innova,TOYOTA,Innova,6394,1406,2564-01,2569-09,settled,HOLD,NOT_ACTIVATED,NOT_ACTIVATED,IDENTITY_REVIEW,DUPLICATE_CANONICAL_SUSPECTED,DUPLICATE_CANONICAL_SUSPECTED,,HIGH
toyota-land-cruiser,TOYOTA,Land Cruiser,790,257,2564-01,2569-09,settled,HOLD,NOT_ACTIVATED,NOT_ACTIVATED,IDENTITY_REVIEW,DUPLICATE_CANONICAL_SUSPECTED,DUPLICATE_CANONICAL_SUSPECTED,,MEDIUM
toyota-land-cruiser-fj,TOYOTA,Land Cruiser FJ,1472,1472,2569-05,2569-09,settled,IDENTITY_REVIEW,PROVIDER_FINER_THAN_TDR,PROVIDER_FINER_THAN_TDR,IDENTITY_REVIEW,STRUCTURAL_CONFLICT,STRUCTURAL_CONFLICT|PROVIDER_FINER_THAN_TDR,,MEDIUM
toyota-toyota-crown,TOYOTA,Toyota Crown,152,40,2564-08,2569-09,settled,HOLD,NOT_ACTIVATED,NOT_ACTIVATED,IDENTITY_REVIEW,DUPLICATE_CANONICAL_SUSPECTED,DUPLICATE_CANONICAL_SUSPECTED,,MEDIUM
toyota-toyota-d-cab,TOYOTA,Toyota D-CAB,25,2,2564-03,2569-01,settled,IDENTITY_REVIEW,EXISTING_IDENTITY_SUSPECTED,EXISTING_IDENTITY_SUSPECTED|POSSIBLE_BODY_VARIANT,IDENTITY_REVIEW,EXISTING_IDENTITY_SUSPECTED,EXISTING_IDENTITY_SUSPECTED|POSSIBLE_BODY_VARIANT,,LOW
toyota-toyota-gun122r-btflxt,TOYOTA,Toyota GUN122R-BTFLXT,4,1,2568-05,2569-01,settled,HOLD,PROVIDER_RAW_NAME,PROVIDER_RAW_NAME|POSSIBLE_MODEL_CODE,HOLD,PROVIDER_RAW_NAME,PROVIDER_RAW_NAME|POSSIBLE_MODEL_CODE,,LOW
toyota-toyota-harrier,TOYOTA,Toyota Harrier,261,22,2564-01,2569-09,settled,HOLD,NOT_ACTIVATED,NOT_ACTIVATED,IDENTITY_REVIEW,DUPLICATE_CANONICAL_SUSPECTED,DUPLICATE_CANONICAL_SUSPECTED,,MEDIUM
toyota-toyota-kdh222r-lemdyt,TOYOTA,Toyota KDH222R-LEMDYT,40,7,2564-02,2569-09,settled,HOLD,PROVIDER_RAW_NAME,PROVIDER_RAW_NAME|POSSIBLE_MODEL_CODE,HOLD,PROVIDER_RAW_NAME,PROVIDER_RAW_NAME|POSSIBLE_MODEL_CODE,,LOW
toyota-toyota-kdh223r-lemdyt,TOYOTA,Toyota KDH223R-LEMDYT,92,5,2564-02,2569-07,settled,HOLD,PROVIDER_RAW_NAME,PROVIDER_RAW_NAME|POSSIBLE_MODEL_CODE,HOLD,PROVIDER_RAW_NAME,PROVIDER_RAW_NAME|POSSIBLE_MODEL_CODE,,LOW
toyota-toyota-kun51r-nkpsyt,TOYOTA,Toyota KUN51R-NKPSYT,9,1,2564-01,2569-04,settled,HOLD,PROVIDER_RAW_NAME,PROVIDER_RAW_NAME,HOLD,PROVIDER_RAW_NAME,PROVIDER_RAW_NAME,,LOW
toyota-toyota-noah,TOYOTA,Toyota Noah,183,18,2565-06,2569-08,settled,HOLD,NOT_ACTIVATED,NOT_ACTIVATED,IDENTITY_REVIEW,DUPLICATE_CANONICAL_SUSPECTED,DUPLICATE_CANONICAL_SUSPECTED,,MEDIUM
toyota-toyota-prius,TOYOTA,Toyota Prius,9,4,2564-06,2569-07,settled,HOLD,NOT_ACTIVATED,NOT_ACTIVATED,IDENTITY_REVIEW,DUPLICATE_CANONICAL_SUSPECTED,DUPLICATE_CANONICAL_SUSPECTED,,LOW
toyota-toyota-roomy,TOYOTA,Toyota Roomy,2,2,2568-10,2569-03,settled,CREATE_IDENTITY,NEW_IDENTITY_CONFIRMED,NEW_IDENTITY_CONFIRMED,CREATE_IDENTITY,NEW_IDENTITY_CONFIRMED,NEW_IDENTITY_CONFIRMED,toyota.roomy,LOW
toyota-toyota-sienta,TOYOTA,Toyota Sienta,2645,6,2564-01,2569-08,settled,CREATE_IDENTITY,NEW_IDENTITY_CONFIRMED,NEW_IDENTITY_CONFIRMED,CREATE_IDENTITY,NEW_IDENTITY_CONFIRMED,NEW_IDENTITY_CONFIRMED,toyota.sienta,HIGH
toyota-toyota-tr,TOYOTA,Toyota TR,250,6,2564-01,2569-04,settled,CREATE_IDENTITY,NEW_IDENTITY_CONFIRMED,NEW_IDENTITY_CONFIRMED,CREATE_IDENTITY,NEW_IDENTITY_CONFIRMED,NEW_IDENTITY_CONFIRMED,toyota.tr,MEDIUM
toyota-vellfire,TOYOTA,Vellfire,4266,1826,2564-01,2569-09,settled,HOLD,NOT_ACTIVATED,NOT_ACTIVATED,IDENTITY_REVIEW,DUPLICATE_CANONICAL_SUSPECTED,DUPLICATE_CANONICAL_SUSPECTED,,HIGH
toyota-veloz,TOYOTA,Veloz,32347,3962,2565-03,2569-09,settled,HOLD,NOT_ACTIVATED,NOT_ACTIVATED,IDENTITY_REVIEW,DUPLICATE_CANONICAL_SUSPECTED,DUPLICATE_CANONICAL_SUSPECTED,,HIGH
toyota-vios,TOYOTA,Vios,6647,8,2564-01,2569-05,settled,CREATE_IDENTITY,NEW_IDENTITY_CONFIRMED,NEW_IDENTITY_CONFIRMED,CREATE_IDENTITY,NEW_IDENTITY_CONFIRMED,NEW_IDENTITY_CONFIRMED,toyota.vios,HIGH
toyota-vitz-grmn__provisional,TOYOTA,VITZ GRMN,1,0,2564-11,2564-11,provisional,HOLD,PROVIDER_IDENTITY_PROVISIONAL,PROVIDER_IDENTITY_PROVISIONAL,HOLD,PROVIDER_IDENTITY_PROVISIONAL,PROVIDER_IDENTITY_PROVISIONAL,,LOW
toyota-voxy,TOYOTA,Voxy,651,63,2564-02,2569-09,settled,HOLD,NOT_ACTIVATED,NOT_ACTIVATED,IDENTITY_REVIEW,DUPLICATE_CANONICAL_SUSPECTED,DUPLICATE_CANONICAL_SUSPECTED,,MEDIUM
toyota-yaris,TOYOTA,Yaris,89839,4249,2564-01,2569-09,settled,HOLD,NOT_ACTIVATED,NOT_ACTIVATED,IDENTITY_REVIEW,DUPLICATE_CANONICAL_SUSPECTED,DUPLICATE_CANONICAL_SUSPECTED|PROVIDER_COARSER_THAN_TDR,,HIGH
toyota-yaris-ativ,TOYOTA,Yaris Ativ,257146,67390,2564-01,2569-09,settled,HOLD,NOT_ACTIVATED,NOT_ACTIVATED,IDENTITY_REVIEW,STRUCTURAL_CONFLICT,STRUCTURAL_CONFLICT|DUPLICATE_CANONICAL_SUSPECTED|EXISTING_IDENTITY_SUSPECTED|PROVIDER_FINER_THAN_TDR,,HIGH
toyota-yaris-cross,TOYOTA,Yaris Cross,99875,35214,2566-10,2569-09,settled,HOLD,NOT_ACTIVATED,NOT_ACTIVATED,IDENTITY_REVIEW,STRUCTURAL_CONFLICT,STRUCTURAL_CONFLICT|DUPLICATE_CANONICAL_SUSPECTED|EXISTING_IDENTITY_SUSPECTED|PROVIDER_FINER_THAN_TDR,,HIGH
ud-trucks-ud-trucks-cwe08n43r280css9,UD TRUCKS,UD Trucks CWE08N43R280CSS9,12,8,2568-06,2569-09,settled,HOLD,PROVIDER_RAW_NAME,PROVIDER_RAW_NAME,HOLD,PROVIDER_RAW_NAME,PROVIDER_RAW_NAME,,LOW
ud-trucks-ud-trucks-cwe08n43r350css9,UD TRUCKS,UD Trucks CWE08N43R350CSS9,4,2,2568-01,2569-07,settled,HOLD,PROVIDER_RAW_NAME,PROVIDER_RAW_NAME,HOLD,PROVIDER_RAW_NAME,PROVIDER_RAW_NAME,,LOW
ud-trucks-ud-trucks-cwe11n43r410cssi,UD TRUCKS,UD Trucks CWE11N43R410CSSI,4,2,2568-05,2569-06,settled,HOLD,PROVIDER_RAW_NAME,PROVIDER_RAW_NAME,HOLD,PROVIDER_RAW_NAME,PROVIDER_RAW_NAME,,LOW
ud-trucks-ud-trucks-pke250celrm,UD TRUCKS,UD Trucks PKE250CELRM,27,16,2567-09,2569-09,settled,HOLD,PROVIDER_RAW_NAME,PROVIDER_RAW_NAME,HOLD,PROVIDER_RAW_NAME,PROVIDER_RAW_NAME,,LOW
ud-trucks-ud-trucks-pke250chlra,UD TRUCKS,UD Trucks PKE250CHLRA,7,2,2568-09,2569-07,settled,HOLD,PROVIDER_RAW_NAME,PROVIDER_RAW_NAME,HOLD,PROVIDER_RAW_NAME,PROVIDER_RAW_NAME,,LOW
ud-trucks-ud-trucks-pke250chlrm,UD TRUCKS,UD Trucks PKE250CHLRM,29,11,2567-11,2569-07,settled,HOLD,PROVIDER_RAW_NAME,PROVIDER_RAW_NAME,HOLD,PROVIDER_RAW_NAME,PROVIDER_RAW_NAME,,LOW
viauto-viauto-boma,VIAUTO,Viauto Boma,34,7,2568-02,2569-08,settled,IDENTITY_REVIEW,BRAND_NOT_IN_TDR,BRAND_NOT_IN_TDR,IDENTITY_REVIEW,BRAND_NOT_IN_TDR,BRAND_NOT_IN_TDR,,LOW
volkswagen-beetle-14-tsi-dsg-coupe__provisional,VOLKSWAGEN,BEETLE 1.4 TSI DSG COUPE,10,0,2564-01,2565-04,provisional,HOLD,PROVIDER_IDENTITY_PROVISIONAL,PROVIDER_IDENTITY_PROVISIONAL|POSSIBLE_POWERTRAIN_DERIVATIVE|POSSIBLE_BODY_VARIANT,HOLD,PROVIDER_IDENTITY_PROVISIONAL,PROVIDER_IDENTITY_PROVISIONAL|POSSIBLE_POWERTRAIN_DERIVATIVE|POSSIBLE_BODY_VARIANT,,LOW
volkswagen-beetle-14-tsi__provisional,VOLKSWAGEN,BEETLE 1.4 TSI,2,0,2564-02,2564-12,provisional,HOLD,PROVIDER_IDENTITY_PROVISIONAL,PROVIDER_IDENTITY_PROVISIONAL|POSSIBLE_POWERTRAIN_DERIVATIVE,HOLD,PROVIDER_IDENTITY_PROVISIONAL,PROVIDER_IDENTITY_PROVISIONAL|POSSIBLE_POWERTRAIN_DERIVATIVE,,LOW
volkswagen-beetle-14l__provisional,VOLKSWAGEN,BEETLE 1.4L,2,0,2564-04,2564-10,provisional,HOLD,PROVIDER_IDENTITY_PROVISIONAL,PROVIDER_IDENTITY_PROVISIONAL|POSSIBLE_POWERTRAIN_DERIVATIVE,HOLD,PROVIDER_IDENTITY_PROVISIONAL,PROVIDER_IDENTITY_PROVISIONAL|POSSIBLE_POWERTRAIN_DERIVATIVE,,LOW
volkswagen-beetle-cabriolet-dsg__provisional,VOLKSWAGEN,BEETLE CABRIOLET DSG,1,0,2565-02,2565-02,provisional,HOLD,PROVIDER_IDENTITY_PROVISIONAL,PROVIDER_IDENTITY_PROVISIONAL|POSSIBLE_BODY_VARIANT,HOLD,PROVIDER_IDENTITY_PROVISIONAL,PROVIDER_IDENTITY_PROVISIONAL|POSSIBLE_BODY_VARIANT,,LOW
volkswagen-volkswagen-caddy,VOLKSWAGEN,Volkswagen Caddy,3,3,2569-05,2569-07,settled,CREATE_IDENTITY,NEW_IDENTITY_CONFIRMED,NEW_IDENTITY_CONFIRMED,CREATE_IDENTITY,NEW_IDENTITY_CONFIRMED,NEW_IDENTITY_CONFIRMED,volkswagen.caddy,LOW
volkswagen-volkswagen-caravelle,VOLKSWAGEN,Volkswagen Caravelle,685,29,2564-01,2569-07,settled,HOLD,NOT_ACTIVATED,NOT_ACTIVATED,IDENTITY_REVIEW,DUPLICATE_CANONICAL_SUSPECTED,DUPLICATE_CANONICAL_SUSPECTED,,MEDIUM
volkswagen-volkswagen-golf,VOLKSWAGEN,Volkswagen Golf,10,3,2564-03,2569-09,settled,CREATE_IDENTITY,NEW_IDENTITY_CONFIRMED,NEW_IDENTITY_CONFIRMED,CREATE_IDENTITY,NEW_IDENTITY_CONFIRMED,NEW_IDENTITY_CONFIRMED,volkswagen.golf,LOW
volkswagen-volkswagen-multivan,VOLKSWAGEN,Volkswagen Multivan,6,1,2564-08,2569-01,settled,HOLD,NOT_ACTIVATED,NOT_ACTIVATED,IDENTITY_REVIEW,DUPLICATE_CANONICAL_SUSPECTED,DUPLICATE_CANONICAL_SUSPECTED,,LOW
volkswagen-volkswagen-t-roc,VOLKSWAGEN,Volkswagen T-ROC,2,2,2569-02,2569-05,settled,IDENTITY_REVIEW,STRUCTURAL_CONFLICT,STRUCTURAL_CONFLICT,IDENTITY_REVIEW,STRUCTURAL_CONFLICT,STRUCTURAL_CONFLICT,,LOW
volkswagen-volkswagen-touareg,VOLKSWAGEN,Volkswagen Touareg,2,1,2565-11,2569-05,settled,CREATE_IDENTITY,NEW_IDENTITY_CONFIRMED,NEW_IDENTITY_CONFIRMED,CREATE_IDENTITY,NEW_IDENTITY_CONFIRMED,NEW_IDENTITY_CONFIRMED,volkswagen.touareg,LOW
volkswagen-vw-idbuzz,VOLKSWAGEN,VW ID.Buzz,51,9,2567-02,2569-09,settled,HOLD,NOT_ACTIVATED,NOT_ACTIVATED,IDENTITY_REVIEW,DUPLICATE_CANONICAL_SUSPECTED,DUPLICATE_CANONICAL_SUSPECTED,,LOW
volkswagen-vw-t-cross,VOLKSWAGEN,VW T-Cross,1,1,2569-05,2569-05,settled,IDENTITY_REVIEW,STRUCTURAL_CONFLICT,STRUCTURAL_CONFLICT,IDENTITY_REVIEW,STRUCTURAL_CONFLICT,STRUCTURAL_CONFLICT,,LOW
volkswagen-vw-tiguan,VOLKSWAGEN,VW Tiguan,2,2,2568-10,2568-10,settled,CREATE_IDENTITY,NEW_IDENTITY_CONFIRMED,NEW_IDENTITY_CONFIRMED,CREATE_IDENTITY,NEW_IDENTITY_CONFIRMED,NEW_IDENTITY_CONFIRMED,volkswagen.tiguan,LOW
volt-volt-volt,VOLT,VOLT Volt,484,9,2566-06,2569-06,settled,CREATE_IDENTITY,NEW_IDENTITY_CONFIRMED,NEW_IDENTITY_CONFIRMED,CREATE_IDENTITY,NEW_IDENTITY_CONFIRMED,NEW_IDENTITY_CONFIRMED,volt.volt,MEDIUM
volvo-volvo-264gl,VOLVO,Volvo 264GL,4,2,2568-06,2569-03,settled,IDENTITY_REVIEW,STRUCTURAL_CONFLICT,STRUCTURAL_CONFLICT|DUPLICATE_CANONICAL_SUSPECTED|POSSIBLE_MODEL_CODE,IDENTITY_REVIEW,STRUCTURAL_CONFLICT,STRUCTURAL_CONFLICT|DUPLICATE_CANONICAL_SUSPECTED|POSSIBLE_MODEL_CODE,,LOW
volvo-volvo-264gle,VOLVO,Volvo 264GLE,2,1,2568-06,2569-05,settled,IDENTITY_REVIEW,STRUCTURAL_CONFLICT,STRUCTURAL_CONFLICT|DUPLICATE_CANONICAL_SUSPECTED|POSSIBLE_MODEL_CODE,IDENTITY_REVIEW,STRUCTURAL_CONFLICT,STRUCTURAL_CONFLICT|DUPLICATE_CANONICAL_SUSPECTED|POSSIBLE_MODEL_CODE,,LOW
volvo-volvo-ec40-c40,VOLVO,Volvo EC40 (C40),2572,374,2565-11,2569-09,settled,IDENTITY_REVIEW,PROVIDER_FINER_THAN_TDR,PROVIDER_FINER_THAN_TDR,IDENTITY_REVIEW,PROVIDER_FINER_THAN_TDR,PROVIDER_FINER_THAN_TDR,,HIGH
volvo-volvo-es90,VOLVO,Volvo ES90,145,145,2569-03,2569-09,settled,HOLD,NOT_ACTIVATED,NOT_ACTIVATED,IDENTITY_REVIEW,STRUCTURAL_CONFLICT,STRUCTURAL_CONFLICT|DUPLICATE_CANONICAL_SUSPECTED,,MEDIUM
volvo-volvo-ex30,VOLVO,Volvo EX30,1689,415,2567-05,2569-09,settled,HOLD,NOT_ACTIVATED,NOT_ACTIVATED,IDENTITY_REVIEW,STRUCTURAL_CONFLICT,STRUCTURAL_CONFLICT|DUPLICATE_CANONICAL_SUSPECTED,,MEDIUM
volvo-volvo-ex90,VOLVO,Volvo EX90,88,61,2568-04,2569-09,settled,HOLD,NOT_ACTIVATED,NOT_ACTIVATED,IDENTITY_REVIEW,STRUCTURAL_CONFLICT,STRUCTURAL_CONFLICT|DUPLICATE_CANONICAL_SUSPECTED,,LOW
volvo-volvo-fm1364r52420clsi,VOLVO,Volvo FM1364R52420CLSI,3,1,2564-09,2569-02,settled,HOLD,PROVIDER_RAW_NAME,PROVIDER_RAW_NAME,HOLD,PROVIDER_RAW_NAME,PROVIDER_RAW_NAME,,LOW
volvo-volvo-s60,VOLVO,Volvo S60,765,26,2564-01,2569-08,settled,HOLD,NOT_ACTIVATED,NOT_ACTIVATED,IDENTITY_REVIEW,DUPLICATE_CANONICAL_SUSPECTED,DUPLICATE_CANONICAL_SUSPECTED,,MEDIUM
volvo-volvo-s90,VOLVO,Volvo S90,486,46,2564-01,2569-09,settled,HOLD,NOT_ACTIVATED,NOT_ACTIVATED,IDENTITY_REVIEW,DUPLICATE_CANONICAL_SUSPECTED,DUPLICATE_CANONICAL_SUSPECTED,,MEDIUM
volvo-volvo-v60,VOLVO,Volvo V60,1161,32,2564-01,2569-07,settled,HOLD,NOT_ACTIVATED,NOT_ACTIVATED,IDENTITY_REVIEW,DUPLICATE_CANONICAL_SUSPECTED,DUPLICATE_CANONICAL_SUSPECTED,,MEDIUM
volvo-volvo-xc40ex40,VOLVO,Volvo XC40/EX40,5426,517,2564-01,2569-09,settled,IDENTITY_REVIEW,PROVIDER_FINER_THAN_TDR,PROVIDER_FINER_THAN_TDR,IDENTITY_REVIEW,PROVIDER_FINER_THAN_TDR,PROVIDER_FINER_THAN_TDR,,HIGH
volvo-volvo-xc60,VOLVO,Volvo XC60,2432,215,2564-01,2569-09,settled,HOLD,NOT_ACTIVATED,NOT_ACTIVATED,IDENTITY_REVIEW,STRUCTURAL_CONFLICT,STRUCTURAL_CONFLICT|DUPLICATE_CANONICAL_SUSPECTED,,HIGH
volvo-volvo-xc90,VOLVO,Volvo XC90,993,93,2564-01,2569-09,settled,HOLD,NOT_ACTIVATED,NOT_ACTIVATED,IDENTITY_REVIEW,STRUCTURAL_CONFLICT,STRUCTURAL_CONFLICT|DUPLICATE_CANONICAL_SUSPECTED,,MEDIUM
wuling-air-ev-aira-ev,WULING,Air ev / Aira ev,1177,117,2566-10,2569-09,settled,IDENTITY_REVIEW,EXISTING_IDENTITY_SUSPECTED,EXISTING_IDENTITY_SUSPECTED|PROVIDER_FINER_THAN_TDR|POSSIBLE_POWERTRAIN_DERIVATIVE,IDENTITY_REVIEW,STRUCTURAL_CONFLICT,STRUCTURAL_CONFLICT|EXISTING_IDENTITY_SUSPECTED|PROVIDER_FINER_THAN_TDR|POSSIBLE_POWERTRAIN_DERIVATIVE,,MEDIUM
wuling-binguo,WULING,Binguo,1285,619,2567-09,2569-09,settled,HOLD,NOT_ACTIVATED,NOT_ACTIVATED,IDENTITY_REVIEW,DUPLICATE_CANONICAL_SUSPECTED,DUPLICATE_CANONICAL_SUSPECTED,,MEDIUM
wuling-darion,WULING,Darion,1568,1568,2569-07,2569-09,settled,HOLD,NOT_ACTIVATED,NOT_ACTIVATED,IDENTITY_REVIEW,DUPLICATE_CANONICAL_SUSPECTED,DUPLICATE_CANONICAL_SUSPECTED,,MEDIUM
wuling-e10,WULING,Wuling E10,50,0,2568-08,2568-08,settled,CREATE_IDENTITY,NEW_IDENTITY_CONFIRMED,NEW_IDENTITY_CONFIRMED,CREATE_IDENTITY,NEW_IDENTITY_CONFIRMED,NEW_IDENTITY_CONFIRMED,wuling.e10,LOW
wuling-wuling-porta-ev,WULING,Wuling Porta EV,184,184,2569-07,2569-09,settled,HOLD,NOT_ACTIVATED,NOT_ACTIVATED,IDENTITY_REVIEW,STRUCTURAL_CONFLICT,STRUCTURAL_CONFLICT|DUPLICATE_CANONICAL_SUSPECTED|EXISTING_IDENTITY_SUSPECTED|POSSIBLE_POWERTRAIN_DERIVATIVE,,MEDIUM
xev-xev-yoyo,XEV,XEV Yoyo,12,4,2567-08,2569-02,settled,IDENTITY_REVIEW,BRAND_NOT_IN_TDR,BRAND_NOT_IN_TDR,IDENTITY_REVIEW,BRAND_NOT_IN_TDR,BRAND_NOT_IN_TDR,,LOW
xpeng-xpeng-g6,XPENG,Xpeng G6,4679,3386,2567-09,2569-09,settled,HOLD,NOT_ACTIVATED,NOT_ACTIVATED,IDENTITY_REVIEW,DUPLICATE_CANONICAL_SUSPECTED,DUPLICATE_CANONICAL_SUSPECTED,,HIGH
xpeng-xpeng-x9,XPENG,Xpeng X9,3266,2393,2568-04,2569-09,settled,HOLD,NOT_ACTIVATED,NOT_ACTIVATED,IDENTITY_REVIEW,DUPLICATE_CANONICAL_SUSPECTED,DUPLICATE_CANONICAL_SUSPECTED,,HIGH
yuchai-yuchai-nz5162gss,YUCHAI,Yuchai NZ5162GSS,21,5,2567-12,2569-06,settled,HOLD,PROVIDER_RAW_NAME,PROVIDER_RAW_NAME|BRAND_NOT_IN_TDR,HOLD,PROVIDER_RAW_NAME,PROVIDER_RAW_NAME|BRAND_NOT_IN_TDR,,LOW
zeekr-zeekr-009,ZEEKR,Zeekr 009,3959,2452,2567-12,2569-09,settled,HOLD,NOT_ACTIVATED,NOT_ACTIVATED,IDENTITY_REVIEW,DUPLICATE_CANONICAL_SUSPECTED,DUPLICATE_CANONICAL_SUSPECTED,,HIGH
zeekr-zeekr-7x,ZEEKR,Zeekr 7X,2892,2867,2568-09,2569-09,settled,CREATE_IDENTITY,NEW_IDENTITY_CONFIRMED,NEW_IDENTITY_CONFIRMED,CREATE_IDENTITY,NEW_IDENTITY_CONFIRMED,NEW_IDENTITY_CONFIRMED,zeekr.7x,HIGH
zeekr-zeekr-x,ZEEKR,Zeekr X,1425,886,2567-09,2569-09,settled,HOLD,NOT_ACTIVATED,NOT_ACTIVATED,IDENTITY_REVIEW,DUPLICATE_CANONICAL_SUSPECTED,DUPLICATE_CANONICAL_SUSPECTED|POSSIBLE_TRUNCATED_NAME,,MEDIUM
zxauto-zxauto-firebright,ZXAUTO,Zxauto Firebright,15,15,2568-12,2569-08,settled,IDENTITY_REVIEW,BRAND_NOT_IN_TDR,BRAND_NOT_IN_TDR,IDENTITY_REVIEW,BRAND_NOT_IN_TDR,BRAND_NOT_IN_TDR,,LOW
